o convex_0
v 0.200709 0.0458082 -0.022704
v 0.200709 0.0458082 0.00753901
v 0.200709 0.0475492 -0.038038
v 0.272461 -0.0758273 -0.0308778
v 0.423704 -0.333606 -0.0317605
v 0.427905 -0.341499 -0.022704
v 0.435423 -0.354498 -0.00756614
v 0.200709 0.0459243 0.0227096
v 0.435423 -0.354498 0.00753901
v 0.200709 0.0480135 -0.0397382
v 0.407783 -0.30459 -0.0378418
v 0.436307 -0.352989 -0.0378418
v 0.452836 -0.380961 -0.0378418
v 0.451951 -0.382353 -0.022704
v 0.435478 -0.354382 -0.022704
v 0.212041 0.0302556 -0.0451982
v 0.200709 0.0521918 -0.0541894
v 0.445041 -0.370863 -0.00756614
v 0.272516 -0.0757112 0.0305564
v 0.200709 0.0474331 0.0353626
v 0.423593 -0.333722 0.0227096
v 0.445041 -0.370863 0.00753901
v 0.424699 -0.331865 -0.0418633
v 0.453831 -0.37922 -0.0469965
v 0.457369 -0.388505 -0.0378418
v 0.451896 -0.38247 -0.00756614
v 0.456539 -0.389898 -0.022704
v 0.200709 0.0564861 -0.0644884
v 0.242168 -0.0154738 -0.06099
v 0.200709 0.0477813 0.0379455
v 0.42387 -0.333258 0.030916
v 0.440066 -0.361694 0.0227096
v 0.451896 -0.38247 0.00753901
v 0.452117 -0.382121 0.0227096
v 0.450735 -0.371443 -0.0524239
v 0.458861 -0.385023 -0.0524239
v 0.466766 -0.397558 -0.0529797
v 0.470359 -0.407423 -0.0409152
v 0.465771 -0.401852 -0.0366648
v 0.469309 -0.408932 -0.0308124
v 0.456484 -0.390014 -0.00756614
v 0.463836 -0.401156 -0.022704
v 0.46367 -0.401156 -0.00756614
v 0.200709 0.058111 -0.0681175
v 0.2713 -0.0628281 -0.0646518
v 0.393908 -0.272092 -0.0597149
v 0.200709 0.05254 0.0541623
v 0.469254 -0.409048 0.0310468
v 0.453057 -0.380496 0.0378474
v 0.456484 -0.390014 0.00753901
v 0.45665 -0.389665 0.0227096
v 0.439182 -0.348114 -0.0603034
v 0.455268 -0.376782 -0.0570666
v 0.468424 -0.395121 -0.0635075
v 0.472017 -0.405102 -0.0529797
v 0.484179 -0.424369 -0.0464407
v 0.483073 -0.425762 -0.0378418
v 0.474947 -0.414968 -0.0366648
v 0.482078 -0.42727 -0.022704
v 0.474505 -0.416709 -0.022704
v 0.469143 -0.409164 -0.022704
v 0.514361 -0.469866 -0.0319894
v 0.589927 -0.576065 -0.0174401
v 0.545041 -0.514783 -0.0151514
v 0.46367 -0.401156 0.00753901
v 0.469088 -0.40928 -0.00756614
v 0.200709 0.0671641 -0.0840728
v 0.211543 0.0445315 -0.0768798
v 0.227629 0.0158636 -0.0741661
v 0.272848 -0.0601586 -0.074722
v 0.377822 -0.243424 -0.0627228
v 0.242334 -0.0151256 0.0604397
v 0.200709 0.0588074 0.0681231
v 0.453997 -0.378988 0.0462827
v 0.470359 -0.407307 0.0411496
v 0.465937 -0.401852 0.0368012
v 0.457645 -0.388041 0.0378474
v 0.463947 -0.401156 0.0227096
v 0.469088 -0.409164 0.0227096
v 0.474394 -0.416825 0.0227096
v 0.481968 -0.427386 0.0227096
v 0.487496 -0.434931 0.0227096
v 0.495069 -0.44526 0.0227096
v 0.532658 -0.49598 0.0227096
v 0.514416 -0.46975 0.0315045
v 0.482907 -0.42611 0.0378474
v 0.474726 -0.414968 0.0368012
v 0.446313 -0.355775 -0.0681175
v 0.457037 -0.373765 -0.0681175
v 0.423096 -0.319447 -0.0632133
v 0.464997 -0.38688 -0.0683791
v 0.474063 -0.400576 -0.0683791
v 0.470138 -0.392451 -0.0735776
v 0.485782 -0.422163 -0.0565108
v 0.480365 -0.416825 -0.0520642
v 0.501868 -0.45118 -0.0378418
v 0.488712 -0.433422 -0.0378418
v 0.515633 -0.468241 -0.0420595
v 0.481912 -0.427502 -0.00756614
v 0.474339 -0.416825 -0.00756614
v 0.63498 -0.637115 -0.0174401
v 0.615853 -0.612161 -0.00756614
v 0.602752 -0.594403 -0.00756614
v 0.57666 -0.558423 -0.00756614
v 0.531995 -0.496793 -0.00756614
v 0.500431 -0.453153 -0.00756614
v 0.469088 -0.40928 0.00753901
v 0.200709 0.0731994 -0.0929004
v 0.333212 -0.151269 -0.0906445
v 0.349298 -0.179937 -0.0882577
v 0.453941 -0.363899 -0.0763894
v 0.363394 -0.211971 -0.0757028
v 0.407341 -0.290198 -0.0681175
v 0.200709 0.0678605 0.0837514
v 0.378043 -0.243076 0.0618129
v 0.467208 -0.397094 0.0529852
v 0.459359 -0.384791 0.0519717
v 0.455655 -0.376202 0.0563855
v 0.439513 -0.347534 0.0593608
v 0.484013 -0.424601 0.0466751
v 0.472183 -0.404638 0.0529852
v 0.474339 -0.416825 0.00753901
v 0.481912 -0.427502 0.00753901
v 0.500431 -0.453153 0.00753901
v 0.531995 -0.496793 0.00753901
v 0.545096 -0.514667 0.01022
v 0.589927 -0.576065 0.00433488
v 0.594737 -0.581868 0.00865064
v 0.603305 -0.593591 0.00753901
v 0.590535 -0.575253 0.014405
v 0.63603 -0.635722 0.0143069
v 0.488601 -0.433654 0.0378474
v 0.483958 -0.409512 -0.0767817
v 0.482244 -0.411834 -0.0681175
v 0.467042 -0.382353 -0.0805744
v 0.471907 -0.38688 -0.0846613
v 0.480586 -0.40104 -0.0824053
v 0.499768 -0.438877 -0.0602053
v 0.529563 -0.484954 -0.0463099
v 0.605074 -0.591153 -0.0314663
v 0.637301 -0.634445 -0.0275102
v 0.64891 -0.653248 -0.0187479
v 0.64797 -0.654292 -0.00756614
v 0.640397 -0.645007 -0.00756614
v 0.634703 -0.637463 -0.00756614
v 0.200709 0.0878235 -0.113139
v 0.378541 -0.227059 -0.0908407
v 0.42398 -0.302849 -0.0908733
v 0.200709 0.0679765 0.0839475
v 0.423372 -0.318982 0.0620091
v 0.468756 -0.394656 0.0619764
v 0.486003 -0.421931 0.0567452
v 0.48042 -0.416709 0.0522333
v 0.560021 -0.530103 0.0307526
v 0.605848 -0.590225 0.0295428
v 0.529839 -0.484606 0.0455635
v 0.635201 -0.636767 0.0042041
v 0.608943 -0.601135 0.00753901
v 0.616517 -0.611232 0.00753901
v 0.640231 -0.642454 0.00858525
v 0.648799 -0.653596 0.00753901
v 0.650016 -0.652319 0.0178707
v 0.486556 -0.406031 -0.0868845
v 0.49225 -0.416128 -0.0828957
v 0.497999 -0.425994 -0.0789069
v 0.545649 -0.498882 -0.0591591
v 0.575278 -0.545076 -0.0454925
v 0.469475 -0.378291 -0.0906772
v 0.482852 -0.395933 -0.0933909
v 0.517512 -0.465804 -0.0529797
v 0.6331 -0.624348 -0.0339184
v 0.652337 -0.649882 -0.028818
v 0.619004 -0.607867 -0.0331664
v 0.559745 -0.515363 -0.0613496
v 0.544267 -0.485535 -0.0768798
v 0.528789 -0.45559 -0.0921485
v 0.657865 -0.65673 -0.0233579
v 0.658584 -0.661488 -0.00756614
v 0.658584 -0.66056 0.00753901
v 0.200709 0.103144 -0.127884
v 0.200709 0.0846898 0.10994
v 0.409276 -0.286948 0.0745967
v 0.482244 -0.411834 0.0651805
v 0.476716 -0.40162 0.0686135
v 0.48147 -0.398138 0.0832609
v 0.471133 -0.390826 0.0720792
v 0.500099 -0.438413 0.0594589
v 0.49623 -0.428315 0.0681231
v 0.487938 -0.416709 0.0693982
v 0.645649 -0.644311 0.0228076
v 0.619889 -0.606706 0.0321584
v 0.615853 -0.598465 0.0374551
v 0.590093 -0.560628 0.046152
v 0.538076 -0.491338 0.0517428
v 0.510381 -0.446769 0.0673384
v 0.657865 -0.656149 0.0228076
v 0.652282 -0.649882 0.0279408
v 0.496617 -0.412646 -0.0952872
v 0.500597 -0.422744 -0.0890097
v 0.518673 -0.449323 -0.0832554
v 0.471852 -0.372372 -0.0995049
v 0.486279 -0.390942 -0.103494
v 0.491476 -0.402084 -0.0993741
v 0.622376 -0.60392 -0.0432692
v 0.647362 -0.639784 -0.0341146
v 0.662453 -0.65348 -0.0330683
v 0.652558 -0.634561 -0.0442174
v 0.657478 -0.644195 -0.0386265
v 0.514693 -0.439225 -0.0910041
v 0.543548 -0.470911 -0.0921485
v 0.573178 -0.517104 -0.0775991
v 0.607727 -0.573279 -0.0584398
v 0.637357 -0.619357 -0.0439885
v 0.500154 -0.40812 -0.105357
v 0.514527 -0.424253 -0.106175
v 0.67373 -0.662997 -0.022704
v 0.67373 -0.665435 -0.00756614
v 0.67373 -0.665202 0.00753901
v 0.67373 -0.663229 0.0227096
v 0.200709 0.112545 -0.133802
v 0.408668 -0.242496 -0.121247
v 0.483018 -0.380845 -0.107809
v 0.469862 -0.362622 -0.105292
v 0.287441 -0.0610871 0.106442
v 0.200709 0.0857344 0.111248
v 0.438684 -0.333838 0.0766238
v 0.484676 -0.408468 0.0752833
v 0.483681 -0.394772 0.0922848
v 0.486666 -0.405682 0.0832609
v 0.47058 -0.37655 0.0884595
v 0.464831 -0.371327 0.083359
v 0.408668 -0.272789 0.0911078
v 0.498551 -0.425297 0.0778009
v 0.494682 -0.416709 0.0830321
v 0.622431 -0.603688 0.0422285
v 0.544765 -0.484838 0.0761334
v 0.5865 -0.552504 0.0519063
v 0.563891 -0.522559 0.0542277
v 0.518673 -0.446769 0.0844053
v 0.51508 -0.438645 0.0901923
v 0.662398 -0.653712 0.0333355
v 0.657644 -0.644079 0.0387302
v 0.652945 -0.634445 0.0441249
v 0.637136 -0.619705 0.0439287
v 0.496395 -0.398138 -0.109346
v 0.662674 -0.638508 -0.0473888
v 0.671243 -0.648605 -0.0431711
v 0.681303 -0.651043 -0.0453944
v 0.675278 -0.654757 -0.0380053
v 0.633211 -0.592894 -0.0620689
v 0.55864 -0.485999 -0.0918869
v 0.529563 -0.439341 -0.106175
v 0.502255 -0.390942 -0.119449
v 0.517623 -0.406147 -0.119645
v 0.688877 -0.664042 -0.022704
v 0.688877 -0.65731 -0.0378418
v 0.688877 -0.665551 0.00753901
v 0.688877 -0.665551 -0.00756614
v 0.688877 -0.664622 0.0227096
v 0.688877 -0.658587 0.0378474
v 0.674559 -0.655569 0.0381743
v 0.200709 0.118348 -0.137366
v 0.45477 -0.317125 -0.120626
v 0.471299 -0.345213 -0.119318
v 0.48451 -0.363319 -0.121084
v 0.487053 -0.370863 -0.118664
v 0.492139 -0.385951 -0.113629
v 0.211875 0.0754047 0.121253
v 0.454328 -0.348114 0.0906827
v 0.378762 -0.211623 0.105624
v 0.200709 0.0889842 0.115269
v 0.49728 -0.411834 0.0945081
v 0.492084 -0.401156 0.0984315
v 0.486832 -0.390246 0.102355
v 0.481138 -0.385487 0.0977449
v 0.453997 -0.33349 0.106278
v 0.501094 -0.421931 0.0879037
v 0.558861 -0.501319 0.0773104
v 0.529231 -0.45501 0.0916636
v 0.511818 -0.427735 0.0983988
v 0.680143 -0.651623 0.0459231
v 0.670027 -0.648489 0.0434383
v 0.663006 -0.638392 0.0470347
v 0.64001 -0.602412 0.0584126
v 0.633708 -0.592314 0.0616822
v 0.529563 -0.439457 0.106213
v 0.54388 -0.470678 0.0918925
v 0.514416 -0.424369 0.106278
v 0.649518 -0.606938 -0.0612189
v 0.658584 -0.617036 -0.0583744
v 0.675278 -0.643498 -0.0484678
v 0.688877 -0.643498 -0.0511488
v 0.688877 -0.651507 -0.0459175
v 0.603858 -0.546585 -0.076651
v 0.574615 -0.500275 -0.0912003
v 0.545649 -0.453733 -0.105717
v 0.527683 -0.410673 -0.122097
v 0.512316 -0.396049 -0.122359
v 0.497999 -0.380845 -0.122293
v 0.50723 -0.385951 -0.124811
v 0.703912 -0.655105 -0.0386592
v 0.704023 -0.661488 -0.022704
v 0.698772 -0.651623 -0.046081
v 0.704023 -0.662765 0.00753901
v 0.704023 -0.662301 0.0227096
v 0.704023 -0.662765 -0.00756614
v 0.704023 -0.657426 0.0378474
v 0.704023 -0.651971 0.0464462
v 0.688877 -0.652203 0.0465116
v 0.200709 0.127866 -0.141812
v 0.481415 -0.353221 -0.123274
v 0.494627 -0.370863 -0.124386
v 0.33288 -0.0912639 -0.136418
v 0.287552 -0.0457666 0.121253
v 0.200709 0.100823 0.12619
v 0.48346 -0.380148 0.107128
v 0.500652 -0.407423 0.104611
v 0.503913 -0.416709 0.0991181
v 0.470414 -0.36181 0.104382
v 0.695344 -0.636302 0.0608321
v 0.685228 -0.633981 0.0594589
v 0.674559 -0.643382 0.0490618
v 0.67268 -0.628642 0.0576606
v 0.666931 -0.620285 0.0602436
v 0.658584 -0.617152 0.0582819
v 0.650126 -0.606358 0.0609956
v 0.620828 -0.560164 0.075643
v 0.575057 -0.499811 0.090977
v 0.545925 -0.453501 0.105559
v 0.537468 -0.442591 0.108077
v 0.527573 -0.410789 0.122201
v 0.517457 -0.406379 0.119618
v 0.512537 -0.396281 0.122724
v 0.502421 -0.389665 0.118833
v 0.496893 -0.397326 0.10873
v 0.658584 -0.609492 -0.0622978
v 0.669529 -0.619589 -0.0600091
v 0.620497 -0.560396 -0.0758009
v 0.573344 -0.470678 -0.1066
v 0.628346 -0.562718 -0.0768471
v 0.674283 -0.627133 -0.0572301
v 0.703912 -0.644543 -0.0503641
v 0.688877 -0.630267 -0.0582109
v 0.704023 -0.630151 -0.0586686
v 0.534593 -0.420771 -0.119384
v 0.555765 -0.457331 -0.107613
v 0.538794 -0.416012 -0.123274
v 0.544654 -0.424137 -0.121247
v 0.522542 -0.401156 -0.124517
v 0.522598 -0.385603 -0.132265
v 0.527849 -0.380264 -0.137072
v 0.508004 -0.370399 -0.132037
v 0.517733 -0.375041 -0.134979
v 0.708888 -0.65023 -0.0442828
v 0.719169 -0.6529 -0.0334934
v 0.72713 -0.651159 -0.0306489
v 0.719169 -0.655453 -0.022704
v 0.719169 -0.640829 -0.0496121
v 0.719169 -0.656265 0.00753901
v 0.719169 -0.656149 0.0227096
v 0.727627 -0.651507 0.0313738
v 0.718174 -0.653248 0.0369973
v 0.719169 -0.656265 -0.00756614
v 0.712481 -0.651391 0.045825
v 0.697998 -0.636302 0.0608321
v 0.200709 0.129955 -0.142662
v 0.490591 -0.357284 -0.127263
v 0.502918 -0.355775 -0.13475
v 0.379591 -0.164965 -0.135666
v 0.200709 0.142954 -0.147828
v 0.200709 0.112777 0.133186
v 0.363394 -0.166474 0.121122
v 0.393134 -0.212899 0.121612
v 0.492858 -0.384907 0.112981
v 0.488546 -0.370863 0.117493
v 0.472349 -0.343588 0.118506
v 0.439348 -0.287297 0.120926
v 0.689706 -0.628642 0.0631861
v 0.688877 -0.613206 0.0694309
v 0.676384 -0.592546 0.0764604
v 0.666323 -0.590457 0.0756757
v 0.676992 -0.623884 0.0621726
v 0.591807 -0.513854 0.0902904
v 0.563062 -0.467545 0.104905
v 0.544709 -0.424137 0.12122
v 0.538794 -0.416012 0.123312
v 0.537468 -0.401156 0.130015
v 0.528347 -0.379916 0.136816
v 0.522929 -0.385371 0.132434
v 0.522432 -0.401272 0.124816
v 0.518286 -0.373765 0.134887
v 0.507341 -0.385255 0.12462
v 0.498883 -0.379568 0.121678
v 0.6132 -0.52755 -0.0896963
v 0.640286 -0.573395 -0.0747873
v 0.621602 -0.529639 -0.0906772
v 0.650402 -0.575601 -0.0758009
v 0.674283 -0.614018 -0.0631152
v 0.679645 -0.62133 -0.0607938
v 0.582907 -0.473232 -0.107777
v 0.552614 -0.426342 -0.122261
v 0.564167 -0.43702 -0.120168
v 0.67373 -0.598001 -0.0696215
v 0.688877 -0.622723 -0.0612843
v 0.688877 -0.613206 -0.0649134
v 0.688877 -0.598001 -0.0704389
v 0.688877 -0.586279 -0.0743623
v 0.704023 -0.622607 -0.0611862
v 0.711928 -0.621214 -0.060663
v 0.717843 -0.627017 -0.0567069
v 0.537468 -0.390942 -0.134979
v 0.545815 -0.393263 -0.136091
v 0.537468 -0.383398 -0.138477
v 0.513587 -0.364944 -0.136777
v 0.522598 -0.370399 -0.138347
v 0.537468 -0.370863 -0.142989
v 0.719169 -0.648373 -0.041046
v 0.730281 -0.638159 -0.0472907
v 0.727738 -0.651507 -0.022704
v 0.733763 -0.643382 -0.0374168
v 0.744764 -0.638392 -0.0340819
v 0.746477 -0.640016 -0.022704
v 0.735311 -0.647561 -0.022704
v 0.72818 -0.651739 0.00753901
v 0.728125 -0.651739 0.0227096
v 0.722541 -0.648953 0.0414766
v 0.735698 -0.647677 0.0227096
v 0.746367 -0.640133 0.0227096
v 0.744598 -0.638624 0.0342836
v 0.734261 -0.643847 0.0378801
v 0.72818 -0.651739 -0.00756614
v 0.730778 -0.638856 0.0479502
v 0.718174 -0.643731 0.0497811
v 0.708114 -0.633749 0.0598839
v 0.70347 -0.628526 0.0627284
v 0.688877 -0.599974 0.0739428
v 0.477766 -0.325134 -0.131971
v 0.491918 -0.341731 -0.133769
v 0.472736 -0.310393 -0.134554
v 0.486777 -0.329892 -0.135208
v 0.483294 -0.319795 -0.13681
v 0.500099 -0.347534 -0.136058
v 0.426412 -0.23855 -0.134946
v 0.200709 0.146552 -0.149103
v 0.200709 0.113474 0.133546
v 0.485561 -0.361578 0.120174
v 0.469143 -0.33349 0.121318
v 0.200709 0.128562 0.141295
v 0.67373 -0.567708 0.0851246
v 0.658584 -0.547629 0.0917617
v 0.6132 -0.456519 0.121939
v 0.6132 -0.464063 0.119062
v 0.628346 -0.500971 0.106507
v 0.620607 -0.499695 0.106017
v 0.619612 -0.530684 0.0912059
v 0.648191 -0.577342 0.0766892
v 0.658584 -0.588136 0.074466
v 0.610491 -0.496909 0.104676
v 0.573675 -0.440037 0.121547
v 0.552614 -0.426458 0.122299
v 0.601868 -0.517452 0.0921867
v 0.573123 -0.470795 0.106703
v 0.545815 -0.393147 0.136031
v 0.537468 -0.390594 0.134919
v 0.537468 -0.382934 0.138287
v 0.537468 -0.370863 0.142864
v 0.522929 -0.369586 0.138025
v 0.514527 -0.363783 0.136358
v 0.5043 -0.355775 0.134135
v 0.508557 -0.369586 0.131421
v 0.491199 -0.356239 0.126451
v 0.496119 -0.370863 0.123639
v 0.363339 -0.136413 0.136325
v 0.592968 -0.483329 -0.105455
v 0.574283 -0.439573 -0.121345
v 0.555876 -0.395701 -0.13717
v 0.582907 -0.44909 -0.118795
v 0.567761 -0.405798 -0.134979
v 0.658584 -0.584654 -0.0731853
v 0.578982 -0.407888 -0.135862
v 0.658584 -0.576993 -0.0763894
v 0.658584 -0.567708 -0.0802147
v 0.67373 -0.586627 -0.0741988
v 0.67373 -0.579083 -0.0771087
v 0.67373 -0.567708 -0.0811956
v 0.658584 -0.53521 -0.092737
v 0.643493 -0.491222 -0.108333
v 0.636251 -0.454313 -0.121149
v 0.67373 -0.55262 -0.0863941
v 0.67373 -0.542058 -0.0898925
v 0.688877 -0.578734 -0.0768144
v 0.704023 -0.613206 -0.0641941
v 0.712149 -0.561209 -0.0759317
v 0.714471 -0.613206 -0.0617747
v 0.697998 -0.576761 -0.0761278
v 0.666931 -0.439805 -0.121345
v 0.680861 -0.484142 -0.10588
v 0.694349 -0.527898 -0.0903175
v 0.698495 -0.517801 -0.0915926
v 0.722044 -0.613206 -0.0585706
v 0.734924 -0.628062 -0.0487293
v 0.551564 -0.387344 -0.139949
v 0.552614 -0.370863 -0.146815
v 0.522321 -0.355775 -0.142041
v 0.200709 0.177773 -0.158323
v 0.200709 0.192978 -0.162083
v 0.537468 -0.355775 -0.146913
v 0.551674 -0.357051 -0.150477
v 0.560961 -0.362971 -0.151327
v 0.740397 -0.63282 -0.0441847
v 0.735753 -0.647909 -0.00756614
v 0.746809 -0.628062 -0.0385938
v 0.754327 -0.626901 -0.0214616
v 0.746698 -0.640365 -0.00756614
v 0.754272 -0.628526 -0.00756614
v 0.735753 -0.647909 0.00753901
v 0.746698 -0.640365 0.00753901
v 0.754272 -0.628526 0.00753901
v 0.754216 -0.626901 0.0214344
v 0.746698 -0.628294 0.0387302
v 0.740839 -0.633285 0.0443864
v 0.7352 -0.628294 0.0495523
v 0.718948 -0.628526 0.0578568
v 0.713752 -0.623651 0.0614206
v 0.704023 -0.613206 0.0675673
v 0.696892 -0.591037 0.0758391
v 0.688877 -0.59243 0.076395
v 0.67373 -0.555057 0.0892768
v 0.200709 0.162453 -0.15404
v 0.200709 0.143186 0.147343
v 0.658584 -0.522327 0.100361
v 0.643493 -0.492034 0.110594
v 0.643493 -0.502712 0.10703
v 0.628346 -0.476946 0.115498
v 0.598053 -0.411718 0.137273
v 0.598053 -0.419262 0.134527
v 0.586058 -0.410209 0.136816
v 0.575997 -0.408584 0.136162
v 0.555931 -0.396049 0.137371
v 0.551564 -0.401156 0.13384
v 0.551564 -0.387344 0.14015
v 0.553941 -0.36947 0.147834
v 0.559911 -0.363551 0.151463
v 0.549795 -0.35856 0.150188
v 0.53885 -0.354382 0.148128
v 0.522321 -0.355775 0.141916
v 0.501039 -0.346141 0.135639
v 0.506512 -0.340918 0.139497
v 0.200709 0.173943 0.157054
v 0.200709 0.159203 0.152771
v 0.487551 -0.3285 0.134854
v 0.440398 -0.255495 0.135639
v 0.49236 -0.340918 0.133023
v 0.410216 -0.209998 0.13554
v 0.423593 -0.227756 0.136456
v 0.567761 -0.398254 -0.138183
v 0.567761 -0.386067 -0.143251
v 0.582907 -0.386067 -0.144951
v 0.58357 -0.4022 -0.138608
v 0.589043 -0.409164 -0.136418
v 0.608722 -0.453385 -0.120822
v 0.628346 -0.497605 -0.105161
v 0.643493 -0.54113 -0.0892386
v 0.628346 -0.490061 -0.108202
v 0.618783 -0.454662 -0.121313
v 0.628346 -0.454662 -0.12128
v 0.6132 -0.410441 -0.136843
v 0.598053 -0.373649 -0.149823
v 0.598053 -0.365988 -0.152275
v 0.6132 -0.386067 -0.144624
v 0.613531 -0.370167 -0.149496
v 0.658584 -0.476946 -0.111667
v 0.67373 -0.534398 -0.0922792
v 0.688877 -0.567708 -0.0801493
v 0.67373 -0.522327 -0.0959738
v 0.711596 -0.499578 -0.090808
v 0.725195 -0.602528 -0.059813
v 0.681359 -0.424021 -0.121149
v 0.695013 -0.467313 -0.105488
v 0.681359 -0.363435 -0.136254
v 0.694902 -0.406495 -0.120528
v 0.697777 -0.396397 -0.12177
v 0.684233 -0.532077 -0.0914946
v 0.653056 -0.395353 -0.136777
v 0.658307 -0.385719 -0.13802
v 0.684952 -0.474044 -0.107188
v 0.658584 -0.370863 -0.141878
v 0.663172 -0.390478 -0.135437
v 0.667594 -0.38038 -0.136745
v 0.734316 -0.613206 -0.0526854
v 0.742608 -0.622839 -0.0459502
v 0.522321 -0.340686 -0.145507
v 0.200709 0.207834 -0.164961
v 0.483792 -0.258397 -0.151621
v 0.532161 -0.329892 -0.150836
v 0.537357 -0.341383 -0.149921
v 0.545981 -0.346954 -0.151196
v 0.556097 -0.352873 -0.152308
v 0.567761 -0.340686 -0.156721
v 0.56671 -0.357051 -0.153419
v 0.582907 -0.355775 -0.155512
v 0.571022 -0.364712 -0.151882
v 0.56671 -0.370167 -0.149332
v 0.7509 -0.613206 -0.0378418
v 0.756483 -0.613206 -0.0252869
v 0.757091 -0.620866 -0.0155765
v 0.757091 -0.620982 -0.00756614
v 0.757091 -0.620982 0.00753901
v 0.757091 -0.620866 0.015582
v 0.756483 -0.613206 0.0252598
v 0.750844 -0.613206 0.0378474
v 0.742663 -0.623187 0.0460212
v 0.734316 -0.613206 0.0535738
v 0.726356 -0.604733 0.0603416
v 0.724255 -0.613206 0.0594262
v 0.716682 -0.613206 0.0627611
v 0.710159 -0.573047 0.0751525
v 0.707063 -0.582913 0.0739428
v 0.682188 -0.546004 0.0910751
v 0.69949 -0.582913 0.07682
v 0.685394 -0.476946 0.107521
v 0.667981 -0.381309 0.136946
v 0.664056 -0.391406 0.135737
v 0.65886 -0.401272 0.134462
v 0.65394 -0.396281 0.136946
v 0.67373 -0.547513 0.0916309
v 0.643493 -0.476946 0.115433
v 0.628346 -0.446653 0.125699
v 0.6132 -0.41961 0.134919
v 0.628346 -0.457563 0.122201
v 0.628346 -0.465107 0.119683
v 0.598053 -0.401156 0.141033
v 0.582907 -0.374229 0.149861
v 0.582907 -0.386067 0.145578
v 0.567761 -0.372488 0.149174
v 0.567761 -0.386067 0.143845
v 0.567761 -0.399067 0.138516
v 0.567761 -0.364944 0.151986
v 0.567761 -0.355775 0.154667
v 0.552614 -0.340686 0.155027
v 0.553941 -0.354382 0.15228
v 0.54482 -0.348463 0.151463
v 0.534317 -0.340686 0.15009
v 0.522321 -0.340686 0.145938
v 0.507175 -0.325482 0.144074
v 0.453886 -0.273137 0.136423
v 0.470746 -0.30076 0.135671
v 0.200709 0.189148 0.161141
v 0.582907 -0.373765 -0.149659
v 0.598053 -0.386067 -0.145572
v 0.582907 -0.366104 -0.152373
v 0.598053 -0.355775 -0.155283
v 0.608667 -0.36448 -0.151752
v 0.618783 -0.362506 -0.151163
v 0.628346 -0.370863 -0.147501
v 0.643493 -0.41636 -0.131906
v 0.658584 -0.461741 -0.116245
v 0.643493 -0.405334 -0.135241
v 0.643493 -0.386067 -0.140995
v 0.713807 -0.489481 -0.0920177
v 0.727627 -0.59243 -0.0610227
v 0.700098 -0.386067 -0.12298
v 0.67771 -0.373533 -0.135012
v 0.673067 -0.36947 -0.137595
v 0.658584 -0.355775 -0.14567
v 0.658252 -0.340802 -0.149201
v 0.67373 -0.340686 -0.143774
v 0.683183 -0.355775 -0.137039
v 0.690756 -0.355775 -0.133835
v 0.687384 -0.36947 -0.132363
v 0.643493 -0.370863 -0.145409
v 0.643548 -0.355426 -0.149594
v 0.648689 -0.346025 -0.150902
v 0.729728 -0.582913 -0.0621343
v 0.741889 -0.560164 -0.0605323
v 0.743879 -0.613206 -0.0470619
v 0.726853 -0.530219 -0.0757682
v 0.726079 -0.467777 -0.0904483
v 0.200709 0.221878 -0.166366
v 0.310437 0.0528882 -0.163489
v 0.522321 -0.264896 -0.158781
v 0.507175 -0.249808 -0.158291
v 0.552614 -0.325482 -0.156264
v 0.537468 -0.310393 -0.155479
v 0.522321 -0.295189 -0.154531
v 0.492084 -0.249808 -0.155185
v 0.542277 -0.336856 -0.152079
v 0.514748 -0.302849 -0.151392
v 0.551674 -0.341383 -0.153485
v 0.582907 -0.340686 -0.158029
v 0.552614 -0.310393 -0.158062
v 0.567761 -0.325482 -0.158225
v 0.598053 -0.340686 -0.157866
v 0.745261 -0.598001 -0.0487293
v 0.742718 -0.550067 -0.0614804
v 0.743492 -0.537416 -0.0624286
v 0.753553 -0.596957 -0.0363706
v 0.756814 -0.601251 -0.0282295
v 0.757312 -0.613206 -0.0177343
v 0.757533 -0.613206 -0.00756614
v 0.764332 -0.476946 -0.00756614
v 0.762895 -0.507239 -0.00756614
v 0.760739 -0.55262 -0.00756614
v 0.759191 -0.582913 -0.00756614
v 0.757533 -0.613206 0.00753901
v 0.757312 -0.613206 0.0177072
v 0.759191 -0.582913 0.00753901
v 0.760739 -0.55262 0.00753901
v 0.762895 -0.507239 0.00753901
v 0.764332 -0.476946 0.00753901
v 0.757699 -0.598001 0.0210421
v 0.756814 -0.598001 0.0285947
v 0.743824 -0.613206 0.0471328
v 0.752558 -0.598001 0.0378474
v 0.743382 -0.537416 0.0622707
v 0.742608 -0.549138 0.0613225
v 0.745151 -0.598001 0.0487022
v 0.741613 -0.559236 0.060309
v 0.72619 -0.467777 0.0904866
v 0.72724 -0.53138 0.0760026
v 0.728235 -0.594635 0.0614533
v 0.712315 -0.501319 0.0912059
v 0.713199 -0.428315 0.106965
v 0.71132 -0.438413 0.105821
v 0.712978 -0.56295 0.0763296
v 0.709551 -0.511417 0.0899961
v 0.695068 -0.406611 0.120599
v 0.673343 -0.3863 0.133742
v 0.667152 -0.500275 0.10618
v 0.639181 -0.350784 0.152117
v 0.646478 -0.406379 0.135606
v 0.671243 -0.370863 0.138189
v 0.658418 -0.341151 0.149371
v 0.658584 -0.355775 0.14597
v 0.649242 -0.34649 0.151005
v 0.658584 -0.492034 0.109581
v 0.658584 -0.5019 0.106671
v 0.643493 -0.463715 0.119454
v 0.658584 -0.509444 0.104382
v 0.6132 -0.386067 0.145349
v 0.598053 -0.366453 0.152378
v 0.598053 -0.373997 0.149992
v 0.598053 -0.386067 0.146134
v 0.6132 -0.431449 0.13093
v 0.582907 -0.366685 0.152542
v 0.582907 -0.355775 0.15591
v 0.567761 -0.340686 0.157544
v 0.54189 -0.340686 0.152313
v 0.552614 -0.325482 0.157446
v 0.537468 -0.310393 0.156727
v 0.536639 -0.326062 0.153817
v 0.531 -0.331517 0.151071
v 0.517401 -0.314224 0.150613
v 0.522377 -0.326062 0.149501
v 0.486611 -0.269423 0.150744
v 0.438905 -0.197115 0.151496
v 0.200709 0.204352 0.164345
v 0.46953 -0.242032 0.151365
v 0.613531 -0.356819 -0.153386
v 0.6132 -0.340686 -0.156983
v 0.628346 -0.340686 -0.155675
v 0.628346 -0.360417 -0.150607
v 0.643493 -0.39779 -0.137497
v 0.716571 -0.476946 -0.0934563
v 0.724642 -0.540317 -0.0746239
v 0.710822 -0.437368 -0.105586
v 0.707671 -0.386067 -0.119024
v 0.704631 -0.369586 -0.124026
v 0.652945 -0.335928 -0.152013
v 0.66273 -0.325482 -0.150248
v 0.67373 -0.325482 -0.145867
v 0.686389 -0.340686 -0.138608
v 0.693962 -0.340686 -0.135077
v 0.638573 -0.350204 -0.151915
v 0.643548 -0.340802 -0.153158
v 0.727848 -0.457679 -0.0915926
v 0.725471 -0.401156 -0.105161
v 0.726687 -0.393031 -0.105913
v 0.713034 -0.42727 -0.10673
v 0.724145 -0.476946 -0.0894021
v 0.715245 -0.41636 -0.108006
v 0.722818 -0.41636 -0.103592
v 0.200709 0.22536 -0.166595
v 0.280144 0.113474 -0.165451
v 0.340675 0.0225953 -0.16411
v 0.386114 -0.0530787 -0.162476
v 0.507175 -0.234603 -0.159762
v 0.537468 -0.295189 -0.157604
v 0.567761 -0.310393 -0.158945
v 0.582907 -0.325482 -0.158585
v 0.6132 -0.325482 -0.158323
v 0.537468 -0.280101 -0.159043
v 0.552614 -0.295189 -0.159141
v 0.628346 -0.325482 -0.157866
v 0.740286 -0.492034 -0.0737738
v 0.741336 -0.476946 -0.0748527
v 0.741779 -0.467661 -0.0754739
v 0.74902 -0.537416 -0.0529797
v 0.753663 -0.582913 -0.038365
v 0.757036 -0.591153 -0.030322
v 0.759081 -0.567708 -0.022704
v 0.757588 -0.596957 -0.0229982
v 0.759744 -0.55262 -0.022704
v 0.760408 -0.537416 -0.022704
v 0.762287 -0.492034 -0.022704
v 0.762895 -0.476946 -0.022704
v 0.764111 -0.446653 -0.022704
v 0.76494 -0.461741 -0.00756614
v 0.758915 -0.567708 0.0227096
v 0.76494 -0.461741 0.00753901
v 0.763945 -0.446653 0.0227096
v 0.762729 -0.476946 0.0227096
v 0.762121 -0.492034 0.0227096
v 0.759578 -0.55262 0.0227096
v 0.75698 -0.589993 0.0300987
v 0.754272 -0.584073 0.0365723
v 0.748965 -0.537416 0.0529852
v 0.741779 -0.468125 0.0755122
v 0.7441 -0.522327 0.063415
v 0.741281 -0.476946 0.0748583
v 0.740175 -0.492034 0.0736813
v 0.727351 -0.382237 0.106507
v 0.726466 -0.392335 0.105755
v 0.72525 -0.401156 0.104905
v 0.727682 -0.457679 0.0915328
v 0.724587 -0.476946 0.0895057
v 0.722873 -0.41636 0.103368
v 0.717677 -0.401156 0.109973
v 0.7153 -0.41636 0.108273
v 0.700264 -0.386067 0.123018
v 0.697887 -0.396513 0.121776
v 0.707837 -0.386067 0.119128
v 0.688877 -0.370863 0.131421
v 0.681248 -0.363203 0.136227
v 0.65184 -0.454662 0.121253
v 0.643935 -0.341151 0.15349
v 0.628346 -0.340686 0.156236
v 0.628346 -0.353918 0.153
v 0.675223 -0.357167 0.139856
v 0.67373 -0.340686 0.143943
v 0.653277 -0.336392 0.15215
v 0.636417 -0.409048 0.136325
v 0.643493 -0.45617 0.12171
v 0.628346 -0.417985 0.134494
v 0.628346 -0.410441 0.13675
v 0.610491 -0.364944 0.151888
v 0.598053 -0.355775 0.155517
v 0.598053 -0.340686 0.158035
v 0.582907 -0.340686 0.158264
v 0.567761 -0.325482 0.158591
v 0.552614 -0.310393 0.158721
v 0.537468 -0.295189 0.158492
v 0.507175 -0.249808 0.159146
v 0.522321 -0.280101 0.158035
v 0.522321 -0.295189 0.155746
v 0.527462 -0.32142 0.152117
v 0.200709 0.218976 0.166078
v 0.628346 -0.352873 -0.152667
v 0.643493 -0.325482 -0.155806
v 0.710104 -0.373649 -0.120266
v 0.655156 -0.325482 -0.152765
v 0.663946 -0.310393 -0.15064
v 0.687826 -0.325482 -0.139426
v 0.67373 -0.310393 -0.146357
v 0.6954 -0.325482 -0.135698
v 0.704023 -0.340686 -0.128571
v 0.711652 -0.363551 -0.121149
v 0.712094 -0.355775 -0.121509
v 0.712923 -0.340686 -0.122163
v 0.719667 -0.355775 -0.115133
v 0.72713 -0.382934 -0.106371
v 0.732105 -0.401156 -0.0975759
v 0.73918 -0.41636 -0.0861652
v 0.738185 -0.431449 -0.0853806
v 0.200709 0.228494 -0.166661
v 0.416407 -0.00769747 -0.166301
v 0.416407 -0.0227858 -0.165941
v 0.40126 -0.00769747 -0.165909
v 0.340675 0.0528882 -0.165713
v 0.310437 0.083181 -0.165614
v 0.295291 0.0983854 -0.165549
v 0.325584 0.0528882 -0.164895
v 0.355821 0.00750697 -0.164209
v 0.476993 -0.174134 -0.161462
v 0.492084 -0.204311 -0.160677
v 0.522321 -0.249808 -0.159958
v 0.537468 -0.249808 -0.160481
v 0.552614 -0.264896 -0.160154
v 0.582907 -0.310393 -0.158945
v 0.598053 -0.295189 -0.159108
v 0.6132 -0.310393 -0.158618
v 0.628346 -0.310393 -0.158389
v 0.507175 -0.219515 -0.160743
v 0.522321 -0.234603 -0.160677
v 0.643493 -0.310393 -0.156591
v 0.742166 -0.457679 -0.0761278
v 0.742552 -0.446653 -0.0768471
v 0.750015 -0.522327 -0.0529797
v 0.750955 -0.507239 -0.0529797
v 0.754161 -0.567708 -0.039215
v 0.74305 -0.431449 -0.0777953
v 0.754161 -0.461741 -0.0516392
v 0.757257 -0.582913 -0.0308124
v 0.761789 -0.41636 -0.0378418
v 0.762287 -0.401156 -0.0378418
v 0.764553 -0.431449 -0.022704
v 0.765217 -0.446653 -0.00756614
v 0.765217 -0.446653 0.00753901
v 0.764332 -0.431449 0.0227096
v 0.761237 -0.41636 0.0378474
v 0.760739 -0.431449 0.0378474
v 0.757201 -0.579895 0.0306872
v 0.75687 -0.465456 0.0449749
v 0.752779 -0.476946 0.0529852
v 0.75195 -0.492034 0.0529852
v 0.751065 -0.507239 0.0529852
v 0.754161 -0.567708 0.0388609
v 0.75007 -0.522327 0.0529852
v 0.743271 -0.431449 0.0780624
v 0.742718 -0.446653 0.0770162
v 0.742221 -0.458027 0.0762315
v 0.74001 -0.401156 0.0874459
v 0.739125 -0.41636 0.0865305
v 0.729175 -0.355775 0.108338
v 0.72818 -0.370863 0.107292
v 0.721049 -0.340686 0.116839
v 0.718174 -0.357284 0.116937
v 0.711596 -0.363319 0.121089
v 0.710546 -0.370863 0.120501
v 0.702973 -0.370863 0.124816
v 0.688932 -0.357167 0.134396
v 0.683957 -0.353105 0.137306
v 0.643493 -0.325482 0.156073
v 0.6132 -0.340686 0.157348
v 0.614582 -0.357284 0.153719
v 0.628346 -0.325482 0.1581
v 0.620607 -0.363319 0.151365
v 0.686444 -0.340686 0.138581
v 0.67373 -0.325482 0.145905
v 0.663006 -0.325482 0.150286
v 0.655433 -0.325482 0.152869
v 0.614582 -0.370399 0.149894
v 0.6132 -0.325482 0.158394
v 0.598053 -0.325482 0.158525
v 0.598053 -0.310393 0.158885
v 0.582907 -0.310393 0.158983
v 0.552614 -0.249808 0.160585
v 0.567761 -0.310393 0.159048
v 0.537468 -0.264896 0.160095
v 0.537468 -0.280101 0.159506
v 0.507175 -0.234603 0.160291
v 0.522321 -0.264896 0.159441
v 0.492084 -0.219515 0.160095
v 0.200709 0.225012 0.166764
v 0.656373 -0.310393 -0.153158
v 0.66284 -0.295189 -0.150313
v 0.67373 -0.295189 -0.145736
v 0.687882 -0.310393 -0.139524
v 0.687218 -0.295189 -0.139229
v 0.704023 -0.325482 -0.129781
v 0.695455 -0.310393 -0.135698
v 0.704023 -0.310393 -0.13014
v 0.71436 -0.310393 -0.123111
v 0.713752 -0.325482 -0.122784
v 0.727627 -0.370863 -0.106894
v 0.739678 -0.401156 -0.0864595
v 0.743382 -0.41636 -0.07858
v 0.728125 -0.355775 -0.107548
v 0.200709 0.236038 -0.166759
v 0.431553 -0.00769747 -0.166366
v 0.431553 -0.0227858 -0.166203
v 0.431553 -0.0378742 -0.165778
v 0.431553 -0.0530787 -0.165189
v 0.416407 -0.0378742 -0.165255
v 0.40126 -0.0227858 -0.165222
v 0.386114 -0.00769747 -0.165157
v 0.355821 0.0225953 -0.165026
v 0.370968 -0.00769747 -0.164274
v 0.416407 -0.0530787 -0.16447
v 0.507175 -0.174134 -0.162443
v 0.4467 -0.0530787 -0.165484
v 0.476993 -0.0983438 -0.164339
v 0.522321 -0.174134 -0.162378
v 0.537468 -0.189222 -0.16192
v 0.582907 -0.249808 -0.160187
v 0.6132 -0.295189 -0.158912
v 0.537468 -0.174134 -0.162214
v 0.552614 -0.189222 -0.161691
v 0.582907 -0.234603 -0.160416
v 0.6132 -0.280101 -0.159108
v 0.628346 -0.295189 -0.158389
v 0.492084 -0.174134 -0.162181
v 0.431553 -0.068167 -0.164503
v 0.628346 -0.280101 -0.157931
v 0.643493 -0.295189 -0.156035
v 0.74703 -0.446653 -0.0681175
v 0.74797 -0.431449 -0.0681175
v 0.751839 -0.492034 -0.0529797
v 0.75394 -0.446653 -0.0538298
v 0.757809 -0.431449 -0.0471273
v 0.757422 -0.446653 -0.0462445
v 0.758196 -0.41636 -0.0479446
v 0.758528 -0.401156 -0.0484678
v 0.76494 -0.401156 -0.022704
v 0.76483 -0.41636 -0.022704
v 0.758583 -0.386067 -0.0485985
v 0.762342 -0.386067 -0.0378418
v 0.765383 -0.431449 -0.00756614
v 0.765383 -0.431449 0.00753901
v 0.764609 -0.41636 0.0227096
v 0.757865 -0.41636 0.0474925
v 0.761458 -0.401156 0.0378474
v 0.757975 -0.401156 0.0479502
v 0.760131 -0.446653 0.0378474
v 0.757091 -0.455358 0.0455308
v 0.754769 -0.41636 0.055045
v 0.754216 -0.460929 0.0515467
v 0.74902 -0.41636 0.0681231
v 0.748191 -0.431449 0.0681231
v 0.743713 -0.41636 0.0789779
v 0.740618 -0.386067 0.0883287
v 0.736251 -0.355775 0.0983988
v 0.729838 -0.340686 0.109254
v 0.713476 -0.340686 0.12243
v 0.712481 -0.353221 0.121743
v 0.721933 -0.325482 0.117297
v 0.71436 -0.325482 0.123018
v 0.704023 -0.340686 0.128871
v 0.694018 -0.340686 0.135148
v 0.705516 -0.357284 0.125699
v 0.656428 -0.310393 0.153196
v 0.643493 -0.310393 0.156629
v 0.628346 -0.310393 0.158427
v 0.687771 -0.325482 0.139431
v 0.67373 -0.310393 0.146363
v 0.664001 -0.310393 0.150646
v 0.6132 -0.310393 0.158721
v 0.598053 -0.295189 0.159212
v 0.507175 -0.128637 0.163658
v 0.582907 -0.295189 0.159343
v 0.537468 -0.204311 0.161729
v 0.522321 -0.174134 0.162514
v 0.492084 -0.113548 0.164083
v 0.522321 -0.189222 0.162154
v 0.492084 -0.128637 0.163691
v 0.507175 -0.189222 0.162056
v 0.492084 -0.174134 0.162252
v 0.507175 -0.219515 0.160945
v 0.476993 -0.174134 0.161729
v 0.386114 -0.00769747 0.165293
v 0.386114 -0.0227858 0.164541
v 0.476993 -0.189222 0.160977
v 0.416407 -0.0983438 0.162252
v 0.340675 0.0225953 0.164312
v 0.280144 0.113474 0.165555
v 0.325584 0.0528882 0.165031
v 0.370968 0.00750697 0.16526
v 0.370968 0.0225953 0.165914
v 0.386114 0.00750697 0.165947
v 0.40126 0.00750697 0.166307
v 0.200709 0.234645 0.166993
v 0.655267 -0.295189 -0.152733
v 0.652835 -0.280101 -0.151948
v 0.660408 -0.280101 -0.149496
v 0.67373 -0.280101 -0.14397
v 0.694791 -0.295189 -0.135339
v 0.685339 -0.280101 -0.138314
v 0.704023 -0.295189 -0.129584
v 0.714084 -0.295189 -0.122915
v 0.721933 -0.310393 -0.116081
v 0.721325 -0.325482 -0.115787
v 0.743492 -0.386067 -0.0789069
v 0.743492 -0.401156 -0.0788742
v 0.728346 -0.340686 -0.107973
v 0.733708 -0.340686 -0.0983932
v 0.748633 -0.41636 -0.0681175
v 0.200709 0.251242 -0.166791
v 0.431553 0.0377998 -0.166366
v 0.4467 -0.00769747 -0.166268
v 0.4467 -0.0227858 -0.16617
v 0.4467 -0.0378742 -0.165843
v 0.461846 -0.068167 -0.165091
v 0.492084 -0.113548 -0.163914
v 0.507175 -0.128637 -0.163457
v 0.476993 -0.068167 -0.164961
v 0.567761 -0.204311 -0.161135
v 0.476993 -0.0530787 -0.165124
v 0.552614 -0.174134 -0.161822
v 0.598053 -0.249808 -0.159795
v 0.6132 -0.264896 -0.159075
v 0.628346 -0.264896 -0.15695
v 0.6132 -0.249808 -0.158618
v 0.643493 -0.280101 -0.154727
v 0.754714 -0.41636 -0.0555299
v 0.754824 -0.401156 -0.056053
v 0.76494 -0.355775 -0.022704
v 0.748854 -0.340686 -0.0681175
v 0.748688 -0.325482 -0.0681175
v 0.758473 -0.370863 -0.0484678
v 0.762232 -0.370863 -0.0378418
v 0.748854 -0.401156 -0.0681175
v 0.754824 -0.386067 -0.0561838
v 0.765383 -0.310393 -0.00756614
v 0.764664 -0.401156 0.0227096
v 0.765383 -0.295189 0.00753901
v 0.755045 -0.401156 0.0555355
v 0.761458 -0.340686 0.0378474
v 0.757975 -0.386067 0.0480483
v 0.755211 -0.386067 0.0556336
v 0.749628 -0.401156 0.0681231
v 0.741392 -0.355775 0.0897346
v 0.74106 -0.370863 0.0891134
v 0.736969 -0.340686 0.0983988
v 0.729783 -0.325482 0.109711
v 0.722265 -0.310393 0.1171
v 0.714692 -0.310393 0.123214
v 0.704023 -0.325482 0.129982
v 0.695344 -0.325482 0.135671
v 0.655267 -0.295189 0.152836
v 0.643493 -0.295189 0.156204
v 0.628346 -0.295189 0.158525
v 0.598053 -0.249808 0.159931
v 0.598053 -0.264896 0.159768
v 0.6132 -0.295189 0.158983
v 0.687882 -0.310393 0.139529
v 0.695344 -0.295189 0.135704
v 0.687771 -0.295189 0.139333
v 0.67373 -0.295189 0.145741
v 0.66284 -0.295189 0.150253
v 0.537468 -0.174134 0.162383
v 0.552614 -0.204311 0.161598
v 0.476993 -0.068167 0.165162
v 0.461846 -0.0530787 0.16562
v 0.476993 -0.0983438 0.164443
v 0.461846 -0.0983438 0.164214
v 0.461846 -0.113548 0.163691
v 0.4467 -0.0378742 0.165914
v 0.4467 -0.0530787 0.165424
v 0.461846 -0.128637 0.163102
v 0.461846 -0.143841 0.162449
v 0.40126 -0.0227858 0.165293
v 0.40126 -0.00769747 0.165914
v 0.416407 -0.00769747 0.166209
v 0.4467 -0.0227858 0.166274
v 0.431553 -0.00769747 0.166339
v 0.200709 0.249733 0.167157
v 0.651342 -0.271628 -0.15149
v 0.649297 -0.26153 -0.150869
v 0.657312 -0.265941 -0.148646
v 0.658584 -0.249808 -0.145605
v 0.67373 -0.264896 -0.141584
v 0.692912 -0.280101 -0.134423
v 0.682907 -0.264896 -0.137039
v 0.70546 -0.27894 -0.126315
v 0.712923 -0.283234 -0.12213
v 0.721657 -0.295189 -0.115231
v 0.728346 -0.310393 -0.108496
v 0.743492 -0.370863 -0.0789069
v 0.733708 -0.310393 -0.0983932
v 0.200709 0.325407 -0.166791
v 0.386114 0.128678 -0.166366
v 0.431553 0.0528882 -0.166268
v 0.4467 0.00750697 -0.166268
v 0.200709 0.340612 -0.166759
v 0.461846 -0.0227858 -0.165811
v 0.461846 -0.0378742 -0.16568
v 0.461846 -0.0530787 -0.165418
v 0.492084 -0.068167 -0.164503
v 0.598053 -0.234603 -0.159664
v 0.522321 -0.113548 -0.16313
v 0.492084 -0.0530787 -0.164307
v 0.6132 -0.234603 -0.157637
v 0.628346 -0.249808 -0.155577
v 0.598053 -0.219515 -0.159206
v 0.598053 -0.204311 -0.158258
v 0.643935 -0.265941 -0.153027
v 0.76483 -0.340686 -0.022704
v 0.765327 -0.295189 -0.00756614
v 0.743492 -0.325482 -0.0788742
v 0.743437 -0.310393 -0.0788088
v 0.754659 -0.325482 -0.0544837
v 0.754824 -0.340686 -0.0552356
v 0.748191 -0.310393 -0.0681175
v 0.758252 -0.355775 -0.0481735
v 0.761955 -0.355775 -0.0378418
v 0.764553 -0.325482 -0.022704
v 0.764664 -0.325482 0.0227096
v 0.76483 -0.280101 0.00753901
v 0.764498 -0.310393 0.0227096
v 0.750291 -0.370863 0.0681231
v 0.75007 -0.386067 0.0681231
v 0.761292 -0.325482 0.0378474
v 0.757975 -0.340686 0.0478521
v 0.757975 -0.355775 0.0480483
v 0.755211 -0.355775 0.0556336
v 0.750347 -0.355775 0.0681231
v 0.744598 -0.355775 0.0821493
v 0.741447 -0.340686 0.0897673
v 0.736472 -0.325482 0.0983988
v 0.72923 -0.310393 0.109515
v 0.722265 -0.295189 0.116447
v 0.714692 -0.295189 0.123182
v 0.704023 -0.310393 0.130244
v 0.695455 -0.310393 0.135704
v 0.652669 -0.280101 0.151953
v 0.643493 -0.280101 0.154863
v 0.628346 -0.264896 0.157054
v 0.628346 -0.280101 0.1581
v 0.6132 -0.264896 0.159179
v 0.582907 -0.219515 0.160618
v 0.537468 -0.143841 0.162677
v 0.476993 -0.0530787 0.165358
v 0.567761 -0.204311 0.161272
v 0.492084 -0.0832554 0.164639
v 0.704023 -0.295189 0.130211
v 0.704023 -0.280101 0.12874
v 0.693686 -0.280101 0.134919
v 0.686113 -0.280101 0.138418
v 0.67373 -0.280101 0.14378
v 0.660242 -0.280101 0.149207
v 0.461846 -0.0378742 0.165914
v 0.431553 -0.0378742 0.16562
v 0.431553 -0.0530787 0.165097
v 0.416407 -0.0378742 0.165228
v 0.431553 -0.0227858 0.166078
v 0.416407 -0.0227858 0.165783
v 0.4467 -0.00769747 0.166372
v 0.200709 0.280026 0.167222
v 0.639291 -0.249808 -0.152438
v 0.629286 -0.234487 -0.15355
v 0.63708 -0.239362 -0.151784
v 0.634924 -0.229264 -0.151098
v 0.646865 -0.249808 -0.150019
v 0.643493 -0.219515 -0.146357
v 0.643493 -0.204311 -0.143741
v 0.658584 -0.234603 -0.142924
v 0.674228 -0.250969 -0.13887
v 0.681525 -0.256772 -0.136352
v 0.69048 -0.264896 -0.13305
v 0.702254 -0.264896 -0.125465
v 0.71143 -0.273137 -0.12092
v 0.727019 -0.286716 -0.106404
v 0.727738 -0.295189 -0.107646
v 0.732602 -0.295189 -0.0983932
v 0.739678 -0.310393 -0.0863941
v 0.40126 0.113474 -0.166268
v 0.355821 0.189148 -0.166366
v 0.431553 0.0680926 -0.165745
v 0.4467 0.0377998 -0.165647
v 0.4467 0.0225953 -0.166105
v 0.461846 -0.00769747 -0.165713
v 0.200709 0.349549 -0.166628
v 0.476993 -0.0378742 -0.165124
v 0.582907 -0.204311 -0.16022
v 0.537468 -0.128637 -0.16228
v 0.476993 -0.0227858 -0.164862
v 0.6132 -0.219515 -0.156264
v 0.567761 -0.174134 -0.160776
v 0.552614 -0.143841 -0.161299
v 0.582907 -0.189222 -0.159697
v 0.582907 -0.174134 -0.158748
v 0.552614 -0.0983438 -0.158389
v 0.582907 -0.158929 -0.157408
v 0.598053 -0.189222 -0.156852
v 0.764056 -0.310393 -0.022704
v 0.764664 -0.280101 -0.00756614
v 0.742884 -0.297859 -0.0777299
v 0.757588 -0.325482 -0.0468984
v 0.75792 -0.340686 -0.0476831
v 0.757312 -0.31492 -0.0461137
v 0.75687 -0.304822 -0.044904
v 0.754659 -0.310045 -0.0518681
v 0.761568 -0.340686 -0.0378418
v 0.761403 -0.264896 0.00753901
v 0.762287 -0.280101 0.0227096
v 0.76389 -0.295189 0.0227096
v 0.760739 -0.310393 0.0378474
v 0.757809 -0.325482 0.047329
v 0.755045 -0.340686 0.0554374
v 0.750126 -0.340686 0.0681231
v 0.749573 -0.325482 0.0681231
v 0.744211 -0.325482 0.0812338
v 0.741005 -0.325482 0.0887864
v 0.7352 -0.310393 0.0983988
v 0.728512 -0.295189 0.108894
v 0.727682 -0.28335 0.107652
v 0.722099 -0.279056 0.113046
v 0.713531 -0.280101 0.122495
v 0.651121 -0.272324 0.15143
v 0.643769 -0.266289 0.153
v 0.62912 -0.234952 0.153457
v 0.628346 -0.249808 0.15555
v 0.6132 -0.234603 0.157675
v 0.6132 -0.249808 0.158721
v 0.598053 -0.234603 0.1598
v 0.567761 -0.189222 0.161272
v 0.522321 -0.113548 0.163331
v 0.476993 -0.0378742 0.165358
v 0.492084 -0.068167 0.164705
v 0.461846 -0.0227858 0.166012
v 0.712149 -0.271164 0.121547
v 0.704686 -0.265593 0.125176
v 0.690535 -0.264896 0.133415
v 0.681359 -0.257236 0.136292
v 0.682962 -0.264896 0.137012
v 0.67373 -0.264896 0.141066
v 0.658584 -0.249808 0.144826
v 0.657147 -0.266289 0.148193
v 0.649021 -0.262227 0.150744
v 0.4467 0.00750697 0.166339
v 0.431553 0.0377998 0.166372
v 0.200709 0.325407 0.167222
v 0.598053 -0.174134 -0.155185
v 0.614526 -0.203266 -0.153975
v 0.625195 -0.219515 -0.152831
v 0.611044 -0.189222 -0.15319
v 0.632769 -0.219515 -0.150346
v 0.620441 -0.197463 -0.151294
v 0.642663 -0.234487 -0.149103
v 0.6153 -0.174134 -0.14943
v 0.628346 -0.189222 -0.147011
v 0.598053 -0.113548 -0.145703
v 0.598053 -0.0983438 -0.142957
v 0.628346 -0.158929 -0.141616
v 0.644875 -0.187946 -0.140014
v 0.653001 -0.192124 -0.137268
v 0.659579 -0.219167 -0.139524
v 0.66964 -0.234603 -0.137987
v 0.679645 -0.246674 -0.135371
v 0.677213 -0.234603 -0.134031
v 0.687495 -0.250969 -0.131546
v 0.699214 -0.249808 -0.123438
v 0.697279 -0.240407 -0.121868
v 0.709827 -0.264896 -0.119024
v 0.715797 -0.264896 -0.111471
v 0.725471 -0.276619 -0.103821
v 0.727019 -0.256656 -0.0912657
v 0.728125 -0.264896 -0.0933255
v 0.729617 -0.281029 -0.0986221
v 0.736859 -0.280101 -0.0832554
v 0.739678 -0.293796 -0.0829611
v 0.386114 0.143767 -0.166236
v 0.416407 0.0983854 -0.165745
v 0.340675 0.219441 -0.165909
v 0.355821 0.204352 -0.165713
v 0.370968 0.174059 -0.166007
v 0.4467 0.0528882 -0.164862
v 0.461846 0.0225953 -0.164666
v 0.461846 0.00750697 -0.165386
v 0.200709 0.357789 -0.166039
v 0.325584 0.234645 -0.165909
v 0.522321 -0.0983438 -0.162835
v 0.507175 -0.068167 -0.163358
v 0.492084 -0.0378742 -0.163816
v 0.476993 -0.00769747 -0.164274
v 0.567761 -0.158929 -0.160154
v 0.567761 -0.143841 -0.159206
v 0.552614 -0.113548 -0.159631
v 0.537468 -0.0832554 -0.159991
v 0.537468 -0.068167 -0.158716
v 0.552614 -0.0832554 -0.156754
v 0.567761 -0.113548 -0.156264
v 0.582907 -0.143841 -0.15574
v 0.763171 -0.295189 -0.022704
v 0.76096 -0.325482 -0.0378418
v 0.760463 -0.278592 -0.0241753
v 0.758749 -0.264896 -0.0196633
v 0.761237 -0.264896 -0.00756614
v 0.741889 -0.287761 -0.0756374
v 0.745482 -0.293796 -0.0695888
v 0.752282 -0.295189 -0.0529797
v 0.759468 -0.310045 -0.0390516
v 0.759026 -0.295189 -0.0355532
v 0.75886 -0.265244 0.0219903
v 0.757754 -0.255611 -0.00756614
v 0.757809 -0.255495 0.00753901
v 0.757312 -0.256656 0.0164648
v 0.757588 -0.270583 0.0316026
v 0.758528 -0.280101 0.0341202
v 0.759247 -0.296234 0.0385994
v 0.757146 -0.301921 0.0456615
v 0.757422 -0.310393 0.0463808
v 0.754382 -0.310393 0.0539661
v 0.748633 -0.310393 0.0681231
v 0.743713 -0.310393 0.0797626
v 0.740286 -0.310393 0.0873151
v 0.733708 -0.295189 0.0983988
v 0.742166 -0.286136 0.0763296
v 0.730502 -0.279056 0.0997066
v 0.726577 -0.273253 0.105624
v 0.636749 -0.240058 0.151692
v 0.620276 -0.197927 0.151234
v 0.610768 -0.189222 0.153098
v 0.598053 -0.174134 0.155027
v 0.6132 -0.219515 0.156171
v 0.598053 -0.204311 0.158264
v 0.598053 -0.219515 0.159277
v 0.582907 -0.204311 0.160389
v 0.507175 -0.0832554 0.163953
v 0.461846 -0.00769747 0.16598
v 0.710104 -0.261066 0.11952
v 0.697998 -0.238666 0.122495
v 0.700319 -0.249808 0.12413
v 0.687439 -0.251201 0.132042
v 0.676494 -0.234603 0.134004
v 0.666931 -0.225318 0.136619
v 0.668921 -0.234603 0.137502
v 0.643493 -0.204311 0.142962
v 0.643493 -0.219515 0.145709
v 0.646367 -0.249808 0.14973
v 0.632382 -0.219515 0.150155
v 0.634648 -0.229961 0.150973
v 0.4467 0.0225953 0.166209
v 0.431553 0.0528882 0.166241
v 0.386114 0.128678 0.166372
v 0.200709 0.340612 0.167189
v 0.568811 -0.0979956 -0.15391
v 0.58357 -0.128985 -0.15355
v 0.618617 -0.189222 -0.15064
v 0.593465 -0.143841 -0.152438
v 0.605903 -0.165777 -0.15149
v 0.603637 -0.15568 -0.150705
v 0.586721 -0.113548 -0.150052
v 0.597058 -0.128985 -0.148744
v 0.567429 -0.0670064 -0.149496
v 0.582907 -0.0832554 -0.146324
v 0.582907 -0.068167 -0.143611
v 0.584178 -0.0521501 -0.139916
v 0.598993 -0.0829072 -0.139491
v 0.613808 -0.113896 -0.139099
v 0.63802 -0.158929 -0.137333
v 0.6509 -0.182026 -0.136189
v 0.667484 -0.224042 -0.136908
v 0.68954 -0.235068 -0.125824
v 0.665273 -0.213944 -0.135796
v 0.663172 -0.204311 -0.134619
v 0.658307 -0.187946 -0.133246
v 0.673012 -0.219167 -0.132494
v 0.685118 -0.219515 -0.124353
v 0.695013 -0.230309 -0.119449
v 0.707561 -0.248647 -0.113498
v 0.682796 -0.208721 -0.122457
v 0.680474 -0.198623 -0.120168
v 0.713476 -0.253058 -0.108431
v 0.723371 -0.264896 -0.100911
v 0.71132 -0.24296 -0.105553
v 0.709551 -0.234603 -0.103003
v 0.714747 -0.234603 -0.095418
v 0.712591 -0.224854 -0.0923446
v 0.724919 -0.246558 -0.0871134
v 0.728843 -0.250852 -0.0825361
v 0.741613 -0.258513 -0.0598784
v 0.7331 -0.264896 -0.0832554
v 0.74106 -0.280101 -0.0737084
v 0.739623 -0.264084 -0.0680848
v 0.40126 0.128678 -0.16568
v 0.431553 0.083181 -0.164862
v 0.340675 0.234645 -0.164012
v 0.370968 0.189148 -0.164993
v 0.386114 0.158855 -0.165451
v 0.355821 0.219441 -0.163816
v 0.4467 0.0680926 -0.163555
v 0.461846 0.0377998 -0.163522
v 0.476993 0.00750697 -0.163326
v 0.492084 -0.0227858 -0.163064
v 0.200709 0.360111 -0.16568
v 0.234705 0.340612 -0.163914
v 0.249852 0.325407 -0.164012
v 0.234705 0.325407 -0.165909
v 0.264998 0.295231 -0.165909
v 0.310437 0.264938 -0.164012
v 0.507175 -0.0530787 -0.162672
v 0.552614 -0.128637 -0.160579
v 0.537468 -0.0983438 -0.160972
v 0.522321 -0.068167 -0.161364
v 0.507175 -0.0378742 -0.161691
v 0.522321 -0.0530787 -0.160285
v 0.507175 -0.0227858 -0.160481
v 0.522321 -0.0378742 -0.158847
v 0.537468 -0.0530787 -0.15695
v 0.553996 -0.0670064 -0.154138
v 0.758031 -0.282654 -0.0327414
v 0.75698 -0.272673 -0.0302239
v 0.756206 -0.264896 -0.0272159
v 0.757312 -0.256772 -0.0161977
v 0.749407 -0.280101 -0.0529797
v 0.756151 -0.260486 0.0265676
v 0.754603 -0.247951 -0.00756614
v 0.754714 -0.247951 0.00753901
v 0.749186 -0.234603 0.00753901
v 0.742939 -0.224738 0.0199305
v 0.745814 -0.233211 0.0240827
v 0.753774 -0.250852 0.0219903
v 0.753885 -0.265244 0.0371281
v 0.747306 -0.264896 0.0529852
v 0.74305 -0.264896 0.0632842
v 0.741281 -0.276038 0.0742698
v 0.750955 -0.280101 0.0529852
v 0.755543 -0.280101 0.0417054
v 0.756538 -0.291823 0.0441903
v 0.753995 -0.296234 0.0516121
v 0.746975 -0.295189 0.0681231
v 0.742829 -0.295189 0.0778009
v 0.739512 -0.295189 0.0853861
v 0.744432 -0.280681 0.068777
v 0.738628 -0.280681 0.0821166
v 0.734316 -0.264896 0.0832609
v 0.728843 -0.264896 0.0951947
v 0.727351 -0.255727 0.0919578
v 0.724808 -0.264896 0.10278
v 0.711983 -0.241335 0.106507
v 0.713863 -0.249808 0.108959
v 0.707893 -0.249808 0.116512
v 0.618341 -0.189222 0.150548
v 0.605792 -0.166009 0.151463
v 0.59833 -0.160206 0.153098
v 0.582907 -0.143841 0.155648
v 0.582907 -0.158929 0.157348
v 0.567761 -0.128637 0.157871
v 0.582907 -0.174134 0.158787
v 0.582907 -0.189222 0.1598
v 0.552614 -0.143841 0.161435
v 0.522321 -0.0983438 0.163037
v 0.476993 -0.0227858 0.165097
v 0.461846 0.00750697 0.16562
v 0.695731 -0.228568 0.120337
v 0.681303 -0.196882 0.121089
v 0.683459 -0.20698 0.12292
v 0.686168 -0.219515 0.124751
v 0.689982 -0.234023 0.126222
v 0.67268 -0.219979 0.132729
v 0.662343 -0.204311 0.134462
v 0.66472 -0.215221 0.135606
v 0.652448 -0.193517 0.136914
v 0.629783 -0.157653 0.139987
v 0.628346 -0.174134 0.14378
v 0.628346 -0.189222 0.146559
v 0.4467 0.0377998 0.165751
v 0.40126 0.113474 0.166241
v 0.355821 0.189148 0.166372
v 0.200709 0.352683 0.16683
v 0.579148 -0.113548 -0.152765
v 0.564831 -0.0832554 -0.153059
v 0.591365 -0.134324 -0.151719
v 0.576771 -0.102754 -0.151915
v 0.572404 -0.0832554 -0.150346
v 0.559911 -0.0612032 -0.151294
v 0.567761 -0.0530787 -0.146946
v 0.567761 -0.0378742 -0.144166
v 0.567761 -0.0227858 -0.141191
v 0.580475 -0.0378742 -0.138674
v 0.606898 -0.0877819 -0.136941
v 0.636251 -0.150573 -0.13645
v 0.631221 -0.128637 -0.133606
v 0.645593 -0.158929 -0.133115
v 0.604632 -0.0776843 -0.135764
v 0.656538 -0.158929 -0.125563
v 0.670856 -0.189222 -0.124974
v 0.668202 -0.177152 -0.122915
v 0.692691 -0.219515 -0.116506
v 0.698716 -0.219515 -0.108921
v 0.665936 -0.167054 -0.120822
v 0.664112 -0.158929 -0.118664
v 0.68451 -0.189222 -0.110065
v 0.696892 -0.211042 -0.106534
v 0.710325 -0.214756 -0.0881597
v 0.680087 -0.169259 -0.104082
v 0.665494 -0.13769 -0.104932
v 0.6509 -0.106352 -0.105717
v 0.697942 -0.193517 -0.0931947
v 0.680972 -0.152198 -0.0900887
v 0.727351 -0.240871 -0.0770106
v 0.734758 -0.249808 -0.0681175
v 0.752282 -0.264896 -0.0378418
v 0.745427 -0.264084 -0.0540913
v 0.742884 -0.26861 -0.0630171
v 0.743769 -0.252593 -0.0497756
v 0.416407 0.113474 -0.164732
v 0.355821 0.234645 -0.160677
v 0.370968 0.204352 -0.162999
v 0.386114 0.174059 -0.163816
v 0.40126 0.143767 -0.164437
v 0.370968 0.219441 -0.16022
v 0.461846 0.0528882 -0.161985
v 0.492084 0.00750697 -0.160514
v 0.476993 0.0225953 -0.162051
v 0.431553 0.0983854 -0.163391
v 0.492084 -0.00769747 -0.16192
v 0.219559 0.3557 -0.163457
v 0.200709 0.371137 -0.163457
v 0.249852 0.340612 -0.160547
v 0.264998 0.325407 -0.160677
v 0.234705 0.3557 -0.16022
v 0.280144 0.295231 -0.164012
v 0.325584 0.264938 -0.160677
v 0.507175 -0.00769747 -0.158912
v 0.522321 -0.0227858 -0.156983
v 0.562177 -0.0713008 -0.152111
v 0.53885 -0.0367136 -0.154171
v 0.550292 -0.0530787 -0.153158
v 0.746588 -0.248415 -0.0391496
v 0.753387 -0.250969 -0.0218212
v 0.745538 -0.233443 -0.0236195
v 0.742884 -0.224854 -0.0191729
v 0.743879 -0.222649 -0.00756614
v 0.74902 -0.234603 -0.00756614
v 0.748412 -0.249808 0.0378474
v 0.743934 -0.222649 0.00753901
v 0.741834 -0.227175 0.0300333
v 0.696616 -0.120744 0.0158763
v 0.724863 -0.185856 0.0227096
v 0.741889 -0.257352 0.0605705
v 0.739788 -0.264896 0.0708368
v 0.729396 -0.250272 0.0829667
v 0.725305 -0.24563 0.0878056
v 0.712978 -0.224042 0.0930368
v 0.721657 -0.250272 0.0975814
v 0.714858 -0.235648 0.0982026
v 0.709717 -0.231238 0.10314
v 0.665991 -0.136645 0.105657
v 0.668258 -0.146743 0.108861
v 0.685228 -0.189222 0.111379
v 0.67959 -0.189222 0.118931
v 0.615079 -0.174134 0.14924
v 0.603581 -0.155912 0.150646
v 0.591254 -0.13444 0.151692
v 0.58357 -0.129101 0.15349
v 0.567761 -0.113548 0.156236
v 0.552614 -0.0983438 0.158362
v 0.552614 -0.113548 0.159702
v 0.567761 -0.158929 0.160258
v 0.522321 -0.0832554 0.162416
v 0.492084 -0.0378742 0.164051
v 0.507175 -0.068167 0.16356
v 0.461846 0.0225953 0.164835
v 0.476993 -0.00769747 0.164508
v 0.664333 -0.155331 0.118931
v 0.63498 -0.0926566 0.120141
v 0.666654 -0.165429 0.121547
v 0.668589 -0.174134 0.123051
v 0.672017 -0.189222 0.125241
v 0.658584 -0.174134 0.129296
v 0.643493 -0.143841 0.130277
v 0.65792 -0.188758 0.133285
v 0.648191 -0.174134 0.134919
v 0.650237 -0.183419 0.1359
v 0.635754 -0.151733 0.136194
v 0.621215 -0.120048 0.136489
v 0.6132 -0.128637 0.141654
v 0.6132 -0.143841 0.144532
v 0.600873 -0.143841 0.149599
v 0.431553 0.0680926 0.165751
v 0.416407 0.0983854 0.165685
v 0.370968 0.174059 0.166045
v 0.355821 0.204352 0.165882
v 0.200709 0.356861 0.166568
v 0.557866 -0.0530787 -0.15064
v 0.552614 -0.0227858 -0.147109
v 0.552614 -0.00769747 -0.144265
v 0.56765 -0.00909025 -0.138281
v 0.575389 -0.0151256 -0.136287
v 0.577047 -0.0227858 -0.137137
v 0.590038 -0.046463 -0.136025
v 0.60242 -0.068167 -0.134456
v 0.612481 -0.0829072 -0.132298
v 0.638683 -0.113548 -0.123568
v 0.653166 -0.143841 -0.12298
v 0.624256 -0.0832554 -0.124092
v 0.651287 -0.1356 -0.121378
v 0.649021 -0.125503 -0.11873
v 0.66776 -0.147787 -0.108038
v 0.682354 -0.179357 -0.107319
v 0.712702 -0.209534 -0.0780569
v 0.700596 -0.188758 -0.0837458
v 0.668036 -0.128637 -0.0939467
v 0.653111 -0.11645 -0.10866
v 0.636196 -0.0750148 -0.106371
v 0.686279 -0.157885 -0.0843343
v 0.666268 -0.120976 -0.0909714
v 0.651674 -0.0743185 -0.0769452
v 0.725084 -0.230773 -0.0720083
v 0.727351 -0.225666 -0.0619055
v 0.735034 -0.234603 -0.0529797
v 0.741779 -0.242496 -0.0451002
v 0.340675 0.264938 -0.156721
v 0.355821 0.249733 -0.156721
v 0.370968 0.234645 -0.156689
v 0.386114 0.204352 -0.158683
v 0.386114 0.189148 -0.161462
v 0.40126 0.158855 -0.16241
v 0.416407 0.128678 -0.162999
v 0.386114 0.219441 -0.155708
v 0.476993 0.0377998 -0.160383
v 0.4467 0.083181 -0.161756
v 0.200709 0.374619 -0.162639
v 0.264998 0.340612 -0.156591
v 0.249852 0.3557 -0.156296
v 0.280144 0.325407 -0.156689
v 0.295291 0.310319 -0.156721
v 0.295291 0.295231 -0.160677
v 0.200709 0.389823 -0.158683
v 0.200709 0.401662 -0.155315
v 0.220885 0.387386 -0.154498
v 0.234705 0.370905 -0.155839
v 0.310437 0.295231 -0.156721
v 0.492084 0.0225953 -0.158716
v 0.507175 0.00750697 -0.156885
v 0.523703 -0.00642076 -0.154171
v 0.535201 -0.0227858 -0.153158
v 0.743824 -0.237737 -0.0349974
v 0.741613 -0.22764 -0.029243
v 0.732934 -0.204311 -0.022704
v 0.724753 -0.186088 -0.022704
v 0.711375 -0.151966 -0.0128628
v 0.735698 -0.204311 -0.00756614
v 0.711873 -0.150689 -0.00275996
v 0.743658 -0.238201 0.0378474
v 0.742055 -0.241799 0.0457923
v 0.743271 -0.251317 0.0516774
v 0.735643 -0.204311 0.00753901
v 0.711873 -0.150689 0.00240587
v 0.72724 -0.195606 0.0317007
v 0.725416 -0.199784 0.0418035
v 0.708666 -0.144886 0.00750631
v 0.701259 -0.128637 0.00753901
v 0.682685 -0.087898 0.00753901
v 0.681912 -0.0895229 0.0183284
v 0.680972 -0.091496 0.0284312
v 0.695676 -0.122833 0.0259791
v 0.739899 -0.247254 0.0558951
v 0.736914 -0.251317 0.0666191
v 0.727627 -0.240175 0.0777028
v 0.722873 -0.234952 0.0829667
v 0.710657 -0.213944 0.0888518
v 0.696008 -0.182607 0.0898654
v 0.681359 -0.151385 0.0908462
v 0.664167 -0.128637 0.102584
v 0.649021 -0.0952101 0.102551
v 0.651342 -0.105308 0.106376
v 0.647307 -0.113548 0.116479
v 0.638739 -0.0832554 0.109809
v 0.589043 -0.124342 0.150874
v 0.578982 -0.113548 0.152705
v 0.568534 -0.0983438 0.153882
v 0.552614 -0.0832554 0.156596
v 0.537468 -0.068167 0.158656
v 0.537468 -0.0832554 0.160062
v 0.522321 -0.068167 0.161533
v 0.537468 -0.0983438 0.161141
v 0.507175 -0.0530787 0.162841
v 0.492084 -0.0227858 0.163233
v 0.476993 0.00750697 0.163495
v 0.461846 0.0377998 0.163527
v 0.4467 0.0528882 0.164835
v 0.637357 -0.102754 0.122364
v 0.652006 -0.134092 0.121972
v 0.632824 -0.0832554 0.117362
v 0.621934 -0.0430971 0.107553
v 0.624256 -0.0530787 0.110463
v 0.62011 -0.0617835 0.120501
v 0.622653 -0.0718811 0.122691
v 0.654161 -0.143841 0.123607
v 0.639734 -0.113548 0.124097
v 0.627075 -0.114361 0.132075
v 0.616351 -0.0983438 0.134069
v 0.630668 -0.128637 0.133644
v 0.625251 -0.0832554 0.124555
v 0.61226 -0.0833715 0.132565
v 0.643161 -0.157653 0.133808
v 0.618949 -0.10995 0.135377
v 0.606622 -0.0885944 0.13675
v 0.598053 -0.113548 0.145186
v 0.597003 -0.129101 0.148488
v 0.431553 0.083181 0.16477
v 0.40126 0.128678 0.165587
v 0.386114 0.158855 0.165391
v 0.370968 0.189148 0.165097
v 0.370968 0.204352 0.163233
v 0.355821 0.219441 0.163985
v 0.200709 0.359879 0.166274
v 0.552448 -0.0367136 -0.149692
v 0.542774 -0.0227858 -0.15064
v 0.537302 -0.00642076 -0.149659
v 0.537468 0.00750697 -0.146913
v 0.553886 0.00855155 -0.14008
v 0.562509 0.00425716 -0.137431
v 0.559745 0.0143548 -0.136025
v 0.572625 -0.00502799 -0.134619
v 0.584621 -0.0227858 -0.1322
v 0.609662 -0.0530787 -0.124484
v 0.597611 -0.0521501 -0.132756
v 0.588048 -0.0378742 -0.134816
v 0.621934 -0.0730417 -0.122228
v 0.636638 -0.104379 -0.121803
v 0.619612 -0.0630602 -0.119841
v 0.655101 -0.129797 -0.113629
v 0.714968 -0.204427 -0.0680521
v 0.697998 -0.178196 -0.0790377
v 0.679424 -0.127476 -0.0692619
v 0.621492 -0.0439096 -0.106959
v 0.636804 -0.0587658 -0.0924427
v 0.651508 -0.089755 -0.0916907
v 0.653498 -0.0983438 -0.0950583
v 0.683349 -0.146975 -0.0799859
v 0.649186 -0.0796574 -0.087048
v 0.639015 -0.0535429 -0.082863
v 0.649352 -0.0643369 -0.0719756
v 0.651674 -0.0593461 -0.0619055
v 0.664056 -0.0954422 -0.0709947
v 0.666323 -0.10554 -0.0760298
v 0.725084 -0.215569 -0.0568377
v 0.727351 -0.210578 -0.0467349
v 0.354937 0.264009 -0.152896
v 0.385174 0.233136 -0.1527
v 0.370028 0.248805 -0.152896
v 0.379536 0.243118 -0.151719
v 0.40126 0.189148 -0.15695
v 0.40126 0.174059 -0.159795
v 0.416407 0.143767 -0.160645
v 0.431553 0.113474 -0.161299
v 0.461846 0.0680926 -0.160056
v 0.393798 0.227217 -0.151425
v 0.396285 0.219441 -0.152308
v 0.401758 0.204236 -0.153713
v 0.24858 0.36986 -0.152536
v 0.258199 0.364057 -0.151621
v 0.263948 0.354772 -0.152733
v 0.273511 0.349085 -0.151719
v 0.279205 0.339683 -0.152863
v 0.200709 0.411759 -0.152406
v 0.2268 0.393305 -0.151327
v 0.242665 0.378797 -0.15149
v 0.309497 0.309391 -0.152896
v 0.476993 0.0528882 -0.158291
v 0.519834 0.00750697 -0.153092
v 0.492084 0.0377998 -0.156394
v 0.529618 -0.000617547 -0.151294
v 0.532161 -0.0107152 -0.152144
v 0.734758 -0.219515 -0.0378418
v 0.727019 -0.196186 -0.0310086
v 0.712425 -0.164733 -0.032251
v 0.713752 -0.161831 -0.022704
v 0.696671 -0.120628 -0.0159361
v 0.693741 -0.111923 -0.00756614
v 0.70137 -0.128637 -0.00756614
v 0.714581 -0.157769 -0.00769692
v 0.726079 -0.183071 -0.00756614
v 0.682685 -0.0877819 -0.00756614
v 0.668202 -0.0562124 -0.00756614
v 0.66472 -0.0486682 -0.00756614
v 0.727627 -0.209882 0.0474598
v 0.737025 -0.23588 0.0516774
v 0.729672 -0.219747 0.052691
v 0.664664 -0.0487843 0.00753901
v 0.668147 -0.0563285 0.00753901
v 0.712647 -0.164268 0.0330412
v 0.710712 -0.168447 0.043144
v 0.667152 -0.0585337 0.0200939
v 0.679369 -0.095094 0.0378474
v 0.697942 -0.132931 0.0342182
v 0.656981 -0.0378742 0.0227096
v 0.666157 -0.0606228 0.0301967
v 0.729672 -0.234952 0.0678288
v 0.725416 -0.230077 0.0726677
v 0.713034 -0.208837 0.0787817
v 0.715466 -0.219167 0.0835879
v 0.694294 -0.173089 0.0842091
v 0.666654 -0.120048 0.0916636
v 0.668589 -0.128637 0.0950312
v 0.654106 -0.0834875 0.0829667
v 0.649629 -0.0787289 0.0878383
v 0.646422 -0.0834875 0.0978757
v 0.634316 -0.0641048 0.103238
v 0.636638 -0.0740863 0.10703
v 0.586555 -0.113548 0.149861
v 0.576605 -0.103451 0.151888
v 0.563946 -0.0832554 0.152869
v 0.553388 -0.0682831 0.153948
v 0.537468 -0.0530787 0.156629
v 0.522321 -0.0378742 0.158656
v 0.507175 -0.0227858 0.160389
v 0.522321 -0.0530787 0.160323
v 0.507175 -0.0378742 0.161827
v 0.492084 -0.00769747 0.161958
v 0.4467 0.0680926 0.163397
v 0.476993 0.0225953 0.161925
v 0.617954 -0.0530787 0.118049
v 0.637191 -0.0580694 0.0931676
v 0.619446 -0.0329995 0.103499
v 0.606898 -0.0126882 0.107652
v 0.609386 -0.0227858 0.110594
v 0.602807 -0.0227858 0.118147
v 0.605019 -0.0314907 0.120533
v 0.607561 -0.0415883 0.122724
v 0.610381 -0.0530787 0.124686
v 0.604134 -0.0784968 0.135606
v 0.614305 -0.0673546 0.126582
v 0.597169 -0.0531947 0.132663
v 0.601536 -0.068167 0.134331
v 0.598053 -0.0983438 0.142243
v 0.576439 -0.0281248 0.13675
v 0.598661 -0.0833715 0.138973
v 0.416407 0.113474 0.164574
v 0.40126 0.143767 0.164279
v 0.386114 0.174059 0.163854
v 0.386114 0.204352 0.158656
v 0.370968 0.219441 0.160356
v 0.40126 0.158855 0.162252
v 0.386114 0.189148 0.1615
v 0.355821 0.234645 0.160683
v 0.340675 0.234645 0.164018
v 0.205407 0.356861 0.166045
v 0.219559 0.3557 0.163953
v 0.200709 0.366958 0.164868
v 0.527407 0.00750697 -0.150542
v 0.537468 0.0225953 -0.14348
v 0.522045 0.0231757 -0.1493
v 0.511266 0.0377998 -0.15015
v 0.494848 0.0680926 -0.149627
v 0.522321 0.0377998 -0.145899
v 0.522321 0.0528882 -0.142237
v 0.508446 0.0843416 -0.140145
v 0.546533 0.032809 -0.137006
v 0.557147 0.0225953 -0.134521
v 0.56765 0.00855155 -0.132919
v 0.514361 0.0900288 -0.136058
v 0.543548 0.0429066 -0.135502
v 0.579424 0.00750697 -0.12468
v 0.582409 -0.00862599 -0.128538
v 0.594571 -0.0227858 -0.124647
v 0.607119 -0.0425168 -0.122457
v 0.604521 -0.0324192 -0.120005
v 0.617235 -0.0530787 -0.117095
v 0.683349 -0.13177 -0.0649461
v 0.712702 -0.194329 -0.0629517
v 0.619004 -0.033928 -0.102774
v 0.608722 -0.0227858 -0.109771
v 0.606456 -0.0135007 -0.10709
v 0.61624 -0.023134 -0.0980009
v 0.621713 -0.028473 -0.0927043
v 0.634316 -0.0486682 -0.0876692
v 0.636859 -0.0436774 -0.0775664
v 0.646533 -0.0537751 -0.0673982
v 0.664056 -0.0803538 -0.0555953
v 0.666323 -0.0904514 -0.0609246
v 0.636804 -0.0133846 -0.0472907
v 0.649352 -0.0492485 -0.0565762
v 0.728788 -0.205123 -0.0367629
v 0.681027 -0.121673 -0.0598784
v 0.686223 -0.127476 -0.0540913
v 0.712647 -0.179357 -0.0477812
v 0.710325 -0.169259 -0.0423538
v 0.725029 -0.20048 -0.0411114
v 0.364389 0.258322 -0.151719
v 0.303804 0.318908 -0.151719
v 0.389597 0.237315 -0.150052
v 0.374505 0.253215 -0.150052
v 0.385174 0.248805 -0.147959
v 0.417623 0.174988 -0.154465
v 0.416407 0.158855 -0.158029
v 0.431553 0.128678 -0.158847
v 0.4467 0.0983854 -0.159533
v 0.403859 0.219441 -0.149496
v 0.40712 0.209111 -0.150771
v 0.399823 0.233136 -0.147436
v 0.410216 0.199013 -0.151915
v 0.413256 0.189148 -0.152994
v 0.252781 0.374154 -0.150019
v 0.268315 0.359182 -0.150052
v 0.283627 0.344094 -0.150052
v 0.200709 0.418839 -0.149921
v 0.234705 0.401197 -0.146292
v 0.234705 0.389823 -0.15028
v 0.461846 0.083181 -0.15767
v 0.50817 0.0231757 -0.153975
v 0.503692 0.0377998 -0.152765
v 0.516793 0.0185331 -0.152046
v 0.476993 0.0680926 -0.155708
v 0.6954 -0.123414 -0.0260389
v 0.666212 -0.0755952 -0.0454925
v 0.651232 -0.0299818 -0.0307143
v 0.684454 -0.0977635 -0.0226713
v 0.678097 -0.0839518 -0.0226713
v 0.667207 -0.0584176 -0.0192383
v 0.659579 -0.0378742 -0.00756614
v 0.637688 0.00367684 -0.022704
v 0.725416 -0.214989 0.0575299
v 0.713034 -0.178544 0.048506
v 0.659468 -0.0378742 0.00753901
v 0.648689 -0.0202324 0.0227096
v 0.70839 -0.159045 0.0380109
v 0.681359 -0.105888 0.0454654
v 0.673896 -0.0832554 0.0378474
v 0.666654 -0.0746666 0.0464135
v 0.651287 -0.0298658 0.0310141
v 0.638683 -0.00758141 0.0371935
v 0.646588 -0.0239465 0.0367685
v 0.649573 -0.0335798 0.0411169
v 0.675886 -0.114941 0.0666518
v 0.664388 -0.0947458 0.0717196
v 0.65195 -0.0888265 0.092481
v 0.649684 -0.0484361 0.0574318
v 0.649684 -0.0636405 0.0727004
v 0.647141 -0.0685152 0.0829667
v 0.639678 -0.0530787 0.0832936
v 0.582133 -0.0983438 0.148651
v 0.571519 -0.0832554 0.149894
v 0.561459 -0.0731578 0.151888
v 0.531166 -0.0126882 0.151888
v 0.5488 -0.0530787 0.152869
v 0.533653 -0.0227858 0.152803
v 0.538186 -0.0379903 0.153882
v 0.522321 -0.0227858 0.156498
v 0.507175 -0.00769747 0.158492
v 0.492084 0.00750697 0.160291
v 0.461846 0.0528882 0.161762
v 0.431553 0.0983854 0.163168
v 0.634648 -0.0479718 0.0883614
v 0.624532 -0.0379903 0.0984315
v 0.609441 -0.00758141 0.0984315
v 0.6043 -0.00259064 0.103467
v 0.591752 0.0172564 0.107652
v 0.594239 0.00750697 0.110561
v 0.587661 0.00750697 0.118147
v 0.589872 -0.00119786 0.120501
v 0.592415 -0.0112955 0.122724
v 0.580088 0.00750697 0.124653
v 0.584068 -0.00676896 0.126582
v 0.582023 -0.0229019 0.132663
v 0.58639 -0.0378742 0.134331
v 0.558695 0.0122656 0.135606
v 0.546146 0.0324608 0.13675
v 0.582907 -0.068167 0.142308
v 0.567761 -0.0378742 0.142308
v 0.416407 0.128678 0.162808
v 0.40126 0.174059 0.159604
v 0.416407 0.158855 0.157708
v 0.40126 0.189148 0.156727
v 0.386114 0.219441 0.155713
v 0.385617 0.233368 0.152836
v 0.370968 0.234645 0.156825
v 0.431553 0.113474 0.161075
v 0.416407 0.143767 0.160421
v 0.431553 0.128678 0.158558
v 0.325584 0.280026 0.15689
v 0.310437 0.295231 0.15689
v 0.325584 0.264938 0.160683
v 0.310437 0.264938 0.164018
v 0.234705 0.340612 0.164018
v 0.280144 0.295231 0.164018
v 0.234705 0.3557 0.16065
v 0.219559 0.370905 0.160356
v 0.204412 0.370905 0.163397
v 0.200709 0.371137 0.164018
v 0.513919 0.0286307 -0.151098
v 0.507175 0.0680926 -0.144755
v 0.492084 0.0983854 -0.143513
v 0.497943 0.0575307 -0.150804
v 0.468867 0.105001 -0.151196
v 0.466324 0.113474 -0.150215
v 0.476993 0.128678 -0.142237
v 0.492692 0.11359 -0.13936
v 0.501094 0.108599 -0.137006
v 0.540508 0.0528882 -0.133606
v 0.552006 0.0377998 -0.131873
v 0.568424 0.0227114 -0.126576
v 0.576826 0.0177206 -0.122457
v 0.484953 0.137035 -0.136548
v 0.498109 0.118697 -0.135437
v 0.591973 -0.012224 -0.122457
v 0.589375 -0.00212638 -0.120005
v 0.602144 -0.0227858 -0.117356
v 0.603858 -0.00340309 -0.102774
v 0.591309 0.0167921 -0.10709
v 0.608778 -0.00816173 -0.0980009
v 0.606566 0.00181981 -0.0927043
v 0.623979 -0.023134 -0.082863
v 0.631552 -0.023134 -0.0677252
v 0.636859 -0.028473 -0.0624286
v 0.651508 -0.0444899 -0.046506
v 0.673399 -0.0983438 -0.0529797
v 0.631552 -0.00804567 -0.0525873
v 0.623979 0.00715877 -0.0525873
v 0.621713 0.0169082 -0.047258
v 0.634316 -0.00328703 -0.0417979
v 0.636472 0.00123949 -0.0316952
v 0.638518 -0.00804567 -0.0371879
v 0.359359 0.26842 -0.150052
v 0.298773 0.329005 -0.150052
v 0.40126 0.249733 -0.141845
v 0.370028 0.264009 -0.147959
v 0.386114 0.264938 -0.142139
v 0.426468 0.170694 -0.15234
v 0.431553 0.157926 -0.153256
v 0.431553 0.143767 -0.156067
v 0.4467 0.113474 -0.156918
v 0.416407 0.219441 -0.144428
v 0.415744 0.204236 -0.14858
v 0.420829 0.189148 -0.150215
v 0.423427 0.180791 -0.151196
v 0.408889 0.257394 -0.136287
v 0.416794 0.234529 -0.139753
v 0.263948 0.36986 -0.147796
v 0.24858 0.384716 -0.147697
v 0.279205 0.354772 -0.147894
v 0.294351 0.339683 -0.147926
v 0.200709 0.420696 -0.149201
v 0.200709 0.431374 -0.144951
v 0.204412 0.43149 -0.143709
v 0.23465 0.416518 -0.139753
v 0.250128 0.401546 -0.140308
v 0.492581 0.052656 -0.153583
v 0.487274 0.0680926 -0.152373
v 0.463007 0.0993139 -0.154335
v 0.649186 -0.0343923 -0.0408171
v 0.646146 -0.0240626 -0.0365994
v 0.648744 -0.0202324 -0.022704
v 0.652227 -0.0277766 -0.022704
v 0.634095 0.011221 -0.022704
v 0.64985 -0.017679 -0.00756614
v 0.649794 -0.0177951 0.00753901
v 0.637467 0.00309652 0.0227096
v 0.642663 -0.00769747 0.0227096
v 0.636362 0.000891292 0.0317334
v 0.668423 -0.0840679 0.0520698
v 0.651895 -0.0436774 0.047329
v 0.634648 -0.00259064 0.0418035
v 0.637136 -0.0126882 0.0479829
v 0.664388 -0.0796574 0.0565163
v 0.647086 -0.0383385 0.0526256
v 0.639678 -0.0378742 0.0681558
v 0.647141 -0.0533108 0.0678288
v 0.637191 -0.042865 0.0782586
v 0.522321 0.0377998 0.145316
v 0.515798 0.0172564 0.15179
v 0.507783 0.0224793 0.153555
v 0.513256 0.027354 0.150874
v 0.507175 0.00750697 0.156204
v 0.492084 0.0225953 0.158231
v 0.476993 0.0377998 0.160062
v 0.4467 0.083181 0.1615
v 0.624587 -0.00758141 0.0681558
v 0.606898 0.0025162 0.0933964
v 0.601812 0.00750697 0.0984315
v 0.594294 0.0224793 0.0982353
v 0.588822 0.027354 0.103172
v 0.575665 0.0459243 0.10654
v 0.578153 0.0377998 0.109613
v 0.558695 0.057995 0.119422
v 0.572183 0.0377998 0.117198
v 0.574615 0.0289789 0.12037
v 0.577269 0.0188813 0.122724
v 0.568866 0.0234078 0.126582
v 0.566876 0.00727484 0.132631
v 0.556097 0.0225953 0.134331
v 0.543548 0.0425584 0.135573
v 0.538131 0.0375677 0.138973
v 0.552614 -0.00769747 0.142308
v 0.4467 0.113474 0.156596
v 0.431553 0.143767 0.155713
v 0.41016 0.199013 0.151855
v 0.417512 0.174872 0.154209
v 0.396451 0.219441 0.152313
v 0.393964 0.227449 0.151496
v 0.390315 0.237547 0.150253
v 0.380199 0.243814 0.151921
v 0.37047 0.249269 0.15313
v 0.461846 0.0680926 0.159735
v 0.4467 0.0983854 0.159244
v 0.461846 0.083181 0.157315
v 0.295291 0.295231 0.160683
v 0.340177 0.279562 0.15313
v 0.264445 0.355236 0.15313
v 0.295291 0.310319 0.15689
v 0.249852 0.340612 0.160683
v 0.249852 0.3557 0.156858
v 0.234705 0.370905 0.156596
v 0.200709 0.385993 0.160127
v 0.227961 0.39435 0.151594
v 0.219559 0.397948 0.15264
v 0.211985 0.408742 0.151398
v 0.200709 0.402242 0.155779
v 0.476993 0.113474 -0.145997
v 0.461846 0.143767 -0.144788
v 0.458751 0.113474 -0.152994
v 0.455765 0.123571 -0.151948
v 0.439624 0.152123 -0.151588
v 0.452725 0.133669 -0.150804
v 0.449685 0.143767 -0.149627
v 0.487496 0.128678 -0.13766
v 0.4467 0.174059 -0.14348
v 0.547694 0.0648428 -0.123372
v 0.552669 0.0519596 -0.125367
v 0.522321 0.0843416 -0.133017
v 0.563338 0.0377998 -0.123765
v 0.582741 0.0222471 -0.1134
v 0.586998 0.00750697 -0.117324
v 0.560795 0.0463885 -0.121672
v 0.573897 0.0278182 -0.11971
v 0.476827 0.142722 -0.138608
v 0.458364 0.174059 -0.138281
v 0.455379 0.183461 -0.136941
v 0.468701 0.165355 -0.135862
v 0.495069 0.128678 -0.133246
v 0.588656 0.0268897 -0.102774
v 0.593631 0.0221311 -0.0980009
v 0.577987 0.0377998 -0.108986
v 0.575665 0.0458082 -0.106371
v 0.604024 0.0119174 -0.0876365
v 0.608833 0.0222471 -0.0677252
v 0.616406 0.00715877 -0.0677252
v 0.616351 0.0222471 -0.0525873
v 0.619115 0.0270058 -0.0418306
v 0.623703 0.0222471 -0.0371879
v 0.631442 0.00669451 -0.0371879
v 0.621436 0.0311841 -0.0317278
v 0.628402 0.0225953 -0.022704
v 0.324644 0.309391 -0.147959
v 0.399934 0.263429 -0.137562
v 0.355821 0.295231 -0.142139
v 0.384787 0.27875 -0.137627
v 0.447253 0.128562 -0.153844
v 0.4289 0.219441 -0.138772
v 0.446921 0.1888 -0.139295
v 0.431553 0.189148 -0.145932
v 0.431553 0.174988 -0.149365
v 0.445484 0.157926 -0.147926
v 0.425583 0.229538 -0.137235
v 0.393964 0.272714 -0.136385
v 0.40408 0.267491 -0.132658
v 0.425196 0.258786 -0.122261
v 0.428292 0.249733 -0.124844
v 0.418839 0.249733 -0.132429
v 0.436473 0.219441 -0.134358
v 0.439016 0.211664 -0.136189
v 0.280863 0.371601 -0.140701
v 0.296175 0.356745 -0.140799
v 0.311543 0.341773 -0.140864
v 0.363671 0.303007 -0.136385
v 0.265495 0.386573 -0.140537
v 0.369641 0.293838 -0.137627
v 0.200709 0.435669 -0.143022
v 0.200709 0.443909 -0.139099
v 0.229564 0.425803 -0.1373
v 0.245263 0.411527 -0.137725
v 0.260797 0.396671 -0.137922
v 0.276275 0.381931 -0.138052
v 0.634924 0.0130781 -0.00756614
v 0.638628 0.00553387 -0.00756614
v 0.64504 -0.00769747 -0.00756614
v 0.644875 -0.00769747 0.00753901
v 0.638518 0.00518568 0.00753901
v 0.633708 0.0106407 0.0227096
v 0.631663 0.00657845 0.0371935
v 0.627462 0.0225953 0.0227096
v 0.620994 0.0306038 0.030916
v 0.622044 0.0173724 0.0479502
v 0.624587 0.00750697 0.0529852
v 0.63216 -0.00758141 0.0529852
v 0.637191 -0.0277766 0.0631207
v 0.522321 0.0528882 0.142112
v 0.506125 0.0521918 0.148455
v 0.510381 0.0377998 0.149861
v 0.502808 0.0377998 0.152477
v 0.492084 0.0377998 0.155877
v 0.500376 0.0467367 0.151659
v 0.476993 0.0528882 0.157871
v 0.622044 0.0025162 0.0631207
v 0.606898 0.0176046 0.0782586
v 0.601868 0.0225953 0.0832936
v 0.591752 0.0323448 0.0931022
v 0.585616 0.0375677 0.0982353
v 0.572625 0.0560219 0.101145
v 0.559358 0.074244 0.104513
v 0.562509 0.0641464 0.109319
v 0.545428 0.0763332 0.121449
v 0.56168 0.0478974 0.122332
v 0.529065 0.104537 0.120108
v 0.56461 0.0377998 0.124391
v 0.55173 0.0375677 0.132402
v 0.540674 0.0528882 0.133906
v 0.530613 0.061709 0.136587
v 0.533101 0.0528882 0.137633
v 0.447142 0.12833 0.153588
v 0.478485 0.0696014 0.154536
v 0.474726 0.083181 0.153229
v 0.462786 0.0989657 0.154111
v 0.431443 0.157694 0.153
v 0.420663 0.189148 0.150286
v 0.40712 0.209111 0.150809
v 0.423317 0.180443 0.151169
v 0.403969 0.219441 0.14973
v 0.399934 0.233368 0.147965
v 0.40126 0.249733 0.142766
v 0.385617 0.249269 0.148357
v 0.365053 0.259019 0.151921
v 0.334815 0.289311 0.151921
v 0.259083 0.364985 0.151921
v 0.249133 0.370324 0.153032
v 0.243605 0.379726 0.15179
v 0.23371 0.385297 0.152738
v 0.238077 0.389823 0.150253
v 0.219559 0.405492 0.150449
v 0.219559 0.416286 0.146918
v 0.205905 0.417098 0.150155
v 0.200709 0.419768 0.15058
v 0.200709 0.417098 0.15143
v 0.200709 0.41292 0.152705
v 0.544599 0.0749404 -0.120659
v 0.534427 0.083181 -0.124811
v 0.517401 0.113474 -0.123372
v 0.531332 0.0930464 -0.122391
v 0.557755 0.0564861 -0.118566
v 0.570911 0.0377998 -0.116572
v 0.465937 0.174059 -0.133835
v 0.506898 0.127285 -0.124844
v 0.59142 0.0317644 -0.0927043
v 0.604024 0.0270058 -0.0724987
v 0.545815 0.0920019 -0.106959
v 0.529286 0.120089 -0.1049
v 0.561846 0.0781902 -0.0939467
v 0.577766 0.0492902 -0.0983932
v 0.514969 0.121366 -0.12128
v 0.498441 0.14957 -0.119841
v 0.468701 0.195763 -0.120364
v 0.606566 0.0317644 -0.0623959
v 0.608446 0.0372195 -0.0519334
v 0.606014 0.0459243 -0.0462118
v 0.607782 0.0487098 -0.0378418
v 0.591475 0.0772617 -0.0328395
v 0.544986 0.151311 -0.0301258
v 0.574947 0.105233 -0.0289161
v 0.604853 0.0592717 -0.0274775
v 0.617899 0.0408175 -0.022704
v 0.622597 0.0332733 -0.022704
v 0.623537 0.0352464 -0.00756614
v 0.630115 0.0225953 -0.00756614
v 0.378817 0.287919 -0.136385
v 0.388933 0.282812 -0.132658
v 0.399602 0.278401 -0.127623
v 0.410271 0.273875 -0.122555
v 0.428402 0.264241 -0.11291
v 0.439071 0.257278 -0.10588
v 0.436528 0.251242 -0.114741
v 0.438629 0.241493 -0.120593
v 0.441946 0.231395 -0.123667
v 0.420387 0.268884 -0.11752
v 0.425141 0.273759 -0.107417
v 0.446866 0.218976 -0.126282
v 0.458364 0.204352 -0.124647
v 0.476993 0.173247 -0.125628
v 0.348359 0.317979 -0.136287
v 0.373787 0.298016 -0.132658
v 0.289155 0.39493 -0.122261
v 0.200709 0.447275 -0.137202
v 0.204412 0.442632 -0.138347
v 0.212759 0.439615 -0.136581
v 0.222875 0.435785 -0.134162
v 0.23968 0.421625 -0.134848
v 0.255379 0.406769 -0.135143
v 0.270858 0.392028 -0.135339
v 0.317347 0.347576 -0.135927
v 0.634759 0.0127299 0.00753901
v 0.629783 0.0225953 0.00753901
v 0.623371 0.0351303 0.00753901
v 0.623426 0.0224793 0.0367031
v 0.6221 0.0325769 0.0227096
v 0.617788 0.0401211 0.0227096
v 0.604908 0.0593878 0.0277446
v 0.607782 0.0488259 0.0378474
v 0.615466 0.0365231 0.0367031
v 0.61917 0.02747 0.0410188
v 0.619502 0.0126138 0.058053
v 0.608722 0.0375677 0.0521025
v 0.606898 0.0323448 0.063088
v 0.604355 0.0277022 0.0731908
v 0.522377 0.0672801 0.138646
v 0.492084 0.0983854 0.143583
v 0.507175 0.0680926 0.14463
v 0.497501 0.0568343 0.150678
v 0.492305 0.0521918 0.153294
v 0.593963 0.0375677 0.0826397
v 0.588711 0.0424424 0.0872824
v 0.575444 0.0606645 0.0910424
v 0.5776 0.0517275 0.0970256
v 0.567429 0.0675123 0.0977776
v 0.546036 0.0923501 0.107455
v 0.562177 0.0788866 0.0944427
v 0.548413 0.0978051 0.0976468
v 0.54283 0.102448 0.102191
v 0.499712 0.166631 0.106082
v 0.548026 0.0680926 0.123312
v 0.515798 0.122643 0.122005
v 0.532161 0.0944392 0.122953
v 0.553222 0.0530042 0.126026
v 0.482852 0.178934 0.118866
v 0.49927 0.150847 0.12073
v 0.536362 0.0672801 0.131225
v 0.512039 0.0983854 0.134756
v 0.514527 0.090377 0.136129
v 0.476993 0.128678 0.142472
v 0.463228 0.160248 0.140314
v 0.431553 0.204352 0.142635
v 0.44178 0.143767 0.152313
v 0.471465 0.0943232 0.152117
v 0.484455 0.0756368 0.151398
v 0.415688 0.20412 0.148847
v 0.439403 0.151775 0.151496
v 0.449353 0.143767 0.149665
v 0.431443 0.174872 0.149469
v 0.416407 0.219441 0.145055
v 0.417402 0.235341 0.140314
v 0.412482 0.249733 0.138156
v 0.409552 0.258206 0.136685
v 0.400431 0.263893 0.138189
v 0.386114 0.264938 0.142962
v 0.355324 0.279562 0.148357
v 0.279592 0.355236 0.148357
v 0.264445 0.370324 0.148357
v 0.253721 0.375083 0.150253
v 0.249133 0.385297 0.148292
v 0.23371 0.400037 0.148193
v 0.2357 0.41733 0.140968
v 0.231278 0.427196 0.138221
v 0.219669 0.431955 0.140085
v 0.204412 0.43149 0.145186
v 0.200709 0.43149 0.146264
v 0.501702 0.139472 -0.122947
v 0.58838 0.041862 -0.0865903
v 0.515964 0.138079 -0.107548
v 0.499436 0.166167 -0.105586
v 0.531995 0.124268 -0.0947968
v 0.575113 0.0600842 -0.0903829
v 0.55864 0.0882878 -0.0878
v 0.485174 0.16756 -0.12177
v 0.455379 0.213637 -0.122163
v 0.452062 0.223735 -0.118533
v 0.465937 0.204352 -0.116931
v 0.472017 0.204352 -0.109346
v 0.600596 0.0372195 -0.0677252
v 0.603471 0.041862 -0.0562819
v 0.58943 0.0740119 -0.0429096
v 0.590867 0.0460404 -0.0764875
v 0.580585 0.068789 -0.068608
v 0.576992 0.0781902 -0.0638672
v 0.563062 0.0978051 -0.0669078
v 0.573786 0.0882878 -0.0571647
v 0.576108 0.0920019 -0.0470946
v 0.565384 0.114402 -0.0383977
v 0.51508 0.197272 -0.0310412
v 0.516351 0.199245 -0.022704
v 0.550679 0.145275 -0.0241426
v 0.606235 0.0614769 -0.0173747
v 0.546533 0.153632 -0.020023
v 0.576384 0.107554 -0.0188133
v 0.61928 0.0429066 -0.00756614
v 0.619225 0.0426745 0.00753901
v 0.39518 0.289079 -0.122555
v 0.436252 0.26575 -0.0998645
v 0.442056 0.26134 -0.0958103
v 0.452891 0.2401 -0.103461
v 0.442775 0.24718 -0.11049
v 0.447418 0.235806 -0.114512
v 0.410216 0.288963 -0.107417
v 0.359857 0.32947 -0.11752
v 0.379923 0.319256 -0.10745
v 0.428015 0.277009 -0.0983932
v 0.438242 0.271437 -0.0893367
v 0.420995 0.284669 -0.0983932
v 0.423704 0.287338 -0.0904483
v 0.471907 0.185666 -0.12334
v 0.280863 0.386573 -0.132952
v 0.304301 0.379958 -0.122326
v 0.364887 0.319372 -0.122555
v 0.265495 0.401546 -0.132462
v 0.273456 0.409554 -0.121868
v 0.276993 0.412804 -0.113531
v 0.284567 0.40584 -0.113531
v 0.299271 0.390055 -0.116441
v 0.364721 0.334344 -0.107417
v 0.200709 0.451569 -0.134358
v 0.218785 0.446114 -0.128473
v 0.231444 0.442516 -0.124092
v 0.235534 0.432071 -0.129486
v 0.200709 0.45331 -0.133017
v 0.249852 0.427196 -0.123928
v 0.60629 0.061593 0.0176745
v 0.609717 0.0537006 0.0227096
v 0.60137 0.0672801 0.0227096
v 0.593299 0.0800472 0.0227096
v 0.58053 0.0996621 0.0237231
v 0.575057 0.105465 0.0294447
v 0.591586 0.0773777 0.033172
v 0.603084 0.0563701 0.0378474
v 0.606069 0.0460404 0.0464789
v 0.603858 0.0424424 0.056549
v 0.601204 0.0375677 0.0681231
v 0.461846 0.143767 0.144957
v 0.476993 0.113474 0.146003
v 0.492084 0.083181 0.147016
v 0.492305 0.0696014 0.149861
v 0.482299 0.083181 0.150613
v 0.591199 0.0465046 0.0771796
v 0.574836 0.0748243 0.0746294
v 0.559026 0.0889842 0.0885576
v 0.516241 0.138428 0.108142
v 0.479812 0.189496 0.113733
v 0.469917 0.212709 0.106801
v 0.54576 0.106974 0.0920886
v 0.449906 0.204352 0.133317
v 0.452891 0.194487 0.135508
v 0.46953 0.19704 0.121253
v 0.486003 0.168837 0.122528
v 0.461514 0.202959 0.124915
v 0.469198 0.166051 0.136129
v 0.466324 0.207138 0.116904
v 0.453002 0.225128 0.11952
v 0.4467 0.174059 0.143845
v 0.442333 0.204352 0.137829
v 0.431387 0.218512 0.138777
v 0.445373 0.157694 0.148095
v 0.431553 0.189148 0.146264
v 0.476716 0.0989657 0.149272
v 0.439735 0.212825 0.136619
v 0.426247 0.230815 0.137502
v 0.423096 0.240913 0.135737
v 0.420055 0.249733 0.133415
v 0.42597 0.259483 0.122887
v 0.404964 0.268304 0.13335
v 0.394848 0.273643 0.136816
v 0.38534 0.279214 0.138254
v 0.355821 0.295231 0.142962
v 0.280144 0.370905 0.142537
v 0.340675 0.310319 0.142962
v 0.354992 0.309507 0.138254
v 0.349409 0.319024 0.136816
v 0.251012 0.402358 0.141131
v 0.246756 0.41292 0.13832
v 0.224755 0.437294 0.135115
v 0.214639 0.440659 0.137273
v 0.241339 0.423018 0.135737
v 0.200709 0.44507 0.139856
v 0.46953 0.212129 -0.106175
v 0.471575 0.215262 -0.0983932
v 0.515411 0.152355 -0.0920177
v 0.555046 0.0978051 -0.0829611
v 0.564333 0.083181 -0.0829611
v 0.561238 0.0923501 -0.0776972
v 0.572625 0.068789 -0.0844978
v 0.577655 0.0641464 -0.0802801
v 0.456152 0.230002 -0.108431
v 0.559524 0.119973 -0.043825
v 0.558031 0.102448 -0.0711582
v 0.541945 0.129026 -0.0691638
v 0.547086 0.124268 -0.0648153
v 0.54388 0.134365 -0.057982
v 0.546202 0.137963 -0.0478792
v 0.543438 0.148873 -0.0378418
v 0.485174 0.243234 -0.0318913
v 0.498496 0.225244 -0.0262024
v 0.481636 0.252867 -0.022704
v 0.52995 0.181604 -0.0151841
v 0.607009 0.0627536 -0.00756614
v 0.613145 0.0528882 -0.00756614
v 0.559856 0.135642 -0.0130589
v 0.589706 0.0895645 -0.0101164
v 0.613145 0.0528882 0.00753901
v 0.59048 0.0907252 -1.35681e-05
v 0.59048 0.0907252 5.18222e-05
v 0.446589 0.264706 -0.0829284
v 0.452117 0.254144 -0.086623
v 0.455544 0.244046 -0.0933582
v 0.468922 0.226288 -0.0898271
v 0.398331 0.307301 -0.0983932
v 0.405904 0.299757 -0.0983932
v 0.432493 0.281071 -0.0848248
v 0.436805 0.284901 -0.0712563
v 0.441006 0.274803 -0.0792339
v 0.408613 0.302543 -0.0904156
v 0.417678 0.296507 -0.0853806
v 0.426689 0.290472 -0.0803455
v 0.257535 0.423946 -0.121214
v 0.246314 0.442632 -0.110294
v 0.287607 0.408626 -0.105848
v 0.256374 0.438106 -0.104507
v 0.272018 0.423366 -0.105194
v 0.294627 0.397483 -0.112256
v 0.30314 0.393885 -0.106338
v 0.318563 0.379029 -0.106698
v 0.333986 0.364173 -0.107025
v 0.349409 0.349201 -0.107286
v 0.359857 0.34479 -0.0983932
v 0.375335 0.329818 -0.0983932
v 0.200709 0.463292 -0.124876
v 0.241504 0.438338 -0.120397
v 0.200709 0.464917 -0.123503
v 0.214749 0.455864 -0.122751
v 0.22481 0.452614 -0.119187
v 0.607064 0.0628697 0.00753901
v 0.602365 0.0704139 0.00753901
v 0.589872 0.0897966 0.0101219
v 0.560077 0.13599 0.0140453
v 0.576605 0.107903 0.019342
v 0.558861 0.134133 0.0227096
v 0.545207 0.151659 0.0306872
v 0.595179 0.068789 0.0380763
v 0.56179 0.123571 0.0341855
v 0.589596 0.074244 0.0432748
v 0.592304 0.0633339 0.0529852
v 0.599933 0.0518436 0.0521025
v 0.590535 0.0605484 0.0606686
v 0.592912 0.0520757 0.0666845
v 0.572072 0.0835292 0.0690059
v 0.561569 0.0929304 0.0784548
v 0.55582 0.0981533 0.0833917
v 0.48639 0.184621 0.108796
v 0.453333 0.240796 0.104153
v 0.456595 0.230699 0.109417
v 0.548026 0.110456 0.0832609
v 0.456263 0.21503 0.122986
v 0.446368 0.218976 0.128707
v 0.450127 0.235225 0.114092
v 0.436031 0.252867 0.116937
v 0.439513 0.24277 0.121482
v 0.442222 0.234645 0.123836
v 0.431222 0.248573 0.125111
v 0.430835 0.263777 0.11249
v 0.425638 0.274339 0.108077
v 0.421106 0.26958 0.118147
v 0.41099 0.274571 0.12328
v 0.400431 0.279214 0.128315
v 0.389818 0.28374 0.13335
v 0.364555 0.303935 0.136816
v 0.359525 0.314033 0.13335
v 0.344157 0.329121 0.133317
v 0.334041 0.33388 0.136685
v 0.256817 0.408161 0.135965
v 0.303196 0.363593 0.136423
v 0.2357 0.431955 0.132271
v 0.234705 0.442168 0.124097
v 0.220167 0.446927 0.129296
v 0.200709 0.466194 0.123901
v 0.200709 0.461783 0.127694
v 0.204412 0.451569 0.134167
v 0.200709 0.45273 0.135148
v 0.266325 0.402358 0.133873
v 0.279647 0.400733 0.126059
v 0.274285 0.410367 0.122659
v 0.258475 0.424759 0.12207
v 0.544654 0.120438 -0.0748854
v 0.512979 0.194022 -0.041144
v 0.500597 0.198317 -0.062494
v 0.484013 0.226288 -0.0594533
v 0.516241 0.183925 -0.0486312
v 0.479204 0.248921 -0.037286
v 0.471409 0.260063 -0.0378418
v 0.468148 0.270741 -0.0260062
v 0.473234 0.265402 -0.0216577
v 0.46964 0.272714 -0.0159034
v 0.476827 0.264938 -0.00756614
v 0.483184 0.255421 -0.00756614
v 0.499878 0.227449 -0.0160996
v 0.500652 0.22861 -0.00756614
v 0.518065 0.201799 -0.00756614
v 0.54786 0.155721 -0.00756614
v 0.602255 0.0702978 -0.00756614
v 0.593852 0.0839934 -0.00606217
v 0.564444 0.129839 -0.00782771
v 0.572736 0.116956 -0.00756614
v 0.577545 0.109412 -0.00756614
v 0.585726 0.0968766 -0.00606217
v 0.560685 0.136919 -0.00295613
v 0.560685 0.136919 0.00394254
v 0.577711 0.109644 0.00753901
v 0.585947 0.0968766 0.00606773
v 0.593963 0.0841095 0.00606773
v 0.454715 0.257974 -0.0765529
v 0.451454 0.268536 -0.0681175
v 0.470691 0.244046 -0.0631152
v 0.466103 0.234993 -0.0841708
v 0.474118 0.234993 -0.0681502
v 0.494461 0.203772 -0.0677579
v 0.514693 0.166399 -0.0755393
v 0.439458 0.287919 -0.0611535
v 0.44974 0.280026 -0.0537644
v 0.443107 0.27991 -0.0669732
v 0.453665 0.27167 -0.0593225
v 0.3933 0.317515 -0.0902194
v 0.411653 0.305444 -0.0803455
v 0.421769 0.30057 -0.0713217
v 0.430558 0.294302 -0.0662539
v 0.235866 0.447623 -0.114741
v 0.240288 0.45273 -0.103363
v 0.281526 0.417563 -0.100486
v 0.259857 0.44124 -0.0944044
v 0.33675 0.366726 -0.0983932
v 0.352283 0.351986 -0.0983932
v 0.290868 0.411759 -0.0957449
v 0.377988 0.332487 -0.0898925
v 0.347198 0.362316 -0.0890424
v 0.200709 0.468515 -0.119874
v 0.230228 0.456212 -0.109085
v 0.572901 0.117188 0.00753901
v 0.556428 0.142722 0.00842178
v 0.548026 0.155953 0.00753901
v 0.536362 0.174059 0.00753901
v 0.525804 0.190424 0.00753901
v 0.530171 0.181952 0.0159417
v 0.546478 0.153516 0.0227096
v 0.524588 0.187871 0.0216633
v 0.528568 0.179631 0.0260118
v 0.468701 0.271321 0.0277446
v 0.515246 0.197504 0.0314718
v 0.501481 0.214798 0.0378474
v 0.537523 0.158971 0.0379128
v 0.548026 0.143534 0.0365723
v 0.55969 0.120322 0.0442556
v 0.576273 0.092234 0.0475579
v 0.57959 0.0835292 0.0527564
v 0.56074 0.106742 0.0617148
v 0.563615 0.0981533 0.0673057
v 0.558363 0.103028 0.0718176
v 0.545041 0.121018 0.0756103
v 0.467263 0.223735 0.0983988
v 0.466711 0.235341 0.0846014
v 0.455876 0.244627 0.0940503
v 0.452504 0.254724 0.0873151
v 0.449961 0.249733 0.0988238
v 0.439679 0.25809 0.106834
v 0.442167 0.248573 0.112556
v 0.512537 0.163033 0.0863343
v 0.436252 0.268768 0.0983988
v 0.42785 0.279678 0.097091
v 0.420829 0.284437 0.101243
v 0.410713 0.289544 0.108109
v 0.415909 0.279562 0.113144
v 0.390813 0.299873 0.118212
v 0.395843 0.289776 0.12328
v 0.370138 0.309507 0.128315
v 0.335313 0.350361 0.123149
v 0.320166 0.36545 0.123051
v 0.289708 0.39551 0.122887
v 0.297834 0.37369 0.133056
v 0.280144 0.389591 0.133677
v 0.248414 0.430446 0.124457
v 0.242389 0.439151 0.121187
v 0.22575 0.453194 0.119749
v 0.215634 0.456444 0.123476
v 0.200709 0.471184 0.117689
v 0.284401 0.405608 0.116283
v 0.269365 0.421161 0.113537
v 0.256651 0.438338 0.104872
v 0.253113 0.43532 0.113537
v 0.499602 0.211896 -0.0453944
v 0.47246 0.249385 -0.0518027
v 0.481083 0.234761 -0.0538298
v 0.483018 0.239868 -0.0419614
v 0.46964 0.257626 -0.0459502
v 0.456042 0.274919 -0.0492197
v 0.465992 0.267723 -0.0378418
v 0.458419 0.278053 -0.0378418
v 0.454218 0.28757 -0.0302239
v 0.455765 0.289544 -0.0201211
v 0.464776 0.281651 -0.00756614
v 0.470525 0.274107 -0.00756614
v 0.477324 0.264938 0.00753901
v 0.470857 0.274571 0.00753901
v 0.488325 0.248109 0.00753901
v 0.456816 0.260992 -0.0681175
v 0.467319 0.254144 -0.056053
v 0.452615 0.285597 -0.0378418
v 0.441503 0.290008 -0.0529797
v 0.46168 0.264706 -0.0526527
v 0.396341 0.320417 -0.0801166
v 0.394074 0.333416 -0.0611862
v 0.426412 0.305212 -0.0529797
v 0.212372 0.469559 -0.106305
v 0.235037 0.458881 -0.0983605
v 0.243881 0.4554 -0.0932601
v 0.254827 0.452034 -0.0832554
v 0.27539 0.4265 -0.095091
v 0.269973 0.436597 -0.0865903
v 0.257369 0.454123 -0.0756374
v 0.27926 0.430678 -0.0818495
v 0.285506 0.421741 -0.0871788
v 0.294738 0.415822 -0.0823726
v 0.310161 0.400965 -0.082863
v 0.325584 0.386109 -0.0833208
v 0.371797 0.341424 -0.0846286
v 0.381028 0.335389 -0.0797897
v 0.322433 0.397832 -0.0681175
v 0.350238 0.365218 -0.0789396
v 0.200709 0.470836 -0.116343
v 0.200709 0.473273 -0.11255
v 0.500099 0.227797 0.0167917
v 0.470083 0.273527 0.0176745
v 0.464721 0.279098 0.0227096
v 0.454992 0.288499 0.0318642
v 0.45864 0.280258 0.0372916
v 0.466711 0.26842 0.0378474
v 0.471686 0.260876 0.0378474
v 0.485284 0.24335 0.0321911
v 0.499823 0.212245 0.0458577
v 0.529784 0.166283 0.0451057
v 0.540895 0.143534 0.0532795
v 0.544156 0.13483 0.0585434
v 0.547418 0.124732 0.0655402
v 0.47456 0.235341 0.0685154
v 0.498441 0.194951 0.0731581
v 0.471796 0.230699 0.0804165
v 0.46848 0.240796 0.073812
v 0.458198 0.249733 0.0826724
v 0.455047 0.258438 0.077245
v 0.446921 0.26517 0.0836206
v 0.442001 0.261224 0.0983988
v 0.438684 0.271902 0.0900288
v 0.434759 0.280258 0.0842745
v 0.424146 0.287803 0.0911405
v 0.405683 0.299641 0.101145
v 0.395622 0.304632 0.108109
v 0.36555 0.320068 0.123247
v 0.38031 0.319604 0.107978
v 0.315081 0.375547 0.117068
v 0.24554 0.441704 0.113537
v 0.240344 0.45273 0.103532
v 0.235037 0.449712 0.114223
v 0.230228 0.456328 0.109646
v 0.203694 0.472461 0.112523
v 0.200709 0.474202 0.112915
v 0.287883 0.408858 0.106213
v 0.279647 0.412688 0.112163
v 0.349519 0.349317 0.107553
v 0.318674 0.379145 0.106965
v 0.272295 0.423598 0.105592
v 0.266269 0.432535 0.100197
v 0.260189 0.441472 0.0947696
v 0.254329 0.451569 0.086367
v 0.25046 0.447043 0.0991508
v 0.439458 0.303123 -0.0309432
v 0.441172 0.304864 -0.022704
v 0.449851 0.294882 -0.0241753
v 0.450403 0.29848 -0.00756614
v 0.457203 0.290936 -0.00756614
v 0.465384 0.282231 0.00753901
v 0.444046 0.295347 -0.0367302
v 0.384953 0.339451 -0.0660577
v 0.378762 0.348388 -0.0608592
v 0.366269 0.36603 -0.0503641
v 0.361017 0.376128 -0.0408825
v 0.376385 0.361155 -0.041046
v 0.39612 0.335505 -0.0529797
v 0.415522 0.324595 -0.0360436
v 0.200709 0.475131 -0.109477
v 0.200709 0.480586 -0.0998972
v 0.226524 0.468863 -0.0899906
v 0.240399 0.468051 -0.0730872
v 0.243937 0.470488 -0.0630171
v 0.247253 0.473041 -0.0529797
v 0.273069 0.439499 -0.0765202
v 0.270415 0.452266 -0.056805
v 0.265219 0.450293 -0.0695888
v 0.254827 0.467354 -0.0529797
v 0.257369 0.469211 -0.045329
v 0.298829 0.420116 -0.0681175
v 0.304025 0.409786 -0.0775991
v 0.332549 0.393073 -0.0595187
v 0.330006 0.390636 -0.0681175
v 0.317126 0.407929 -0.0590283
v 0.456539 0.290124 0.0227096
v 0.4399 0.288383 0.0620091
v 0.452504 0.285481 0.041967
v 0.456429 0.275384 0.0499773
v 0.449298 0.297668 0.0227096
v 0.440066 0.303703 0.0321257
v 0.446313 0.294766 0.0370627
v 0.442167 0.29082 0.0529852
v 0.462012 0.265054 0.0532468
v 0.469862 0.25809 0.0464462
v 0.472847 0.249617 0.0521025
v 0.492028 0.219441 0.0528872
v 0.470912 0.244511 0.0637092
v 0.465218 0.249617 0.0685154
v 0.457313 0.261688 0.0681231
v 0.453997 0.272134 0.0600474
v 0.452007 0.269232 0.0681231
v 0.441393 0.275268 0.079926
v 0.437192 0.285365 0.0721119
v 0.426468 0.29024 0.0832609
v 0.41895 0.297784 0.0832609
v 0.409 0.302891 0.0910424
v 0.400874 0.306953 0.0970256
v 0.383627 0.322738 0.0983988
v 0.244268 0.455632 0.0934291
v 0.235037 0.459346 0.0984642
v 0.227021 0.469211 0.09065
v 0.212704 0.469792 0.106801
v 0.200709 0.481166 0.100524
v 0.290426 0.411295 0.0983988
v 0.280531 0.419768 0.0997066
v 0.337137 0.367075 0.0983988
v 0.347585 0.362664 0.0897346
v 0.332162 0.37752 0.0892768
v 0.275722 0.426848 0.0955216
v 0.360188 0.345138 0.0983988
v 0.34471 0.359879 0.0983988
v 0.270305 0.436945 0.0872497
v 0.264058 0.445766 0.081757
v 0.257812 0.454471 0.0762969
v 0.409165 0.333416 -0.0309759
v 0.410934 0.335157 -0.022704
v 0.433654 0.312408 -0.022704
v 0.44283 0.306489 -0.00756614
v 0.457811 0.291401 0.00753901
v 0.341725 0.387038 -0.0547125
v 0.326302 0.401894 -0.0542221
v 0.335479 0.395742 -0.0494486
v 0.304578 0.425455 -0.0484024
v 0.355932 0.383091 -0.0366321
v 0.363671 0.378681 -0.0307797
v 0.378873 0.363593 -0.0309432
v 0.394074 0.348504 -0.0309759
v 0.200709 0.49579 -0.0696215
v 0.230283 0.471416 -0.0799205
v 0.226524 0.484068 -0.0597149
v 0.230283 0.486505 -0.0496121
v 0.240399 0.483139 -0.0423865
v 0.2891 0.440311 -0.0477485
v 0.291255 0.427196 -0.0681175
v 0.27329 0.454819 -0.0467022
v 0.25046 0.477336 -0.03879
v 0.260244 0.471649 -0.0352262
v 0.301648 0.422785 -0.0585052
v 0.310824 0.41675 -0.0537317
v 0.443825 0.280258 0.0674692
v 0.434815 0.298364 0.0529852
v 0.424865 0.303587 0.062238
v 0.431056 0.29465 0.0671749
v 0.450514 0.280258 0.054195
v 0.450459 0.298945 0.00753901
v 0.441725 0.305328 0.0227096
v 0.437523 0.30115 0.0422285
v 0.419005 0.328077 0.0227096
v 0.409773 0.333996 0.0321257
v 0.416075 0.325175 0.0371935
v 0.422377 0.316354 0.0422285
v 0.467595 0.254608 0.056549
v 0.422156 0.300918 0.0723408
v 0.406899 0.316006 0.0722754
v 0.411377 0.305212 0.0832609
v 0.401647 0.313801 0.0846995
v 0.396838 0.320881 0.0806453
v 0.393632 0.317863 0.0907481
v 0.24952 0.457721 0.0821166
v 0.240896 0.468399 0.073812
v 0.235424 0.466542 0.0846668
v 0.230836 0.471765 0.0805472
v 0.227021 0.484416 0.060407
v 0.200709 0.490103 0.0829667
v 0.285838 0.422089 0.0877729
v 0.316739 0.392377 0.0887864
v 0.381471 0.335853 0.0803184
v 0.356816 0.356745 0.084863
v 0.341449 0.371601 0.0844707
v 0.31989 0.395394 0.0787163
v 0.273456 0.439847 0.0771796
v 0.279647 0.431026 0.0824763
v 0.264279 0.461087 0.0516774
v 0.257812 0.469559 0.0460539
v 0.24963 0.472925 0.0518409
v 0.24963 0.464569 0.0685154
v 0.267707 0.449828 0.0681231
v 0.412537 0.336782 -0.00756614
v 0.372958 0.372994 -0.022704
v 0.374616 0.374619 -0.00756614
v 0.427739 0.321693 0.00753901
v 0.338629 0.39876 -0.0378418
v 0.348193 0.393537 -0.0300604
v 0.365384 0.380306 -0.022704
v 0.200709 0.504379 -0.052195
v 0.200709 0.510646 -0.03879
v 0.200709 0.511343 -0.037286
v 0.235092 0.48871 -0.0375149
v 0.243494 0.485228 -0.0322837
v 0.28324 0.450177 -0.0378418
v 0.291642 0.442632 -0.0378418
v 0.299216 0.435669 -0.0378418
v 0.275667 0.456908 -0.0378418
v 0.253113 0.481514 -0.022704
v 0.263174 0.473854 -0.022704
v 0.270747 0.467702 -0.022704
v 0.427242 0.306025 0.0529852
v 0.409718 0.318792 0.0621726
v 0.415965 0.309855 0.0672403
v 0.388712 0.35837 0.0227096
v 0.394627 0.349085 0.0321257
v 0.400929 0.340264 0.0371935
v 0.392084 0.346531 0.0422285
v 0.389265 0.343862 0.0529852
v 0.394572 0.33388 0.0620418
v 0.391587 0.330979 0.0721446
v 0.240896 0.483487 0.0430786
v 0.235368 0.481746 0.0543911
v 0.23078 0.486853 0.0503042
v 0.200709 0.505191 0.0526583
v 0.200709 0.503566 0.0560259
v 0.295125 0.41617 0.0829994
v 0.376219 0.345951 0.0718176
v 0.335313 0.380538 0.079174
v 0.340509 0.382743 0.0667499
v 0.299437 0.420696 0.0681231
v 0.304412 0.410251 0.0781932
v 0.30209 0.423134 0.0591973
v 0.286446 0.437874 0.0583146
v 0.276109 0.442168 0.0681231
v 0.273566 0.455051 0.0471982
v 0.267707 0.464917 0.0378474
v 0.260133 0.471533 0.0378474
v 0.249299 0.479541 0.0379782
v 0.280034 0.446463 0.0527564
v 0.35958 0.389823 0.00753901
v 0.397446 0.351986 0.00753901
v 0.359193 0.389591 -0.00756614
v 0.352007 0.397251 0.00753901
v 0.317181 0.423134 -0.0281314
v 0.350183 0.395394 -0.0199903
v 0.328237 0.419187 -0.00756614
v 0.336142 0.411643 -0.00756614
v 0.200709 0.512503 -0.0345069
v 0.22586 0.498692 -0.0269217
v 0.286004 0.452614 -0.0258754
v 0.301648 0.437874 -0.0270524
v 0.24554 0.486621 -0.022704
v 0.227795 0.499968 -0.0168516
v 0.229011 0.500897 -0.00756614
v 0.236585 0.495674 -0.00756614
v 0.247419 0.48813 -0.00756614
v 0.254992 0.482791 -0.00756614
v 0.272405 0.469095 -0.0115223
v 0.287939 0.454355 -0.0157726
v 0.294793 0.446114 -0.0214289
v 0.381139 0.365914 0.0227096
v 0.379481 0.364173 0.0320931
v 0.376827 0.36162 0.0421632
v 0.381692 0.35129 0.0529852
v 0.379259 0.348852 0.0617475
v 0.243881 0.48546 0.0330085
v 0.235368 0.489174 0.0379782
v 0.223373 0.497183 0.0378474
v 0.200709 0.511343 0.0396783
v 0.370028 0.354888 0.0665537
v 0.358253 0.373574 0.0529852
v 0.332991 0.393421 0.0602763
v 0.326689 0.402242 0.0549797
v 0.335866 0.396207 0.0501735
v 0.311211 0.417098 0.0544238
v 0.304909 0.425803 0.0491272
v 0.289265 0.440427 0.0482118
v 0.276164 0.457373 0.0378474
v 0.270747 0.467702 0.0254232
v 0.286446 0.453078 0.0272215
v 0.253721 0.481862 0.0227096
v 0.336639 0.412108 0.00753901
v 0.344213 0.404795 0.00753901
v 0.365827 0.380886 0.0227096
v 0.334649 0.410134 -0.0190421
v 0.320664 0.426383 -0.00756614
v 0.200709 0.51436 -0.029243
v 0.207563 0.511923 -0.022704
v 0.220333 0.503566 -0.0222136
v 0.2336 0.494745 -0.0222136
v 0.303527 0.439615 -0.0169496
v 0.200709 0.519699 -0.00756614
v 0.229343 0.501013 0.00753901
v 0.236916 0.495906 0.00753901
v 0.200709 0.520164 0.00753901
v 0.247751 0.488362 0.00753901
v 0.255324 0.482907 0.00753901
v 0.264998 0.475479 0.00753901
v 0.272626 0.469327 -0.00145215
v 0.26638 0.47397 -0.00691224
v 0.278652 0.463872 -0.00691224
v 0.288713 0.455051 -0.00756614
v 0.304909 0.440775 -0.00756614
v 0.312483 0.433928 -0.00756614
v 0.364168 0.379145 0.0316353
v 0.370525 0.37044 0.0368992
v 0.361404 0.376592 0.0417381
v 0.373787 0.358834 0.0529852
v 0.366214 0.36603 0.0529852
v 0.246148 0.487085 0.0227096
v 0.226192 0.498924 0.0279735
v 0.200709 0.513316 0.0348394
v 0.345982 0.391448 0.0411169
v 0.308005 0.428589 0.0378474
v 0.299713 0.436133 0.0378474
v 0.330503 0.406304 0.040463
v 0.315578 0.421625 0.0378474
v 0.29214 0.442981 0.0378474
v 0.288492 0.454819 0.0171514
v 0.272626 0.469327 0.0153205
v 0.26544 0.473273 0.0213037
v 0.302145 0.438338 0.0284966
v 0.295346 0.446579 0.0228076
v 0.228237 0.500317 0.0178707
v 0.321106 0.426848 0.00753901
v 0.350404 0.395626 0.0227096
v 0.357977 0.38843 0.0227096
v 0.200709 0.516333 -0.022704
v 0.200709 0.517262 -0.0185517
v 0.200709 0.517262 0.0227096
v 0.272682 0.469443 0.00753901
v 0.2891 0.4554 0.00753901
v 0.296673 0.448784 0.00753901
v 0.305352 0.441124 0.00753901
v 0.312869 0.434392 0.00753901
v 0.34869 0.394001 0.0310141
v 0.317734 0.423598 0.0295755
v 0.30408 0.440195 0.0184265
v 0.310879 0.431955 0.0239847
v 0.319724 0.425455 0.0194727
v 0.33476 0.410251 0.0227096
f 1 2 8
f 1 8 20
f 1 20 30
f 1 30 47
f 1 47 73
f 1 73 114
f 1 114 149
f 1 149 181
f 1 181 225
f 1 225 271
f 1 271 315
f 1 315 371
f 1 371 445
f 1 445 448
f 1 448 530
f 1 530 550
f 1 550 549
f 1 549 648
f 1 648 757
f 1 757 857
f 1 857 954
f 1 954 1061
f 1 1061 1146
f 1 1146 1228
f 1 1228 1312
f 1 1312 1416
f 1 1416 1541
f 1 1541 1656
f 1 1656 1780
f 1 1780 1914
f 1 1914 2054
f 1 2054 2178
f 1 2178 2182
f 1 2182 2308
f 1 2308 2307
f 1 2307 2306
f 1 2306 2427
f 1 2427 2542
f 1 2542 2645
f 1 2645 2643
f 1 2643 2642
f 1 2642 2749
f 1 2749 2829
f 1 2829 2897
f 1 2897 2958
f 1 2958 3005
f 1 3005 3004
f 1 3004 3049
f 1 3049 3092
f 1 3092 3110
f 1 3110 3075
f 1 3075 3072
f 1 3072 3109
f 1 3109 3108
f 1 3108 3067
f 1 3067 3028
f 1 3028 2981
f 1 2981 2980
f 1 2980 2979
f 1 2979 2922
f 1 2922 2854
f 1 2854 2853
f 1 2853 2794
f 1 2794 2793
f 1 2793 2701
f 1 2701 2596
f 1 2596 2594
f 1 2594 2485
f 1 2485 2481
f 1 2481 2355
f 1 2355 2243
f 1 2243 2242
f 1 2242 2108
f 1 2108 2107
f 1 2107 1971
f 1 1971 1830
f 1 1830 1702
f 1 1702 1701
f 1 1701 1695
f 1 1695 1590
f 1 1590 1466
f 1 1466 1350
f 1 1350 1252
f 1 1252 1164
f 1 1164 1160
f 1 1160 1077
f 1 1077 969
f 1 969 875
f 1 875 783
f 1 783 679
f 1 679 593
f 1 593 506
f 1 506 505
f 1 505 529
f 1 529 444
f 1 444 370
f 1 370 366
f 1 366 310
f 1 310 262
f 1 262 220
f 1 220 180
f 1 180 146
f 1 146 108
f 1 108 67
f 1 67 44
f 1 44 28
f 1 28 17
f 1 17 10
f 1 10 3
f 1 3 4
f 1 4 5
f 1 5 6
f 1 6 7
f 1 7 9
f 1 9 2
f 2 9 8
f 3 10 5
f 3 5 4
f 5 11 12
f 5 12 13
f 5 13 14
f 5 14 15
f 5 15 6
f 5 10 16
f 5 16 17
f 5 17 11
f 6 15 18
f 6 18 7
f 7 18 22
f 7 22 9
f 8 19 20
f 8 9 21
f 8 21 19
f 9 22 21
f 10 17 16
f 11 17 12
f 12 23 13
f 12 17 23
f 13 23 24
f 13 24 25
f 13 25 14
f 14 26 18
f 14 18 15
f 14 25 27
f 14 27 41
f 14 41 26
f 17 28 29
f 17 29 23
f 18 26 33
f 18 33 22
f 19 30 20
f 19 21 31
f 19 31 30
f 21 22 32
f 21 32 31
f 22 33 34
f 22 34 32
f 23 29 24
f 24 35 36
f 24 36 37
f 24 37 25
f 24 29 35
f 25 37 38
f 25 38 39
f 25 39 40
f 25 40 27
f 26 41 50
f 26 50 33
f 27 40 42
f 27 42 43
f 27 43 41
f 28 44 29
f 29 44 45
f 29 45 46
f 29 46 35
f 30 31 47
f 31 32 34
f 31 34 48
f 31 48 49
f 31 49 47
f 33 50 51
f 33 51 34
f 34 51 48
f 35 46 52
f 35 52 53
f 35 53 36
f 36 53 54
f 36 54 37
f 37 54 55
f 37 55 38
f 38 40 39
f 38 55 56
f 38 56 57
f 38 57 58
f 38 58 40
f 40 59 60
f 40 60 61
f 40 61 42
f 40 58 57
f 40 57 62
f 40 62 63
f 40 63 64
f 40 64 59
f 41 43 65
f 41 65 50
f 42 61 43
f 43 61 66
f 43 66 107
f 43 107 65
f 44 67 68
f 44 68 69
f 44 69 70
f 44 70 45
f 45 70 71
f 45 71 46
f 46 71 52
f 47 72 73
f 47 49 74
f 47 74 72
f 48 75 76
f 48 76 77
f 48 77 49
f 48 51 78
f 48 78 79
f 48 79 80
f 48 80 81
f 48 81 82
f 48 82 83
f 48 83 84
f 48 84 85
f 48 85 86
f 48 86 87
f 48 87 75
f 49 77 74
f 50 65 79
f 50 79 78
f 50 78 51
f 52 88 89
f 52 89 53
f 52 71 70
f 52 70 90
f 52 90 88
f 53 89 91
f 53 91 54
f 54 92 55
f 54 91 93
f 54 93 92
f 55 92 94
f 55 94 95
f 55 95 56
f 56 96 97
f 56 97 57
f 56 95 94
f 56 94 98
f 56 98 96
f 57 97 62
f 59 99 60
f 59 64 99
f 60 99 61
f 61 99 100
f 61 100 66
f 62 101 63
f 62 97 96
f 62 96 101
f 63 101 102
f 63 102 103
f 63 103 64
f 64 103 104
f 64 104 105
f 64 105 106
f 64 106 99
f 65 107 79
f 66 100 122
f 66 122 107
f 67 70 68
f 67 108 109
f 67 109 110
f 67 110 111
f 67 111 112
f 67 112 70
f 68 70 69
f 70 112 113
f 70 113 90
f 72 74 73
f 73 74 115
f 73 115 114
f 74 77 76
f 74 76 75
f 74 75 116
f 74 116 117
f 74 117 118
f 74 118 119
f 74 119 115
f 75 87 120
f 75 120 121
f 75 121 116
f 79 107 80
f 80 122 123
f 80 123 81
f 80 107 122
f 81 123 124
f 81 124 125
f 81 125 126
f 81 126 82
f 82 126 83
f 83 126 127
f 83 127 84
f 84 127 128
f 84 128 129
f 84 129 130
f 84 130 85
f 85 130 131
f 85 131 132
f 85 132 86
f 86 132 120
f 86 120 87
f 88 111 89
f 88 90 113
f 88 113 112
f 88 112 111
f 89 111 91
f 91 111 93
f 92 93 133
f 92 133 134
f 92 134 94
f 93 111 135
f 93 135 136
f 93 136 137
f 93 137 133
f 94 134 138
f 94 138 139
f 94 139 98
f 96 98 101
f 98 139 101
f 99 123 122
f 99 122 100
f 99 106 124
f 99 124 123
f 101 140 141
f 101 141 142
f 101 142 143
f 101 143 144
f 101 144 145
f 101 145 102
f 101 139 140
f 102 145 127
f 102 127 103
f 103 127 126
f 103 126 125
f 103 125 104
f 104 125 105
f 105 125 124
f 105 124 106
f 108 146 109
f 109 147 111
f 109 111 110
f 109 146 147
f 111 147 148
f 111 148 135
f 114 115 149
f 115 119 150
f 115 150 149
f 116 121 151
f 116 151 117
f 117 151 118
f 118 151 119
f 119 151 150
f 120 152 153
f 120 153 121
f 120 132 154
f 120 154 155
f 120 155 156
f 120 156 152
f 121 153 151
f 127 145 157
f 127 157 129
f 127 129 128
f 129 157 158
f 129 158 130
f 130 158 159
f 130 159 131
f 131 159 157
f 131 157 160
f 131 160 161
f 131 161 162
f 131 162 155
f 131 155 154
f 131 154 132
f 133 138 134
f 133 137 163
f 133 163 164
f 133 164 165
f 133 165 166
f 133 166 167
f 133 167 138
f 135 168 136
f 135 148 168
f 136 169 137
f 136 168 169
f 137 169 163
f 138 167 170
f 138 170 139
f 139 170 167
f 139 167 140
f 140 167 141
f 141 171 172
f 141 172 142
f 141 167 173
f 141 173 174
f 141 174 175
f 141 175 176
f 141 176 171
f 142 172 177
f 142 177 178
f 142 178 143
f 143 178 179
f 143 179 161
f 143 161 144
f 144 157 145
f 144 161 157
f 146 180 168
f 146 168 148
f 146 148 147
f 149 150 181
f 150 151 182
f 150 182 181
f 151 153 183
f 151 183 184
f 151 184 185
f 151 185 186
f 151 186 182
f 152 187 188
f 152 188 189
f 152 189 183
f 152 183 153
f 152 156 187
f 155 162 190
f 155 190 191
f 155 191 156
f 156 191 192
f 156 192 193
f 156 193 194
f 156 194 195
f 156 195 188
f 156 188 187
f 157 161 160
f 157 159 158
f 161 179 162
f 162 179 196
f 162 196 197
f 162 197 190
f 163 198 199
f 163 199 164
f 163 169 198
f 164 199 165
f 165 199 200
f 165 200 174
f 165 174 166
f 166 174 167
f 167 174 173
f 168 201 202
f 168 202 169
f 168 180 201
f 169 202 203
f 169 203 198
f 171 204 205
f 171 205 172
f 171 176 204
f 172 206 177
f 172 205 207
f 172 207 208
f 172 208 206
f 174 200 209
f 174 209 175
f 175 209 176
f 176 210 211
f 176 211 212
f 176 212 213
f 176 213 205
f 176 205 204
f 176 209 214
f 176 214 215
f 176 215 210
f 177 216 178
f 177 206 216
f 178 216 217
f 178 217 218
f 178 218 179
f 179 218 219
f 179 219 196
f 180 220 221
f 180 221 222
f 180 222 223
f 180 223 201
f 181 224 225
f 181 182 224
f 182 186 226
f 182 226 224
f 183 227 184
f 183 189 227
f 184 227 185
f 185 228 186
f 185 227 229
f 185 229 228
f 186 228 230
f 186 230 231
f 186 231 232
f 186 232 226
f 188 233 189
f 188 195 233
f 189 233 234
f 189 234 227
f 190 197 191
f 191 197 192
f 192 197 235
f 192 235 236
f 192 236 237
f 192 237 193
f 193 237 236
f 193 236 238
f 193 238 194
f 194 238 195
f 195 239 240
f 195 240 233
f 195 238 239
f 196 219 241
f 196 241 197
f 197 241 242
f 197 242 243
f 197 243 244
f 197 244 235
f 198 203 214
f 198 214 209
f 198 209 199
f 199 209 200
f 201 223 222
f 201 222 202
f 202 245 214
f 202 214 203
f 202 222 245
f 205 213 207
f 206 208 246
f 206 246 247
f 206 247 248
f 206 248 249
f 206 249 216
f 207 250 246
f 207 246 208
f 207 213 211
f 207 211 210
f 207 210 251
f 207 251 250
f 210 215 252
f 210 252 251
f 211 213 212
f 214 245 215
f 215 245 253
f 215 253 254
f 215 254 252
f 216 255 217
f 216 249 256
f 216 256 255
f 217 257 218
f 217 255 258
f 217 258 257
f 218 257 259
f 218 259 219
f 219 259 260
f 219 260 261
f 219 261 241
f 220 262 221
f 221 263 222
f 221 262 263
f 222 263 264
f 222 264 265
f 222 265 266
f 222 266 267
f 222 267 245
f 224 268 225
f 224 226 232
f 224 232 269
f 224 269 270
f 224 270 268
f 225 268 271
f 227 234 229
f 228 269 230
f 228 229 272
f 228 272 273
f 228 273 274
f 228 274 275
f 228 275 276
f 228 276 270
f 228 270 269
f 229 234 277
f 229 277 272
f 230 269 231
f 231 269 232
f 233 277 234
f 233 240 277
f 235 244 278
f 235 278 279
f 235 279 236
f 236 279 240
f 236 240 239
f 236 239 238
f 240 280 272
f 240 272 277
f 240 279 280
f 241 281 282
f 241 282 242
f 241 261 281
f 242 282 243
f 243 282 283
f 243 283 284
f 243 284 285
f 243 285 286
f 243 286 244
f 244 287 288
f 244 288 279
f 244 279 278
f 244 286 287
f 245 267 253
f 246 289 290
f 246 290 291
f 246 291 248
f 246 248 247
f 246 250 289
f 248 291 292
f 248 292 293
f 248 293 256
f 248 256 249
f 250 294 289
f 250 251 294
f 251 295 294
f 251 252 296
f 251 296 295
f 252 254 297
f 252 297 296
f 253 298 254
f 253 267 299
f 253 299 300
f 253 300 298
f 254 298 297
f 255 256 301
f 255 301 302
f 255 302 258
f 256 293 303
f 256 303 301
f 257 258 306
f 257 306 304
f 257 304 305
f 257 305 259
f 258 302 306
f 259 305 307
f 259 307 260
f 260 307 308
f 260 308 309
f 260 309 281
f 260 281 261
f 262 310 265
f 262 265 263
f 263 265 264
f 265 311 312
f 265 312 299
f 265 299 266
f 265 310 313
f 265 313 311
f 266 299 267
f 268 314 315
f 268 315 271
f 268 270 276
f 268 276 316
f 268 316 314
f 272 317 273
f 272 280 318
f 272 318 317
f 273 317 274
f 274 317 316
f 274 316 319
f 274 319 275
f 275 319 276
f 276 319 316
f 279 288 280
f 280 288 318
f 281 309 320
f 281 320 321
f 281 321 322
f 281 322 282
f 282 322 283
f 283 322 323
f 283 323 324
f 283 324 325
f 283 325 326
f 283 326 284
f 284 326 285
f 285 326 327
f 285 327 328
f 285 328 286
f 286 329 330
f 286 330 331
f 286 331 332
f 286 332 288
f 286 288 287
f 286 328 329
f 288 332 333
f 288 333 334
f 288 334 335
f 288 335 317
f 288 317 318
f 289 336 337
f 289 337 290
f 289 294 295
f 289 295 338
f 289 338 339
f 289 339 340
f 289 340 336
f 290 337 341
f 290 341 291
f 291 341 292
f 292 342 303
f 292 303 293
f 292 341 343
f 292 343 344
f 292 344 342
f 295 296 338
f 296 297 345
f 296 345 346
f 296 346 338
f 297 347 348
f 297 348 345
f 297 298 349
f 297 349 350
f 297 350 351
f 297 351 347
f 298 300 350
f 298 350 349
f 299 312 352
f 299 352 300
f 300 352 353
f 300 353 350
f 301 303 354
f 301 354 355
f 301 355 302
f 302 355 356
f 302 356 357
f 302 357 306
f 303 342 358
f 303 358 354
f 304 306 363
f 304 363 359
f 304 359 360
f 304 360 305
f 305 360 361
f 305 361 362
f 305 362 307
f 306 357 363
f 307 362 364
f 307 364 308
f 308 364 365
f 308 365 309
f 309 365 320
f 310 366 313
f 311 313 312
f 312 313 367
f 312 367 368
f 312 368 352
f 313 369 367
f 313 366 370
f 313 370 369
f 314 371 315
f 314 316 372
f 314 372 373
f 314 373 371
f 316 317 335
f 316 335 374
f 316 374 375
f 316 375 376
f 316 376 377
f 316 377 373
f 316 373 372
f 320 378 321
f 320 365 379
f 320 379 380
f 320 380 378
f 321 378 381
f 321 381 382
f 321 382 323
f 321 323 322
f 323 382 324
f 324 327 326
f 324 326 325
f 324 382 383
f 324 383 327
f 327 383 328
f 328 383 329
f 329 331 330
f 329 383 384
f 329 384 331
f 331 385 386
f 331 386 387
f 331 387 388
f 331 388 389
f 331 389 390
f 331 390 333
f 331 333 332
f 331 384 385
f 333 390 389
f 333 389 391
f 333 391 392
f 333 392 393
f 333 393 334
f 334 393 375
f 334 375 374
f 334 374 335
f 336 340 394
f 336 394 395
f 336 395 396
f 336 396 337
f 337 397 398
f 337 398 399
f 337 399 343
f 337 343 341
f 337 396 397
f 338 346 348
f 338 348 339
f 339 400 394
f 339 394 340
f 339 348 401
f 339 401 402
f 339 402 400
f 342 344 358
f 343 399 403
f 343 403 404
f 343 404 344
f 344 404 405
f 344 405 406
f 344 406 407
f 344 407 408
f 344 408 409
f 344 409 410
f 344 410 358
f 345 348 346
f 347 351 348
f 348 351 411
f 348 411 412
f 348 412 401
f 350 353 351
f 351 413 411
f 351 353 414
f 351 414 415
f 351 415 416
f 351 416 413
f 352 368 414
f 352 414 353
f 354 417 355
f 354 358 418
f 354 418 417
f 355 417 356
f 356 419 357
f 356 417 420
f 356 420 421
f 356 421 422
f 356 422 423
f 356 423 419
f 357 419 363
f 358 410 418
f 359 363 431
f 359 431 424
f 359 424 425
f 359 425 360
f 360 425 361
f 361 426 362
f 361 425 427
f 361 427 428
f 361 428 429
f 361 429 430
f 361 430 426
f 362 426 364
f 363 419 431
f 364 426 432
f 364 432 433
f 364 433 434
f 364 434 365
f 365 434 435
f 365 435 436
f 365 436 379
f 367 437 368
f 367 369 437
f 368 437 438
f 368 438 439
f 368 439 440
f 368 440 441
f 368 441 442
f 368 442 414
f 369 443 437
f 369 370 444
f 369 444 443
f 371 373 377
f 371 377 445
f 375 393 446
f 375 446 376
f 376 446 377
f 377 446 447
f 377 447 448
f 377 448 445
f 378 380 381
f 379 436 449
f 379 449 380
f 380 449 450
f 380 450 451
f 380 451 452
f 380 452 453
f 380 453 454
f 380 454 381
f 381 455 456
f 381 456 457
f 381 457 382
f 381 454 458
f 381 458 459
f 381 459 460
f 381 460 385
f 381 385 455
f 382 457 456
f 382 456 461
f 382 461 384
f 382 384 383
f 384 461 462
f 384 462 385
f 385 460 387
f 385 387 386
f 385 462 455
f 387 463 464
f 387 464 388
f 387 460 463
f 388 391 389
f 388 464 465
f 388 465 466
f 388 466 467
f 388 467 391
f 391 467 468
f 391 468 469
f 391 469 470
f 391 470 392
f 392 470 471
f 392 471 472
f 392 472 393
f 393 447 446
f 393 472 473
f 393 473 448
f 393 448 447
f 394 400 474
f 394 474 395
f 395 474 475
f 395 475 396
f 396 475 476
f 396 476 477
f 396 477 478
f 396 478 397
f 397 479 398
f 397 478 480
f 397 480 479
f 398 479 481
f 398 481 399
f 399 481 482
f 399 482 403
f 400 402 474
f 401 412 402
f 402 412 475
f 402 475 474
f 403 482 404
f 404 482 483
f 404 483 484
f 404 484 405
f 405 484 406
f 406 484 485
f 406 485 486
f 406 486 487
f 406 487 488
f 406 488 489
f 406 489 407
f 407 489 488
f 407 488 490
f 407 490 491
f 407 491 408
f 408 492 409
f 408 491 492
f 409 493 494
f 409 494 410
f 409 492 491
f 409 491 495
f 409 495 496
f 409 496 497
f 409 497 498
f 409 498 499
f 409 499 493
f 410 494 500
f 410 500 501
f 410 501 418
f 411 413 412
f 412 413 502
f 412 502 476
f 412 476 475
f 413 416 503
f 413 503 502
f 414 504 415
f 414 442 505
f 414 505 506
f 414 506 504
f 415 504 507
f 415 507 416
f 416 507 508
f 416 508 509
f 416 509 503
f 417 418 420
f 418 510 421
f 418 421 420
f 418 501 510
f 419 423 511
f 419 511 431
f 421 510 512
f 421 512 513
f 421 513 422
f 422 514 511
f 422 511 423
f 422 513 515
f 422 515 514
f 424 431 511
f 424 511 516
f 424 516 425
f 425 516 427
f 426 430 432
f 427 516 517
f 427 517 428
f 428 517 518
f 428 518 519
f 428 519 429
f 429 519 520
f 429 520 521
f 429 521 432
f 429 432 430
f 432 521 522
f 432 522 523
f 432 523 434
f 432 434 433
f 434 523 524
f 434 524 525
f 434 525 435
f 435 525 526
f 435 526 436
f 436 526 527
f 436 527 528
f 436 528 449
f 437 443 439
f 437 439 438
f 439 443 444
f 439 444 440
f 440 444 441
f 441 444 529
f 441 529 442
f 442 529 505
f 448 473 530
f 449 528 531
f 449 531 532
f 449 532 533
f 449 533 450
f 450 533 534
f 450 534 535
f 450 535 536
f 450 536 451
f 451 536 537
f 451 537 452
f 452 537 453
f 453 537 454
f 454 537 538
f 454 538 539
f 454 539 459
f 454 459 458
f 455 462 456
f 456 462 461
f 459 539 540
f 459 540 460
f 460 540 463
f 463 539 541
f 463 541 464
f 463 540 539
f 464 541 465
f 465 542 466
f 465 541 542
f 466 542 543
f 466 543 544
f 466 544 545
f 466 545 546
f 466 546 467
f 467 546 468
f 468 547 469
f 468 546 548
f 468 548 549
f 468 549 550
f 468 550 547
f 469 547 551
f 469 551 552
f 469 552 553
f 469 553 470
f 470 553 471
f 471 553 552
f 471 552 554
f 471 554 472
f 472 554 473
f 473 554 555
f 473 555 530
f 476 502 556
f 476 556 478
f 476 478 477
f 478 556 480
f 479 480 481
f 480 556 557
f 480 557 558
f 480 558 559
f 480 559 560
f 480 560 561
f 480 561 562
f 480 562 482
f 480 482 563
f 480 563 481
f 481 563 482
f 482 562 564
f 482 564 483
f 483 564 565
f 483 565 484
f 484 486 485
f 484 565 486
f 486 565 487
f 487 565 566
f 487 566 567
f 487 567 488
f 488 567 568
f 488 568 569
f 488 569 570
f 488 570 571
f 488 571 572
f 488 572 573
f 488 573 490
f 490 573 491
f 491 574 495
f 491 573 575
f 491 575 574
f 493 576 577
f 493 577 500
f 493 500 494
f 493 499 578
f 493 578 579
f 493 579 580
f 493 580 581
f 493 581 582
f 493 582 576
f 495 574 575
f 495 575 583
f 495 583 584
f 495 584 496
f 496 584 585
f 496 585 497
f 497 586 498
f 497 585 587
f 497 587 588
f 497 588 589
f 497 589 586
f 498 586 499
f 499 586 578
f 500 577 501
f 501 577 590
f 501 590 591
f 501 591 510
f 502 557 556
f 502 503 557
f 503 509 557
f 504 592 507
f 504 506 592
f 506 593 594
f 506 594 592
f 507 595 596
f 507 596 597
f 507 597 508
f 507 592 594
f 507 594 595
f 508 597 598
f 508 598 509
f 509 598 599
f 509 599 600
f 509 600 601
f 509 601 602
f 509 602 603
f 509 603 557
f 510 591 512
f 511 514 517
f 511 517 516
f 512 591 604
f 512 604 605
f 512 605 513
f 513 605 606
f 513 606 515
f 514 515 518
f 514 518 517
f 515 606 607
f 515 607 608
f 515 608 518
f 518 608 609
f 518 609 519
f 519 609 610
f 519 610 520
f 520 610 611
f 520 611 612
f 520 612 521
f 521 612 522
f 522 612 613
f 522 613 614
f 522 614 615
f 522 615 523
f 523 615 524
f 524 615 616
f 524 616 617
f 524 617 618
f 524 618 526
f 524 526 525
f 526 619 527
f 526 618 620
f 526 620 621
f 526 621 622
f 526 622 623
f 526 623 624
f 526 624 625
f 526 625 619
f 527 619 626
f 527 626 528
f 528 626 627
f 528 627 531
f 530 555 550
f 531 627 628
f 531 628 629
f 531 629 630
f 531 630 532
f 532 630 631
f 532 631 533
f 533 631 632
f 533 632 534
f 534 632 535
f 535 632 633
f 535 633 634
f 535 634 536
f 536 634 537
f 537 634 635
f 537 635 538
f 538 635 636
f 538 636 637
f 538 637 539
f 539 637 541
f 541 637 636
f 541 636 543
f 541 543 542
f 543 636 635
f 543 635 638
f 543 638 639
f 543 639 640
f 543 640 641
f 543 641 544
f 544 641 642
f 544 642 545
f 545 642 643
f 545 643 644
f 545 644 546
f 546 644 645
f 546 645 549
f 546 549 548
f 547 550 646
f 547 646 555
f 547 555 647
f 547 647 551
f 549 645 648
f 550 555 646
f 551 647 555
f 551 555 552
f 552 555 554
f 557 603 558
f 558 565 560
f 558 560 559
f 558 603 602
f 558 602 649
f 558 649 565
f 560 565 561
f 561 565 564
f 561 564 562
f 565 649 650
f 565 650 566
f 566 650 567
f 567 650 568
f 568 651 569
f 568 650 651
f 569 651 601
f 569 601 652
f 569 652 653
f 569 653 570
f 570 653 571
f 571 653 654
f 571 654 655
f 571 655 656
f 571 656 572
f 572 657 575
f 572 575 573
f 572 656 658
f 572 658 657
f 575 657 659
f 575 659 583
f 576 660 661
f 576 661 577
f 576 582 662
f 576 662 660
f 577 661 590
f 578 589 663
f 578 663 580
f 578 580 579
f 578 586 589
f 580 663 664
f 580 664 665
f 580 665 666
f 580 666 667
f 580 667 668
f 580 668 669
f 580 669 670
f 580 670 582
f 580 582 581
f 582 670 669
f 582 669 662
f 583 659 584
f 584 659 671
f 584 671 672
f 584 672 673
f 584 673 585
f 585 673 587
f 587 665 589
f 587 589 588
f 587 673 665
f 589 665 664
f 589 664 663
f 590 661 674
f 590 674 591
f 591 675 676
f 591 676 604
f 591 674 677
f 591 677 678
f 591 678 675
f 593 679 680
f 593 680 681
f 593 681 682
f 593 682 683
f 593 683 684
f 593 684 685
f 593 685 686
f 593 686 687
f 593 687 688
f 593 688 594
f 594 688 595
f 595 597 596
f 595 688 597
f 597 688 687
f 597 687 689
f 597 689 598
f 598 689 599
f 599 690 601
f 599 601 600
f 599 689 683
f 599 683 788
f 599 788 691
f 599 691 692
f 599 692 690
f 601 651 602
f 601 690 693
f 601 693 652
f 602 651 649
f 604 676 694
f 604 694 695
f 604 695 696
f 604 696 697
f 604 697 698
f 604 698 605
f 605 699 606
f 605 698 699
f 606 700 607
f 606 699 701
f 606 701 702
f 606 702 703
f 606 703 704
f 606 704 700
f 607 700 705
f 607 705 608
f 608 705 609
f 609 706 610
f 609 705 707
f 609 707 708
f 609 708 709
f 609 709 710
f 609 710 706
f 610 706 711
f 610 711 712
f 610 712 611
f 611 713 612
f 611 712 714
f 611 714 715
f 611 715 716
f 611 716 717
f 611 717 713
f 612 713 718
f 612 718 719
f 612 719 720
f 612 720 613
f 613 721 614
f 613 720 721
f 614 722 615
f 614 721 720
f 614 720 723
f 614 723 724
f 614 724 722
f 615 725 616
f 615 722 725
f 616 725 617
f 617 621 620
f 617 620 618
f 617 725 722
f 617 722 726
f 617 726 727
f 617 727 728
f 617 728 621
f 619 729 626
f 619 625 730
f 619 730 731
f 619 731 729
f 621 728 622
f 622 728 732
f 622 732 733
f 622 733 734
f 622 734 623
f 623 734 735
f 623 735 624
f 624 735 625
f 625 735 730
f 626 729 736
f 626 736 737
f 626 737 738
f 626 738 739
f 626 739 627
f 627 739 738
f 627 738 740
f 627 740 741
f 627 741 628
f 628 741 629
f 629 741 742
f 629 742 743
f 629 743 631
f 629 631 630
f 631 743 744
f 631 744 632
f 632 744 743
f 632 743 745
f 632 745 633
f 633 745 638
f 633 638 634
f 634 638 635
f 638 745 746
f 638 746 639
f 639 746 747
f 639 747 640
f 640 748 642
f 640 642 641
f 640 747 749
f 640 749 750
f 640 750 751
f 640 751 748
f 642 748 643
f 643 748 752
f 643 752 753
f 643 753 754
f 643 754 644
f 644 754 755
f 644 755 756
f 644 756 648
f 644 648 645
f 648 756 758
f 648 758 753
f 648 753 757
f 649 651 650
f 652 759 653
f 652 693 760
f 652 760 761
f 652 761 759
f 653 759 654
f 654 762 655
f 654 759 762
f 655 762 659
f 655 659 763
f 655 763 658
f 655 658 656
f 657 658 763
f 657 763 659
f 659 762 671
f 660 764 765
f 660 765 674
f 660 674 661
f 660 662 766
f 660 766 764
f 662 767 766
f 662 669 768
f 662 768 767
f 665 673 769
f 665 769 666
f 666 769 667
f 667 769 770
f 667 770 771
f 667 771 772
f 667 772 668
f 668 772 669
f 669 772 773
f 669 773 768
f 671 762 774
f 671 774 672
f 672 774 673
f 673 774 775
f 673 775 769
f 674 765 677
f 675 695 694
f 675 694 676
f 675 678 776
f 675 776 777
f 675 777 778
f 675 778 695
f 677 764 779
f 677 779 780
f 677 780 678
f 677 765 764
f 678 780 767
f 678 767 781
f 678 781 782
f 678 782 776
f 679 783 784
f 679 784 785
f 679 785 786
f 679 786 681
f 679 681 680
f 681 787 792
f 681 792 691
f 681 691 788
f 681 788 682
f 681 786 787
f 682 788 683
f 683 689 684
f 684 689 687
f 684 687 685
f 685 687 686
f 690 692 793
f 690 793 789
f 690 789 790
f 690 790 791
f 690 791 693
f 691 792 692
f 692 792 886
f 692 886 793
f 693 791 794
f 693 794 760
f 695 795 796
f 695 796 696
f 695 778 795
f 696 796 797
f 696 797 798
f 696 798 799
f 696 799 697
f 697 799 800
f 697 800 698
f 698 800 801
f 698 801 802
f 698 802 699
f 699 802 801
f 699 801 701
f 700 704 707
f 700 707 705
f 701 801 803
f 701 803 804
f 701 804 805
f 701 805 806
f 701 806 807
f 701 807 808
f 701 808 810
f 701 810 710
f 701 710 709
f 701 709 702
f 702 709 708
f 702 708 703
f 703 708 707
f 703 707 704
f 706 809 711
f 706 710 809
f 710 810 811
f 710 811 812
f 710 812 813
f 710 813 814
f 710 814 809
f 711 809 712
f 712 809 815
f 712 815 714
f 713 717 716
f 713 716 718
f 714 815 816
f 714 816 817
f 714 817 818
f 714 818 819
f 714 819 715
f 715 819 818
f 715 818 820
f 715 820 716
f 716 820 821
f 716 821 822
f 716 822 823
f 716 823 718
f 718 823 824
f 718 824 825
f 718 825 719
f 719 826 720
f 719 825 824
f 719 824 827
f 719 827 828
f 719 828 829
f 719 829 826
f 720 826 723
f 722 724 830
f 722 830 831
f 722 831 727
f 722 727 726
f 723 829 832
f 723 832 724
f 723 826 829
f 724 832 830
f 727 831 833
f 727 833 834
f 727 834 728
f 728 834 732
f 729 731 835
f 729 835 736
f 730 735 836
f 730 836 837
f 730 837 838
f 730 838 731
f 731 838 835
f 732 834 839
f 732 839 733
f 733 840 841
f 733 841 734
f 733 839 840
f 734 841 735
f 735 841 836
f 736 835 842
f 736 842 843
f 736 843 737
f 737 843 738
f 738 843 845
f 738 845 844
f 738 844 740
f 740 844 845
f 740 845 846
f 740 846 741
f 741 846 847
f 741 847 746
f 741 746 745
f 741 745 742
f 742 745 743
f 746 847 848
f 746 848 849
f 746 849 747
f 747 849 850
f 747 850 851
f 747 851 749
f 748 751 752
f 749 851 852
f 749 852 853
f 749 853 854
f 749 854 750
f 750 855 751
f 750 854 757
f 750 757 855
f 751 856 752
f 751 855 757
f 751 757 856
f 752 856 757
f 752 757 753
f 753 758 755
f 753 755 754
f 755 758 756
f 757 854 857
f 759 761 858
f 759 858 762
f 760 794 761
f 761 775 774
f 761 774 858
f 761 794 859
f 761 859 775
f 762 858 774
f 764 766 779
f 766 767 779
f 767 782 781
f 767 780 779
f 767 768 860
f 767 860 782
f 768 773 860
f 769 859 861
f 769 861 770
f 769 775 859
f 770 861 955
f 770 955 862
f 770 862 771
f 771 863 772
f 771 862 864
f 771 864 863
f 772 863 773
f 773 863 865
f 773 865 866
f 773 866 867
f 773 867 860
f 776 782 777
f 777 782 860
f 777 860 778
f 778 860 867
f 778 867 868
f 778 868 869
f 778 869 870
f 778 870 871
f 778 871 872
f 778 872 873
f 778 873 874
f 778 874 796
f 778 796 795
f 783 875 876
f 783 876 877
f 783 877 878
f 783 878 879
f 783 879 880
f 783 880 881
f 783 881 784
f 784 881 882
f 784 882 785
f 785 882 883
f 785 883 884
f 785 884 885
f 785 885 787
f 785 787 786
f 787 885 886
f 787 886 792
f 789 793 894
f 789 894 887
f 789 887 888
f 789 888 790
f 790 888 889
f 790 889 791
f 791 889 890
f 791 890 985
f 791 985 891
f 791 891 892
f 791 892 794
f 793 886 893
f 793 893 894
f 794 892 895
f 794 895 859
f 796 874 873
f 796 873 797
f 797 896 798
f 797 873 896
f 798 896 897
f 798 897 799
f 799 898 899
f 799 899 900
f 799 900 800
f 799 897 901
f 799 901 898
f 800 806 805
f 800 805 804
f 800 804 803
f 800 803 801
f 800 900 902
f 800 902 903
f 800 903 807
f 800 807 806
f 807 904 905
f 807 905 906
f 807 906 808
f 807 903 904
f 808 906 1005
f 808 1005 907
f 808 907 908
f 808 908 810
f 809 814 815
f 810 908 1010
f 810 1010 909
f 810 909 811
f 811 909 910
f 811 910 911
f 811 911 912
f 811 912 815
f 811 815 812
f 812 815 813
f 813 815 814
f 815 912 913
f 815 913 914
f 815 914 915
f 815 915 916
f 815 916 917
f 815 917 816
f 816 917 916
f 816 916 918
f 816 918 817
f 817 918 919
f 817 919 920
f 817 920 921
f 817 921 818
f 818 921 922
f 818 922 923
f 818 923 924
f 818 924 820
f 820 924 925
f 820 925 822
f 820 822 821
f 822 925 926
f 822 926 927
f 822 927 928
f 822 928 823
f 823 928 929
f 823 929 824
f 824 929 828
f 824 828 827
f 828 832 829
f 828 929 832
f 830 832 930
f 830 930 931
f 830 931 833
f 830 833 831
f 832 929 930
f 833 931 834
f 834 931 932
f 834 932 840
f 834 840 839
f 835 838 842
f 836 841 933
f 836 933 837
f 837 934 847
f 837 847 935
f 837 935 838
f 837 933 936
f 837 936 934
f 838 935 937
f 838 937 842
f 840 932 938
f 840 938 939
f 840 939 940
f 840 940 841
f 841 940 941
f 841 941 933
f 842 937 845
f 842 845 843
f 845 937 942
f 845 942 846
f 846 942 937
f 846 937 935
f 846 935 847
f 847 934 848
f 848 934 936
f 848 936 943
f 848 943 849
f 849 943 944
f 849 944 945
f 849 945 946
f 849 946 947
f 849 947 1044
f 849 1044 948
f 849 948 850
f 850 948 1046
f 850 1046 949
f 850 949 950
f 850 950 851
f 851 950 951
f 851 951 952
f 851 952 852
f 852 952 853
f 853 952 953
f 853 953 954
f 853 954 854
f 854 954 857
f 859 895 861
f 861 895 955
f 862 955 956
f 862 956 957
f 862 957 864
f 863 864 958
f 863 958 865
f 864 957 959
f 864 959 958
f 865 960 866
f 865 958 961
f 865 961 962
f 865 962 963
f 865 963 960
f 866 960 964
f 866 964 869
f 866 869 868
f 866 868 867
f 869 964 870
f 870 964 871
f 871 964 965
f 871 965 873
f 871 873 872
f 873 966 967
f 873 967 901
f 873 901 897
f 873 897 896
f 873 965 968
f 873 968 966
f 875 969 876
f 876 970 971
f 876 971 877
f 876 969 970
f 877 971 972
f 877 972 973
f 877 973 993
f 877 993 974
f 877 974 975
f 877 975 878
f 878 975 879
f 879 975 880
f 880 975 976
f 880 976 977
f 880 977 882
f 880 882 881
f 882 977 978
f 882 978 883
f 883 978 884
f 884 893 886
f 884 886 885
f 884 978 976
f 884 976 979
f 884 979 893
f 887 980 888
f 887 894 972
f 887 972 981
f 887 981 980
f 888 980 982
f 888 982 1083
f 888 1083 983
f 888 983 889
f 889 983 984
f 889 984 890
f 890 984 985
f 891 985 986
f 891 986 892
f 892 986 985
f 892 985 987
f 892 987 988
f 892 988 989
f 892 989 1086
f 892 1086 990
f 892 990 991
f 892 991 895
f 893 992 894
f 893 979 993
f 893 993 973
f 893 973 992
f 894 992 972
f 895 991 994
f 895 994 995
f 895 995 955
f 898 901 996
f 898 996 899
f 899 996 997
f 899 997 900
f 900 997 998
f 900 998 902
f 901 997 996
f 901 967 997
f 902 998 997
f 902 997 999
f 902 999 1000
f 902 1000 1001
f 902 1001 903
f 903 1001 1000
f 903 1000 1002
f 903 1002 904
f 904 1002 1003
f 904 1003 905
f 905 1004 1005
f 905 1005 906
f 905 1003 1006
f 905 1006 1007
f 905 1007 1004
f 907 1005 1008
f 907 1008 1009
f 907 1009 908
f 908 1009 1010
f 909 1010 910
f 910 1011 911
f 910 1010 1012
f 910 1012 1013
f 910 1013 1011
f 911 1014 912
f 911 1011 1015
f 911 1015 1014
f 912 1015 913
f 912 1014 1015
f 913 1015 1016
f 913 1016 1017
f 913 1017 914
f 914 1017 1018
f 914 1018 1019
f 914 1019 915
f 915 1019 916
f 916 1019 919
f 916 919 918
f 919 1019 1020
f 919 1020 1021
f 919 1021 922
f 919 922 920
f 920 922 921
f 922 1021 1022
f 922 1022 924
f 922 924 923
f 924 1022 1023
f 924 1023 926
f 924 926 925
f 926 1024 1025
f 926 1025 927
f 926 1023 1026
f 926 1026 1027
f 926 1027 1024
f 927 1025 928
f 928 1025 1028
f 928 1028 1029
f 928 1029 1030
f 928 1030 929
f 929 1030 1029
f 929 1029 930
f 930 1029 931
f 931 1029 938
f 931 938 932
f 933 941 1031
f 933 1031 1032
f 933 1032 936
f 936 1032 1033
f 936 1033 1037
f 936 1037 943
f 938 1029 939
f 939 1029 1034
f 939 1034 1035
f 939 1035 1036
f 939 1036 940
f 940 1036 941
f 941 1036 1031
f 943 1037 945
f 943 945 944
f 945 1037 1038
f 945 1038 1131
f 945 1131 1039
f 945 1039 1041
f 945 1041 1040
f 945 1040 946
f 946 1040 947
f 947 1040 1041
f 947 1041 1039
f 947 1039 1042
f 947 1042 1043
f 947 1043 1044
f 948 1044 1045
f 948 1045 1046
f 949 1046 1047
f 949 1047 950
f 950 1047 1048
f 950 1048 1140
f 950 1140 1049
f 950 1049 951
f 951 1049 1050
f 951 1050 1051
f 951 1051 1052
f 951 1052 952
f 952 1052 953
f 953 1052 1053
f 953 1053 954
f 954 1054 1055
f 954 1055 1056
f 954 1056 1057
f 954 1057 1058
f 954 1058 1059
f 954 1059 1060
f 954 1060 1061
f 954 1053 1054
f 955 995 1062
f 955 1062 956
f 956 1062 1063
f 956 1063 1064
f 956 1064 1065
f 956 1065 957
f 957 1065 959
f 958 959 961
f 959 1066 961
f 959 1065 1067
f 959 1067 1152
f 959 1152 1066
f 960 963 964
f 961 1066 1068
f 961 1068 962
f 962 1068 1069
f 962 1069 963
f 963 1069 1070
f 963 1070 1071
f 963 1071 964
f 964 1071 968
f 964 968 965
f 966 1072 1073
f 966 1073 967
f 966 968 1074
f 966 1074 1075
f 966 1075 1072
f 967 1076 997
f 967 1073 1076
f 968 1071 1070
f 968 1070 1074
f 969 1077 970
f 970 1078 1163
f 970 1163 1079
f 970 1079 1080
f 970 1080 971
f 970 1077 1160
f 970 1160 1078
f 971 1080 1081
f 971 1081 981
f 971 981 972
f 972 992 973
f 974 993 979
f 974 979 975
f 975 979 976
f 976 978 977
f 980 981 982
f 981 1081 1082
f 981 1082 982
f 982 1082 1083
f 983 1083 984
f 984 1083 1084
f 984 1084 987
f 984 987 985
f 987 1084 1085
f 987 1085 988
f 988 1085 989
f 989 1085 1087
f 989 1087 1086
f 990 1086 1088
f 990 1088 1089
f 990 1089 1090
f 990 1090 991
f 991 1090 1092
f 991 1092 994
f 994 1091 995
f 994 1092 1172
f 994 1172 1091
f 995 1091 1093
f 995 1093 1062
f 997 1076 1094
f 997 1094 999
f 999 1094 1000
f 1000 1094 1002
f 1002 1094 1003
f 1003 1094 1076
f 1003 1076 1095
f 1003 1095 1006
f 1004 1008 1005
f 1004 1007 1096
f 1004 1096 1103
f 1004 1103 1008
f 1006 1097 1098
f 1006 1098 1099
f 1006 1099 1100
f 1006 1100 1007
f 1006 1095 1101
f 1006 1101 1102
f 1006 1102 1097
f 1007 1100 1096
f 1008 1103 1105
f 1008 1105 1009
f 1009 1104 1010
f 1009 1105 1187
f 1009 1187 1104
f 1010 1104 1012
f 1011 1013 1106
f 1011 1106 1016
f 1011 1016 1015
f 1012 1104 1187
f 1012 1187 1107
f 1012 1107 1194
f 1012 1194 1108
f 1012 1108 1013
f 1013 1108 1109
f 1013 1109 1106
f 1016 1106 1110
f 1016 1110 1018
f 1016 1018 1017
f 1018 1110 1111
f 1018 1111 1112
f 1018 1112 1020
f 1018 1020 1019
f 1020 1112 1021
f 1021 1112 1022
f 1022 1112 1113
f 1022 1113 1023
f 1023 1113 1114
f 1023 1114 1026
f 1024 1028 1025
f 1024 1027 1028
f 1026 1114 1115
f 1026 1115 1116
f 1026 1116 1027
f 1027 1117 1028
f 1027 1116 1117
f 1028 1117 1118
f 1028 1118 1029
f 1029 1118 1034
f 1031 1036 1119
f 1031 1119 1120
f 1031 1120 1032
f 1032 1120 1121
f 1032 1121 1033
f 1033 1121 1122
f 1033 1122 1213
f 1033 1213 1123
f 1033 1123 1124
f 1033 1124 1037
f 1034 1118 1125
f 1034 1125 1035
f 1035 1125 1126
f 1035 1126 1127
f 1035 1127 1128
f 1035 1128 1036
f 1036 1128 1129
f 1036 1129 1119
f 1037 1124 1123
f 1037 1123 1130
f 1037 1130 1131
f 1037 1131 1038
f 1039 1043 1042
f 1039 1131 1130
f 1039 1130 1132
f 1039 1132 1133
f 1039 1133 1043
f 1043 1133 1044
f 1044 1133 1045
f 1045 1134 1046
f 1045 1133 1134
f 1046 1135 1136
f 1046 1136 1047
f 1046 1134 1137
f 1046 1137 1138
f 1046 1138 1135
f 1047 1136 1048
f 1048 1136 1139
f 1048 1139 1140
f 1049 1140 1050
f 1050 1141 1059
f 1050 1059 1058
f 1050 1058 1057
f 1050 1057 1051
f 1050 1140 1141
f 1051 1057 1054
f 1051 1054 1052
f 1052 1054 1053
f 1054 1057 1056
f 1054 1056 1055
f 1059 1141 1142
f 1059 1142 1060
f 1060 1142 1143
f 1060 1143 1144
f 1060 1144 1145
f 1060 1145 1146
f 1060 1146 1061
f 1062 1093 1063
f 1063 1093 1147
f 1063 1147 1064
f 1064 1147 1148
f 1064 1148 1149
f 1064 1149 1065
f 1065 1149 1150
f 1065 1150 1151
f 1065 1151 1067
f 1066 1152 1068
f 1067 1151 1153
f 1067 1153 1152
f 1068 1152 1154
f 1068 1154 1155
f 1068 1155 1069
f 1069 1156 1070
f 1069 1155 1156
f 1070 1156 1157
f 1070 1157 1074
f 1072 1102 1073
f 1072 1075 1159
f 1072 1159 1158
f 1072 1158 1102
f 1073 1101 1076
f 1073 1102 1101
f 1074 1157 1075
f 1075 1157 1159
f 1076 1101 1095
f 1078 1161 1246
f 1078 1246 1162
f 1078 1162 1163
f 1078 1160 1164
f 1078 1164 1161
f 1079 1165 1080
f 1079 1163 1165
f 1080 1165 1166
f 1080 1166 1085
f 1080 1085 1167
f 1080 1167 1082
f 1080 1082 1081
f 1082 1167 1083
f 1083 1167 1085
f 1083 1085 1084
f 1085 1166 1087
f 1086 1087 1088
f 1087 1166 1165
f 1087 1165 1168
f 1087 1168 1088
f 1088 1168 1089
f 1089 1168 1090
f 1090 1169 1174
f 1090 1174 1092
f 1090 1168 1170
f 1090 1170 1171
f 1090 1171 1169
f 1091 1172 1257
f 1091 1257 1173
f 1091 1173 1093
f 1092 1174 1175
f 1092 1175 1172
f 1093 1173 1176
f 1093 1176 1147
f 1096 1100 1177
f 1096 1177 1178
f 1096 1178 1103
f 1097 1179 1180
f 1097 1180 1098
f 1097 1102 1179
f 1098 1181 1182
f 1098 1182 1099
f 1098 1180 1183
f 1098 1183 1181
f 1099 1184 1185
f 1099 1185 1100
f 1099 1182 1184
f 1100 1185 1186
f 1100 1186 1177
f 1102 1158 1179
f 1103 1178 1105
f 1105 1178 1188
f 1105 1188 1189
f 1105 1189 1187
f 1106 1109 1190
f 1106 1190 1191
f 1106 1191 1110
f 1107 1187 1192
f 1107 1192 1193
f 1107 1193 1194
f 1108 1194 1195
f 1108 1195 1109
f 1109 1195 1196
f 1109 1196 1190
f 1110 1191 1111
f 1111 1197 1198
f 1111 1198 1113
f 1111 1113 1112
f 1111 1191 1197
f 1113 1198 1199
f 1113 1199 1114
f 1114 1199 1200
f 1114 1200 1201
f 1114 1201 1115
f 1115 1201 1202
f 1115 1202 1116
f 1116 1202 1215
f 1116 1215 1203
f 1116 1203 1117
f 1117 1203 1118
f 1118 1203 1204
f 1118 1204 1125
f 1119 1129 1205
f 1119 1205 1206
f 1119 1206 1120
f 1120 1206 1207
f 1120 1207 1208
f 1120 1208 1121
f 1121 1208 1209
f 1121 1209 1296
f 1121 1296 1210
f 1121 1210 1122
f 1122 1210 1211
f 1122 1211 1212
f 1122 1212 1213
f 1123 1213 1214
f 1123 1214 1130
f 1125 1204 1126
f 1126 1204 1215
f 1126 1215 1216
f 1126 1216 1217
f 1126 1217 1127
f 1127 1217 1218
f 1127 1218 1128
f 1128 1218 1219
f 1128 1219 1129
f 1129 1219 1220
f 1129 1220 1205
f 1130 1214 1132
f 1132 1214 1221
f 1132 1221 1133
f 1133 1221 1144
f 1133 1144 1137
f 1133 1137 1134
f 1135 1138 1222
f 1135 1222 1223
f 1135 1223 1136
f 1136 1223 1224
f 1136 1224 1139
f 1137 1144 1225
f 1137 1225 1226
f 1137 1226 1222
f 1137 1222 1138
f 1139 1224 1141
f 1139 1141 1140
f 1141 1224 1142
f 1142 1224 1223
f 1142 1223 1226
f 1142 1226 1225
f 1142 1225 1143
f 1143 1225 1144
f 1144 1227 1145
f 1144 1221 1300
f 1144 1300 1227
f 1145 1227 1146
f 1146 1227 1228
f 1147 1176 1148
f 1148 1176 1229
f 1148 1229 1230
f 1148 1230 1231
f 1148 1231 1232
f 1148 1232 1233
f 1148 1233 1149
f 1149 1233 1150
f 1150 1233 1234
f 1150 1234 1235
f 1150 1235 1236
f 1150 1236 1151
f 1151 1236 1237
f 1151 1237 1238
f 1151 1238 1153
f 1152 1153 1238
f 1152 1238 1239
f 1152 1239 1154
f 1154 1239 1240
f 1154 1240 1155
f 1155 1240 1241
f 1155 1241 1242
f 1155 1242 1156
f 1156 1243 1157
f 1156 1242 1243
f 1157 1243 1159
f 1158 1159 1179
f 1159 1243 1244
f 1159 1244 1245
f 1159 1245 1179
f 1161 1164 1247
f 1161 1247 1246
f 1162 1248 1249
f 1162 1249 1250
f 1162 1250 1163
f 1162 1246 1343
f 1162 1343 1248
f 1163 1250 1251
f 1163 1251 1165
f 1164 1252 1247
f 1165 1251 1253
f 1165 1253 1168
f 1168 1253 1170
f 1169 1254 1174
f 1169 1171 1255
f 1169 1255 1352
f 1169 1352 1254
f 1170 1253 1171
f 1171 1253 1251
f 1171 1251 1256
f 1171 1256 1255
f 1172 1175 1257
f 1173 1257 1230
f 1173 1230 1176
f 1174 1254 1258
f 1174 1258 1259
f 1174 1259 1260
f 1174 1260 1175
f 1175 1260 1261
f 1175 1261 1262
f 1175 1262 1263
f 1175 1263 1264
f 1175 1264 1257
f 1176 1230 1229
f 1177 1186 1178
f 1178 1186 1265
f 1178 1265 1266
f 1178 1266 1188
f 1179 1245 1180
f 1180 1245 1244
f 1180 1244 1267
f 1180 1267 1183
f 1181 1268 1269
f 1181 1269 1184
f 1181 1184 1182
f 1181 1183 1270
f 1181 1270 1268
f 1183 1267 1271
f 1183 1271 1272
f 1183 1272 1270
f 1184 1269 1273
f 1184 1273 1185
f 1185 1273 1186
f 1186 1273 1265
f 1187 1189 1192
f 1188 1266 1368
f 1188 1368 1274
f 1188 1274 1275
f 1188 1275 1276
f 1188 1276 1189
f 1189 1276 1277
f 1189 1277 1192
f 1190 1196 1197
f 1190 1197 1191
f 1192 1278 1193
f 1192 1277 1278
f 1193 1278 1279
f 1193 1279 1195
f 1193 1195 1194
f 1195 1279 1280
f 1195 1280 1196
f 1196 1280 1198
f 1196 1198 1197
f 1198 1280 1281
f 1198 1281 1282
f 1198 1282 1283
f 1198 1283 1199
f 1199 1283 1284
f 1199 1284 1285
f 1199 1285 1200
f 1200 1285 1201
f 1201 1285 1286
f 1201 1286 1287
f 1201 1287 1288
f 1201 1288 1202
f 1202 1288 1215
f 1203 1215 1204
f 1205 1220 1289
f 1205 1289 1290
f 1205 1290 1206
f 1206 1290 1291
f 1206 1291 1292
f 1206 1292 1207
f 1207 1292 1395
f 1207 1395 1293
f 1207 1293 1294
f 1207 1294 1208
f 1208 1294 1295
f 1208 1295 1209
f 1209 1295 1296
f 1210 1296 1297
f 1210 1297 1211
f 1211 1297 1298
f 1211 1298 1299
f 1211 1299 1212
f 1212 1298 1300
f 1212 1300 1221
f 1212 1221 1214
f 1212 1214 1213
f 1212 1299 1298
f 1215 1288 1216
f 1216 1288 1301
f 1216 1301 1302
f 1216 1302 1217
f 1217 1302 1303
f 1217 1303 1304
f 1217 1304 1305
f 1217 1305 1218
f 1218 1305 1306
f 1218 1306 1219
f 1219 1306 1307
f 1219 1307 1308
f 1219 1308 1220
f 1220 1308 1309
f 1220 1309 1289
f 1222 1226 1223
f 1227 1300 1310
f 1227 1310 1311
f 1227 1311 1312
f 1227 1312 1228
f 1230 1257 1313
f 1230 1313 1314
f 1230 1314 1315
f 1230 1315 1231
f 1231 1315 1316
f 1231 1316 1232
f 1232 1317 1233
f 1232 1316 1318
f 1232 1318 1317
f 1233 1317 1319
f 1233 1319 1234
f 1234 1319 1317
f 1234 1317 1320
f 1234 1320 1321
f 1234 1321 1235
f 1235 1321 1322
f 1235 1322 1323
f 1235 1323 1324
f 1235 1324 1325
f 1235 1325 1326
f 1235 1326 1236
f 1236 1327 1328
f 1236 1328 1237
f 1236 1326 1327
f 1237 1328 1329
f 1237 1329 1238
f 1238 1329 1239
f 1239 1329 1330
f 1239 1330 1331
f 1239 1331 1240
f 1240 1331 1330
f 1240 1330 1332
f 1240 1332 1241
f 1241 1332 1333
f 1241 1333 1334
f 1241 1334 1335
f 1241 1335 1242
f 1242 1335 1336
f 1242 1336 1337
f 1242 1337 1338
f 1242 1338 1339
f 1242 1339 1340
f 1242 1340 1244
f 1242 1244 1243
f 1244 1341 1267
f 1244 1340 1341
f 1246 1247 1342
f 1246 1342 1343
f 1247 1252 1344
f 1247 1344 1345
f 1247 1345 1346
f 1247 1346 1342
f 1248 1347 1249
f 1248 1343 1457
f 1248 1457 1347
f 1249 1347 1348
f 1249 1348 1349
f 1249 1349 1250
f 1250 1349 1251
f 1251 1349 1256
f 1252 1350 1351
f 1252 1351 1344
f 1254 1352 1258
f 1255 1256 1352
f 1256 1349 1352
f 1257 1264 1313
f 1258 1352 1259
f 1259 1352 1353
f 1259 1353 1354
f 1259 1354 1260
f 1260 1354 1355
f 1260 1355 1356
f 1260 1356 1357
f 1260 1357 1261
f 1261 1357 1262
f 1262 1357 1358
f 1262 1358 1359
f 1262 1359 1360
f 1262 1360 1361
f 1262 1361 1362
f 1262 1362 1263
f 1263 1362 1363
f 1263 1363 1313
f 1263 1313 1264
f 1265 1364 1266
f 1265 1273 1365
f 1265 1365 1364
f 1266 1366 1367
f 1266 1367 1368
f 1266 1364 1366
f 1267 1341 1369
f 1267 1369 1370
f 1267 1370 1371
f 1267 1371 1271
f 1268 1365 1269
f 1268 1270 1365
f 1269 1365 1273
f 1270 1272 1271
f 1270 1271 1372
f 1270 1372 1365
f 1271 1371 1373
f 1271 1373 1372
f 1274 1374 1275
f 1274 1368 1375
f 1274 1375 1376
f 1274 1376 1377
f 1274 1377 1374
f 1275 1374 1378
f 1275 1378 1379
f 1275 1379 1380
f 1275 1380 1276
f 1276 1380 1277
f 1277 1380 1381
f 1277 1381 1382
f 1277 1382 1278
f 1278 1281 1280
f 1278 1280 1279
f 1278 1382 1281
f 1281 1382 1383
f 1281 1383 1384
f 1281 1384 1282
f 1282 1384 1385
f 1282 1385 1283
f 1283 1385 1386
f 1283 1386 1284
f 1284 1386 1387
f 1284 1387 1285
f 1285 1387 1286
f 1286 1388 1389
f 1286 1389 1390
f 1286 1390 1287
f 1286 1387 1388
f 1287 1390 1301
f 1287 1301 1288
f 1289 1309 1290
f 1290 1309 1391
f 1290 1391 1291
f 1291 1391 1392
f 1291 1392 1393
f 1291 1393 1394
f 1291 1394 1292
f 1292 1394 1517
f 1292 1517 1395
f 1293 1395 1518
f 1293 1518 1396
f 1293 1396 1294
f 1294 1396 1397
f 1294 1397 1398
f 1294 1398 1295
f 1295 1398 1399
f 1295 1399 1296
f 1296 1399 1297
f 1297 1399 1298
f 1298 1399 1400
f 1298 1400 1300
f 1300 1400 1310
f 1301 1401 1402
f 1301 1402 1403
f 1301 1403 1302
f 1301 1390 1401
f 1302 1403 1303
f 1303 1403 1404
f 1303 1404 1405
f 1303 1405 1304
f 1304 1405 1406
f 1304 1406 1407
f 1304 1407 1306
f 1304 1306 1305
f 1306 1407 1408
f 1306 1408 1307
f 1307 1408 1409
f 1307 1409 1410
f 1307 1410 1308
f 1308 1410 1309
f 1309 1410 1411
f 1309 1411 1412
f 1309 1412 1392
f 1309 1392 1391
f 1310 1400 1413
f 1310 1413 1414
f 1310 1414 1311
f 1311 1414 1539
f 1311 1539 1415
f 1311 1415 1416
f 1311 1416 1312
f 1313 1316 1314
f 1313 1363 1417
f 1313 1417 1418
f 1313 1418 1316
f 1314 1316 1315
f 1316 1418 1318
f 1317 1318 1419
f 1317 1419 1320
f 1318 1418 1420
f 1318 1420 1421
f 1318 1421 1422
f 1318 1422 1419
f 1320 1419 1422
f 1320 1422 1423
f 1320 1423 1424
f 1320 1424 1321
f 1321 1424 1322
f 1322 1424 1425
f 1322 1425 1426
f 1322 1426 1427
f 1322 1427 1323
f 1323 1427 1428
f 1323 1428 1429
f 1323 1429 1324
f 1324 1429 1430
f 1324 1430 1431
f 1324 1431 1326
f 1324 1326 1325
f 1326 1431 1432
f 1326 1432 1433
f 1326 1433 1328
f 1326 1328 1327
f 1328 1433 1329
f 1329 1433 1330
f 1330 1434 1332
f 1330 1433 1435
f 1330 1435 1432
f 1330 1432 1436
f 1330 1436 1437
f 1330 1437 1438
f 1330 1438 1434
f 1332 1434 1439
f 1332 1439 1333
f 1333 1440 1441
f 1333 1441 1334
f 1333 1439 1442
f 1333 1442 1443
f 1333 1443 1440
f 1334 1441 1444
f 1334 1444 1335
f 1335 1445 1336
f 1335 1444 1445
f 1336 1445 1337
f 1337 1444 1446
f 1337 1446 1447
f 1337 1447 1448
f 1337 1448 1449
f 1337 1449 1450
f 1337 1450 1451
f 1337 1451 1452
f 1337 1452 1453
f 1337 1453 1338
f 1337 1445 1444
f 1338 1453 1339
f 1339 1453 1340
f 1340 1454 1369
f 1340 1369 1341
f 1340 1453 1455
f 1340 1455 1454
f 1342 1456 1343
f 1342 1346 1456
f 1343 1456 1457
f 1344 1351 1458
f 1344 1458 1345
f 1345 1459 1460
f 1345 1460 1346
f 1345 1458 1461
f 1345 1461 1459
f 1346 1460 1456
f 1347 1457 1462
f 1347 1462 1463
f 1347 1463 1464
f 1347 1464 1348
f 1348 1464 1465
f 1348 1465 1355
f 1348 1355 1349
f 1349 1355 1354
f 1349 1354 1353
f 1349 1353 1352
f 1350 1466 1467
f 1350 1467 1468
f 1350 1468 1469
f 1350 1469 1470
f 1350 1470 1351
f 1351 1470 1594
f 1351 1594 1471
f 1351 1471 1458
f 1355 1465 1472
f 1355 1472 1356
f 1356 1473 1358
f 1356 1358 1357
f 1356 1472 1473
f 1358 1473 1474
f 1358 1474 1475
f 1358 1475 1359
f 1359 1475 1465
f 1359 1465 1476
f 1359 1476 1477
f 1359 1477 1360
f 1360 1477 1478
f 1360 1478 1479
f 1360 1479 1480
f 1360 1480 1361
f 1361 1480 1481
f 1361 1481 1417
f 1361 1417 1362
f 1362 1417 1363
f 1364 1365 1372
f 1364 1372 1373
f 1364 1373 1366
f 1366 1373 1482
f 1366 1482 1483
f 1366 1483 1484
f 1366 1484 1367
f 1367 1484 1485
f 1367 1485 1368
f 1368 1485 1375
f 1369 1454 1486
f 1369 1486 1482
f 1369 1482 1370
f 1370 1482 1371
f 1371 1482 1373
f 1374 1377 1487
f 1374 1487 1378
f 1375 1485 1488
f 1375 1488 1489
f 1375 1489 1376
f 1376 1489 1377
f 1377 1489 1490
f 1377 1490 1491
f 1377 1491 1492
f 1377 1492 1493
f 1377 1493 1487
f 1378 1487 1494
f 1378 1494 1495
f 1378 1495 1496
f 1378 1496 1497
f 1378 1497 1498
f 1378 1498 1499
f 1378 1499 1379
f 1379 1499 1500
f 1379 1500 1380
f 1380 1500 1381
f 1381 1500 1501
f 1381 1501 1502
f 1381 1502 1384
f 1381 1384 1383
f 1381 1383 1382
f 1384 1502 1385
f 1385 1502 1503
f 1385 1503 1504
f 1385 1504 1387
f 1385 1387 1386
f 1387 1504 1388
f 1388 1498 1505
f 1388 1505 1497
f 1388 1497 1506
f 1388 1506 1389
f 1388 1504 1503
f 1388 1503 1502
f 1388 1502 1500
f 1388 1500 1498
f 1389 1497 1390
f 1389 1506 1497
f 1390 1497 1507
f 1390 1507 1508
f 1390 1508 1509
f 1390 1509 1510
f 1390 1510 1511
f 1390 1511 1512
f 1390 1512 1513
f 1390 1513 1401
f 1392 1514 1515
f 1392 1515 1516
f 1392 1516 1393
f 1392 1412 1411
f 1392 1411 1514
f 1393 1516 1394
f 1394 1516 1517
f 1395 1517 1628
f 1395 1628 1518
f 1396 1518 1519
f 1396 1519 1520
f 1396 1520 1521
f 1396 1521 1397
f 1397 1521 1398
f 1398 1521 1522
f 1398 1522 1523
f 1398 1523 1399
f 1399 1524 1400
f 1399 1523 1524
f 1400 1524 1525
f 1400 1525 1413
f 1401 1513 1526
f 1401 1526 1402
f 1402 1526 1527
f 1402 1527 1528
f 1402 1528 1529
f 1402 1529 1403
f 1403 1529 1530
f 1403 1530 1404
f 1404 1530 1531
f 1404 1531 1405
f 1405 1531 1532
f 1405 1532 1533
f 1405 1533 1406
f 1406 1408 1407
f 1406 1533 1646
f 1406 1646 1534
f 1406 1534 1408
f 1408 1534 1535
f 1408 1535 1536
f 1408 1536 1537
f 1408 1537 1409
f 1409 1411 1410
f 1409 1537 1411
f 1411 1537 1514
f 1413 1525 1538
f 1413 1538 1414
f 1414 1538 1652
f 1414 1652 1539
f 1415 1539 1540
f 1415 1540 1416
f 1416 1540 1541
f 1417 1542 1418
f 1417 1481 1543
f 1417 1543 1542
f 1418 1542 1420
f 1420 1542 1544
f 1420 1544 1421
f 1421 1544 1422
f 1422 1544 1423
f 1423 1544 1545
f 1423 1545 1546
f 1423 1546 1425
f 1423 1425 1424
f 1425 1546 1547
f 1425 1547 1548
f 1425 1548 1426
f 1426 1548 1427
f 1427 1548 1549
f 1427 1549 1428
f 1428 1549 1550
f 1428 1550 1551
f 1428 1551 1552
f 1428 1552 1429
f 1429 1552 1553
f 1429 1553 1430
f 1430 1553 1431
f 1431 1553 1432
f 1432 1554 1555
f 1432 1555 1437
f 1432 1437 1436
f 1432 1435 1433
f 1432 1553 1556
f 1432 1556 1554
f 1434 1438 1439
f 1437 1555 1557
f 1437 1557 1558
f 1437 1558 1439
f 1437 1439 1438
f 1439 1558 1559
f 1439 1559 1442
f 1440 1560 1561
f 1440 1561 1444
f 1440 1444 1441
f 1440 1443 1560
f 1442 1559 1562
f 1442 1562 1443
f 1443 1562 1563
f 1443 1563 1564
f 1443 1564 1560
f 1444 1561 1565
f 1444 1565 1446
f 1446 1565 1447
f 1447 1565 1448
f 1448 1565 1449
f 1449 1566 1450
f 1449 1565 1567
f 1449 1567 1568
f 1449 1568 1569
f 1449 1569 1570
f 1449 1570 1571
f 1449 1571 1566
f 1450 1572 1451
f 1450 1566 1572
f 1451 1572 1573
f 1451 1573 1452
f 1452 1574 1575
f 1452 1575 1576
f 1452 1576 1455
f 1452 1455 1453
f 1452 1573 1577
f 1452 1577 1574
f 1454 1455 1576
f 1454 1576 1574
f 1454 1574 1486
f 1456 1578 1457
f 1456 1460 1578
f 1457 1578 1462
f 1458 1471 1595
f 1458 1595 1579
f 1458 1579 1461
f 1459 1461 1580
f 1459 1580 1581
f 1459 1581 1582
f 1459 1582 1460
f 1460 1582 1578
f 1461 1583 1580
f 1461 1579 1583
f 1462 1584 1585
f 1462 1585 1586
f 1462 1586 1463
f 1462 1578 1587
f 1462 1587 1584
f 1463 1586 1478
f 1463 1478 1588
f 1463 1588 1464
f 1464 1588 1477
f 1464 1477 1476
f 1464 1476 1465
f 1465 1475 1474
f 1465 1474 1473
f 1465 1473 1472
f 1466 1589 1467
f 1466 1590 1589
f 1467 1591 1592
f 1467 1592 1468
f 1467 1589 1593
f 1467 1593 1591
f 1468 1592 1700
f 1468 1700 1594
f 1468 1594 1470
f 1468 1470 1469
f 1471 1594 1700
f 1471 1700 1595
f 1477 1588 1478
f 1478 1586 1585
f 1478 1585 1596
f 1478 1596 1479
f 1479 1596 1480
f 1480 1596 1597
f 1480 1597 1599
f 1480 1599 1481
f 1481 1547 1598
f 1481 1598 1543
f 1481 1599 1600
f 1481 1600 1547
f 1482 1486 1483
f 1483 1574 1484
f 1483 1486 1574
f 1484 1574 1601
f 1484 1601 1485
f 1485 1601 1602
f 1485 1602 1711
f 1485 1711 1603
f 1485 1603 1604
f 1485 1604 1605
f 1485 1605 1606
f 1485 1606 1488
f 1487 1493 1607
f 1487 1607 1494
f 1488 1606 1490
f 1488 1490 1489
f 1490 1606 1605
f 1490 1605 1608
f 1490 1608 1491
f 1491 1609 1492
f 1491 1608 1610
f 1491 1610 1611
f 1491 1611 1609
f 1492 1609 1493
f 1493 1609 1607
f 1494 1607 1612
f 1494 1612 1495
f 1495 1612 1496
f 1496 1613 1497
f 1496 1612 1613
f 1497 1505 1498
f 1497 1613 1507
f 1498 1500 1499
f 1500 1502 1501
f 1507 1613 1612
f 1507 1612 1509
f 1507 1509 1508
f 1509 1612 1614
f 1509 1614 1615
f 1509 1615 1616
f 1509 1616 1617
f 1509 1617 1510
f 1510 1617 1618
f 1510 1618 1619
f 1510 1619 1511
f 1511 1619 1620
f 1511 1620 1621
f 1511 1621 1622
f 1511 1622 1623
f 1511 1623 1512
f 1512 1526 1513
f 1512 1623 1527
f 1512 1527 1526
f 1514 1537 1624
f 1514 1624 1625
f 1514 1625 1515
f 1515 1625 1742
f 1515 1742 1626
f 1515 1626 1627
f 1515 1627 1516
f 1516 1627 1517
f 1517 1627 1628
f 1518 1628 1519
f 1519 1628 1629
f 1519 1629 1520
f 1520 1629 1630
f 1520 1630 1631
f 1520 1631 1521
f 1521 1631 1632
f 1521 1632 1633
f 1521 1633 1522
f 1522 1633 1634
f 1522 1634 1523
f 1523 1634 1525
f 1523 1525 1524
f 1525 1635 1538
f 1525 1634 1633
f 1525 1633 1636
f 1525 1636 1635
f 1527 1623 1637
f 1527 1637 1638
f 1527 1638 1639
f 1527 1639 1528
f 1528 1639 1640
f 1528 1640 1641
f 1528 1641 1529
f 1529 1641 1642
f 1529 1642 1530
f 1530 1642 1531
f 1531 1642 1643
f 1531 1643 1644
f 1531 1644 1532
f 1532 1644 1645
f 1532 1645 1646
f 1532 1646 1533
f 1534 1646 1647
f 1534 1647 1648
f 1534 1648 1535
f 1535 1648 1649
f 1535 1649 1536
f 1536 1649 1650
f 1536 1650 1537
f 1537 1650 1651
f 1537 1651 1624
f 1538 1635 1754
f 1538 1754 1652
f 1539 1652 1653
f 1539 1653 1775
f 1539 1775 1654
f 1539 1654 1540
f 1540 1654 1655
f 1540 1655 1541
f 1541 1655 1656
f 1542 1543 1545
f 1542 1545 1544
f 1543 1598 1545
f 1545 1598 1546
f 1546 1598 1547
f 1547 1600 1657
f 1547 1657 1548
f 1548 1657 1658
f 1548 1658 1549
f 1549 1658 1659
f 1549 1659 1550
f 1550 1659 1660
f 1550 1660 1661
f 1550 1661 1662
f 1550 1662 1551
f 1551 1662 1552
f 1552 1662 1661
f 1552 1661 1553
f 1553 1661 1663
f 1553 1663 1556
f 1554 1557 1555
f 1554 1556 1664
f 1554 1664 1665
f 1554 1665 1557
f 1556 1663 1664
f 1557 1666 1667
f 1557 1667 1559
f 1557 1559 1558
f 1557 1665 1668
f 1557 1668 1666
f 1559 1667 1669
f 1559 1669 1562
f 1560 1564 1561
f 1561 1564 1565
f 1562 1669 1670
f 1562 1670 1563
f 1563 1671 1672
f 1563 1672 1564
f 1563 1670 1671
f 1564 1672 1565
f 1565 1672 1567
f 1566 1673 1572
f 1566 1571 1674
f 1566 1674 1673
f 1567 1672 1568
f 1568 1672 1671
f 1568 1671 1569
f 1569 1675 1570
f 1569 1671 1676
f 1569 1676 1677
f 1569 1677 1675
f 1570 1675 1571
f 1571 1678 1674
f 1571 1675 1679
f 1571 1679 1680
f 1571 1680 1678
f 1572 1681 1682
f 1572 1682 1683
f 1572 1683 1684
f 1572 1684 1573
f 1572 1673 1681
f 1573 1684 1577
f 1574 1577 1601
f 1574 1576 1575
f 1577 1684 1601
f 1578 1582 1587
f 1579 1595 1705
f 1579 1705 1685
f 1579 1685 1686
f 1579 1686 1687
f 1579 1687 1583
f 1580 1688 1689
f 1580 1689 1690
f 1580 1690 1581
f 1580 1583 1688
f 1581 1690 1582
f 1582 1691 1587
f 1582 1690 1691
f 1583 1692 1688
f 1583 1687 1692
f 1584 1587 1693
f 1584 1693 1585
f 1585 1693 1596
f 1587 1691 1694
f 1587 1694 1693
f 1589 1590 1695
f 1589 1695 1593
f 1591 1696 1592
f 1591 1593 1697
f 1591 1697 1696
f 1592 1696 1698
f 1592 1698 1699
f 1592 1699 1705
f 1592 1705 1700
f 1593 1695 1701
f 1593 1701 1702
f 1593 1702 1703
f 1593 1703 1704
f 1593 1704 1697
f 1595 1700 1705
f 1596 1693 1706
f 1596 1706 1707
f 1596 1707 1597
f 1597 1707 1708
f 1597 1708 1599
f 1599 1708 1709
f 1599 1709 1600
f 1600 1709 1782
f 1600 1782 1657
f 1601 1684 1710
f 1601 1710 1602
f 1602 1710 1711
f 1603 1711 1604
f 1604 1711 1712
f 1604 1712 1713
f 1604 1713 1714
f 1604 1714 1715
f 1604 1715 1605
f 1605 1715 1716
f 1605 1716 1608
f 1607 1609 1717
f 1607 1717 1718
f 1607 1718 1719
f 1607 1719 1612
f 1608 1720 1610
f 1608 1716 1721
f 1608 1721 1720
f 1609 1611 1722
f 1609 1722 1723
f 1609 1723 1717
f 1610 1724 1725
f 1610 1725 1726
f 1610 1726 1727
f 1610 1727 1728
f 1610 1728 1729
f 1610 1729 1611
f 1610 1720 1724
f 1611 1729 1722
f 1612 1719 1718
f 1612 1718 1730
f 1612 1730 1731
f 1612 1731 1614
f 1614 1731 1732
f 1614 1732 1615
f 1615 1732 1733
f 1615 1733 1734
f 1615 1734 1616
f 1616 1618 1617
f 1616 1734 1735
f 1616 1735 1736
f 1616 1736 1620
f 1616 1620 1618
f 1618 1620 1619
f 1620 1736 1737
f 1620 1737 1738
f 1620 1738 1739
f 1620 1739 1621
f 1621 1740 1637
f 1621 1637 1623
f 1621 1623 1622
f 1621 1739 1741
f 1621 1741 1740
f 1624 1651 1625
f 1625 1651 1742
f 1626 1742 1743
f 1626 1743 1627
f 1627 1743 1744
f 1627 1744 1628
f 1628 1744 1745
f 1628 1745 1629
f 1629 1745 1746
f 1629 1746 1747
f 1629 1747 1630
f 1630 1747 1748
f 1630 1748 1749
f 1630 1749 1631
f 1631 1749 1632
f 1632 1750 1636
f 1632 1636 1633
f 1632 1749 1750
f 1635 1636 1751
f 1635 1751 1752
f 1635 1752 1753
f 1635 1753 1754
f 1636 1750 1751
f 1637 1740 1638
f 1638 1755 1756
f 1638 1756 1639
f 1638 1740 1741
f 1638 1741 1757
f 1638 1757 1758
f 1638 1758 1759
f 1638 1759 1760
f 1638 1760 1761
f 1638 1761 1755
f 1639 1756 1640
f 1640 1756 1755
f 1640 1755 1762
f 1640 1762 1641
f 1641 1762 1763
f 1641 1763 1643
f 1641 1643 1642
f 1643 1764 1765
f 1643 1765 1766
f 1643 1766 1644
f 1643 1763 1767
f 1643 1767 1768
f 1643 1768 1764
f 1644 1766 1769
f 1644 1769 1648
f 1644 1648 1645
f 1645 1647 1646
f 1645 1648 1647
f 1648 1766 1770
f 1648 1770 1771
f 1648 1771 1649
f 1648 1769 1766
f 1649 1771 1772
f 1649 1772 1650
f 1650 1772 1773
f 1650 1773 1651
f 1651 1773 1742
f 1652 1754 1774
f 1652 1774 1653
f 1653 1774 1775
f 1654 1775 1655
f 1655 1775 1776
f 1655 1776 1777
f 1655 1777 1778
f 1655 1778 1779
f 1655 1779 1780
f 1655 1780 1656
f 1657 1781 1658
f 1657 1782 1781
f 1658 1783 1659
f 1658 1781 1783
f 1659 1783 1784
f 1659 1784 1785
f 1659 1785 1660
f 1660 1785 1786
f 1660 1786 1661
f 1661 1786 1787
f 1661 1787 1788
f 1661 1788 1789
f 1661 1789 1790
f 1661 1790 1791
f 1661 1791 1792
f 1661 1792 1664
f 1661 1664 1663
f 1664 1792 1665
f 1665 1792 1791
f 1665 1791 1668
f 1666 1668 1793
f 1666 1793 1667
f 1667 1793 1794
f 1667 1794 1669
f 1668 1791 1790
f 1668 1790 1793
f 1669 1794 1795
f 1669 1795 1670
f 1670 1676 1796
f 1670 1796 1671
f 1670 1795 1677
f 1670 1677 1676
f 1671 1796 1676
f 1673 1797 1681
f 1673 1674 1798
f 1673 1798 1799
f 1673 1799 1797
f 1674 1678 1798
f 1675 1677 1679
f 1677 1795 1800
f 1677 1800 1801
f 1677 1801 1802
f 1677 1802 1803
f 1677 1803 1679
f 1678 1804 1798
f 1678 1680 1804
f 1679 1803 1802
f 1679 1802 1805
f 1679 1805 1680
f 1680 1805 1801
f 1680 1801 1806
f 1680 1806 1807
f 1680 1807 1808
f 1680 1808 1809
f 1680 1809 1810
f 1680 1810 1804
f 1681 1797 1811
f 1681 1811 1682
f 1682 1811 1812
f 1682 1812 1683
f 1683 1812 1684
f 1684 1812 1710
f 1685 1813 1687
f 1685 1687 1686
f 1685 1705 1813
f 1687 1814 1692
f 1687 1813 1815
f 1687 1815 1816
f 1687 1816 1814
f 1688 1817 1818
f 1688 1818 1689
f 1688 1692 1817
f 1689 1818 1690
f 1690 1818 1819
f 1690 1819 1962
f 1690 1962 1820
f 1690 1820 1691
f 1691 1820 1821
f 1691 1821 1694
f 1692 1814 1822
f 1692 1822 1823
f 1692 1823 1824
f 1692 1824 1817
f 1693 1694 1706
f 1694 1821 1706
f 1696 1697 1825
f 1696 1825 1826
f 1696 1826 1827
f 1696 1827 1828
f 1696 1828 1829
f 1696 1829 1698
f 1697 1704 1825
f 1698 1829 1699
f 1699 1829 1705
f 1702 1830 1703
f 1703 1831 1704
f 1703 1830 1831
f 1704 1831 1832
f 1704 1832 1825
f 1705 1829 1833
f 1705 1833 1813
f 1706 1821 1834
f 1706 1834 1707
f 1707 1835 1708
f 1707 1834 1836
f 1707 1836 1835
f 1708 1835 1837
f 1708 1837 1838
f 1708 1838 1709
f 1709 1838 1782
f 1710 1812 1839
f 1710 1839 1711
f 1711 1839 1840
f 1711 1840 1712
f 1712 1840 1713
f 1713 1840 1841
f 1713 1841 1842
f 1713 1842 1843
f 1713 1843 1714
f 1714 1843 1844
f 1714 1844 1845
f 1714 1845 1846
f 1714 1846 1847
f 1714 1847 1715
f 1715 1847 1716
f 1716 1847 1846
f 1716 1846 1845
f 1716 1845 1844
f 1716 1844 1848
f 1716 1848 1849
f 1716 1849 1850
f 1716 1850 1721
f 1717 1723 1851
f 1717 1851 1718
f 1718 1852 1732
f 1718 1732 1731
f 1718 1731 1730
f 1718 1851 1853
f 1718 1853 1852
f 1720 1721 1724
f 1721 1726 1725
f 1721 1725 1724
f 1721 1850 1854
f 1721 1854 1855
f 1721 1855 1726
f 1722 1729 1728
f 1722 1728 1856
f 1722 1856 1723
f 1723 1856 1857
f 1723 1857 1851
f 1726 1855 1727
f 1727 1855 1854
f 1727 1854 1858
f 1727 1858 1728
f 1728 1859 1860
f 1728 1860 1856
f 1728 1858 1861
f 1728 1861 1862
f 1728 1862 1859
f 1732 1852 1863
f 1732 1863 1853
f 1732 1853 1864
f 1732 1864 1733
f 1733 1864 1865
f 1733 1865 1866
f 1733 1866 1734
f 1734 1866 1865
f 1734 1865 1735
f 1735 1867 1736
f 1735 1865 1867
f 1736 1868 1869
f 1736 1869 1737
f 1736 1867 1870
f 1736 1870 1871
f 1736 1871 1868
f 1737 1869 1738
f 1738 1869 1868
f 1738 1868 1872
f 1738 1872 1873
f 1738 1873 1874
f 1738 1874 1739
f 1739 1874 1741
f 1741 1874 1758
f 1741 1758 1757
f 1742 1773 1772
f 1742 1772 1875
f 1742 1875 1876
f 1742 1876 1743
f 1743 1876 1744
f 1744 1876 1877
f 1744 1877 1878
f 1744 1878 1745
f 1745 1878 1879
f 1745 1879 1746
f 1746 1879 1880
f 1746 1880 1881
f 1746 1881 1882
f 1746 1882 1747
f 1747 1882 1883
f 1747 1883 1748
f 1748 1883 1751
f 1748 1751 1749
f 1749 1751 1750
f 1751 1883 1752
f 1752 1883 1882
f 1752 1882 1884
f 1752 1884 1753
f 1753 1885 1774
f 1753 1774 1754
f 1753 1884 1881
f 1753 1881 1886
f 1753 1886 1885
f 1755 1763 1762
f 1755 1761 1767
f 1755 1767 1763
f 1758 1887 1760
f 1758 1760 1759
f 1758 1874 1873
f 1758 1873 1888
f 1758 1888 1889
f 1758 1889 1890
f 1758 1890 1891
f 1758 1891 1887
f 1760 1887 1892
f 1760 1892 1893
f 1760 1893 1894
f 1760 1894 1761
f 1761 1894 1895
f 1761 1895 1767
f 1764 1768 1765
f 1765 1771 1770
f 1765 1770 1766
f 1765 1768 1896
f 1765 1896 1771
f 1767 1895 1897
f 1767 1897 1768
f 1768 1897 1898
f 1768 1898 1899
f 1768 1899 1896
f 1771 1900 1772
f 1771 1896 1901
f 1771 1901 1902
f 1771 1902 1900
f 1772 1900 1875
f 1774 1903 1775
f 1774 1885 1903
f 1775 1903 1776
f 1776 1903 1904
f 1776 1904 1777
f 1777 1904 1905
f 1777 1905 1778
f 1778 1906 1907
f 1778 1907 1779
f 1778 1905 1908
f 1778 1908 1909
f 1778 1909 1906
f 1779 1907 1910
f 1779 1910 1911
f 1779 1911 1780
f 1780 1912 1913
f 1780 1913 1914
f 1780 1911 1912
f 1781 1782 1783
f 1782 1838 1837
f 1782 1837 1783
f 1783 1837 1915
f 1783 1915 1784
f 1784 1916 1785
f 1784 1915 1917
f 1784 1917 1918
f 1784 1918 1919
f 1784 1919 1920
f 1784 1920 1916
f 1785 1787 1786
f 1785 1916 1921
f 1785 1921 1922
f 1785 1922 1923
f 1785 1923 1787
f 1787 1924 1925
f 1787 1925 1788
f 1787 1923 1926
f 1787 1926 1927
f 1787 1927 1924
f 1788 1925 1928
f 1788 1928 1929
f 1788 1929 1930
f 1788 1930 1789
f 1789 1930 1790
f 1790 1931 1793
f 1790 1930 1931
f 1793 1931 1795
f 1793 1795 1794
f 1795 1931 1932
f 1795 1932 1933
f 1795 1933 1800
f 1797 1799 1934
f 1797 1934 1935
f 1797 1935 1811
f 1798 1804 1810
f 1798 1810 1809
f 1798 1809 1799
f 1799 1809 1934
f 1800 1936 1801
f 1800 1933 1937
f 1800 1937 1938
f 1800 1938 1936
f 1801 1936 1939
f 1801 1939 1940
f 1801 1940 1941
f 1801 1941 1806
f 1801 1805 1802
f 1806 1941 1942
f 1806 1942 1943
f 1806 1943 1807
f 1807 1943 1808
f 1808 1944 1945
f 1808 1945 1809
f 1808 1943 1946
f 1808 1946 1947
f 1808 1947 1944
f 1809 1945 1934
f 1811 1935 1812
f 1812 1948 1839
f 1812 1935 1949
f 1812 1949 1950
f 1812 1950 1951
f 1812 1951 1980
f 1812 1980 1952
f 1812 1952 1841
f 1812 1841 1953
f 1812 1953 1948
f 1813 1954 1816
f 1813 1816 1815
f 1813 1833 1955
f 1813 1955 1954
f 1814 1816 1956
f 1814 1956 1822
f 1816 1954 2088
f 1816 2088 1957
f 1816 1957 1958
f 1816 1958 1956
f 1817 1824 1959
f 1817 1959 1960
f 1817 1960 1818
f 1818 1960 1819
f 1819 1961 1962
f 1819 1960 1961
f 1820 1962 1821
f 1821 1962 1834
f 1822 1963 1964
f 1822 1964 1823
f 1822 1956 1965
f 1822 1965 1963
f 1823 1964 1966
f 1823 1966 1824
f 1824 1966 1967
f 1824 1967 1959
f 1825 1832 1826
f 1826 1832 1968
f 1826 1968 1969
f 1826 1969 1828
f 1826 1828 1827
f 1828 1970 2089
f 1828 2089 1955
f 1828 1955 1829
f 1828 1969 1970
f 1829 1955 1833
f 1830 1971 1972
f 1830 1972 1973
f 1830 1973 1831
f 1831 1973 1832
f 1832 1973 1968
f 1834 1962 1974
f 1834 1974 1836
f 1835 1915 1837
f 1835 1836 1975
f 1835 1975 1976
f 1835 1976 1977
f 1835 1977 1915
f 1836 1974 1978
f 1836 1978 1975
f 1839 1948 1840
f 1840 1953 1841
f 1840 1948 1953
f 1841 1979 1842
f 1841 1952 1980
f 1841 1980 1981
f 1841 1981 1979
f 1842 1979 1843
f 1843 1848 1844
f 1843 1979 1982
f 1843 1982 1983
f 1843 1983 1984
f 1843 1984 1850
f 1843 1850 1849
f 1843 1849 1848
f 1850 1985 1989
f 1850 1989 1854
f 1850 1984 1986
f 1850 1986 2119
f 1850 2119 1985
f 1851 1987 1864
f 1851 1864 1853
f 1851 1857 1988
f 1851 1988 1987
f 1852 1853 1863
f 1854 1989 1990
f 1854 1990 1858
f 1856 1991 1857
f 1856 1860 1859
f 1856 1859 1991
f 1857 1991 1859
f 1857 1859 1992
f 1857 1992 1988
f 1858 1990 1861
f 1859 1862 1993
f 1859 1993 1994
f 1859 1994 1992
f 1861 1990 1862
f 1862 1990 1995
f 1862 1995 1996
f 1862 1996 1997
f 1862 1997 1998
f 1862 1998 1993
f 1864 1987 1988
f 1864 1988 1865
f 1865 1988 1999
f 1865 1999 2000
f 1865 2000 1867
f 1867 2000 1870
f 1868 2001 1872
f 1868 1871 2001
f 1870 2002 2003
f 1870 2003 1871
f 1870 2000 2002
f 1871 2003 2004
f 1871 2004 2005
f 1871 2005 1888
f 1871 1888 2001
f 1872 1888 1873
f 1872 2001 1888
f 1875 1900 1876
f 1876 1900 2006
f 1876 2006 2007
f 1876 2007 2008
f 1876 2008 1877
f 1877 2008 2009
f 1877 2009 2010
f 1877 2010 1878
f 1878 2010 2011
f 1878 2011 2012
f 1878 2012 1879
f 1879 2012 2013
f 1879 2013 1880
f 1880 2013 2014
f 1880 2014 2015
f 1880 2015 1881
f 1881 2015 1886
f 1881 1884 1882
f 1885 1886 2015
f 1885 2015 2016
f 1885 2016 2017
f 1885 2017 1903
f 1887 1891 1892
f 1888 2005 2018
f 1888 2018 2019
f 1888 2019 1889
f 1889 2019 2020
f 1889 2020 2021
f 1889 2021 1890
f 1890 2021 2022
f 1890 2022 2023
f 1890 2023 2024
f 1890 2024 1891
f 1891 2024 1892
f 1892 2024 1893
f 1893 2024 2025
f 1893 2025 2026
f 1893 2026 1894
f 1894 2026 1895
f 1895 1898 1897
f 1895 2026 2027
f 1895 2027 2028
f 1895 2028 2029
f 1895 2029 1898
f 1896 1899 2030
f 1896 2030 2031
f 1896 2031 2032
f 1896 2032 1901
f 1898 2029 2030
f 1898 2030 1899
f 1900 1902 2033
f 1900 2033 2006
f 1901 2032 1902
f 1902 2032 2034
f 1902 2034 2033
f 1903 2017 1904
f 1904 2017 2035
f 1904 2035 1905
f 1905 2035 1908
f 1906 1909 2036
f 1906 2036 2037
f 1906 2037 2038
f 1906 2038 2039
f 1906 2039 1907
f 1907 2039 2040
f 1907 2040 2041
f 1907 2041 1910
f 1908 2035 2042
f 1908 2042 2169
f 1908 2169 2043
f 1908 2043 1909
f 1909 2043 2044
f 1909 2044 2036
f 1910 2041 2045
f 1910 2045 2046
f 1910 2046 2047
f 1910 2047 2048
f 1910 2048 1911
f 1911 2048 1912
f 1912 2049 1913
f 1912 2048 2050
f 1912 2050 2049
f 1913 2051 2052
f 1913 2052 2053
f 1913 2053 2054
f 1913 2054 1914
f 1913 2049 2051
f 1915 1977 2055
f 1915 2055 1917
f 1916 1920 2056
f 1916 2056 2057
f 1916 2057 1921
f 1917 2055 1918
f 1918 2055 2058
f 1918 2058 1919
f 1919 2056 1920
f 1919 2058 2059
f 1919 2059 2060
f 1919 2060 2056
f 1921 2057 2061
f 1921 2061 1922
f 1922 2061 2062
f 1922 2062 2063
f 1922 2063 1923
f 1923 2063 1926
f 1924 1927 2064
f 1924 2064 2065
f 1924 2065 2066
f 1924 2066 1925
f 1925 2066 2067
f 1925 2067 1928
f 1926 2063 2068
f 1926 2068 2069
f 1926 2069 1927
f 1927 2069 2064
f 1928 2067 2070
f 1928 2070 1931
f 1928 1931 1930
f 1928 1930 1929
f 1931 2070 2071
f 1931 2071 1932
f 1932 2071 2072
f 1932 2072 1933
f 1933 2072 1937
f 1934 1945 1949
f 1934 1949 1935
f 1936 1938 2073
f 1936 2073 1939
f 1937 2072 1938
f 1938 2072 2074
f 1938 2074 2073
f 1939 2073 2075
f 1939 2075 1940
f 1940 2075 2206
f 1940 2206 2076
f 1940 2076 2077
f 1940 2077 1941
f 1941 2077 2078
f 1941 2078 2079
f 1941 2079 1942
f 1942 2079 1943
f 1943 2079 1946
f 1944 1947 2080
f 1944 2080 1980
f 1944 1980 2081
f 1944 2081 1951
f 1944 1951 1950
f 1944 1950 1945
f 1945 1950 1949
f 1946 2079 2082
f 1946 2082 2083
f 1946 2083 2084
f 1946 2084 2085
f 1946 2085 2086
f 1946 2086 2087
f 1946 2087 2080
f 1946 2080 1947
f 1951 2081 1980
f 1954 1955 2089
f 1954 2089 2088
f 1956 1958 2090
f 1956 2090 1965
f 1957 2088 2091
f 1957 2091 1958
f 1958 2091 2092
f 1958 2092 2090
f 1959 2093 2094
f 1959 2094 2095
f 1959 2095 1960
f 1959 1967 2093
f 1960 2095 2096
f 1960 2096 1961
f 1961 2096 1974
f 1961 1974 1962
f 1963 1965 2097
f 1963 2097 2098
f 1963 2098 1964
f 1964 2098 2099
f 1964 2099 2100
f 1964 2100 1966
f 1965 2090 2101
f 1965 2101 2102
f 1965 2102 2097
f 1966 2100 2093
f 1966 2093 1967
f 1968 2103 1969
f 1968 1973 2104
f 1968 2104 2103
f 1969 2103 2105
f 1969 2105 1970
f 1970 2106 2089
f 1970 2105 2106
f 1971 2107 1972
f 1972 2107 2108
f 1972 2108 2109
f 1972 2109 2110
f 1972 2110 2111
f 1972 2111 2104
f 1972 2104 1973
f 1974 2096 1978
f 1975 1978 1976
f 1976 2112 2113
f 1976 2113 2055
f 1976 2055 1977
f 1976 1978 2112
f 1978 2096 2114
f 1978 2114 2112
f 1979 1981 1982
f 1980 2080 2115
f 1980 2115 2116
f 1980 2116 1981
f 1981 2116 2086
f 1981 2086 1986
f 1981 1986 2117
f 1981 2117 2118
f 1981 2118 1984
f 1981 1984 1983
f 1981 1983 1982
f 1984 2118 2117
f 1984 2117 1986
f 1985 2119 2120
f 1985 2120 1989
f 1986 2086 2119
f 1988 1992 1999
f 1989 2120 2121
f 1989 2121 2122
f 1989 2122 2123
f 1989 2123 1990
f 1990 2123 2124
f 1990 2124 1995
f 1992 1994 2125
f 1992 2125 2000
f 1992 2000 1999
f 1993 1998 1994
f 1994 1998 2126
f 1994 2126 2002
f 1994 2002 2125
f 1995 2124 1996
f 1996 2124 2127
f 1996 2127 1997
f 1997 2127 1998
f 1998 2127 2128
f 1998 2128 2126
f 2000 2125 2129
f 2000 2129 2002
f 2002 2126 2130
f 2002 2130 2128
f 2002 2128 2131
f 2002 2131 2132
f 2002 2132 2003
f 2002 2129 2125
f 2003 2132 2004
f 2004 2132 2131
f 2004 2131 2005
f 2005 2131 2133
f 2005 2133 2018
f 2006 2033 2007
f 2007 2033 2034
f 2007 2034 2134
f 2007 2134 2009
f 2007 2009 2008
f 2009 2135 2136
f 2009 2136 2011
f 2009 2011 2010
f 2009 2134 2137
f 2009 2137 2135
f 2011 2136 2013
f 2011 2013 2012
f 2013 2136 2138
f 2013 2138 2139
f 2013 2139 2014
f 2014 2139 2140
f 2014 2140 2015
f 2015 2140 2016
f 2016 2140 2141
f 2016 2141 2017
f 2017 2141 2035
f 2018 2133 2020
f 2018 2020 2019
f 2020 2142 2268
f 2020 2268 2143
f 2020 2143 2144
f 2020 2144 2021
f 2020 2133 2142
f 2021 2144 2145
f 2021 2145 2022
f 2022 2024 2023
f 2022 2145 2146
f 2022 2146 2147
f 2022 2147 2148
f 2022 2148 2149
f 2022 2149 2150
f 2022 2150 2151
f 2022 2151 2024
f 2024 2151 2025
f 2025 2151 2152
f 2025 2152 2026
f 2026 2152 2027
f 2027 2152 2153
f 2027 2153 2028
f 2028 2153 2154
f 2028 2154 2029
f 2029 2154 2155
f 2029 2155 2030
f 2030 2155 2031
f 2031 2155 2156
f 2031 2156 2032
f 2032 2156 2157
f 2032 2157 2034
f 2034 2158 2134
f 2034 2157 2158
f 2035 2141 2042
f 2036 2044 2037
f 2037 2044 2159
f 2037 2159 2160
f 2037 2160 2038
f 2038 2161 2039
f 2038 2160 2162
f 2038 2162 2161
f 2039 2163 2164
f 2039 2164 2040
f 2039 2161 2163
f 2040 2165 2166
f 2040 2166 2041
f 2040 2164 2165
f 2041 2166 2167
f 2041 2167 2045
f 2042 2141 2168
f 2042 2168 2169
f 2043 2169 2044
f 2044 2169 2170
f 2044 2170 2159
f 2045 2167 2046
f 2046 2171 2047
f 2046 2167 2172
f 2046 2172 2173
f 2046 2173 2174
f 2046 2174 2175
f 2046 2175 2171
f 2047 2171 2050
f 2047 2050 2048
f 2049 2175 2051
f 2049 2050 2171
f 2049 2171 2175
f 2051 2176 2177
f 2051 2177 2052
f 2051 2175 2176
f 2052 2178 2053
f 2052 2177 2179
f 2052 2179 2180
f 2052 2180 2181
f 2052 2181 2182
f 2052 2182 2178
f 2053 2178 2054
f 2055 2113 2058
f 2056 2060 2183
f 2056 2183 2184
f 2056 2184 2057
f 2057 2184 2061
f 2058 2113 2059
f 2059 2185 2186
f 2059 2186 2187
f 2059 2187 2188
f 2059 2188 2060
f 2059 2113 2185
f 2060 2188 2189
f 2060 2189 2183
f 2061 2190 2062
f 2061 2184 2191
f 2061 2191 2190
f 2062 2190 2063
f 2063 2190 2068
f 2064 2192 2193
f 2064 2193 2065
f 2064 2069 2194
f 2064 2194 2192
f 2065 2193 2066
f 2066 2193 2195
f 2066 2195 2067
f 2067 2196 2197
f 2067 2197 2071
f 2067 2071 2070
f 2067 2195 2198
f 2067 2198 2199
f 2067 2199 2196
f 2068 2190 2200
f 2068 2200 2191
f 2068 2191 2201
f 2068 2201 2202
f 2068 2202 2203
f 2068 2203 2069
f 2069 2203 2204
f 2069 2204 2192
f 2069 2192 2194
f 2071 2197 2072
f 2072 2197 2074
f 2073 2074 2205
f 2073 2205 2206
f 2073 2206 2075
f 2074 2197 2196
f 2074 2196 2207
f 2074 2207 2208
f 2074 2208 2205
f 2076 2206 2209
f 2076 2209 2210
f 2076 2210 2211
f 2076 2211 2077
f 2077 2211 2083
f 2077 2083 2078
f 2078 2083 2079
f 2079 2083 2082
f 2080 2087 2115
f 2083 2211 2210
f 2083 2210 2084
f 2084 2210 2212
f 2084 2212 2213
f 2084 2213 2214
f 2084 2214 2085
f 2085 2214 2215
f 2085 2215 2086
f 2086 2116 2087
f 2086 2215 2214
f 2086 2214 2216
f 2086 2216 2217
f 2086 2217 2119
f 2087 2116 2115
f 2088 2089 2091
f 2089 2106 2218
f 2089 2218 2091
f 2090 2092 2219
f 2090 2219 2101
f 2091 2218 2220
f 2091 2220 2092
f 2092 2220 2221
f 2092 2221 2219
f 2093 2100 2187
f 2093 2187 2186
f 2093 2186 2094
f 2094 2186 2185
f 2094 2185 2222
f 2094 2222 2095
f 2095 2222 2185
f 2095 2185 2114
f 2095 2114 2096
f 2097 2223 2224
f 2097 2224 2201
f 2097 2201 2191
f 2097 2191 2225
f 2097 2225 2098
f 2097 2102 2223
f 2098 2225 2099
f 2099 2225 2226
f 2099 2226 2100
f 2100 2226 2227
f 2100 2227 2189
f 2100 2189 2188
f 2100 2188 2187
f 2101 2228 2102
f 2101 2219 2229
f 2101 2229 2230
f 2101 2230 2231
f 2101 2231 2232
f 2101 2232 2233
f 2101 2233 2234
f 2101 2234 2235
f 2101 2235 2228
f 2102 2228 2223
f 2103 2104 2236
f 2103 2236 2237
f 2103 2237 2238
f 2103 2238 2239
f 2103 2239 2105
f 2104 2240 2236
f 2104 2111 2240
f 2105 2239 2241
f 2105 2241 2220
f 2105 2220 2106
f 2106 2220 2218
f 2108 2242 2109
f 2109 2242 2243
f 2109 2243 2244
f 2109 2244 2110
f 2110 2245 2111
f 2110 2244 2245
f 2111 2245 2246
f 2111 2246 2247
f 2111 2247 2240
f 2112 2114 2113
f 2113 2114 2185
f 2119 2217 2248
f 2119 2248 2249
f 2119 2249 2250
f 2119 2250 2120
f 2120 2250 2121
f 2121 2250 2249
f 2121 2249 2251
f 2121 2251 2122
f 2122 2252 2363
f 2122 2363 2253
f 2122 2253 2124
f 2122 2124 2123
f 2122 2251 2252
f 2124 2254 2127
f 2124 2253 2255
f 2124 2255 2256
f 2124 2256 2254
f 2126 2128 2130
f 2127 2254 2257
f 2127 2257 2128
f 2128 2257 2258
f 2128 2258 2259
f 2128 2259 2260
f 2128 2260 2131
f 2131 2260 2133
f 2133 2260 2259
f 2133 2259 2142
f 2134 2157 2261
f 2134 2261 2262
f 2134 2262 2263
f 2134 2263 2137
f 2134 2158 2157
f 2135 2137 2136
f 2136 2137 2264
f 2136 2264 2265
f 2136 2265 2138
f 2137 2263 2266
f 2137 2266 2264
f 2138 2265 2139
f 2139 2265 2267
f 2139 2267 2168
f 2139 2168 2140
f 2140 2168 2141
f 2142 2259 2268
f 2143 2268 2269
f 2143 2269 2270
f 2143 2270 2144
f 2144 2270 2145
f 2145 2270 2271
f 2145 2271 2146
f 2146 2271 2272
f 2146 2272 2147
f 2147 2272 2273
f 2147 2273 2274
f 2147 2274 2275
f 2147 2275 2149
f 2147 2149 2148
f 2149 2276 2277
f 2149 2277 2151
f 2149 2151 2150
f 2149 2275 2278
f 2149 2278 2276
f 2151 2277 2152
f 2152 2277 2279
f 2152 2279 2153
f 2153 2279 2280
f 2153 2280 2154
f 2154 2280 2155
f 2155 2280 2156
f 2156 2280 2281
f 2156 2281 2282
f 2156 2282 2283
f 2156 2283 2157
f 2157 2283 2261
f 2159 2284 2160
f 2159 2170 2285
f 2159 2285 2286
f 2159 2286 2287
f 2159 2287 2284
f 2160 2284 2288
f 2160 2288 2162
f 2161 2289 2290
f 2161 2290 2163
f 2161 2162 2288
f 2161 2288 2291
f 2161 2291 2289
f 2163 2290 2164
f 2164 2290 2292
f 2164 2292 2293
f 2164 2293 2165
f 2165 2293 2294
f 2165 2294 2166
f 2166 2294 2295
f 2166 2295 2296
f 2166 2296 2167
f 2167 2296 2297
f 2167 2297 2172
f 2168 2267 2169
f 2169 2267 2170
f 2170 2267 2265
f 2170 2265 2285
f 2172 2297 2298
f 2172 2298 2173
f 2173 2298 2176
f 2173 2176 2174
f 2174 2176 2175
f 2176 2298 2299
f 2176 2299 2177
f 2177 2299 2300
f 2177 2300 2301
f 2177 2301 2179
f 2179 2301 2300
f 2179 2300 2302
f 2179 2302 2303
f 2179 2303 2181
f 2179 2181 2180
f 2181 2303 2304
f 2181 2304 2305
f 2181 2305 2306
f 2181 2306 2307
f 2181 2307 2308
f 2181 2308 2182
f 2183 2189 2227
f 2183 2227 2184
f 2184 2227 2225
f 2184 2225 2191
f 2190 2191 2200
f 2192 2309 2198
f 2192 2198 2195
f 2192 2195 2193
f 2192 2204 2310
f 2192 2310 2311
f 2192 2311 2312
f 2192 2312 2309
f 2196 2199 2207
f 2198 2309 2199
f 2199 2309 2313
f 2199 2313 2314
f 2199 2314 2207
f 2201 2224 2223
f 2201 2223 2202
f 2202 2223 2235
f 2202 2235 2203
f 2203 2235 2315
f 2203 2315 2204
f 2204 2316 2310
f 2204 2315 2316
f 2205 2208 2317
f 2205 2317 2206
f 2206 2317 2318
f 2206 2318 2209
f 2207 2314 2208
f 2208 2319 2320
f 2208 2320 2321
f 2208 2321 2322
f 2208 2322 2317
f 2208 2314 2313
f 2208 2313 2309
f 2208 2309 2323
f 2208 2323 2324
f 2208 2324 2325
f 2208 2325 2319
f 2209 2318 2210
f 2210 2318 2212
f 2212 2318 2326
f 2212 2326 2213
f 2213 2326 2327
f 2213 2327 2216
f 2213 2216 2214
f 2216 2327 2328
f 2216 2328 2329
f 2216 2329 2330
f 2216 2330 2331
f 2216 2331 2332
f 2216 2332 2333
f 2216 2333 2334
f 2216 2334 2335
f 2216 2335 2217
f 2217 2335 2336
f 2217 2336 2337
f 2217 2337 2248
f 2219 2221 2229
f 2220 2241 2221
f 2221 2241 2239
f 2221 2239 2338
f 2221 2338 2229
f 2223 2228 2235
f 2225 2227 2226
f 2229 2338 2353
f 2229 2353 2339
f 2229 2339 2230
f 2230 2339 2340
f 2230 2340 2341
f 2230 2341 2231
f 2231 2342 2343
f 2231 2343 2344
f 2231 2344 2345
f 2231 2345 2346
f 2231 2346 2232
f 2231 2341 2347
f 2231 2347 2348
f 2231 2348 2342
f 2232 2346 2233
f 2233 2346 2234
f 2234 2349 2350
f 2234 2350 2351
f 2234 2351 2315
f 2234 2315 2235
f 2234 2346 2349
f 2236 2240 2352
f 2236 2352 2237
f 2237 2352 2239
f 2237 2239 2238
f 2239 2353 2338
f 2239 2352 2354
f 2239 2354 2353
f 2240 2247 2352
f 2243 2355 2356
f 2243 2356 2244
f 2244 2356 2357
f 2244 2357 2358
f 2244 2358 2359
f 2244 2359 2245
f 2245 2359 2360
f 2245 2360 2361
f 2245 2361 2362
f 2245 2362 2352
f 2245 2352 2246
f 2246 2352 2247
f 2248 2363 2252
f 2248 2252 2251
f 2248 2251 2249
f 2248 2337 2364
f 2248 2364 2363
f 2253 2363 2364
f 2253 2364 2365
f 2253 2365 2255
f 2254 2256 2366
f 2254 2366 2257
f 2255 2365 2367
f 2255 2367 2256
f 2256 2367 2368
f 2256 2368 2369
f 2256 2369 2370
f 2256 2370 2371
f 2256 2371 2372
f 2256 2372 2366
f 2257 2373 2258
f 2257 2366 2372
f 2257 2372 2374
f 2257 2374 2375
f 2257 2375 2376
f 2257 2376 2373
f 2258 2373 2259
f 2259 2373 2268
f 2261 2283 2282
f 2261 2282 2377
f 2261 2377 2378
f 2261 2378 2379
f 2261 2379 2262
f 2262 2379 2380
f 2262 2380 2263
f 2263 2380 2266
f 2264 2266 2381
f 2264 2381 2265
f 2265 2381 2285
f 2266 2380 2286
f 2266 2286 2381
f 2268 2373 2376
f 2268 2376 2269
f 2269 2376 2270
f 2270 2376 2271
f 2271 2375 2382
f 2271 2382 2383
f 2271 2383 2384
f 2271 2384 2385
f 2271 2385 2273
f 2271 2273 2272
f 2271 2376 2375
f 2273 2386 2274
f 2273 2385 2386
f 2274 2387 2275
f 2274 2386 2388
f 2274 2388 2389
f 2274 2389 2390
f 2274 2390 2391
f 2274 2391 2387
f 2275 2387 2278
f 2276 2392 2277
f 2276 2278 2393
f 2276 2393 2394
f 2276 2394 2392
f 2277 2392 2395
f 2277 2395 2279
f 2278 2387 2396
f 2278 2396 2397
f 2278 2397 2393
f 2279 2395 2281
f 2279 2281 2280
f 2281 2395 2398
f 2281 2398 2399
f 2281 2399 2400
f 2281 2400 2282
f 2282 2401 2377
f 2282 2400 2402
f 2282 2402 2403
f 2282 2403 2401
f 2284 2404 2288
f 2284 2287 2286
f 2284 2286 2405
f 2284 2405 2404
f 2285 2381 2286
f 2286 2380 2406
f 2286 2406 2405
f 2288 2404 2291
f 2289 2407 2292
f 2289 2292 2290
f 2289 2291 2408
f 2289 2408 2409
f 2289 2409 2410
f 2289 2410 2407
f 2291 2404 2408
f 2292 2411 2293
f 2292 2407 2411
f 2293 2412 2294
f 2293 2411 2412
f 2294 2413 2414
f 2294 2414 2415
f 2294 2415 2416
f 2294 2416 2295
f 2294 2412 2413
f 2295 2416 2532
f 2295 2532 2417
f 2295 2417 2297
f 2295 2297 2296
f 2297 2417 2418
f 2297 2418 2298
f 2298 2418 2419
f 2298 2419 2420
f 2298 2420 2302
f 2298 2302 2300
f 2298 2300 2299
f 2302 2420 2421
f 2302 2421 2422
f 2302 2422 2303
f 2303 2422 2304
f 2304 2306 2305
f 2304 2422 2423
f 2304 2423 2424
f 2304 2424 2425
f 2304 2425 2426
f 2304 2426 2427
f 2304 2427 2306
f 2309 2312 2323
f 2310 2316 2311
f 2311 2316 2428
f 2311 2428 2312
f 2312 2428 2323
f 2315 2351 2428
f 2315 2428 2316
f 2317 2326 2318
f 2317 2322 2429
f 2317 2429 2326
f 2319 2430 2431
f 2319 2431 2320
f 2319 2325 2430
f 2320 2432 2321
f 2320 2431 2432
f 2321 2433 2322
f 2321 2432 2434
f 2321 2434 2433
f 2322 2433 2429
f 2323 2428 2435
f 2323 2435 2325
f 2323 2325 2324
f 2325 2435 2436
f 2325 2436 2345
f 2325 2345 2437
f 2325 2437 2438
f 2325 2438 2439
f 2325 2439 2430
f 2326 2440 2441
f 2326 2441 2328
f 2326 2328 2327
f 2326 2429 2440
f 2328 2442 2329
f 2328 2441 2429
f 2328 2429 2443
f 2328 2443 2444
f 2328 2444 2445
f 2328 2445 2446
f 2328 2446 2447
f 2328 2447 2448
f 2328 2448 2442
f 2329 2442 2449
f 2329 2449 2330
f 2330 2449 2331
f 2331 2450 2451
f 2331 2451 2452
f 2331 2452 2332
f 2331 2449 2450
f 2332 2452 2333
f 2333 2453 2334
f 2333 2452 2454
f 2333 2454 2455
f 2333 2455 2453
f 2334 2453 2335
f 2335 2453 2456
f 2335 2456 2336
f 2336 2365 2337
f 2336 2456 2457
f 2336 2457 2365
f 2337 2365 2364
f 2339 2353 2340
f 2340 2353 2458
f 2340 2458 2341
f 2341 2458 2347
f 2342 2348 2343
f 2343 2348 2459
f 2343 2459 2460
f 2343 2460 2461
f 2343 2461 2462
f 2343 2462 2344
f 2344 2462 2345
f 2345 2462 2463
f 2345 2463 2437
f 2345 2436 2346
f 2346 2436 2349
f 2347 2464 2348
f 2347 2458 2465
f 2347 2465 2466
f 2347 2466 2464
f 2348 2467 2468
f 2348 2468 2459
f 2348 2464 2469
f 2348 2469 2470
f 2348 2470 2467
f 2349 2436 2350
f 2350 2436 2471
f 2350 2471 2351
f 2351 2471 2428
f 2352 2362 2361
f 2352 2361 2472
f 2352 2472 2354
f 2353 2354 2473
f 2353 2473 2474
f 2353 2474 2458
f 2354 2472 2475
f 2354 2475 2359
f 2354 2359 2476
f 2354 2476 2477
f 2354 2477 2478
f 2354 2478 2479
f 2354 2479 2480
f 2354 2480 2473
f 2355 2357 2356
f 2355 2481 2357
f 2357 2481 2358
f 2358 2482 2483
f 2358 2483 2484
f 2358 2484 2359
f 2358 2481 2485
f 2358 2485 2482
f 2359 2475 2360
f 2359 2484 2483
f 2359 2483 2486
f 2359 2486 2476
f 2360 2475 2472
f 2360 2472 2361
f 2365 2457 2367
f 2367 2457 2368
f 2368 2457 2487
f 2368 2487 2488
f 2368 2488 2369
f 2369 2487 2489
f 2369 2489 2490
f 2369 2490 2491
f 2369 2491 2492
f 2369 2492 2493
f 2369 2493 2494
f 2369 2494 2370
f 2369 2488 2487
f 2370 2495 2372
f 2370 2372 2371
f 2370 2494 2495
f 2372 2495 2374
f 2374 2495 2496
f 2374 2496 2375
f 2375 2496 2497
f 2375 2497 2383
f 2375 2383 2382
f 2377 2401 2378
f 2378 2401 2498
f 2378 2498 2499
f 2378 2499 2379
f 2379 2499 2500
f 2379 2500 2380
f 2380 2500 2501
f 2380 2501 2502
f 2380 2502 2406
f 2383 2497 2503
f 2383 2503 2504
f 2383 2504 2505
f 2383 2505 2384
f 2384 2388 2386
f 2384 2386 2385
f 2384 2505 2388
f 2387 2506 2507
f 2387 2507 2396
f 2387 2391 2508
f 2387 2508 2506
f 2388 2505 2509
f 2388 2509 2389
f 2389 2509 2391
f 2389 2391 2390
f 2391 2509 2508
f 2392 2394 2510
f 2392 2510 2511
f 2392 2511 2395
f 2393 2397 2512
f 2393 2512 2513
f 2393 2513 2514
f 2393 2514 2510
f 2393 2510 2394
f 2395 2511 2515
f 2395 2515 2398
f 2396 2507 2516
f 2396 2516 2517
f 2396 2517 2512
f 2396 2512 2397
f 2398 2515 2399
f 2399 2515 2400
f 2400 2515 2402
f 2401 2403 2518
f 2401 2518 2498
f 2402 2515 2403
f 2403 2519 2520
f 2403 2520 2412
f 2403 2412 2411
f 2403 2411 2522
f 2403 2522 2518
f 2403 2515 2519
f 2404 2405 2408
f 2405 2406 2502
f 2405 2502 2409
f 2405 2409 2408
f 2407 2410 2521
f 2407 2521 2522
f 2407 2522 2411
f 2409 2502 2523
f 2409 2523 2500
f 2409 2500 2499
f 2409 2499 2521
f 2409 2521 2410
f 2412 2520 2524
f 2412 2524 2525
f 2412 2525 2413
f 2413 2525 2526
f 2413 2526 2414
f 2414 2526 2527
f 2414 2527 2528
f 2414 2528 2529
f 2414 2529 2530
f 2414 2530 2415
f 2415 2530 2416
f 2416 2530 2531
f 2416 2531 2532
f 2417 2532 2418
f 2418 2532 2534
f 2418 2534 2419
f 2419 2533 2421
f 2419 2421 2420
f 2419 2534 2535
f 2419 2535 2536
f 2419 2536 2533
f 2421 2533 2537
f 2421 2537 2423
f 2421 2423 2422
f 2423 2537 2536
f 2423 2536 2538
f 2423 2538 2424
f 2424 2539 2540
f 2424 2540 2425
f 2424 2538 2541
f 2424 2541 2539
f 2425 2540 2542
f 2425 2542 2426
f 2426 2542 2427
f 2428 2471 2435
f 2429 2433 2443
f 2429 2441 2440
f 2430 2439 2543
f 2430 2543 2431
f 2431 2543 2544
f 2431 2544 2545
f 2431 2545 2432
f 2432 2546 2434
f 2432 2545 2546
f 2433 2434 2547
f 2433 2547 2548
f 2433 2548 2549
f 2433 2549 2550
f 2433 2550 2443
f 2434 2546 2548
f 2434 2548 2547
f 2435 2471 2436
f 2437 2463 2551
f 2437 2551 2438
f 2438 2551 2543
f 2438 2543 2439
f 2442 2448 2552
f 2442 2552 2449
f 2443 2550 2444
f 2444 2550 2548
f 2444 2548 2445
f 2445 2548 2446
f 2446 2548 2553
f 2446 2553 2554
f 2446 2554 2555
f 2446 2555 2556
f 2446 2556 2447
f 2447 2556 2448
f 2448 2556 2557
f 2448 2557 2552
f 2449 2552 2558
f 2449 2558 2559
f 2449 2559 2450
f 2450 2559 2451
f 2451 2559 2560
f 2451 2560 2561
f 2451 2561 2562
f 2451 2562 2454
f 2451 2454 2452
f 2453 2563 2564
f 2453 2564 2456
f 2453 2455 2562
f 2453 2562 2565
f 2453 2565 2566
f 2453 2566 2563
f 2454 2562 2455
f 2456 2567 2457
f 2456 2564 2568
f 2456 2568 2569
f 2456 2569 2567
f 2457 2567 2487
f 2458 2474 2465
f 2459 2468 2460
f 2460 2468 2570
f 2460 2570 2571
f 2460 2571 2461
f 2461 2551 2462
f 2461 2571 2572
f 2461 2572 2573
f 2461 2573 2544
f 2461 2544 2543
f 2461 2543 2551
f 2462 2551 2463
f 2464 2466 2469
f 2465 2474 2473
f 2465 2473 2466
f 2466 2473 2480
f 2466 2480 2574
f 2466 2574 2575
f 2466 2575 2469
f 2467 2470 2468
f 2468 2470 2576
f 2468 2576 2577
f 2468 2577 2578
f 2468 2578 2570
f 2469 2575 2579
f 2469 2579 2470
f 2470 2579 2580
f 2470 2580 2581
f 2470 2581 2576
f 2476 2486 2582
f 2476 2582 2583
f 2476 2583 2477
f 2477 2584 2478
f 2477 2583 2585
f 2477 2585 2586
f 2477 2586 2584
f 2478 2584 2587
f 2478 2587 2479
f 2479 2587 2588
f 2479 2588 2589
f 2479 2589 2590
f 2479 2590 2591
f 2479 2591 2480
f 2480 2591 2592
f 2480 2592 2593
f 2480 2593 2579
f 2480 2579 2574
f 2482 2485 2594
f 2482 2594 2483
f 2483 2595 2582
f 2483 2582 2486
f 2483 2594 2596
f 2483 2596 2597
f 2483 2597 2598
f 2483 2598 2595
f 2487 2567 2599
f 2487 2599 2600
f 2487 2600 2601
f 2487 2601 2602
f 2487 2602 2603
f 2487 2603 2489
f 2489 2603 2490
f 2490 2603 2491
f 2491 2603 2604
f 2491 2604 2492
f 2492 2604 2605
f 2492 2605 2493
f 2493 2606 2494
f 2493 2605 2607
f 2493 2607 2606
f 2494 2606 2495
f 2495 2606 2608
f 2495 2608 2609
f 2495 2609 2610
f 2495 2610 2496
f 2496 2610 2609
f 2496 2609 2611
f 2496 2611 2504
f 2496 2504 2612
f 2496 2612 2497
f 2497 2612 2503
f 2498 2518 2522
f 2498 2522 2521
f 2498 2521 2499
f 2500 2523 2501
f 2501 2523 2502
f 2503 2612 2504
f 2504 2611 2613
f 2504 2613 2614
f 2504 2614 2505
f 2505 2614 2615
f 2505 2615 2509
f 2506 2508 2616
f 2506 2616 2507
f 2507 2616 2508
f 2507 2508 2516
f 2508 2617 2618
f 2508 2618 2517
f 2508 2517 2516
f 2508 2509 2617
f 2509 2615 2619
f 2509 2619 2617
f 2510 2514 2620
f 2510 2620 2621
f 2510 2621 2526
f 2510 2526 2524
f 2510 2524 2511
f 2511 2524 2515
f 2512 2517 2620
f 2512 2620 2513
f 2513 2620 2514
f 2515 2524 2519
f 2517 2618 2622
f 2517 2622 2623
f 2517 2623 2624
f 2517 2624 2620
f 2519 2524 2520
f 2524 2526 2525
f 2526 2625 2527
f 2526 2621 2620
f 2526 2620 2625
f 2527 2625 2626
f 2527 2626 2528
f 2528 2626 2624
f 2528 2624 2623
f 2528 2623 2627
f 2528 2627 2628
f 2528 2628 2629
f 2528 2629 2630
f 2528 2630 2529
f 2529 2630 2631
f 2529 2631 2632
f 2529 2632 2530
f 2530 2632 2634
f 2530 2634 2633
f 2530 2633 2531
f 2531 2633 2535
f 2531 2535 2532
f 2532 2535 2534
f 2533 2536 2537
f 2535 2633 2536
f 2536 2634 2635
f 2536 2635 2636
f 2536 2636 2538
f 2536 2633 2634
f 2538 2637 2541
f 2538 2636 2638
f 2538 2638 2637
f 2539 2541 2639
f 2539 2639 2640
f 2539 2640 2641
f 2539 2641 2642
f 2539 2642 2643
f 2539 2643 2644
f 2539 2644 2645
f 2539 2645 2540
f 2540 2645 2542
f 2541 2637 2646
f 2541 2646 2647
f 2541 2647 2648
f 2541 2648 2649
f 2541 2649 2639
f 2544 2573 2545
f 2545 2573 2650
f 2545 2650 2546
f 2546 2650 2548
f 2548 2650 2553
f 2548 2550 2549
f 2552 2557 2651
f 2552 2651 2558
f 2553 2650 2554
f 2554 2556 2555
f 2554 2650 2652
f 2554 2652 2556
f 2556 2652 2653
f 2556 2653 2557
f 2557 2653 2654
f 2557 2654 2651
f 2558 2651 2559
f 2559 2655 2656
f 2559 2656 2657
f 2559 2657 2561
f 2559 2561 2560
f 2559 2651 2655
f 2561 2657 2658
f 2561 2658 2659
f 2561 2659 2660
f 2561 2660 2661
f 2561 2661 2662
f 2561 2662 2562
f 2562 2662 2661
f 2562 2661 2663
f 2562 2663 2664
f 2562 2664 2665
f 2562 2665 2565
f 2563 2566 2666
f 2563 2666 2667
f 2563 2667 2568
f 2563 2568 2564
f 2565 2668 2669
f 2565 2669 2670
f 2565 2670 2566
f 2565 2665 2668
f 2566 2670 2671
f 2566 2671 2667
f 2566 2667 2666
f 2567 2569 2599
f 2568 2667 2671
f 2568 2671 2670
f 2568 2670 2672
f 2568 2672 2673
f 2568 2673 2569
f 2569 2673 2674
f 2569 2674 2675
f 2569 2675 2676
f 2569 2676 2600
f 2569 2600 2599
f 2570 2677 2571
f 2570 2578 2678
f 2570 2678 2677
f 2571 2677 2572
f 2572 2679 2680
f 2572 2680 2573
f 2572 2677 2679
f 2573 2680 2681
f 2573 2681 2682
f 2573 2682 2683
f 2573 2683 2650
f 2574 2579 2575
f 2576 2581 2577
f 2577 2684 2685
f 2577 2685 2686
f 2577 2686 2578
f 2577 2581 2684
f 2578 2686 2685
f 2578 2685 2687
f 2578 2687 2678
f 2579 2593 2688
f 2579 2688 2689
f 2579 2689 2580
f 2580 2689 2581
f 2581 2689 2690
f 2581 2690 2691
f 2581 2691 2684
f 2582 2595 2583
f 2583 2595 2692
f 2583 2692 2693
f 2583 2693 2585
f 2584 2586 2694
f 2584 2694 2588
f 2584 2588 2587
f 2585 2695 2586
f 2585 2693 2695
f 2586 2695 2694
f 2588 2696 2697
f 2588 2697 2589
f 2588 2694 2698
f 2588 2698 2696
f 2589 2697 2592
f 2589 2592 2590
f 2590 2592 2591
f 2592 2699 2688
f 2592 2688 2593
f 2592 2697 2700
f 2592 2700 2699
f 2595 2598 2692
f 2596 2598 2597
f 2596 2701 2598
f 2598 2701 2702
f 2598 2702 2692
f 2600 2676 2601
f 2601 2676 2675
f 2601 2675 2674
f 2601 2674 2602
f 2602 2674 2703
f 2602 2703 2673
f 2602 2673 2704
f 2602 2704 2705
f 2602 2705 2706
f 2602 2706 2707
f 2602 2707 2708
f 2602 2708 2603
f 2603 2708 2709
f 2603 2709 2604
f 2604 2709 2605
f 2605 2709 2710
f 2605 2710 2711
f 2605 2711 2712
f 2605 2712 2713
f 2605 2713 2714
f 2605 2714 2715
f 2605 2715 2716
f 2605 2716 2607
f 2606 2607 2608
f 2607 2716 2608
f 2608 2716 2717
f 2608 2717 2718
f 2608 2718 2719
f 2608 2719 2609
f 2609 2719 2720
f 2609 2720 2611
f 2611 2720 2721
f 2611 2721 2613
f 2613 2721 2722
f 2613 2722 2614
f 2614 2722 2723
f 2614 2723 2615
f 2615 2723 2619
f 2617 2724 2725
f 2617 2725 2726
f 2617 2726 2727
f 2617 2727 2728
f 2617 2728 2729
f 2617 2729 2618
f 2617 2619 2724
f 2618 2729 2730
f 2618 2730 2622
f 2619 2723 2731
f 2619 2731 2724
f 2620 2624 2625
f 2622 2730 2623
f 2623 2729 2627
f 2623 2730 2729
f 2624 2626 2625
f 2627 2729 2628
f 2628 2729 2732
f 2628 2732 2733
f 2628 2733 2734
f 2628 2734 2735
f 2628 2735 2736
f 2628 2736 2629
f 2629 2736 2737
f 2629 2737 2738
f 2629 2738 2630
f 2630 2738 2631
f 2631 2738 2739
f 2631 2739 2634
f 2631 2634 2632
f 2634 2740 2741
f 2634 2741 2742
f 2634 2742 2635
f 2634 2739 2740
f 2635 2742 2647
f 2635 2647 2743
f 2635 2743 2636
f 2636 2743 2744
f 2636 2744 2638
f 2637 2638 2744
f 2637 2744 2646
f 2639 2649 2745
f 2639 2745 2640
f 2640 2745 2746
f 2640 2746 2747
f 2640 2747 2748
f 2640 2748 2641
f 2641 2748 2642
f 2642 2748 2747
f 2642 2747 2749
f 2643 2645 2644
f 2646 2744 2647
f 2647 2744 2743
f 2647 2742 2648
f 2648 2742 2750
f 2648 2750 2751
f 2648 2751 2649
f 2649 2752 2753
f 2649 2753 2746
f 2649 2746 2745
f 2649 2751 2752
f 2650 2683 2652
f 2651 2654 2754
f 2651 2754 2655
f 2652 2683 2682
f 2652 2682 2681
f 2652 2681 2653
f 2653 2681 2679
f 2653 2679 2755
f 2653 2755 2756
f 2653 2756 2654
f 2654 2756 2754
f 2655 2757 2756
f 2655 2756 2755
f 2655 2755 2758
f 2655 2758 2656
f 2655 2754 2757
f 2656 2758 2759
f 2656 2759 2760
f 2656 2760 2657
f 2657 2659 2658
f 2657 2760 2761
f 2657 2761 2762
f 2657 2762 2763
f 2657 2763 2659
f 2659 2763 2764
f 2659 2764 2765
f 2659 2765 2660
f 2660 2766 2661
f 2660 2765 2767
f 2660 2767 2766
f 2661 2766 2768
f 2661 2768 2672
f 2661 2672 2663
f 2663 2672 2664
f 2664 2672 2665
f 2665 2672 2668
f 2668 2672 2669
f 2669 2672 2670
f 2672 2768 2673
f 2673 2768 2707
f 2673 2707 2706
f 2673 2706 2705
f 2673 2705 2704
f 2673 2703 2674
f 2677 2678 2687
f 2677 2687 2769
f 2677 2769 2679
f 2679 2681 2680
f 2679 2769 2770
f 2679 2770 2755
f 2684 2771 2685
f 2684 2691 2772
f 2684 2772 2771
f 2685 2771 2759
f 2685 2759 2687
f 2687 2759 2773
f 2687 2773 2769
f 2688 2699 2790
f 2688 2790 2774
f 2688 2774 2689
f 2689 2774 2775
f 2689 2775 2690
f 2690 2776 2691
f 2690 2775 2776
f 2691 2776 2772
f 2692 2702 2693
f 2693 2702 2777
f 2693 2777 2778
f 2693 2778 2779
f 2693 2779 2780
f 2693 2780 2695
f 2694 2695 2781
f 2694 2781 2698
f 2695 2782 2781
f 2695 2780 2783
f 2695 2783 2782
f 2696 2700 2697
f 2696 2698 2700
f 2698 2781 2782
f 2698 2782 2784
f 2698 2784 2785
f 2698 2785 2786
f 2698 2786 2787
f 2698 2787 2788
f 2698 2788 2700
f 2699 2789 2790
f 2699 2700 2789
f 2700 2788 2791
f 2700 2791 2792
f 2700 2792 2789
f 2701 2793 2702
f 2702 2793 2794
f 2702 2794 2777
f 2707 2768 2708
f 2708 2768 2795
f 2708 2795 2712
f 2708 2712 2710
f 2708 2710 2709
f 2710 2712 2711
f 2712 2796 2797
f 2712 2797 2798
f 2712 2798 2799
f 2712 2799 2800
f 2712 2800 2801
f 2712 2801 2802
f 2712 2802 2713
f 2712 2795 2796
f 2713 2802 2801
f 2713 2801 2714
f 2714 2803 2715
f 2714 2801 2803
f 2715 2803 2804
f 2715 2804 2716
f 2716 2804 2717
f 2717 2804 2805
f 2717 2805 2718
f 2718 2805 2719
f 2719 2805 2806
f 2719 2806 2720
f 2720 2806 2807
f 2720 2807 2721
f 2721 2807 2722
f 2722 2807 2723
f 2723 2807 2808
f 2723 2808 2809
f 2723 2809 2810
f 2723 2810 2725
f 2723 2725 2731
f 2724 2731 2725
f 2725 2811 2812
f 2725 2812 2726
f 2725 2810 2811
f 2726 2812 2727
f 2727 2812 2813
f 2727 2813 2814
f 2727 2814 2815
f 2727 2815 2728
f 2728 2815 2729
f 2729 2815 2816
f 2729 2816 2732
f 2732 2816 2733
f 2733 2816 2817
f 2733 2817 2818
f 2733 2818 2734
f 2734 2818 2819
f 2734 2819 2820
f 2734 2820 2735
f 2735 2820 2737
f 2735 2737 2736
f 2737 2820 2740
f 2737 2740 2821
f 2737 2821 2738
f 2738 2821 2739
f 2739 2821 2740
f 2740 2820 2741
f 2741 2820 2742
f 2742 2820 2822
f 2742 2822 2823
f 2742 2823 2750
f 2746 2752 2824
f 2746 2824 2825
f 2746 2825 2826
f 2746 2826 2747
f 2746 2753 2752
f 2747 2825 2827
f 2747 2827 2828
f 2747 2828 2749
f 2747 2826 2825
f 2749 2828 2829
f 2750 2830 2831
f 2750 2831 2751
f 2750 2823 2822
f 2750 2822 2832
f 2750 2832 2833
f 2750 2833 2830
f 2751 2831 2752
f 2752 2834 2835
f 2752 2835 2836
f 2752 2836 2837
f 2752 2837 2838
f 2752 2838 2825
f 2752 2825 2824
f 2752 2831 2834
f 2754 2756 2757
f 2755 2770 2758
f 2758 2770 2773
f 2758 2773 2759
f 2759 2761 2760
f 2759 2771 2761
f 2761 2771 2762
f 2762 2771 2839
f 2762 2839 2840
f 2762 2840 2841
f 2762 2841 2763
f 2763 2841 2840
f 2763 2840 2842
f 2763 2842 2843
f 2763 2843 2764
f 2764 2843 2844
f 2764 2844 2765
f 2765 2844 2767
f 2766 2767 2796
f 2766 2796 2768
f 2767 2844 2796
f 2768 2796 2795
f 2769 2773 2770
f 2771 2772 2845
f 2771 2845 2839
f 2772 2776 2839
f 2772 2839 2845
f 2774 2790 2846
f 2774 2846 2775
f 2775 2846 2847
f 2775 2847 2848
f 2775 2848 2849
f 2775 2849 2850
f 2775 2850 2851
f 2775 2851 2776
f 2776 2851 2852
f 2776 2852 2839
f 2777 2794 2853
f 2777 2853 2854
f 2777 2854 2778
f 2778 2855 2856
f 2778 2856 2779
f 2778 2854 2855
f 2779 2783 2780
f 2779 2856 2857
f 2779 2857 2858
f 2779 2858 2783
f 2782 2859 2784
f 2782 2783 2859
f 2783 2860 2861
f 2783 2861 2859
f 2783 2858 2862
f 2783 2862 2863
f 2783 2863 2860
f 2784 2859 2864
f 2784 2864 2786
f 2784 2786 2785
f 2786 2864 2865
f 2786 2865 2787
f 2787 2865 2791
f 2787 2791 2788
f 2789 2847 2790
f 2789 2792 2847
f 2790 2847 2846
f 2791 2866 2867
f 2791 2867 2792
f 2791 2865 2864
f 2791 2864 2868
f 2791 2868 2866
f 2792 2867 2847
f 2796 2844 2869
f 2796 2869 2797
f 2797 2869 2798
f 2798 2870 2871
f 2798 2871 2872
f 2798 2872 2799
f 2798 2869 2873
f 2798 2873 2874
f 2798 2874 2875
f 2798 2875 2876
f 2798 2876 2870
f 2799 2872 2800
f 2800 2872 2877
f 2800 2877 2878
f 2800 2878 2801
f 2801 2878 2803
f 2803 2878 2879
f 2803 2879 2880
f 2803 2880 2805
f 2803 2805 2804
f 2805 2880 2806
f 2806 2880 2881
f 2806 2881 2807
f 2807 2881 2808
f 2808 2881 2811
f 2808 2811 2809
f 2809 2811 2810
f 2811 2881 2882
f 2811 2882 2812
f 2812 2882 2813
f 2813 2882 2883
f 2813 2883 2884
f 2813 2884 2885
f 2813 2885 2814
f 2814 2885 2816
f 2814 2816 2815
f 2816 2885 2886
f 2816 2886 2887
f 2816 2887 2817
f 2817 2887 2818
f 2818 2887 2888
f 2818 2888 2889
f 2818 2889 2890
f 2818 2890 2819
f 2819 2890 2891
f 2819 2891 2892
f 2819 2892 2822
f 2819 2822 2820
f 2822 2892 2832
f 2825 2893 2894
f 2825 2894 2827
f 2825 2838 2893
f 2827 2894 2895
f 2827 2895 2896
f 2827 2896 2828
f 2828 2896 2829
f 2829 2896 2897
f 2830 2898 2899
f 2830 2899 2831
f 2830 2833 2900
f 2830 2900 2901
f 2830 2901 2902
f 2830 2902 2898
f 2831 2899 2903
f 2831 2903 2834
f 2832 2892 2904
f 2832 2904 2833
f 2833 2904 2905
f 2833 2905 2900
f 2834 2903 2835
f 2835 2903 2836
f 2836 2903 2906
f 2836 2906 2907
f 2836 2907 2908
f 2836 2908 2837
f 2837 2908 2893
f 2837 2893 2838
f 2839 2852 2909
f 2839 2909 2910
f 2839 2910 2911
f 2839 2911 2840
f 2840 2912 2842
f 2840 2911 2912
f 2842 2912 2913
f 2842 2913 2843
f 2843 2913 2844
f 2844 2913 2869
f 2847 2867 2866
f 2847 2866 2914
f 2847 2914 2848
f 2848 2914 2849
f 2849 2914 2915
f 2849 2915 2916
f 2849 2916 2917
f 2849 2917 2918
f 2849 2918 2919
f 2849 2919 2850
f 2850 2919 2920
f 2850 2920 2921
f 2850 2921 2852
f 2850 2852 2851
f 2852 2921 2909
f 2854 2922 2924
f 2854 2924 2855
f 2855 2923 2856
f 2855 2924 2923
f 2856 2923 2924
f 2856 2924 2925
f 2856 2925 2926
f 2856 2926 2857
f 2857 2926 2858
f 2858 2863 2862
f 2858 2926 2863
f 2859 2861 2927
f 2859 2927 2928
f 2859 2928 2864
f 2860 2863 2929
f 2860 2929 2927
f 2860 2927 2861
f 2863 2926 2930
f 2863 2930 2931
f 2863 2931 2929
f 2864 2928 2932
f 2864 2932 2868
f 2866 2868 2915
f 2866 2915 2914
f 2868 2932 2933
f 2868 2933 2915
f 2869 2913 2873
f 2870 2887 2934
f 2870 2934 2871
f 2870 2876 2935
f 2870 2935 2936
f 2870 2936 2937
f 2870 2937 2888
f 2870 2888 2887
f 2871 2934 2938
f 2871 2938 2884
f 2871 2884 2872
f 2872 2884 2877
f 2873 2913 2939
f 2873 2939 2940
f 2873 2940 2874
f 2874 2941 2875
f 2874 2940 2942
f 2874 2942 2994
f 2874 2994 2943
f 2874 2943 2944
f 2874 2944 2945
f 2874 2945 2941
f 2875 2941 2876
f 2876 2941 2935
f 2877 2946 2878
f 2877 2884 2946
f 2878 2946 2879
f 2879 2946 2881
f 2879 2881 2880
f 2881 2946 2882
f 2882 2946 2883
f 2883 2946 2884
f 2884 2938 2934
f 2884 2934 2886
f 2884 2886 2885
f 2886 2934 2887
f 2888 2937 2947
f 2888 2947 2889
f 2889 2947 2948
f 2889 2948 2949
f 2889 2949 2890
f 2890 2949 2950
f 2890 2950 2951
f 2890 2951 2952
f 2890 2952 2892
f 2890 2892 2891
f 2892 2952 2901
f 2892 2901 2904
f 2893 2908 2953
f 2893 2953 2954
f 2893 2954 2955
f 2893 2955 2895
f 2893 2895 2894
f 2895 2955 2954
f 2895 2954 2956
f 2895 2956 2957
f 2895 2957 2958
f 2895 2958 2897
f 2895 2897 2896
f 2898 2959 2903
f 2898 2903 2899
f 2898 2902 2960
f 2898 2960 2959
f 2900 2905 2901
f 2901 2905 2904
f 2901 2952 2961
f 2901 2961 2962
f 2901 2962 2963
f 2901 2963 2902
f 2902 2963 2964
f 2902 2964 2960
f 2903 2959 2906
f 2906 2965 2907
f 2906 2959 2966
f 2906 2966 2965
f 2907 2965 2908
f 2908 2967 2968
f 2908 2968 2969
f 2908 2969 2970
f 2908 2970 2953
f 2908 2965 2971
f 2908 2971 2967
f 2909 2921 2910
f 2910 2972 2912
f 2910 2912 2911
f 2910 2921 2973
f 2910 2973 2974
f 2910 2974 2972
f 2912 2939 2913
f 2912 2972 3021
f 2912 3021 2975
f 2912 2975 2939
f 2915 2933 2917
f 2915 2917 2916
f 2917 2927 2976
f 2917 2976 2918
f 2917 2933 2927
f 2918 2976 2919
f 2919 2976 2977
f 2919 2977 2978
f 2919 2978 2973
f 2919 2973 2920
f 2920 2973 2921
f 2922 2979 2924
f 2924 2979 2925
f 2925 2979 2980
f 2925 2980 2981
f 2925 2981 2926
f 2926 2981 2982
f 2926 2982 2983
f 2926 2983 2930
f 2927 2984 2985
f 2927 2985 2986
f 2927 2986 2976
f 2927 2933 2932
f 2927 2932 2928
f 2927 2929 2987
f 2927 2987 2984
f 2929 2931 2987
f 2930 2983 2931
f 2931 2983 2988
f 2931 2988 2989
f 2931 2989 2990
f 2931 2990 2987
f 2935 2941 2991
f 2935 2991 2936
f 2936 2991 2992
f 2936 2992 2993
f 2936 2993 2947
f 2936 2947 2937
f 2939 2975 2942
f 2939 2942 2940
f 2941 2945 2991
f 2942 2975 3021
f 2942 3021 2994
f 2943 2994 3041
f 2943 3041 2995
f 2943 2995 2996
f 2943 2996 2944
f 2944 2996 2997
f 2944 2997 2945
f 2945 2997 2998
f 2945 2998 2991
f 2947 2993 2999
f 2947 2999 2948
f 2948 2999 3000
f 2948 3000 2949
f 2949 3000 2951
f 2949 2951 2950
f 2951 3000 3007
f 2951 3007 2961
f 2951 2961 2952
f 2953 2970 2954
f 2954 2970 2969
f 2954 2969 3001
f 2954 3001 3002
f 2954 3002 2957
f 2954 2957 2956
f 2957 3002 3003
f 2957 3003 3004
f 2957 3004 3005
f 2957 3005 2958
f 2959 3006 2966
f 2959 2960 2964
f 2959 2964 3006
f 2961 3007 2962
f 2962 3007 2963
f 2963 3008 2964
f 2963 3007 3008
f 2964 3008 3009
f 2964 3009 3010
f 2964 3010 3011
f 2964 3011 2966
f 2964 2966 3006
f 2965 2966 3010
f 2965 3010 3012
f 2965 3012 3013
f 2965 3013 3014
f 2965 3014 2971
f 2966 3011 3010
f 2967 3015 3016
f 2967 3016 2968
f 2967 2971 3015
f 2968 3016 3017
f 2968 3017 3018
f 2968 3018 3001
f 2968 3001 2969
f 2971 3014 3013
f 2971 3013 3019
f 2971 3019 3015
f 2972 2974 3020
f 2972 3020 3021
f 2973 2978 3022
f 2973 3022 2974
f 2974 3022 3023
f 2974 3023 3020
f 2976 2986 2977
f 2977 2986 3024
f 2977 3024 2978
f 2978 3024 3025
f 2978 3025 3026
f 2978 3026 3027
f 2978 3027 3022
f 2981 3028 2982
f 2982 3028 2983
f 2983 3028 3029
f 2983 3029 2988
f 2984 2987 2990
f 2984 2990 2985
f 2985 2990 3030
f 2985 3030 3031
f 2985 3031 2986
f 2986 3031 3024
f 2988 3029 3032
f 2988 3032 3033
f 2988 3033 3034
f 2988 3034 3035
f 2988 3035 3036
f 2988 3036 3037
f 2988 3037 3038
f 2988 3038 2989
f 2989 3038 2990
f 2990 3038 3039
f 2990 3039 3040
f 2990 3040 3031
f 2990 3031 3030
f 2991 2998 2992
f 2992 2998 2999
f 2992 2999 2993
f 2994 3020 3041
f 2994 3021 3020
f 2995 3041 3042
f 2995 3042 2997
f 2995 2997 2996
f 2997 3042 2998
f 2998 3042 3043
f 2998 3043 3044
f 2998 3044 2999
f 2999 3044 3045
f 2999 3045 3000
f 3000 3045 3007
f 3001 3046 3047
f 3001 3047 3048
f 3001 3048 3049
f 3001 3049 3003
f 3001 3003 3002
f 3001 3018 3046
f 3003 3049 3004
f 3007 3045 3050
f 3007 3050 3008
f 3008 3050 3009
f 3009 3051 3052
f 3009 3052 3010
f 3009 3050 3045
f 3009 3045 3051
f 3010 3052 3012
f 3012 3053 3054
f 3012 3054 3055
f 3012 3055 3056
f 3012 3056 3013
f 3012 3052 3053
f 3013 3057 3019
f 3013 3056 3057
f 3015 3058 3016
f 3015 3019 3057
f 3015 3057 3058
f 3016 3059 3017
f 3016 3058 3060
f 3016 3060 3059
f 3017 3059 3061
f 3017 3061 3046
f 3017 3046 3018
f 3020 3023 3041
f 3022 3027 3062
f 3022 3062 3063
f 3022 3063 3023
f 3023 3064 3041
f 3023 3063 3064
f 3024 3031 3065
f 3024 3065 3025
f 3025 3065 3066
f 3025 3066 3026
f 3026 3066 3062
f 3026 3062 3027
f 3028 3067 3029
f 3029 3067 3068
f 3029 3068 3069
f 3029 3069 3070
f 3029 3070 3032
f 3031 3040 3071
f 3031 3071 3065
f 3032 3070 3033
f 3033 3069 3068
f 3033 3068 3072
f 3033 3072 3034
f 3033 3070 3069
f 3034 3073 3074
f 3034 3074 3035
f 3034 3072 3075
f 3034 3075 3073
f 3035 3074 3076
f 3035 3076 3036
f 3036 3076 3037
f 3037 3077 3078
f 3037 3078 3079
f 3037 3079 3080
f 3037 3080 3038
f 3037 3076 3077
f 3038 3080 3079
f 3038 3079 3081
f 3038 3081 3082
f 3038 3082 3083
f 3038 3083 3039
f 3039 3083 3084
f 3039 3084 3066
f 3039 3066 3071
f 3039 3071 3040
f 3041 3064 3042
f 3042 3064 3085
f 3042 3085 3086
f 3042 3086 3043
f 3043 3086 3044
f 3044 3086 3087
f 3044 3087 3088
f 3044 3088 3045
f 3045 3088 3089
f 3045 3089 3051
f 3046 3061 3090
f 3046 3090 3091
f 3046 3091 3092
f 3046 3092 3048
f 3046 3048 3047
f 3048 3092 3049
f 3051 3089 3087
f 3051 3087 3054
f 3051 3054 3052
f 3052 3054 3053
f 3054 3087 3093
f 3054 3093 3056
f 3054 3056 3055
f 3056 3094 3095
f 3056 3095 3057
f 3056 3093 3096
f 3056 3096 3097
f 3056 3097 3094
f 3057 3098 3058
f 3057 3095 3098
f 3058 3098 3060
f 3059 3060 3099
f 3059 3099 3100
f 3059 3100 3101
f 3059 3101 3061
f 3060 3098 3102
f 3060 3102 3103
f 3060 3103 3099
f 3061 3076 3074
f 3061 3074 3104
f 3061 3104 3090
f 3061 3101 3100
f 3061 3100 3076
f 3062 3066 3105
f 3062 3105 3106
f 3062 3106 3107
f 3062 3107 3064
f 3062 3064 3063
f 3064 3107 3085
f 3065 3071 3066
f 3066 3084 3105
f 3067 3108 3068
f 3068 3108 3109
f 3068 3109 3072
f 3073 3075 3104
f 3073 3104 3074
f 3075 3110 3104
f 3076 3100 3077
f 3077 3100 3078
f 3078 3100 3111
f 3078 3111 3079
f 3079 3111 3112
f 3079 3112 3081
f 3081 3112 3113
f 3081 3113 3082
f 3082 3113 3083
f 3083 3113 3114
f 3083 3114 3115
f 3083 3115 3084
f 3084 3115 3105
f 3085 3107 3106
f 3085 3106 3116
f 3085 3116 3093
f 3085 3093 3087
f 3085 3087 3086
f 3087 3089 3088
f 3090 3104 3091
f 3091 3104 3110
f 3091 3110 3092
f 3093 3116 3096
f 3094 3097 3117
f 3094 3117 3102
f 3094 3102 3095
f 3095 3102 3098
f 3096 3116 3097
f 3097 3116 3117
f 3099 3103 3118
f 3099 3118 3105
f 3099 3105 3115
f 3099 3115 3100
f 3100 3115 3114
f 3100 3114 3113
f 3100 3113 3112
f 3100 3112 3111
f 3102 3118 3103
f 3102 3117 3119
f 3102 3119 3118
f 3105 3120 3106
f 3105 3118 3120
f 3106 3120 3121
f 3106 3121 3117
f 3106 3117 3116
f 3117 3121 3120
f 3117 3120 3119
f 3118 3119 3120
o convex_1
v -0.55123 0.51533 -0.00757009
v -0.55123 0.515086 0.00756637
v -0.55123 0.512005 -0.0213293
v -0.579173 0.501239 -0.0194244
v -0.621224 0.484674 -0.0155888
v -0.556303 0.513221 -0.00757009
v -0.567811 0.508233 0.00756637
v -0.556009 0.51312 0.00756637
v -0.55123 0.514154 0.0120455
v -0.55123 0.511579 -0.0226679
v -0.568901 0.503955 -0.023762
v -0.574666 0.499313 -0.0295154
v -0.629965 0.481957 -0.00757009
v -0.567811 0.508436 -0.00757009
v -0.727147 0.439238 -0.015473
v -0.695221 0.453654 -0.0108394
v -0.581688 0.502313 0.00756637
v -0.620762 0.484471 0.0150574
v -0.578817 0.501117 0.0192791
v -0.696689 0.454303 0.000461503
v -0.55123 0.511518 0.0221108
v -0.55123 0.511315 -0.0232343
v -0.564583 0.501462 -0.0332094
v -0.606215 0.484735 -0.0306738
v -0.696689 0.454303 -0.000748384
v -0.710524 0.438549 -0.029451
v -0.719181 0.436481 -0.0261174
v -0.741108 0.423505 -0.029657
v -0.746055 0.426607 -0.019566
v -0.756159 0.423019 -0.0117661
v -0.750457 0.427479 -0.00705524
v -0.735281 0.435731 -0.00757009
v -0.727713 0.439522 -0.00757009
v -0.652563 0.469995 0.017091
v -0.680527 0.453816 0.0292414
v -0.694362 0.453269 0.0105525
v -0.574582 0.499252 0.029383
v -0.568838 0.503793 0.023681
v -0.72765 0.439502 0.00223772
v -0.72002 0.442239 0.00739905
v -0.702663 0.450491 0.00633074
v -0.55123 0.511356 0.0224583
v -0.55123 0.503185 -0.0381004
v -0.555548 0.497386 -0.0433004
v -0.587474 0.482991 -0.0440083
v -0.619211 0.468556 -0.0446776
v -0.650844 0.45408 -0.0453083
v -0.598081 0.486539 -0.0332995
v -0.637637 0.470097 -0.0314332
v -0.669018 0.455479 -0.0321797
v -0.70042 0.44084 -0.0329005
v -0.718825 0.428473 -0.0381648
v -0.731004 0.42604 -0.0333252
v -0.735364 0.420261 -0.0381648
v -0.743058 0.409678 -0.0462607
v -0.748655 0.412456 -0.0368133
v -0.750457 0.420484 -0.0238521
v -0.757501 0.409435 -0.0310728
v -0.759136 0.412374 -0.0227065
v -0.760205 0.417321 -0.00705524
v -0.757312 0.424195 -0.00167511
v -0.757312 0.424195 0.000924864
v -0.684279 0.455499 0.0191504
v -0.704046 0.445726 0.0227028
v -0.71241 0.439421 0.030773
v -0.715157 0.440759 0.0227028
v -0.60655 0.484857 0.0307859
v -0.564478 0.501441 0.0325106
v -0.733352 0.435589 0.00739905
v -0.725617 0.438488 0.0123287
v -0.55123 0.505233 0.0336304
v -0.55123 0.503043 -0.0382549
v -0.55123 0.492399 -0.0478439
v -0.57737 0.485262 -0.0460033
v -0.628372 0.472185 -0.0343678
v -0.609107 0.470725 -0.0464667
v -0.640761 0.456188 -0.04693
v -0.673777 0.441286 -0.0471875
v -0.704046 0.426952 -0.0478825
v -0.682266 0.439461 -0.0457974
v -0.69237 0.43713 -0.0429915
v -0.704906 0.435123 -0.0379074
v -0.723625 0.42241 -0.0434291
v -0.745594 0.401223 -0.0484102
v -0.753162 0.401223 -0.0410608
v -0.713542 0.424823 -0.0462736
v -0.734337 0.412091 -0.0482043
v -0.733352 0.400149 -0.0555923
v -0.75901 0.401223 -0.0334926
v -0.762825 0.401223 -0.0227065
v -0.759995 0.416754 0.00661391
v -0.764963 0.401223 -0.00757009
v -0.764691 0.401223 0.00756637
v -0.758905 0.411786 0.0227028
v -0.757585 0.409617 0.031275
v -0.75509 0.422066 0.0110158
v -0.742429 0.424276 0.030773
v -0.744609 0.425614 0.0227028
v -0.749808 0.427013 0.00661391
v -0.722724 0.43713 0.0227028
v -0.734337 0.426445 0.0333087
v -0.734337 0.419653 0.0408769
v -0.722871 0.422248 0.0439273
v -0.704046 0.441205 0.032871
v -0.670444 0.456006 0.0325106
v -0.638497 0.470441 0.0316869
v -0.628372 0.47255 0.0340423
v -0.628372 0.46515 0.0416105
v -0.582946 0.482383 0.0436957
v -0.55123 0.497326 0.042061
v -0.55123 0.504178 0.0352393
v -0.734337 0.43125 0.0227028
v -0.55123 0.492237 -0.047934
v -0.567811 0.487188 -0.0470459
v -0.719181 0.403879 -0.0580893
v -0.704046 0.416348 -0.0545497
v -0.718825 0.416957 -0.0500191
v -0.737733 0.386078 -0.0586042
v -0.748256 0.386078 -0.0510359
v -0.755824 0.386078 -0.0437895
v -0.727629 0.394391 -0.060921
v -0.76031 0.386078 -0.0362212
v -0.76446 0.386078 -0.0227065
v -0.762699 0.401223 0.0227028
v -0.765362 0.386078 -0.00757009
v -0.765362 0.386078 0.00756637
v -0.765005 0.386078 0.0227028
v -0.759052 0.400291 0.0369254
v -0.757564 0.394614 0.0460511
v -0.753308 0.404711 0.041366
v -0.747879 0.414747 0.0360631
v -0.752176 0.419349 0.0227028
v -0.743225 0.40984 0.0463471
v -0.712767 0.424418 0.0458323
v -0.688911 0.437089 0.0437085
v -0.704046 0.433845 0.0404393
v -0.734337 0.412091 0.0480718
v -0.658621 0.451119 0.0426917
v -0.574687 0.484208 0.0452016
v -0.616884 0.467603 0.0439788
v -0.55123 0.488871 0.0488055
v -0.55123 0.47701 -0.0545626
v -0.567811 0.476909 -0.051924
v -0.652751 0.424519 -0.060818
v -0.685872 0.41057 -0.0613586
v -0.695976 0.408563 -0.0604576
v -0.690127 0.415902 -0.0579863
v -0.704046 0.40692 -0.0596467
v -0.719181 0.396317 -0.0618219
v -0.730166 0.386078 -0.0621308
v -0.739305 0.370953 -0.0595051
v -0.748969 0.370953 -0.0519369
v -0.756536 0.370953 -0.0443558
v -0.719181 0.386078 -0.0645635
v -0.759869 0.370953 -0.0367876
v -0.763224 0.370953 -0.0227065
v -0.762029 0.386078 0.0378522
v -0.763769 0.370953 -0.00757009
v -0.763769 0.370953 0.00756637
v -0.763685 0.370953 0.0227028
v -0.761127 0.370953 0.0378522
v -0.758234 0.386078 0.0469134
v -0.742659 0.38032 0.0610717
v -0.748759 0.400291 0.0488312
v -0.737104 0.390417 0.0596301
v -0.732975 0.399784 0.0560648
v -0.680799 0.438833 0.0452273
v -0.704046 0.426283 0.0473125
v -0.638769 0.455418 0.0463857
v -0.606801 0.469833 0.0458065
v -0.648873 0.453228 0.0445966
v -0.718364 0.416855 0.0495005
v -0.598081 0.471617 0.0471323
v -0.628372 0.446639 0.0545975
v -0.598081 0.461764 0.0531817
v -0.55123 0.478247 0.0545203
v -0.628372 0.457587 0.0479689
v -0.658621 0.443557 0.0487669
v -0.704046 0.416348 0.0536965
v -0.55123 0.461764 -0.0580378
v -0.607346 0.439482 -0.0606893
v -0.643507 0.425898 -0.0612299
v -0.673777 0.41276 -0.062015
v -0.704046 0.399358 -0.0627744
v -0.731738 0.370953 -0.0625685
v -0.73461 0.355342 -0.0589259
v -0.748424 0.355808 -0.0513191
v -0.755991 0.355808 -0.0410865
v -0.719181 0.370953 -0.0647694
v -0.704046 0.386078 -0.0653486
v -0.758234 0.355808 -0.0335183
v -0.757061 0.348205 -0.030352
v -0.759534 0.355808 -0.0227065
v -0.757857 0.370953 0.0464372
v -0.759618 0.355808 -0.00757009
v -0.759618 0.355808 0.00756637
v -0.759031 0.355179 0.0212613
v -0.758255 0.360694 0.0378522
v -0.757061 0.36335 0.0454333
v -0.742659 0.37513 0.0610717
v -0.735511 0.370426 0.063041
v -0.719181 0.370953 0.0661429
v -0.732975 0.385652 0.0619469
v -0.727021 0.393762 0.0606083
v -0.719181 0.402967 0.0577767
v -0.688911 0.429527 0.0495134
v -0.670716 0.440982 0.0469649
v -0.643507 0.433521 0.05815
v -0.673777 0.419856 0.0587678
v -0.55123 0.476909 0.0550738
v -0.652248 0.424397 0.0607628
v -0.619044 0.438063 0.0603895
v -0.55123 0.446517 -0.0583982
v -0.567811 0.446639 -0.0593636
v -0.590157 0.439178 -0.0605734
v -0.598081 0.439461 -0.0606764
v -0.729746 0.360066 -0.0615002
v -0.734337 0.340663 -0.0539705
v -0.745489 0.340663 -0.0486033
v -0.752428 0.342163 -0.0363757
v -0.719181 0.357896 -0.062015
v -0.704046 0.370953 -0.0640358
v -0.658621 0.401223 -0.063315
v -0.688911 0.386078 -0.0645249
v -0.590157 0.438651 -0.0605734
v -0.757061 0.348185 -0.0227065
v -0.745154 0.324788 -0.021561
v -0.74203 0.317813 -0.0157433
v -0.753455 0.340622 -0.0227065
v -0.748403 0.370426 0.0551638
v -0.757061 0.348185 0.00756637
v -0.757061 0.348205 0.0152376
v -0.756348 0.349725 0.0253414
v -0.754901 0.353111 0.0378522
v -0.749074 0.340663 0.0378522
v -0.742387 0.332472 0.0460253
v -0.744441 0.340663 0.0484065
v -0.749703 0.357308 0.0503243
v -0.74136 0.365033 0.0602866
v -0.731486 0.355808 0.0625133
v -0.719181 0.386078 0.0641222
v -0.719181 0.355808 0.0640192
v -0.704046 0.370953 0.0654865
v -0.688911 0.386078 0.0654479
v -0.704046 0.386078 0.0653964
v -0.719181 0.395384 0.0613163
v -0.694697 0.408036 0.0602351
v -0.704046 0.406089 0.0593727
v -0.66231 0.422208 0.0598618
v -0.567811 0.461764 0.0579311
v -0.55123 0.463487 0.0583945
v -0.608961 0.440009 0.0608529
v -0.643507 0.425938 0.0612776
v -0.684593 0.410144 0.0611361
v -0.704046 0.398527 0.0625261
v -0.673777 0.412293 0.0619083
v -0.55123 0.431493 -0.0551547
v -0.567811 0.431493 -0.0578061
v -0.620155 0.408401 -0.0606507
v -0.602777 0.422492 -0.060818
v -0.719181 0.350313 -0.0599942
v -0.719181 0.340663 -0.0566992
v -0.719181 0.327079 -0.0496973
v -0.734337 0.329856 -0.0479082
v -0.742722 0.332309 -0.046132
v -0.744504 0.329714 -0.037843
v -0.704046 0.359701 -0.0614744
v -0.704046 0.352138 -0.0595438
v -0.628372 0.405968 -0.0611913
v -0.658621 0.388917 -0.061719
v -0.689561 0.370771 -0.0620021
v -0.740416 0.319273 -0.0258342
v -0.734945 0.314731 -0.021561
v -0.734337 0.313069 -0.00757009
v -0.742093 0.317732 -0.00757009
v -0.746076 0.325517 -0.00757009
v -0.753455 0.340622 0.00756637
v -0.753245 0.342163 0.0212613
v -0.746055 0.325517 0.00756637
v -0.742009 0.317833 0.0154821
v -0.744651 0.325335 0.0214028
v -0.743624 0.330505 0.0378522
v -0.739808 0.320145 0.0255731
v -0.729704 0.315968 0.0335789
v -0.734337 0.329775 0.0482907
v -0.733897 0.341291 0.0557945
v -0.739075 0.355808 0.0591024
v -0.728573 0.346745 0.0612905
v -0.689352 0.402298 0.0629123
v -0.719181 0.346786 0.0612519
v -0.710817 0.347799 0.0607371
v -0.705095 0.355848 0.0623073
v -0.687968 0.369818 0.0630152
v -0.618247 0.407225 0.0609945
v -0.590828 0.424904 0.0605311
v -0.658621 0.401223 0.0640449
v -0.588669 0.439887 0.0606598
v -0.598081 0.440394 0.0608529
v -0.673777 0.401223 0.0641865
v -0.55123 0.461764 0.058549
v -0.628372 0.398405 -0.0593764
v -0.55123 0.416916 -0.0484488
v -0.643507 0.370953 -0.0529151
v -0.673777 0.355808 -0.0543052
v -0.704046 0.340663 -0.0555408
v -0.658621 0.370953 -0.056622
v -0.689561 0.356801 -0.0581794
v -0.672561 0.370771 -0.0592992
v -0.658621 0.381354 -0.0598398
v -0.666712 0.37884 -0.0604833
v -0.704046 0.32791 -0.0489765
v -0.719181 0.319496 -0.0437251
v -0.730312 0.315826 -0.033647
v -0.695054 0.362499 -0.0607794
v -0.684971 0.365621 -0.0599942
v -0.719181 0.309379 -0.0227065
v -0.719181 0.308203 -0.00757009
v -0.719181 0.308203 0.00756637
v -0.734337 0.313089 0.00756637
v -0.742072 0.317752 0.00756637
v -0.734589 0.314833 0.0214028
v -0.719181 0.309967 0.0227028
v -0.719181 0.314833 0.0354967
v -0.719181 0.319699 0.043065
v -0.719181 0.327281 0.0501184
v -0.719181 0.339223 0.0576866
v -0.705095 0.34192 0.0566312
v -0.700734 0.35082 0.0595786
v -0.692391 0.360917 0.0614707
v -0.664008 0.377218 0.0610331
v -0.673777 0.374258 0.0619341
v -0.643507 0.391329 0.061239
v -0.635897 0.393641 0.0605697
v -0.55123 0.432832 0.0555757
v -0.55123 0.446537 0.0583816
v -0.567811 0.446639 0.0596044
v -0.588669 0.435001 0.0606598
v -0.628372 0.416348 0.0626034
v -0.55123 0.448585 0.058446
v -0.55123 0.41576 -0.0474449
v -0.559489 0.40838 -0.0457459
v -0.634891 0.362803 -0.0458617
v -0.68191 0.333445 -0.0451281
v -0.692014 0.330667 -0.0470587
v -0.673777 0.343582 -0.0482558
v -0.687738 0.339365 -0.0504181
v -0.704046 0.320347 -0.0429786
v -0.719181 0.314265 -0.0361569
v -0.704046 0.314711 -0.0354104
v -0.704046 0.310028 -0.0227065
v -0.704046 0.308345 -0.00757009
v -0.704046 0.308406 0.00756637
v -0.704046 0.311041 0.0227028
v -0.704046 0.315664 0.0341968
v -0.704046 0.320956 0.0417779
v -0.704046 0.328518 0.0488184
v -0.692412 0.330951 0.0469134
v -0.687989 0.339507 0.0503758
v -0.673777 0.355808 0.0545074
v -0.687968 0.355848 0.0584331
v -0.673777 0.366675 0.059347
v -0.682308 0.364039 0.060338
v -0.653946 0.380503 0.0599262
v -0.55123 0.431493 0.0551767
v -0.55123 0.404873 -0.0372638
v -0.577873 0.395222 -0.0438924
v -0.606424 0.378982 -0.0449994
v -0.665014 0.332411 -0.0313688
v -0.673777 0.329856 -0.0346638
v -0.693775 0.316434 -0.0326559
v -0.688807 0.315218 -0.0215481
v -0.688911 0.312744 -0.00757009
v -0.688911 0.312643 0.00756637
v -0.689415 0.315522 0.0217504
v -0.694781 0.317083 0.0318542
v -0.682329 0.333668 0.0448798
v -0.673777 0.343886 0.0481491
v -0.55123 0.416896 0.0485095
v -0.55123 0.41872 0.0495005
v -0.65883 0.371683 0.0576351
v -0.598081 0.401223 0.0543916
v -0.55123 0.396641 -0.0237234
v -0.560831 0.394026 -0.0295669
v -0.589382 0.377847 -0.0312787
v -0.683671 0.319374 -0.0258214
v -0.636421 0.348529 -0.0295154
v -0.68103 0.317772 -0.0157304
v -0.68017 0.317286 -0.00757009
v -0.679898 0.317124 0.00756637
v -0.680652 0.31757 0.0160613
v -0.684698 0.319861 0.0261523
v -0.665748 0.332837 0.0307216
v -0.673777 0.330546 0.0339908
v -0.559825 0.393418 0.0305928
v -0.55123 0.402906 0.0364621
v -0.55123 0.404305 0.0379551
v -0.635122 0.362904 0.0457808
v -0.643507 0.360451 0.0473382
v -0.559489 0.40838 0.045755
v -0.55123 0.410854 0.0436056
v -0.55123 0.396378 -0.0227709
v -0.55689 0.391735 -0.0194759
v -0.604496 0.362701 -0.0169531
v -0.575651 0.378678 -0.0131562
v -0.672603 0.321685 -0.00757009
v -0.574959 0.378272 -0.00306519
v -0.55123 0.391714 0.00756637
v -0.651703 0.333445 0.00756637
v -0.57498 0.378293 0.0157138
v -0.603888 0.362357 0.0175672
v -0.607745 0.364567 0.0276582
v -0.636757 0.348691 0.0293057
v -0.556848 0.391714 0.0227028
v -0.55123 0.394958 0.0227028
v -0.55123 0.395607 0.024183
v -0.577978 0.395242 0.0440561
v -0.606571 0.379083 0.0449442
v -0.55123 0.392343 -0.00757009
v -0.659606 0.329248 -0.00757009
v -0.55123 0.391958 0.00156842
v -0.55123 0.393174 0.0145425
f 3122 3123 3130
f 3122 3130 3142
f 3122 3142 3163
f 3122 3163 3192
f 3122 3192 3232
f 3122 3232 3231
f 3122 3231 3262
f 3122 3262 3297
f 3122 3297 3331
f 3122 3331 3372
f 3122 3372 3421
f 3122 3421 3460
f 3122 3460 3456
f 3122 3456 3455
f 3122 3455 3485
f 3122 3485 3500
f 3122 3500 3499
f 3122 3499 3521
f 3122 3521 3517
f 3122 3517 3516
f 3122 3516 3536
f 3122 3536 3535
f 3122 3535 3542
f 3122 3542 3528
f 3122 3528 3541
f 3122 3541 3539
f 3122 3539 3522
f 3122 3522 3503
f 3122 3503 3486
f 3122 3486 3461
f 3122 3461 3423
f 3122 3423 3378
f 3122 3378 3334
f 3122 3334 3301
f 3122 3301 3263
f 3122 3263 3234
f 3122 3234 3194
f 3122 3194 3193
f 3122 3193 3164
f 3122 3164 3143
f 3122 3143 3131
f 3122 3131 3124
f 3122 3124 3125
f 3122 3125 3126
f 3122 3126 3127
f 3122 3127 3128
f 3122 3128 3129
f 3122 3129 3123
f 3123 3129 3130
f 3124 3131 3125
f 3125 3131 3132
f 3125 3132 3133
f 3125 3133 3126
f 3126 3134 3135
f 3126 3135 3127
f 3126 3133 3136
f 3126 3136 3137
f 3126 3137 3134
f 3127 3135 3128
f 3128 3138 3139
f 3128 3139 3140
f 3128 3140 3130
f 3128 3130 3129
f 3128 3135 3141
f 3128 3141 3138
f 3130 3140 3142
f 3131 3143 3133
f 3131 3133 3132
f 3133 3143 3144
f 3133 3144 3145
f 3133 3145 3136
f 3134 3137 3146
f 3134 3146 3135
f 3135 3146 3141
f 3136 3147 3148
f 3136 3148 3149
f 3136 3149 3150
f 3136 3150 3151
f 3136 3151 3152
f 3136 3152 3153
f 3136 3153 3154
f 3136 3154 3146
f 3136 3146 3137
f 3136 3145 3147
f 3138 3141 3139
f 3139 3155 3156
f 3139 3156 3140
f 3139 3141 3157
f 3139 3157 3155
f 3140 3158 3159
f 3140 3159 3142
f 3140 3156 3158
f 3141 3146 3154
f 3141 3154 3160
f 3141 3160 3161
f 3141 3161 3162
f 3141 3162 3157
f 3142 3159 3158
f 3142 3158 3163
f 3143 3164 3144
f 3144 3164 3165
f 3144 3165 3166
f 3144 3166 3167
f 3144 3167 3168
f 3144 3168 3169
f 3144 3169 3145
f 3145 3169 3170
f 3145 3170 3147
f 3147 3171 3172
f 3147 3172 3173
f 3147 3173 3174
f 3147 3174 3149
f 3147 3149 3148
f 3147 3170 3171
f 3149 3174 3175
f 3149 3175 3176
f 3149 3176 3177
f 3149 3177 3178
f 3149 3178 3150
f 3150 3178 3151
f 3151 3179 3180
f 3151 3180 3181
f 3151 3181 3182
f 3151 3182 3152
f 3151 3178 3179
f 3152 3182 3153
f 3153 3160 3154
f 3153 3182 3183
f 3153 3183 3160
f 3155 3157 3184
f 3155 3184 3185
f 3155 3185 3156
f 3156 3185 3186
f 3156 3186 3158
f 3157 3162 3187
f 3157 3187 3185
f 3157 3185 3184
f 3158 3188 3189
f 3158 3189 3163
f 3158 3186 3188
f 3160 3183 3190
f 3160 3190 3191
f 3160 3191 3161
f 3161 3191 3162
f 3162 3191 3187
f 3163 3189 3192
f 3164 3193 3165
f 3165 3193 3194
f 3165 3194 3195
f 3165 3195 3166
f 3166 3195 3167
f 3167 3195 3168
f 3168 3196 3169
f 3168 3195 3197
f 3168 3197 3198
f 3168 3198 3199
f 3168 3199 3200
f 3168 3200 3201
f 3168 3201 3202
f 3168 3202 3196
f 3169 3196 3170
f 3170 3196 3171
f 3171 3196 3172
f 3172 3202 3203
f 3172 3203 3173
f 3172 3196 3202
f 3173 3204 3174
f 3173 3203 3204
f 3174 3204 3175
f 3175 3204 3176
f 3176 3205 3206
f 3176 3206 3179
f 3176 3179 3177
f 3176 3204 3207
f 3176 3207 3208
f 3176 3208 3209
f 3176 3209 3205
f 3177 3179 3178
f 3179 3210 3211
f 3179 3211 3180
f 3179 3206 3210
f 3180 3211 3181
f 3181 3212 3183
f 3181 3183 3182
f 3181 3211 3213
f 3181 3213 3214
f 3181 3214 3212
f 3183 3212 3215
f 3183 3215 3216
f 3183 3216 3217
f 3183 3217 3218
f 3183 3218 3219
f 3183 3219 3220
f 3183 3220 3190
f 3185 3187 3186
f 3186 3187 3221
f 3186 3221 3218
f 3186 3218 3222
f 3186 3222 3223
f 3186 3223 3224
f 3186 3224 3225
f 3186 3225 3226
f 3186 3226 3227
f 3186 3227 3188
f 3187 3191 3221
f 3188 3227 3189
f 3189 3228 3229
f 3189 3229 3230
f 3189 3230 3231
f 3189 3231 3232
f 3189 3232 3192
f 3189 3227 3226
f 3189 3226 3228
f 3190 3220 3191
f 3191 3220 3233
f 3191 3233 3221
f 3194 3234 3195
f 3195 3234 3235
f 3195 3235 3236
f 3195 3236 3237
f 3195 3237 3197
f 3197 3237 3198
f 3198 3237 3200
f 3198 3200 3199
f 3200 3237 3238
f 3200 3238 3207
f 3200 3207 3201
f 3201 3207 3202
f 3202 3207 3204
f 3202 3204 3203
f 3205 3209 3239
f 3205 3239 3240
f 3205 3240 3241
f 3205 3241 3206
f 3206 3241 3210
f 3207 3238 3208
f 3208 3238 3236
f 3208 3236 3242
f 3208 3242 3209
f 3209 3242 3239
f 3210 3243 3211
f 3210 3241 3243
f 3211 3244 3213
f 3211 3243 3244
f 3212 3214 3245
f 3212 3245 3215
f 3213 3244 3246
f 3213 3246 3247
f 3213 3247 3214
f 3214 3247 3248
f 3214 3248 3245
f 3215 3245 3216
f 3216 3245 3249
f 3216 3249 3250
f 3216 3250 3251
f 3216 3251 3252
f 3216 3252 3218
f 3216 3218 3253
f 3216 3253 3217
f 3217 3253 3218
f 3218 3252 3254
f 3218 3254 3223
f 3218 3223 3222
f 3218 3221 3233
f 3218 3233 3219
f 3219 3233 3220
f 3223 3254 3224
f 3224 3255 3256
f 3224 3256 3257
f 3224 3257 3225
f 3224 3254 3258
f 3224 3258 3255
f 3225 3257 3226
f 3226 3257 3228
f 3228 3257 3229
f 3229 3257 3259
f 3229 3259 3230
f 3230 3260 3231
f 3230 3259 3261
f 3230 3261 3260
f 3231 3260 3262
f 3234 3263 3264
f 3234 3264 3265
f 3234 3265 3266
f 3234 3266 3267
f 3234 3267 3268
f 3234 3268 3236
f 3234 3236 3235
f 3236 3268 3269
f 3236 3269 3270
f 3236 3270 3242
f 3236 3238 3237
f 3239 3242 3271
f 3239 3271 3272
f 3239 3272 3240
f 3240 3273 3241
f 3240 3272 3273
f 3241 3273 3274
f 3241 3274 3243
f 3242 3270 3275
f 3242 3275 3271
f 3243 3276 3244
f 3243 3274 3276
f 3244 3276 3277
f 3244 3277 3246
f 3245 3248 3278
f 3245 3278 3249
f 3246 3277 3279
f 3246 3279 3280
f 3246 3280 3247
f 3247 3280 3281
f 3247 3281 3248
f 3248 3281 3282
f 3248 3282 3278
f 3249 3278 3250
f 3250 3278 3283
f 3250 3283 3284
f 3250 3284 3285
f 3250 3285 3254
f 3250 3254 3251
f 3251 3254 3252
f 3254 3285 3286
f 3254 3286 3287
f 3254 3287 3258
f 3255 3288 3256
f 3255 3258 3289
f 3255 3289 3290
f 3255 3290 3291
f 3255 3291 3288
f 3256 3288 3292
f 3256 3292 3261
f 3256 3261 3259
f 3256 3259 3257
f 3258 3287 3293
f 3258 3293 3289
f 3260 3261 3291
f 3260 3291 3294
f 3260 3294 3262
f 3261 3292 3291
f 3262 3295 3296
f 3262 3296 3297
f 3262 3294 3298
f 3262 3298 3299
f 3262 3299 3300
f 3262 3300 3295
f 3263 3301 3302
f 3263 3302 3265
f 3263 3265 3264
f 3265 3302 3303
f 3265 3303 3304
f 3265 3304 3305
f 3265 3305 3266
f 3266 3305 3270
f 3266 3270 3267
f 3267 3270 3269
f 3267 3269 3268
f 3270 3305 3275
f 3271 3306 3272
f 3271 3275 3306
f 3272 3306 3307
f 3272 3307 3308
f 3272 3308 3273
f 3273 3308 3274
f 3274 3309 3276
f 3274 3308 3309
f 3275 3310 3306
f 3275 3305 3304
f 3275 3304 3303
f 3275 3303 3302
f 3275 3302 3311
f 3275 3311 3310
f 3276 3309 3312
f 3276 3312 3277
f 3277 3312 3313
f 3277 3313 3314
f 3277 3314 3279
f 3278 3282 3315
f 3278 3315 3283
f 3279 3314 3316
f 3279 3316 3317
f 3279 3317 3280
f 3280 3317 3281
f 3281 3317 3318
f 3281 3318 3319
f 3281 3319 3282
f 3282 3319 3320
f 3282 3320 3315
f 3283 3315 3321
f 3283 3321 3284
f 3284 3321 3322
f 3284 3322 3323
f 3284 3323 3324
f 3284 3324 3286
f 3284 3286 3285
f 3286 3324 3325
f 3286 3325 3287
f 3287 3325 3326
f 3287 3326 3300
f 3287 3300 3293
f 3288 3291 3292
f 3289 3327 3299
f 3289 3299 3328
f 3289 3328 3290
f 3289 3293 3327
f 3290 3298 3291
f 3290 3328 3298
f 3291 3298 3294
f 3293 3300 3327
f 3295 3329 3296
f 3295 3300 3326
f 3295 3326 3330
f 3295 3330 3329
f 3296 3329 3297
f 3297 3329 3332
f 3297 3332 3333
f 3297 3333 3331
f 3298 3328 3299
f 3299 3327 3300
f 3301 3334 3335
f 3301 3335 3336
f 3301 3336 3337
f 3301 3337 3302
f 3302 3337 3311
f 3306 3310 3338
f 3306 3338 3307
f 3307 3338 3339
f 3307 3339 3340
f 3307 3340 3308
f 3308 3340 3309
f 3309 3313 3312
f 3309 3340 3341
f 3309 3341 3313
f 3310 3342 3338
f 3310 3311 3343
f 3310 3343 3342
f 3311 3344 3345
f 3311 3345 3343
f 3311 3337 3336
f 3311 3336 3346
f 3311 3346 3344
f 3313 3347 3316
f 3313 3316 3314
f 3313 3341 3348
f 3313 3348 3349
f 3313 3349 3350
f 3313 3350 3347
f 3315 3320 3351
f 3315 3351 3321
f 3316 3347 3352
f 3316 3352 3317
f 3317 3352 3353
f 3317 3353 3318
f 3318 3353 3354
f 3318 3354 3319
f 3319 3354 3355
f 3319 3355 3320
f 3320 3355 3356
f 3320 3356 3357
f 3320 3357 3358
f 3320 3358 3359
f 3320 3359 3360
f 3320 3360 3351
f 3321 3351 3360
f 3321 3360 3322
f 3322 3360 3361
f 3322 3361 3323
f 3323 3362 3324
f 3323 3361 3363
f 3323 3363 3364
f 3323 3364 3365
f 3323 3365 3366
f 3323 3366 3362
f 3324 3362 3325
f 3325 3362 3367
f 3325 3367 3368
f 3325 3368 3369
f 3325 3369 3326
f 3326 3369 3330
f 3329 3330 3332
f 3330 3369 3370
f 3330 3370 3332
f 3331 3371 3372
f 3331 3333 3373
f 3331 3373 3371
f 3332 3374 3333
f 3332 3370 3369
f 3332 3369 3368
f 3332 3368 3375
f 3332 3375 3376
f 3332 3376 3377
f 3332 3377 3374
f 3333 3374 3373
f 3334 3346 3335
f 3334 3378 3379
f 3334 3379 3380
f 3334 3380 3381
f 3334 3381 3346
f 3335 3346 3336
f 3338 3342 3382
f 3338 3382 3383
f 3338 3383 3339
f 3339 3383 3384
f 3339 3384 3385
f 3339 3385 3386
f 3339 3386 3340
f 3340 3386 3341
f 3341 3386 3387
f 3341 3387 3348
f 3342 3343 3388
f 3342 3388 3389
f 3342 3389 3382
f 3343 3345 3390
f 3343 3390 3380
f 3343 3380 3391
f 3343 3391 3392
f 3343 3392 3388
f 3344 3346 3381
f 3344 3381 3345
f 3345 3381 3390
f 3347 3350 3398
f 3347 3398 3352
f 3348 3387 3349
f 3349 3393 3394
f 3349 3394 3395
f 3349 3395 3396
f 3349 3396 3397
f 3349 3397 3350
f 3349 3387 3393
f 3350 3397 3398
f 3352 3398 3353
f 3353 3399 3354
f 3353 3398 3400
f 3353 3400 3401
f 3353 3401 3399
f 3354 3399 3401
f 3354 3401 3402
f 3354 3402 3356
f 3354 3356 3355
f 3356 3402 3401
f 3356 3401 3403
f 3356 3403 3357
f 3357 3403 3401
f 3357 3401 3404
f 3357 3404 3405
f 3357 3405 3406
f 3357 3406 3407
f 3357 3407 3408
f 3357 3408 3358
f 3358 3408 3359
f 3359 3408 3360
f 3360 3408 3361
f 3361 3408 3409
f 3361 3409 3363
f 3362 3366 3410
f 3362 3410 3376
f 3362 3376 3367
f 3363 3411 3412
f 3363 3412 3413
f 3363 3413 3364
f 3363 3409 3411
f 3364 3413 3414
f 3364 3414 3415
f 3364 3415 3416
f 3364 3416 3365
f 3365 3417 3418
f 3365 3418 3419
f 3365 3419 3420
f 3365 3420 3366
f 3365 3416 3417
f 3366 3420 3373
f 3366 3373 3374
f 3366 3374 3410
f 3367 3376 3375
f 3367 3375 3368
f 3371 3373 3372
f 3372 3373 3419
f 3372 3419 3421
f 3373 3420 3419
f 3374 3377 3410
f 3376 3410 3377
f 3378 3422 3380
f 3378 3380 3379
f 3378 3423 3424
f 3378 3424 3425
f 3378 3425 3426
f 3378 3426 3427
f 3378 3427 3428
f 3378 3428 3389
f 3378 3389 3429
f 3378 3429 3422
f 3380 3390 3381
f 3380 3422 3430
f 3380 3430 3431
f 3380 3431 3392
f 3380 3392 3391
f 3382 3389 3383
f 3383 3389 3426
f 3383 3426 3432
f 3383 3432 3384
f 3384 3433 3385
f 3384 3432 3433
f 3385 3433 3434
f 3385 3434 3386
f 3386 3434 3393
f 3386 3393 3387
f 3388 3392 3431
f 3388 3431 3435
f 3388 3435 3389
f 3389 3428 3426
f 3389 3435 3436
f 3389 3436 3430
f 3389 3430 3422
f 3389 3422 3429
f 3393 3434 3394
f 3394 3434 3437
f 3394 3437 3395
f 3395 3437 3438
f 3395 3438 3439
f 3395 3439 3440
f 3395 3440 3396
f 3396 3440 3441
f 3396 3441 3400
f 3396 3400 3397
f 3397 3400 3398
f 3400 3441 3401
f 3401 3440 3442
f 3401 3442 3405
f 3401 3405 3404
f 3401 3441 3440
f 3405 3442 3443
f 3405 3443 3444
f 3405 3444 3445
f 3405 3445 3406
f 3406 3445 3446
f 3406 3446 3409
f 3406 3409 3407
f 3407 3409 3408
f 3409 3446 3447
f 3409 3447 3411
f 3411 3447 3412
f 3412 3447 3448
f 3412 3448 3449
f 3412 3449 3450
f 3412 3450 3413
f 3413 3450 3451
f 3413 3451 3452
f 3413 3452 3414
f 3414 3452 3453
f 3414 3453 3415
f 3415 3453 3454
f 3415 3454 3455
f 3415 3455 3416
f 3416 3455 3456
f 3416 3456 3457
f 3416 3457 3458
f 3416 3458 3459
f 3416 3459 3417
f 3417 3459 3418
f 3418 3458 3457
f 3418 3457 3421
f 3418 3421 3419
f 3418 3459 3458
f 3421 3457 3460
f 3423 3461 3462
f 3423 3462 3463
f 3423 3463 3464
f 3423 3464 3465
f 3423 3465 3466
f 3423 3466 3467
f 3423 3467 3424
f 3424 3467 3425
f 3425 3467 3426
f 3426 3428 3427
f 3426 3467 3432
f 3430 3436 3431
f 3431 3436 3435
f 3432 3467 3465
f 3432 3465 3468
f 3432 3468 3433
f 3433 3469 3434
f 3433 3468 3470
f 3433 3470 3469
f 3434 3469 3437
f 3437 3469 3471
f 3437 3471 3472
f 3437 3472 3438
f 3438 3472 3439
f 3439 3472 3473
f 3439 3473 3443
f 3439 3443 3440
f 3440 3443 3442
f 3443 3473 3474
f 3443 3474 3444
f 3444 3474 3475
f 3444 3475 3445
f 3445 3475 3476
f 3445 3476 3477
f 3445 3477 3446
f 3446 3477 3447
f 3447 3477 3448
f 3448 3477 3478
f 3448 3478 3479
f 3448 3479 3480
f 3448 3480 3481
f 3448 3481 3449
f 3449 3481 3482
f 3449 3482 3483
f 3449 3483 3450
f 3450 3483 3451
f 3451 3483 3482
f 3451 3482 3484
f 3451 3484 3485
f 3451 3485 3454
f 3451 3454 3452
f 3452 3454 3453
f 3454 3485 3455
f 3456 3460 3457
f 3461 3486 3462
f 3462 3486 3487
f 3462 3487 3488
f 3462 3488 3463
f 3463 3488 3464
f 3464 3489 3490
f 3464 3490 3491
f 3464 3491 3468
f 3464 3468 3465
f 3464 3488 3486
f 3464 3486 3489
f 3465 3467 3466
f 3468 3491 3470
f 3469 3470 3471
f 3470 3491 3471
f 3471 3491 3492
f 3471 3492 3493
f 3471 3493 3472
f 3472 3493 3494
f 3472 3494 3473
f 3473 3494 3474
f 3474 3494 3495
f 3474 3495 3496
f 3474 3496 3475
f 3475 3496 3476
f 3476 3496 3497
f 3476 3497 3478
f 3476 3478 3477
f 3478 3497 3498
f 3478 3498 3479
f 3479 3498 3499
f 3479 3499 3500
f 3479 3500 3480
f 3480 3500 3481
f 3481 3500 3501
f 3481 3501 3482
f 3482 3501 3485
f 3482 3485 3484
f 3485 3502 3500
f 3485 3501 3502
f 3486 3488 3487
f 3486 3503 3504
f 3486 3504 3505
f 3486 3505 3489
f 3489 3506 3491
f 3489 3491 3490
f 3489 3505 3507
f 3489 3507 3506
f 3491 3506 3492
f 3492 3506 3508
f 3492 3508 3493
f 3493 3508 3509
f 3493 3509 3510
f 3493 3510 3494
f 3494 3510 3511
f 3494 3511 3495
f 3495 3511 3496
f 3496 3511 3512
f 3496 3512 3513
f 3496 3513 3514
f 3496 3514 3497
f 3497 3514 3515
f 3497 3515 3516
f 3497 3516 3517
f 3497 3517 3518
f 3497 3518 3498
f 3498 3518 3519
f 3498 3519 3499
f 3499 3519 3518
f 3499 3518 3520
f 3499 3520 3521
f 3500 3502 3501
f 3503 3522 3523
f 3503 3523 3524
f 3503 3524 3507
f 3503 3507 3504
f 3504 3507 3505
f 3506 3507 3524
f 3506 3524 3508
f 3508 3524 3525
f 3508 3525 3509
f 3509 3525 3526
f 3509 3526 3527
f 3509 3527 3528
f 3509 3528 3529
f 3509 3529 3510
f 3510 3529 3530
f 3510 3530 3511
f 3511 3530 3531
f 3511 3531 3532
f 3511 3532 3533
f 3511 3533 3512
f 3512 3533 3513
f 3513 3533 3515
f 3513 3515 3514
f 3515 3533 3532
f 3515 3532 3531
f 3515 3531 3534
f 3515 3534 3535
f 3515 3535 3536
f 3515 3536 3516
f 3517 3521 3537
f 3517 3537 3538
f 3517 3538 3518
f 3518 3538 3520
f 3520 3537 3521
f 3520 3538 3537
f 3522 3539 3523
f 3523 3539 3525
f 3523 3525 3524
f 3525 3539 3540
f 3525 3540 3526
f 3526 3540 3527
f 3527 3539 3541
f 3527 3541 3528
f 3527 3540 3539
f 3528 3542 3530
f 3528 3530 3529
f 3530 3542 3535
f 3530 3535 3531
f 3531 3535 3534
o convex_2
v -0.0216727 0.476879 0.174646
v 0.00757613 0.461756 0.174578
v -0.00754883 0.476879 0.17427
v -0.0216727 0.492061 0.17321
v -0.0216727 0.401205 0.174646
v 0.0227228 0.446633 0.174646
v 0.0681413 0.416328 0.174578
v 0.0529945 0.431451 0.174407
v 0.0378696 0.446633 0.174202
v 0.0227228 0.461756 0.173826
v 0.00757613 0.476879 0.173073
v -0.00754883 0.492061 0.171945
v -0.0216727 0.507184 0.169756
v -0.0216727 0.386023 0.17345
v -0.00754883 0.386023 0.17427
v 0.0227228 0.3709 0.17451
v 0.0529945 0.355777 0.174544
v 0.00757613 0.386023 0.174646
v 0.083288 0.401205 0.174646
v 0.0984129 0.401205 0.174133
v 0.083288 0.416328 0.173894
v 0.0681413 0.431451 0.173415
v 0.0529945 0.446633 0.172834
v 0.0378696 0.461756 0.172013
v 0.0227228 0.476879 0.170953
v 0.00868601 0.493282 0.169072
v 0.00439879 0.502298 0.167328
v -0.00870225 0.507242 0.168012
v -0.0144911 0.515094 0.166644
v -0.0216727 0.516781 0.167123
v -0.0216727 0.3709 0.170372
v 0.151383 0.242236 0.166542
v 0.0378696 0.340712 0.171911
v 0.0227228 0.355777 0.172971
v 0.0529945 0.340712 0.173381
v 0.00757613 0.3709 0.173757
v 0.0378696 0.355777 0.174065
v 0.0681413 0.355777 0.174646
v 0.0681413 0.340712 0.174099
v 0.083288 0.340712 0.174407
v 0.0984129 0.340712 0.174612
v 0.0984129 0.386023 0.174646
v 0.113538 0.386023 0.174133
v 0.128685 0.386023 0.172595
v 0.113538 0.401205 0.17256
v 0.0984129 0.416328 0.17215
v 0.083288 0.431451 0.1715
v 0.0681413 0.446633 0.170611
v 0.0775209 0.455358 0.166884
v 0.0374343 0.477112 0.168251
v 0.105007 0.438315 0.166371
v 0.0144966 0.499157 0.166405
v 0.059915 0.46891 0.166405
v 0.00868601 0.507242 0.165071
v -0.00441503 0.512361 0.165823
v 0.00757613 0.522307 0.160591
v -0.00754883 0.537488 0.158095
v -0.0216727 0.525506 0.164387
v -0.0216727 0.524343 0.164763
v -0.0216727 0.360663 0.167773
v 0.200653 0.189247 0.161138
v 0.180088 0.226183 0.166747
v 0.0984129 0.295284 0.170303
v -0.0216727 0.359616 0.167499
v 0.083288 0.310407 0.171363
v 0.0681413 0.325531 0.172389
v 0.113538 0.295284 0.171432
v 0.083288 0.325531 0.173347
v 0.113538 0.340712 0.174646
v 0.0984129 0.325531 0.17386
v 0.113538 0.325531 0.174133
v 0.128685 0.325531 0.174304
v 0.113538 0.3709 0.174612
v 0.128685 0.340712 0.174646
v 0.128685 0.355777 0.174475
v 0.143831 0.340712 0.17427
v 0.128685 0.3709 0.173928
v 0.143831 0.386023 0.170543
v 0.143831 0.3709 0.172321
v 0.200653 0.359907 0.166268
v 0.170947 0.382534 0.167191
v 0.165463 0.392596 0.166371
v 0.113538 0.416328 0.16979
v 0.0993487 0.432556 0.168593
v 0.127553 0.415805 0.167602
v 0.087597 0.451809 0.165926
v 0.159849 0.401321 0.165174
v 0.158978 0.416328 0.161207
v 0.143831 0.431451 0.160078
v 0.113538 0.446633 0.162062
v 0.0993487 0.446691 0.165037
v 0.0227228 0.496365 0.165618
v 0.0227228 0.507184 0.162404
v 0.0828527 0.460942 0.164148
v 0.0681413 0.476879 0.162335
v 0.0227228 0.522307 0.157719
v 0.00757613 0.537488 0.15553
v 0.00757613 0.547319 0.152179
v 0.00757613 0.55488 0.149477
v -0.00754883 0.55011 0.153444
v -0.0216727 0.537488 0.16001
v 0.200653 0.174007 0.157035
v 0.200653 0.204428 0.164319
v 0.18925 0.224903 0.166849
v 0.174103 0.249856 0.168867
v 0.158978 0.264979 0.169927
v 0.143831 0.280103 0.170953
v -0.0216727 0.352054 0.165413
v 0.113538 0.310407 0.172937
v 0.143831 0.325531 0.174339
v 0.128685 0.310407 0.173279
v 0.143831 0.310407 0.173518
v 0.158978 0.325531 0.17321
v 0.158978 0.340712 0.172834
v 0.143831 0.355777 0.173484
v 0.196497 0.362582 0.166473
v 0.186399 0.367759 0.167157
v 0.158978 0.355777 0.171774
v 0.174103 0.355777 0.169961
v 0.200653 0.356824 0.166576
v 0.200653 0.366945 0.164866
v 0.181045 0.377822 0.166439
v 0.200653 0.371191 0.164011
v 0.174103 0.401205 0.162199
v 0.174103 0.416328 0.15789
v 0.158978 0.431451 0.156727
v 0.128685 0.446633 0.158745
v 0.0984129 0.461756 0.160591
v 0.0378696 0.507184 0.159292
v 0.0334518 0.532021 0.152179
v 0.0213736 0.537198 0.152999
v 0.0154324 0.545225 0.151461
v 0.0529945 0.507184 0.155975
v 0.0255302 0.542084 0.150298
v 0.0213736 0.551216 0.147494
v 0.00757613 0.567735 0.14298
v -0.00754883 0.557672 0.1504
v -0.0216727 0.538303 0.159702
v 0.200653 0.15935 0.15276
v 0.200653 0.219086 0.166063
v 0.200653 0.224903 0.166747
v 0.158978 0.280103 0.171192
v 0.143831 0.295284 0.172253
v -0.0216727 0.340712 0.161788
v 0.158978 0.295284 0.172184
v 0.158978 0.310407 0.172834
v 0.200653 0.264979 0.167191
v 0.200653 0.340712 0.167191
v 0.200653 0.234675 0.166986
v 0.200653 0.249856 0.167157
v 0.200653 0.352171 0.166849
v 0.200653 0.386023 0.160147
v 0.200653 0.402194 0.155769
v 0.200653 0.411442 0.153136
v 0.189794 0.417084 0.154025
v 0.173646 0.431509 0.153376
v 0.158978 0.443492 0.152931
v 0.145028 0.447912 0.154641
v 0.113538 0.461756 0.15724
v 0.0681413 0.492061 0.157548
v 0.0529945 0.525332 0.149716
v 0.0833968 0.492584 0.153889
v 0.123353 0.470888 0.151939
v 0.105921 0.484441 0.151392
v 0.0609814 0.515036 0.151495
v 0.0382395 0.537198 0.148896
v 0.0380654 0.553251 0.140928
v 0.0212648 0.567386 0.139081
v 0.0529945 0.537488 0.144108
v -0.00754883 0.567735 0.145202
v 0.0152583 0.575355 0.136311
v 0.00757613 0.57646 0.137303
v -0.00754883 0.578088 0.138636
v -0.0216727 0.567735 0.14616
v -0.0216727 0.559475 0.1504
v -0.0216727 0.558777 0.150742
v -0.0216727 0.551681 0.154025
v 0.200653 0.143237 0.147357
v -0.0216727 0.325531 0.15659
v 0.200653 0.412954 0.152692
v 0.200653 0.417084 0.151426
v 0.185115 0.426449 0.152247
v 0.168292 0.440234 0.151837
v 0.0710792 0.511546 0.150229
v 0.158978 0.451053 0.150264
v 0.128511 0.476298 0.148554
v 0.0833968 0.506777 0.148759
v 0.113538 0.492061 0.146228
v 0.113538 0.481823 0.150435
v 0.066879 0.520969 0.147459
v 0.0529945 0.5479 0.138226
v 0.0331689 0.562093 0.137645
v 0.0835056 0.522947 0.140859
v 0.0668355 0.537081 0.139149
v 0.0984129 0.507184 0.143903
v 0.128902 0.492642 0.140688
v -0.0216727 0.579368 0.139252
v 0.0253561 0.572156 0.133815
v 0.0341047 0.577739 0.123726
v 0.0212648 0.579484 0.128719
v 0.0128427 0.589896 0.119896
v 0.0077067 0.58501 0.127728
v -0.00754883 0.58565 0.130874
v -0.0216727 0.58693 0.132584
v 0.200653 0.128638 0.14127
v -0.0216727 0.31477 0.152657
v -0.0216727 0.307673 0.149716
v 0.200653 0.419818 0.150571
v 0.17839 0.43657 0.150571
v 0.173646 0.445818 0.14828
v 0.158978 0.461756 0.145818
v 0.143831 0.476879 0.143595
v 0.0785873 0.531788 0.137645
v 0.0609161 0.545283 0.136414
v 0.0432667 0.558719 0.135183
v 0.112232 0.506835 0.139047
v 0.123984 0.501542 0.137576
v 0.0984129 0.517596 0.138192
v 0.174234 0.462279 0.140415
v 0.157651 0.476472 0.138876
v 0.143831 0.487291 0.138055
v 0.0710139 0.541909 0.133815
v 0.0795231 0.547551 0.123692
v 0.0618519 0.561046 0.122051
v 0.0442025 0.574482 0.119623
v 0.0386313 0.580764 0.114151
v 0.0299045 0.590303 0.105636
v 0.0240068 0.588442 0.114322
v 0.0198067 0.592107 0.109808
v 0.0283376 0.604961 0.0743111
v 0.0182398 0.606532 0.0778676
v 0.0108405 0.60438 0.0879559
v 0.00074269 0.605776 0.091273
v 0.0077067 0.593619 0.114322
v 0.0027666 0.59106 0.122017
v -0.00754883 0.592048 0.123316
v -0.0216727 0.587395 0.132071
v 0.200653 0.113573 0.133575
v -0.0216727 0.307266 0.149511
v 0.200653 0.431451 0.146263
v 0.189794 0.431509 0.14934
v 0.200653 0.445062 0.139868
v 0.151731 0.484673 0.136414
v 0.134082 0.49811 0.135148
v 0.116411 0.511604 0.133815
v 0.16925 0.471121 0.13744
v 0.186551 0.457626 0.138363
v 0.12492 0.517305 0.123692
v 0.170338 0.487 0.123692
v 0.0895991 0.544178 0.119828
v 0.198085 0.47019 0.122051
v 0.180436 0.483626 0.119862
v 0.0584134 0.573959 0.103242
v 0.0483156 0.5771 0.1095
v 0.122265 0.530625 0.107209
v 0.104419 0.544003 0.10396
v 0.076411 0.560639 0.106764
v 0.0532339 0.579717 0.0982835
v 0.0442242 0.589722 0.0893922
v 0.038653 0.587977 0.0997198
v 0.0483156 0.592223 0.0793039
v 0.0436366 0.60467 0.058546
v 0.0335606 0.607172 0.0641886
v 0.0318849 0.621364 0.0320088
v 0.0256608 0.619445 0.0420971
v 0.0230711 0.608975 0.0688053
v 0.0214606 0.616711 0.0516382
v 0.00650976 0.607695 0.0830314
v 0.00757613 0.613686 0.0681213
v 0.00757613 0.618805 0.0557419
v -0.00326162 0.620085 0.0589222
v -0.00754883 0.610894 0.0832708
v -0.00754883 0.60659 0.0930855
v -0.00754883 0.603216 0.100643
v -0.00754883 0.597225 0.113536
v -0.0216727 0.599785 0.113536
v -0.0216727 0.59327 0.124992
v 0.200653 0.100951 0.126189
v -0.0216727 0.294121 0.142706
v 0.200653 0.45274 0.135148
v 0.196649 0.454078 0.136174
v 0.179348 0.467689 0.135148
v 0.161829 0.481183 0.13378
v 0.18925 0.473098 0.124787
v 0.117346 0.527367 0.117297
v 0.162765 0.497121 0.117297
v 0.200653 0.461814 0.127693
v 0.200653 0.466235 0.123897
v 0.200653 0.471237 0.117673
v 0.185115 0.486884 0.109774
v 0.167683 0.500378 0.107209
v 0.0677278 0.570469 0.0982835
v 0.0677278 0.578496 0.0822791
v 0.0623742 0.591641 0.0628891
v 0.12566 0.532951 0.0983861
v 0.113451 0.540804 0.0986939
v 0.14999 0.513815 0.104131
v 0.108315 0.546562 0.093872
v 0.0989788 0.550169 0.0986939
v 0.0796972 0.562733 0.0983861
v 0.0532339 0.586872 0.0839206
v 0.0529728 0.60182 0.0532796
v 0.0478803 0.606997 0.0484578
v 0.0383048 0.609673 0.0532796
v 0.0373037 0.616885 0.0373778
v 0.0214606 0.622353 0.0373778
v 0.0425485 0.619445 0.0227071
v 0.0349752 0.622877 0.0227071
v 0.0227228 0.627064 0.0227071
v 0.015563 0.620841 0.0456878
v 0.00757613 0.621829 0.0481842
v -0.00800585 0.623167 0.053519
v -0.0216727 0.626134 0.0530061
v -0.0216727 0.621946 0.0634363
v -0.00800585 0.6177 0.0671296
v -0.0216727 0.618863 0.0709597
v -0.0216727 0.613628 0.0832708
v -0.0216727 0.604554 0.103652
v 0.200653 0.0890847 0.11528
v -0.0216727 0.288595 0.139457
v -0.0200841 0.285279 0.138021
v -0.0216727 0.283244 0.135354
v -0.0216727 0.278125 0.130771
v 0.200653 0.474262 0.11292
v 0.195213 0.483277 0.103687
v 0.178673 0.497586 0.0983861
v 0.0903608 0.575006 0.0599139
v 0.072472 0.588384 0.0561522
v 0.067706 0.593444 0.0518775
v 0.104419 0.559184 0.0736271
v 0.153799 0.516374 0.094043
v 0.150012 0.528996 0.0738665
v 0.122265 0.545806 0.0772179
v 0.1711 0.502647 0.0983861
v 0.113451 0.548831 0.0826553
v 0.0579782 0.604089 0.0412421
v 0.0529728 0.608742 0.0368649
v 0.00757613 0.625668 0.0378224
v 0.0450294 0.62055 0.0134738
v 0.0529945 0.613454 0.0227071
v 0.0391318 0.624331 0.0080706
v 0.0227228 0.630729 0.00755764
v 0.00757613 0.630322 0.0227071
v -0.0194094 0.634975 0.0265714
v -0.00754883 0.628984 0.0378224
v -0.0216727 0.626541 0.0519459
v 0.200653 0.0847804 0.109945
v -0.0216727 0.273763 0.125881
v 0.200653 0.481183 0.100541
v 0.181568 0.499506 0.0906575
v 0.181568 0.514687 0.0603927
v 0.174625 0.507533 0.0839548
v 0.200653 0.488454 0.0862802
v 0.0761934 0.590769 0.046064
v 0.108206 0.561627 0.0635389
v 0.136127 0.544934 0.0603927
v 0.129033 0.552844 0.0534506
v 0.158891 0.525739 0.0685317
v 0.12566 0.548017 0.0681213
v 0.0610684 0.605892 0.0311539
v 0.0669226 0.600133 0.0368649
v 0.0653774 0.608626 0.00755764
v 0.0519064 0.617002 0.0080706
v 0.0461176 0.62119 0.00335135
v 0.0630924 0.607172 0.0227071
v 0.0914925 0.590885 0.0165858
v 0.0461176 0.62119 -0.0026332
v 0.0389359 0.624272 -0.00762603
v 0.0227228 0.630671 -0.00755764
v -0.0216727 0.640094 -0.00755764
v -0.0216727 0.640036 0.00625813
v -0.0216727 0.639977 0.00755764
v -0.0216727 0.636953 0.0208263
v -0.0216727 0.63608 0.0242118
v -0.0216727 0.633812 0.0317694
v -0.0216727 0.632241 0.0367623
v 0.200653 0.0681448 0.0840915
v -0.0216727 0.266783 0.116819
v -0.0216727 0.264979 0.114356
v -0.0216727 0.264572 0.113741
v 0.200653 0.505264 0.0526641
v 0.185137 0.517188 0.0503045
v 0.174604 0.522656 0.0536558
v 0.107183 0.576111 0.0322482
v 0.121916 0.560697 0.0465427
v 0.149838 0.544003 0.042952
v 0.132341 0.557614 0.0378224
v 0.16764 0.530625 0.0468847
v 0.13974 0.547319 0.0502703
v 0.0891856 0.589373 0.026674
v 0.0838103 0.594201 0.0220574
v 0.0729508 0.603856 0.00755764
v 0.0923847 0.591467 0.00755764
v 0.119305 0.574133 0.00755764
v 0.111732 0.579019 0.00755764
v 0.135279 0.559533 0.0279393
v 0.137346 0.560871 0.0178511
v 0.0726243 0.603623 -0.00755764
v 0.065051 0.608451 -0.00755764
v 0.0519064 0.616711 -0.00762603
v 0.044703 0.620317 -0.0127215
v 0.118913 0.5739 -0.00755764
v 0.0995664 0.586348 -0.00755764
v 0.0344529 0.62276 -0.0227071
v 0.0227228 0.627064 -0.0227071
v 0.00757613 0.630787 -0.0227071
v -0.0216727 0.637127 -0.021305
v 0.200653 0.0588964 0.0681213
v -0.0216727 0.263874 0.112544
v 0.200653 0.510441 0.0415841
v 0.195234 0.51364 0.0428494
v 0.158412 0.540455 0.0378908
v 0.152972 0.546097 0.0328638
v 0.189816 0.519515 0.0378224
v 0.17802 0.527484 0.0378224
v 0.128685 0.568026 0.00755764
v 0.180741 0.529287 0.0279393
v 0.142961 0.555811 0.0228097
v 0.182765 0.530625 0.0178511
v 0.157411 0.549064 0.00755764
v 0.146051 0.556625 0.00755764
v 0.138478 0.561627 0.00755764
v 0.0909919 0.590536 -0.0154573
v 0.0529945 0.612756 -0.0227071
v 0.0420262 0.619154 -0.0227071
v 0.138086 0.561395 -0.00755764
v 0.136802 0.560522 -0.0164148
v 0.0315367 0.621248 -0.0315643
v 0.0213083 0.622353 -0.0371042
v 0.00757613 0.625959 -0.0378224
v -0.0216727 0.635382 -0.0281445
v -0.0216727 0.636487 -0.023904
v 0.200653 0.0533706 0.0558103
v -0.0216727 0.255557 0.0980441
v -0.0216727 0.255266 0.097497
v -0.0216727 0.24753 0.0819029
v -0.0216727 0.247064 0.0809454
v 0.200653 0.511314 0.0396691
v 0.200653 0.513408 0.0348472
v 0.19839 0.515792 0.0327612
v 0.200653 0.517247 0.0228097
v 0.20061 0.517305 0.0227071
v 0.200653 0.520155 0.00755764
v 0.183918 0.531381 0.00755764
v 0.157063 0.548831 -0.00755764
v 0.0886851 0.589082 -0.0255455
v 0.0700128 0.601937 -0.0227071
v 0.0624395 0.606764 -0.0227071
v 0.142634 0.555229 -0.0219548
v 0.134648 0.559126 -0.026503
v 0.060655 0.605659 -0.0304015
v 0.0525593 0.60816 -0.0364203
v 0.0370861 0.616246 -0.0371042
v 0.182308 0.530334 -0.016791
v 0.162199 0.542142 -0.0227071
v 0.154626 0.547144 -0.0227071
v 0.016847 0.606357 -0.0773204
v 0.0254214 0.619096 -0.0416525
v 0.0153236 0.620783 -0.0455168
v 0.00757613 0.621771 -0.0480474
v -0.00328338 0.620026 -0.058888
v -0.00800585 0.623167 -0.0534848
v -0.00754883 0.629217 -0.0378224
v -0.0216727 0.632416 -0.0369675
v 0.200653 0.0526726 0.0541688
v -0.0216727 0.241015 0.0666508
v 0.200653 0.519806 -0.00502703
v 0.18357 0.531148 -0.00755764
v 0.152558 0.545806 -0.0320088
v 0.106617 0.575704 -0.0312907
v 0.0835056 0.587628 -0.0393271
v 0.0756929 0.59042 -0.0453458
v 0.0573035 0.603798 -0.0404898
v 0.0472275 0.606532 -0.0472951
v 0.0374996 0.6088 -0.0525957
v 0.200653 0.51969 -0.00755764
v 0.200653 0.516374 -0.0227071
v 0.180349 0.528996 -0.0268792
v 0.0102529 0.603972 -0.0874429
v 0.00616156 0.607404 -0.0827236
v 0.0321896 0.606532 -0.0624446
v 0.0170428 0.591409 -0.107859
v 0.006488 0.592921 -0.113159
v 0.000176863 0.605659 -0.090931
v 0.00757613 0.61863 -0.0556051
v -0.0133594 0.621073 -0.0614528
v -0.00800585 0.617642 -0.0671296
v -0.0216727 0.625727 -0.0539294
v 0.200653 0.0523818 0.0532796
v -0.0216727 0.240957 0.0664799
v 0.177172 0.526902 -0.0378224
v 0.1669 0.530101 -0.0459272
v 0.149163 0.543538 -0.0420971
v 0.197889 0.515443 -0.031872
v 0.0897297 0.574599 -0.059059
v 0.0652686 0.593503 -0.0529719
v 0.121285 0.56029 -0.0456536
v 0.163331 0.527775 -0.0560154
v 0.153255 0.53109 -0.0629917
v 0.0618301 0.591234 -0.062171
v 0.0573906 0.588733 -0.0722592
v 0.0472928 0.591409 -0.077594
v 0.0422874 0.604031 -0.0573833
v 0.0271406 0.588907 -0.102832
v 0.200653 0.514455 -0.0292388
v 0.00616156 0.60089 -0.0969498
v 0.0374778 0.578554 -0.113159
v 0.0223529 0.586057 -0.113159
v 0.0108187 0.588791 -0.117947
v 0.000720923 0.590711 -0.121504
v -0.00754883 0.596818 -0.113536
v -0.00754883 0.603158 -0.100404
v -0.00754883 0.610662 -0.0832708
v -0.0216727 0.618863 -0.0709255
v -0.0216727 0.621713 -0.063915
v -0.0216727 0.613337 -0.0839206
v 0.200653 0.0478448 0.037925
v -0.0216727 0.23706 0.0538952
v 0.184527 0.516665 -0.0495521
v 0.200653 0.512477 -0.0345052
v 0.200653 0.511314 -0.0372752
v 0.200653 0.510674 -0.0387799
v 0.173972 0.522249 -0.0528009
v 0.158565 0.532893 -0.0517749
v 0.0673796 0.584952 -0.0675742
v 0.132167 0.542374 -0.0681213
v 0.103723 0.558719 -0.0727038
v 0.181045 0.514338 -0.0596404
v 0.158565 0.525099 -0.0680529
v 0.139348 0.531904 -0.0797827
v 0.128532 0.537372 -0.0830656
v 0.0673796 0.569829 -0.0978731
v 0.0618301 0.576111 -0.0924357
v 0.0573906 0.57361 -0.102558
v 0.0472928 0.576285 -0.107859
v 0.0422874 0.588907 -0.0876823
v 0.0422874 0.57361 -0.117947
v 0.0321896 0.576285 -0.122427
v 0.0227228 0.578554 -0.125163
v -0.00754883 0.591699 -0.122871
v 0.00685796 0.582684 -0.128411
v 0.00289718 0.576518 -0.137269
v -0.00754883 0.585417 -0.130429
v -0.0216727 0.599319 -0.114185
v -0.0216727 0.599668 -0.113536
v -0.0216727 0.604554 -0.103584
v 0.200653 0.0459835 0.0227071
v -0.0216727 0.233977 0.0390193
v -0.0216727 0.233802 0.0378224
v 0.200653 0.50445 -0.0521853
v 0.0827874 0.567444 -0.0826211
v 0.124702 0.532253 -0.0983861
v 0.200653 0.496656 -0.0679162
v 0.184701 0.501716 -0.0798853
v 0.17789 0.512244 -0.0681213
v 0.153276 0.516025 -0.0933249
v 0.13554 0.529403 -0.0898709
v 0.113016 0.53999 -0.0981467
v 0.0758017 0.560231 -0.106081
v 0.0669878 0.562442 -0.112099
v 0.0611555 0.56058 -0.121572
v 0.0526028 0.570469 -0.113159
v 0.0529945 0.562965 -0.124308
v 0.0375431 0.56756 -0.128719
v 0.0227228 0.571748 -0.13272
v 0.0129732 0.574249 -0.135285
v -0.0216727 0.592746 -0.125334
v -0.0216727 0.593154 -0.124821
v -0.00754883 0.577856 -0.138363
v 0.0327989 0.561511 -0.137234
v 0.0227228 0.564129 -0.13891
v 0.00779375 0.568607 -0.140757
v -0.00754883 0.567735 -0.144689
v -0.0216727 0.586755 -0.132378
v 0.200653 0.0459253 0.00755764
v -0.0216727 0.232581 0.0241092
v -0.0216727 0.232465 0.0227071
v 0.12159 0.530218 -0.106457
v 0.200653 0.481474 -0.0981809
v 0.181045 0.499157 -0.0899735
v 0.174103 0.507184 -0.0832366
v 0.163374 0.512651 -0.0866222
v 0.144158 0.519457 -0.0983861
v 0.177846 0.497005 -0.0983861
v 0.149424 0.513408 -0.103447
v 0.0788049 0.547086 -0.123419
v 0.0660956 0.551216 -0.127557
v 0.0529945 0.555345 -0.1319
v 0.167096 0.499971 -0.106559
v 0.157803 0.502298 -0.112373
v 0.16209 0.496598 -0.116648
v 0.197389 0.469725 -0.121538
v 0.0428967 0.558545 -0.135012
v -0.0216727 0.578496 -0.139628
v -0.0216727 0.579194 -0.139184
v -0.0216727 0.586232 -0.132926
v 0.0609161 0.545225 -0.136414
v 0.0529945 0.547784 -0.137884
v 0.0378696 0.553135 -0.140141
v 0.0227228 0.552612 -0.1451
v 0.00844663 0.552495 -0.149067
v -0.00754883 0.557265 -0.150127
v -0.0216727 0.567037 -0.146502
v -0.0216727 0.567735 -0.146126
v 0.200653 0.0459253 -0.0227071
v -0.0216727 0.232465 -0.0227071
v 0.200653 0.480602 -0.0998908
v 0.194712 0.482987 -0.103071
v 0.0710139 0.541793 -0.133507
v 0.184614 0.486477 -0.10909
v 0.200653 0.470888 -0.11634
v 0.200653 0.468503 -0.119862
v 0.200653 0.464955 -0.123487
v 0.200653 0.461349 -0.126462
v 0.200653 0.453322 -0.133028
v 0.190142 0.461872 -0.132173
v 0.158978 0.481416 -0.133883
v 0.133581 0.497761 -0.134841
v 0.106139 0.514862 -0.136311
v 0.116215 0.511314 -0.133438
v 0.0885545 0.528298 -0.135046
v 0.0784567 0.531672 -0.137405
v 0.0668355 0.537023 -0.138739
v 0.0529945 0.537488 -0.143185
v 0.0227228 0.541618 -0.150024
v 0.0374126 0.536616 -0.148143
v 0.0140614 0.544352 -0.151119
v 0.00396355 0.547377 -0.152315
v -0.0216727 0.558777 -0.150742
v -0.00754883 0.549703 -0.153444
v -0.0216727 0.551216 -0.154231
v 0.200653 0.0462161 -0.0256481
v -0.0216727 0.233686 -0.0378224
v 0.200653 0.475192 -0.109466
v 0.200653 0.473331 -0.112544
v 0.200653 0.451635 -0.134362
v 0.1958 0.45338 -0.13573
v 0.178434 0.467049 -0.134567
v 0.150991 0.48415 -0.136037
v 0.168336 0.470539 -0.137132
v 0.123483 0.501251 -0.137337
v 0.112123 0.50666 -0.138636
v 0.0984129 0.517421 -0.137816
v 0.0834186 0.522889 -0.140312
v 0.0984129 0.507184 -0.143116
v 0.113538 0.492061 -0.14551
v 0.0681413 0.522307 -0.145579
v 0.0421786 0.527716 -0.150571
v 0.0320807 0.531032 -0.151837
v 0.0227228 0.534057 -0.152999
v 0.0540827 0.52254 -0.149477
v 0.00844663 0.538594 -0.154743
v 0.00757613 0.522307 -0.161138
v -0.00754883 0.537488 -0.158403
v -0.0216727 0.537488 -0.16001
v 0.200653 0.0476121 -0.0380276
v -0.0216727 0.236769 -0.0529719
v 0.200653 0.447331 -0.1372
v 0.185702 0.456928 -0.138055
v 0.158978 0.473796 -0.139047
v 0.140893 0.48764 -0.13826
v 0.128598 0.49241 -0.140244
v 0.158978 0.461756 -0.145271
v 0.128249 0.476065 -0.148178
v 0.0828527 0.506369 -0.148212
v 0.0374126 0.52254 -0.153718
v 0.0227228 0.522307 -0.157479
v 0.0681413 0.511488 -0.150161
v 0.059828 0.51428 -0.151221
v 0.0994793 0.492235 -0.149477
v -0.0077447 0.521318 -0.16425
v 0.0378696 0.507184 -0.159292
v 0.0215259 0.505904 -0.163498
v 0.00757613 0.510267 -0.165208
v -0.00282637 0.513408 -0.1662
v -0.0216727 0.52347 -0.165037
v 0.200653 0.0480775 -0.0397374
v -0.0216727 0.240317 -0.0645648
v 0.200653 0.0523236 -0.054203
v 0.200653 0.443957 -0.139081
v 0.173668 0.461872 -0.13997
v 0.190142 0.44768 -0.141167
v 0.14468 0.461872 -0.149409
v 0.200653 0.435756 -0.143048
v 0.173102 0.445469 -0.14787
v 0.158978 0.450297 -0.150058
v 0.132994 0.466991 -0.150571
v 0.113538 0.481183 -0.150127
v 0.0951486 0.487349 -0.152486
v 0.105225 0.483975 -0.151221
v -0.0129242 0.51556 -0.166781
v 0.122896 0.470481 -0.151837
v 0.0529945 0.492061 -0.160933
v 0.0378478 0.491595 -0.164456
v 0.0257696 0.496307 -0.165618
v 0.0156935 0.499971 -0.166644
v 0.00757613 0.502647 -0.167328
v 0.00757613 0.492061 -0.169996
v -0.00754883 0.492061 -0.172047
v -0.0077447 0.507882 -0.168149
v -0.0216727 0.516723 -0.167123
v -0.0216727 0.243225 -0.0716095
v 0.200653 0.0565116 -0.0644622
v 0.200653 0.431393 -0.144963
v 0.18925 0.431102 -0.148793
v 0.177454 0.435872 -0.150332
v 0.167378 0.439653 -0.151597
v 0.150295 0.45338 -0.151119
v -0.0216727 0.506137 -0.16979
v -0.0216727 0.507242 -0.169517
v 0.128249 0.461872 -0.153478
v 0.113538 0.461756 -0.156932
v 0.0681413 0.476879 -0.162335
v 0.0541697 0.477286 -0.165208
v 0.0599803 0.46891 -0.166439
v 0.0327771 0.486244 -0.16702
v 0.0215259 0.491595 -0.167704
v 0.0227228 0.476879 -0.171158
v 0.00757613 0.476879 -0.173176
v -0.00754883 0.476879 -0.17427
v -0.0216727 0.491014 -0.173142
v -0.0216727 0.492061 -0.172971
v -0.0216727 0.24846 -0.0832708
v 0.200653 0.0581984 -0.0681213
v 0.200653 0.418887 -0.149922
v 0.194277 0.42197 -0.150742
v 0.184201 0.425809 -0.152008
v 0.158978 0.442677 -0.152589
v 0.173102 0.431102 -0.152999
v 0.14468 0.44768 -0.154299
v 0.0984129 0.461756 -0.160318
v 0.128685 0.446633 -0.158266
v 0.113538 0.446633 -0.161583
v 0.0541697 0.463036 -0.169004
v 0.0987829 0.446458 -0.164763
v 0.104071 0.437617 -0.166165
v 0.110926 0.427554 -0.167465
v 0.0987829 0.432149 -0.168559
v 0.0681413 0.446633 -0.170577
v 0.083288 0.431451 -0.171569
v 0.0378696 0.461756 -0.172047
v 0.0529945 0.446633 -0.172868
v 0.0681413 0.431451 -0.173586
v 0.0227228 0.461756 -0.173826
v 0.0378696 0.446633 -0.174202
v 0.00757613 0.461756 -0.174578
v -0.0216727 0.476879 -0.174612
v -0.0216727 0.255208 -0.0978731
v 0.200653 0.0672723 -0.0840573
v -0.0216727 0.258232 -0.104268
v 0.200653 0.412198 -0.152247
v 0.20037 0.411907 -0.152452
v 0.18925 0.416677 -0.153718
v 0.158978 0.431451 -0.156146
v 0.143831 0.431451 -0.159497
v 0.128685 0.431451 -0.162746
v 0.114996 0.432149 -0.165447
v 0.121024 0.423832 -0.166507
v 0.128685 0.413303 -0.16767
v 0.154582 0.395912 -0.167123
v 0.0984129 0.416328 -0.172184
v 0.083288 0.416328 -0.174031
v 0.0529945 0.431451 -0.174475
v -0.0216727 0.475832 -0.174646
v 0.0681413 0.416328 -0.174646
v 0.0227228 0.446633 -0.174646
v 0.200653 0.0676213 -0.0845703
v -0.0216727 0.262944 -0.112373
v -0.0216727 0.269691 -0.122803
v 0.200653 0.411791 -0.152384
v 0.200653 0.411326 -0.152521
v 0.200653 0.40167 -0.155325
v 0.18925 0.401205 -0.1583
v 0.174103 0.416328 -0.157308
v 0.158978 0.416328 -0.160625
v 0.15937 0.401089 -0.164832
v 0.16468 0.391782 -0.166165
v 0.180697 0.377415 -0.166405
v 0.113538 0.401205 -0.172526
v 0.0984129 0.401205 -0.174133
v -0.0216727 0.415281 -0.174646
v 0.083288 0.401205 -0.174646
v 0.200653 0.0733216 -0.0928803
v -0.0216727 0.270389 -0.123726
v 0.200653 0.0879214 -0.113159
v 0.200653 0.389804 -0.158676
v 0.18925 0.386023 -0.162335
v 0.174103 0.401205 -0.161686
v 0.175039 0.386431 -0.165379
v 0.200653 0.374681 -0.162643
v 0.200653 0.371133 -0.163464
v 0.200653 0.360081 -0.165687
v 0.200653 0.357813 -0.166029
v 0.185637 0.367294 -0.167055
v 0.143831 0.386023 -0.170338
v 0.128685 0.386023 -0.172184
v 0.113538 0.386023 -0.17386
v 0.0984129 0.386023 -0.174646
v -0.00754883 0.401205 -0.174646
v -0.0216727 0.401205 -0.17451
v -0.0216727 0.277543 -0.130805
v 0.200653 0.103219 -0.127898
v 0.195735 0.360488 -0.166405
v 0.200653 0.351124 -0.166507
v 0.199935 0.350368 -0.166644
v 0.143831 0.3709 -0.171432
v 0.128685 0.3709 -0.172868
v 0.113538 0.3709 -0.174099
v 0.200653 0.349611 -0.16661
v 0.0984129 0.355777 -0.174646
v 0.0227228 0.386023 -0.174646
v 0.0378696 0.3709 -0.174544
v 0.0529945 0.355777 -0.174202
v -0.0216727 0.400158 -0.174441
v -0.0216727 0.278067 -0.131284
v 0.152384 0.152195 -0.135832
v 0.200653 0.1127 -0.133815
v -0.0216727 0.28493 -0.136927
v -0.0216727 0.28557 -0.137337
v 0.200653 0.34205 -0.166747
v 0.200653 0.327043 -0.166781
v 0.128685 0.325531 -0.172868
v 0.113538 0.340712 -0.174099
v 0.083288 0.355777 -0.174646
v 0.0984129 0.340712 -0.174544
v 0.0529945 0.3709 -0.174646
v 0.0681413 0.355777 -0.174544
v 0.0227228 0.3709 -0.174099
v 0.083288 0.340712 -0.174202
v 0.0681413 0.340712 -0.17362
v -0.00754883 0.386023 -0.173791
v -0.0216727 0.386023 -0.172731
v 0.0378696 0.355777 -0.17345
v 0.200653 0.118459 -0.137371
v -0.0216727 0.294295 -0.14168
v 0.200653 0.236129 -0.166781
v 0.200653 0.225426 -0.16661
v 0.128685 0.310407 -0.17256
v 0.113538 0.325531 -0.173723
v 0.0984129 0.325531 -0.173586
v 0.083288 0.325531 -0.1728
v -0.0216727 0.385035 -0.172526
v 0.0529945 0.340712 -0.172595
v 0.0681413 0.325531 -0.171603
v 0.181372 0.226939 -0.166576
v 0.135235 0.25672 -0.166713
v 0.200653 0.12794 -0.141817
v -0.0216727 0.295284 -0.142125
v 0.200653 0.221995 -0.166336
v 0.18925 0.226183 -0.166644
v 0.158978 0.264979 -0.169414
v 0.143831 0.280103 -0.170474
v 0.113538 0.310407 -0.172595
v -0.0216727 0.369737 -0.16897
v 0.200653 0.193028 -0.162096
v 0.200653 0.207918 -0.164969
v 0.200653 0.130034 -0.142672
v -0.0216727 0.309651 -0.148554
v -0.0216727 0.310524 -0.14893
v -0.0216727 0.367817 -0.168491
v 0.200653 0.177905 -0.1583
v 0.200653 0.143005 -0.147836
v -0.0216727 0.323611 -0.154128
v -0.0216727 0.361884 -0.166918
v 0.200653 0.173949 -0.157206
v 0.200653 0.146611 -0.149101
v -0.0216727 0.339665 -0.159942
v -0.0216727 0.355428 -0.165071
v 0.200653 0.162549 -0.154025
v -0.0216727 0.34077 -0.160318
v -0.0216727 0.354381 -0.164763
f 3543 3544 3545
f 3543 3545 3546
f 3543 3546 3555
f 3543 3555 3572
f 3543 3572 3601
f 3543 3601 3600
f 3543 3600 3643
f 3543 3643 3680
f 3543 3680 3719
f 3543 3719 3718
f 3543 3718 3717
f 3543 3717 3716
f 3543 3716 3739
f 3543 3739 3746
f 3543 3746 3779
f 3543 3779 3819
f 3543 3819 3818
f 3543 3818 3860
f 3543 3860 3859
f 3543 3859 3858
f 3543 3858 3856
f 3543 3856 3855
f 3543 3855 3888
f 3543 3888 3918
f 3543 3918 3917
f 3543 3917 3916
f 3543 3916 3915
f 3543 3915 3914
f 3543 3914 3913
f 3543 3913 3912
f 3543 3912 3949
f 3543 3949 3974
f 3543 3974 3973
f 3543 3973 4006
f 3543 4006 4030
f 3543 4030 4057
f 3543 4057 4056
f 3543 4056 4058
f 3543 4058 4088
f 3543 4088 4087
f 3543 4087 4086
f 3543 4086 4110
f 3543 4110 4109
f 3543 4109 4116
f 3543 4116 4138
f 3543 4138 4137
f 3543 4137 4136
f 3543 4136 4146
f 3543 4146 4145
f 3543 4145 4171
f 3543 4171 4173
f 3543 4173 4197
f 3543 4197 4218
f 3543 4218 4243
f 3543 4243 4252
f 3543 4252 4251
f 3543 4251 4264
f 3543 4264 4263
f 3543 4263 4289
f 3543 4289 4306
f 3543 4306 4323
f 3543 4323 4342
f 3543 4342 4356
f 3543 4356 4374
f 3543 4374 4384
f 3543 4384 4396
f 3543 4396 4402
f 3543 4402 4406
f 3543 4406 4410
f 3543 4410 4413
f 3543 4413 4412
f 3543 4412 4409
f 3543 4409 4405
f 3543 4405 4401
f 3543 4401 4400
f 3543 4400 4390
f 3543 4390 4377
f 3543 4377 4361
f 3543 4361 4360
f 3543 4360 4357
f 3543 4357 4343
f 3543 4343 4326
f 3543 4326 4311
f 3543 4311 4310
f 3543 4310 4292
f 3543 4292 4290
f 3543 4290 4265
f 3543 4265 4244
f 3543 4244 4220
f 3543 4220 4199
f 3543 4199 4175
f 3543 4175 4148
f 3543 4148 4119
f 3543 4119 4118
f 3543 4118 4091
f 3543 4091 4090
f 3543 4090 4060
f 3543 4060 4032
f 3543 4032 4008
f 3543 4008 3979
f 3543 3979 3978
f 3543 3978 3977
f 3543 3977 3976
f 3543 3976 3951
f 3543 3951 3922
f 3543 3922 3921
f 3543 3921 3920
f 3543 3920 3890
f 3543 3890 3865
f 3543 3865 3864
f 3543 3864 3862
f 3543 3862 3821
f 3543 3821 3781
f 3543 3781 3749
f 3543 3749 3748
f 3543 3748 3721
f 3543 3721 3686
f 3543 3686 3650
f 3543 3650 3606
f 3543 3606 3602
f 3543 3602 3573
f 3543 3573 3556
f 3543 3556 3547
f 3543 3547 3560
f 3543 3560 3580
f 3543 3580 3611
f 3543 3611 3616
f 3543 3616 3584
f 3543 3584 3561
f 3543 3561 3548
f 3543 3548 3544
f 3544 3548 3561
f 3544 3561 3549
f 3544 3549 3550
f 3544 3550 3551
f 3544 3551 3545
f 3545 3551 3552
f 3545 3552 3553
f 3545 3553 3546
f 3546 3554 3555
f 3546 3553 3554
f 3547 3556 3557
f 3547 3557 3558
f 3547 3558 3559
f 3547 3559 3560
f 3549 3561 3562
f 3549 3562 3550
f 3550 3562 3551
f 3551 3562 3563
f 3551 3563 3552
f 3552 3563 3564
f 3552 3564 3565
f 3552 3565 3553
f 3553 3565 3566
f 3553 3566 3567
f 3553 3567 3554
f 3554 3568 3569
f 3554 3569 3570
f 3554 3570 3555
f 3554 3567 3568
f 3555 3570 3571
f 3555 3571 3572
f 3556 3573 3574
f 3556 3574 3575
f 3556 3575 3576
f 3556 3576 3577
f 3556 3577 3578
f 3556 3578 3557
f 3557 3578 3579
f 3557 3579 3558
f 3558 3579 3559
f 3559 3580 3560
f 3559 3579 3581
f 3559 3581 3582
f 3559 3582 3583
f 3559 3583 3580
f 3561 3584 3585
f 3561 3585 3562
f 3562 3585 3586
f 3562 3586 3587
f 3562 3587 3563
f 3563 3588 3564
f 3563 3587 3588
f 3564 3588 3565
f 3565 3588 3589
f 3565 3589 3566
f 3566 3589 3590
f 3566 3590 3567
f 3567 3591 3592
f 3567 3592 3568
f 3567 3590 3593
f 3567 3593 3591
f 3568 3594 3569
f 3568 3592 3595
f 3568 3595 3594
f 3569 3594 3596
f 3569 3596 3597
f 3569 3597 3570
f 3570 3597 3571
f 3571 3597 3598
f 3571 3598 3599
f 3571 3599 3600
f 3571 3600 3601
f 3571 3601 3572
f 3573 3602 3574
f 3574 3603 3604
f 3574 3604 3605
f 3574 3605 3576
f 3574 3576 3575
f 3574 3602 3606
f 3574 3606 3603
f 3576 3605 3607
f 3576 3607 3608
f 3576 3608 3577
f 3577 3608 3609
f 3577 3609 3610
f 3577 3610 3581
f 3577 3581 3579
f 3577 3579 3578
f 3580 3583 3611
f 3581 3610 3612
f 3581 3612 3582
f 3582 3612 3613
f 3582 3613 3583
f 3583 3613 3614
f 3583 3614 3611
f 3584 3615 3585
f 3584 3616 3615
f 3585 3615 3617
f 3585 3617 3618
f 3585 3618 3619
f 3585 3619 3586
f 3586 3620 3587
f 3586 3619 3621
f 3586 3621 3622
f 3586 3622 3620
f 3587 3620 3623
f 3587 3623 3624
f 3587 3624 3588
f 3588 3625 3589
f 3588 3624 3625
f 3589 3626 3593
f 3589 3593 3590
f 3589 3625 3627
f 3589 3627 3626
f 3591 3628 3595
f 3591 3595 3592
f 3591 3593 3628
f 3593 3626 3627
f 3593 3627 3624
f 3593 3624 3629
f 3593 3629 3630
f 3593 3630 3631
f 3593 3631 3632
f 3593 3632 3633
f 3593 3633 3628
f 3594 3595 3634
f 3594 3634 3635
f 3594 3635 3596
f 3595 3628 3636
f 3595 3636 3637
f 3595 3637 3635
f 3595 3635 3634
f 3596 3635 3638
f 3596 3638 3598
f 3596 3598 3597
f 3598 3638 3639
f 3598 3639 3599
f 3599 3639 3640
f 3599 3640 3641
f 3599 3641 3642
f 3599 3642 3643
f 3599 3643 3600
f 3603 3644 3681
f 3603 3681 3720
f 3603 3720 3747
f 3603 3747 3780
f 3603 3780 3820
f 3603 3820 3861
f 3603 3861 3889
f 3603 3889 3919
f 3603 3919 3950
f 3603 3950 3975
f 3603 3975 4007
f 3603 4007 4031
f 3603 4031 4059
f 3603 4059 4089
f 3603 4089 4117
f 3603 4117 4147
f 3603 4147 4174
f 3603 4174 4198
f 3603 4198 4219
f 3603 4219 4221
f 3603 4221 4245
f 3603 4245 4266
f 3603 4266 4291
f 3603 4291 4309
f 3603 4309 4325
f 3603 4325 4327
f 3603 4327 4344
f 3603 4344 4359
f 3603 4359 4376
f 3603 4376 4389
f 3603 4389 4399
f 3603 4399 4404
f 3603 4404 4408
f 3603 4408 4411
f 3603 4411 4407
f 3603 4407 4403
f 3603 4403 4397
f 3603 4397 4398
f 3603 4398 4391
f 3603 4391 4379
f 3603 4379 4378
f 3603 4378 4363
f 3603 4363 4362
f 3603 4362 4351
f 3603 4351 4346
f 3603 4346 4335
f 3603 4335 4334
f 3603 4334 4333
f 3603 4333 4332
f 3603 4332 4328
f 3603 4328 4314
f 3603 4314 4313
f 3603 4313 4312
f 3603 4312 4293
f 3603 4293 4267
f 3603 4267 4246
f 3603 4246 4226
f 3603 4226 4222
f 3603 4222 4200
f 3603 4200 4178
f 3603 4178 4157
f 3603 4157 4156
f 3603 4156 4155
f 3603 4155 4154
f 3603 4154 4153
f 3603 4153 4177
f 3603 4177 4176
f 3603 4176 4149
f 3603 4149 4121
f 3603 4121 4095
f 3603 4095 4092
f 3603 4092 4064
f 3603 4064 4063
f 3603 4063 4062
f 3603 4062 4047
f 3603 4047 4019
f 3603 4019 4018
f 3603 4018 4009
f 3603 4009 3985
f 3603 3985 3983
f 3603 3983 3981
f 3603 3981 3980
f 3603 3980 3952
f 3603 3952 3923
f 3603 3923 3895
f 3603 3895 3891
f 3603 3891 3866
f 3603 3866 3831
f 3603 3831 3830
f 3603 3830 3829
f 3603 3829 3822
f 3603 3822 3784
f 3603 3784 3782
f 3603 3782 3750
f 3603 3750 3723
f 3603 3723 3722
f 3603 3722 3696
f 3603 3696 3695
f 3603 3695 3694
f 3603 3694 3665
f 3603 3665 3663
f 3603 3663 3622
f 3603 3622 3662
f 3603 3662 3693
f 3603 3693 3690
f 3603 3690 3689
f 3603 3689 3692
f 3603 3692 3691
f 3603 3691 3683
f 3603 3683 3682
f 3603 3682 3645
f 3603 3645 3604
f 3603 3606 3644
f 3604 3645 3646
f 3604 3646 3647
f 3604 3647 3648
f 3604 3648 3649
f 3604 3649 3609
f 3604 3609 3608
f 3604 3608 3607
f 3604 3607 3605
f 3606 3650 3644
f 3609 3649 3651
f 3609 3651 3610
f 3610 3651 3612
f 3611 3614 3652
f 3611 3652 3616
f 3612 3651 3653
f 3612 3653 3613
f 3613 3653 3654
f 3613 3654 3614
f 3614 3654 3652
f 3615 3616 3617
f 3616 3652 3618
f 3616 3618 3617
f 3618 3652 3655
f 3618 3655 3656
f 3618 3656 3657
f 3618 3657 3619
f 3619 3657 3621
f 3620 3622 3658
f 3620 3658 3659
f 3620 3659 3623
f 3621 3657 3660
f 3621 3660 3661
f 3621 3661 3662
f 3621 3662 3622
f 3622 3663 3664
f 3622 3664 3658
f 3623 3659 3664
f 3623 3664 3624
f 3624 3664 3665
f 3624 3665 3666
f 3624 3666 3629
f 3624 3627 3625
f 3628 3633 3636
f 3629 3666 3630
f 3630 3666 3667
f 3630 3667 3631
f 3631 3668 3669
f 3631 3669 3632
f 3631 3667 3668
f 3632 3669 3670
f 3632 3670 3636
f 3632 3636 3633
f 3635 3637 3671
f 3635 3671 3638
f 3636 3670 3637
f 3637 3670 3702
f 3637 3702 3671
f 3638 3672 3673
f 3638 3673 3674
f 3638 3674 3639
f 3638 3671 3702
f 3638 3702 3675
f 3638 3675 3672
f 3639 3674 3640
f 3640 3674 3641
f 3641 3674 3676
f 3641 3676 3677
f 3641 3677 3678
f 3641 3678 3679
f 3641 3679 3642
f 3642 3679 3680
f 3642 3680 3643
f 3644 3650 3681
f 3645 3682 3646
f 3646 3682 3683
f 3646 3683 3647
f 3647 3683 3684
f 3647 3684 3648
f 3648 3684 3654
f 3648 3654 3685
f 3648 3685 3653
f 3648 3653 3649
f 3649 3653 3651
f 3650 3686 3681
f 3652 3654 3687
f 3652 3687 3688
f 3652 3688 3655
f 3653 3685 3654
f 3654 3684 3683
f 3654 3683 3687
f 3655 3689 3690
f 3655 3690 3656
f 3655 3688 3683
f 3655 3683 3691
f 3655 3691 3692
f 3655 3692 3689
f 3656 3690 3693
f 3656 3693 3662
f 3656 3662 3661
f 3656 3661 3660
f 3656 3660 3657
f 3658 3664 3659
f 3663 3665 3664
f 3665 3694 3666
f 3666 3694 3695
f 3666 3695 3696
f 3666 3696 3667
f 3667 3696 3697
f 3667 3697 3698
f 3667 3698 3668
f 3668 3698 3699
f 3668 3699 3669
f 3669 3699 3700
f 3669 3700 3701
f 3669 3701 3670
f 3670 3701 3702
f 3672 3703 3676
f 3672 3676 3674
f 3672 3674 3673
f 3672 3675 3702
f 3672 3702 3704
f 3672 3704 3699
f 3672 3699 3705
f 3672 3705 3706
f 3672 3706 3707
f 3672 3707 3703
f 3676 3703 3708
f 3676 3708 3677
f 3677 3709 3710
f 3677 3710 3678
f 3677 3708 3711
f 3677 3711 3709
f 3678 3712 3679
f 3678 3710 3713
f 3678 3713 3714
f 3678 3714 3715
f 3678 3715 3712
f 3679 3712 3716
f 3679 3716 3717
f 3679 3717 3718
f 3679 3718 3719
f 3679 3719 3680
f 3681 3686 3720
f 3683 3688 3687
f 3686 3721 3720
f 3696 3722 3697
f 3697 3723 3724
f 3697 3724 3698
f 3697 3722 3723
f 3698 3725 3699
f 3698 3724 3725
f 3699 3704 3702
f 3699 3702 3701
f 3699 3701 3700
f 3699 3725 3705
f 3703 3707 3726
f 3703 3726 3727
f 3703 3727 3728
f 3703 3728 3729
f 3703 3729 3730
f 3703 3730 3708
f 3705 3725 3706
f 3706 3731 3707
f 3706 3725 3727
f 3706 3727 3731
f 3707 3731 3726
f 3708 3730 3732
f 3708 3732 3711
f 3709 3733 3734
f 3709 3734 3710
f 3709 3711 3735
f 3709 3735 3736
f 3709 3736 3733
f 3710 3734 3713
f 3711 3732 3730
f 3711 3730 3737
f 3711 3737 3738
f 3711 3738 3735
f 3712 3715 3739
f 3712 3739 3716
f 3713 3734 3740
f 3713 3740 3741
f 3713 3741 3742
f 3713 3742 3743
f 3713 3743 3744
f 3713 3744 3714
f 3714 3744 3745
f 3714 3745 3746
f 3714 3746 3715
f 3715 3746 3739
f 3720 3721 3748
f 3720 3748 3749
f 3720 3749 3747
f 3723 3750 3724
f 3724 3750 3751
f 3724 3751 3725
f 3725 3751 3727
f 3726 3731 3727
f 3727 3751 3752
f 3727 3752 3728
f 3728 3752 3753
f 3728 3753 3730
f 3728 3730 3729
f 3730 3753 3754
f 3730 3754 3737
f 3733 3736 3755
f 3733 3755 3734
f 3734 3755 3756
f 3734 3756 3757
f 3734 3757 3740
f 3735 3738 3758
f 3735 3758 3759
f 3735 3759 3736
f 3736 3759 3760
f 3736 3760 3755
f 3737 3754 3738
f 3738 3754 3761
f 3738 3761 3762
f 3738 3762 3763
f 3738 3763 3758
f 3740 3757 3764
f 3740 3764 3741
f 3741 3764 3765
f 3741 3765 3766
f 3741 3766 3767
f 3741 3767 3768
f 3741 3768 3769
f 3741 3769 3770
f 3741 3770 3743
f 3741 3743 3742
f 3743 3770 3771
f 3743 3771 3772
f 3743 3772 3773
f 3743 3773 3774
f 3743 3774 3775
f 3743 3775 3776
f 3743 3776 3777
f 3743 3777 3744
f 3744 3777 3745
f 3745 3777 3778
f 3745 3778 3779
f 3745 3779 3746
f 3747 3749 3781
f 3747 3781 3780
f 3750 3782 3783
f 3750 3783 3751
f 3751 3783 3752
f 3752 3783 3782
f 3752 3782 3753
f 3753 3782 3784
f 3753 3784 3754
f 3754 3784 3761
f 3755 3760 3759
f 3755 3759 3785
f 3755 3785 3756
f 3756 3785 3757
f 3757 3785 3786
f 3757 3786 3787
f 3757 3787 3764
f 3758 3763 3759
f 3759 3763 3788
f 3759 3788 3785
f 3761 3789 3762
f 3761 3784 3789
f 3762 3789 3788
f 3762 3788 3763
f 3764 3790 3765
f 3764 3787 3791
f 3764 3791 3790
f 3765 3790 3766
f 3766 3792 3767
f 3766 3790 3793
f 3766 3793 3794
f 3766 3794 3792
f 3767 3795 3796
f 3767 3796 3768
f 3767 3792 3797
f 3767 3797 3798
f 3767 3798 3799
f 3767 3799 3795
f 3768 3796 3800
f 3768 3800 3801
f 3768 3801 3802
f 3768 3802 3769
f 3769 3771 3770
f 3769 3802 3801
f 3769 3801 3803
f 3769 3803 3804
f 3769 3804 3805
f 3769 3805 3772
f 3769 3772 3771
f 3772 3805 3806
f 3772 3806 3807
f 3772 3807 3808
f 3772 3808 3773
f 3773 3808 3809
f 3773 3809 3774
f 3774 3809 3810
f 3774 3810 3775
f 3775 3810 3811
f 3775 3811 3812
f 3775 3812 3813
f 3775 3813 3814
f 3775 3814 3815
f 3775 3815 3816
f 3775 3816 3776
f 3776 3817 3777
f 3776 3816 3817
f 3777 3817 3818
f 3777 3818 3778
f 3778 3818 3819
f 3778 3819 3779
f 3780 3781 3821
f 3780 3821 3820
f 3784 3822 3823
f 3784 3823 3789
f 3785 3788 3824
f 3785 3824 3825
f 3785 3825 3786
f 3786 3825 3787
f 3787 3825 3826
f 3787 3826 3791
f 3788 3789 3823
f 3788 3823 3824
f 3790 3791 3793
f 3791 3826 3793
f 3792 3827 3797
f 3792 3794 3828
f 3792 3828 3827
f 3793 3826 3829
f 3793 3829 3830
f 3793 3830 3831
f 3793 3831 3794
f 3794 3831 3832
f 3794 3832 3833
f 3794 3833 3828
f 3795 3800 3796
f 3795 3799 3834
f 3795 3834 3835
f 3795 3835 3836
f 3795 3836 3800
f 3797 3837 3838
f 3797 3838 3798
f 3797 3827 3828
f 3797 3828 3833
f 3797 3833 3839
f 3797 3839 3837
f 3798 3840 3841
f 3798 3841 3799
f 3798 3838 3840
f 3799 3841 3842
f 3799 3842 3834
f 3800 3836 3843
f 3800 3843 3803
f 3800 3803 3801
f 3803 3843 3836
f 3803 3836 3844
f 3803 3844 3804
f 3804 3844 3845
f 3804 3845 3846
f 3804 3846 3805
f 3805 3846 3847
f 3805 3847 3806
f 3806 3848 3807
f 3806 3847 3849
f 3806 3849 3850
f 3806 3850 3851
f 3806 3851 3848
f 3807 3848 3852
f 3807 3852 3809
f 3807 3809 3808
f 3809 3811 3810
f 3809 3852 3811
f 3811 3852 3812
f 3812 3852 3853
f 3812 3853 3813
f 3813 3853 3854
f 3813 3854 3855
f 3813 3855 3856
f 3813 3856 3857
f 3813 3857 3814
f 3814 3857 3858
f 3814 3858 3859
f 3814 3859 3815
f 3815 3860 3816
f 3815 3859 3860
f 3816 3860 3817
f 3817 3860 3818
f 3820 3821 3862
f 3820 3862 3863
f 3820 3863 3864
f 3820 3864 3865
f 3820 3865 3861
f 3822 3829 3824
f 3822 3824 3823
f 3824 3829 3826
f 3824 3826 3825
f 3831 3866 3832
f 3832 3866 3867
f 3832 3867 3833
f 3833 3867 3868
f 3833 3868 3839
f 3834 3842 3835
f 3835 3842 3841
f 3835 3841 3836
f 3836 3869 3870
f 3836 3870 3871
f 3836 3871 3844
f 3836 3841 3840
f 3836 3840 3872
f 3836 3872 3869
f 3837 3873 3874
f 3837 3874 3875
f 3837 3875 3838
f 3837 3839 3876
f 3837 3876 3873
f 3838 3875 3877
f 3838 3877 3840
f 3839 3868 3876
f 3840 3877 3872
f 3844 3878 3845
f 3844 3871 3878
f 3845 3878 3879
f 3845 3879 3847
f 3845 3847 3846
f 3847 3879 3849
f 3848 3880 3852
f 3848 3851 3880
f 3849 3881 3850
f 3849 3879 3882
f 3849 3882 3881
f 3850 3881 3883
f 3850 3883 3884
f 3850 3884 3851
f 3851 3884 3885
f 3851 3885 3886
f 3851 3886 3887
f 3851 3887 3880
f 3852 3880 3853
f 3853 3880 3887
f 3853 3887 3854
f 3854 3888 3855
f 3854 3887 3888
f 3856 3858 3857
f 3861 3865 3890
f 3861 3890 3889
f 3862 3864 3863
f 3866 3891 3867
f 3867 3891 3868
f 3868 3892 3893
f 3868 3893 3894
f 3868 3894 3876
f 3868 3891 3895
f 3868 3895 3892
f 3869 3896 3870
f 3869 3872 3897
f 3869 3897 3898
f 3869 3898 3899
f 3869 3899 3896
f 3870 3896 3871
f 3871 3896 3878
f 3872 3877 3875
f 3872 3875 3897
f 3873 3876 3894
f 3873 3894 3874
f 3874 3894 3893
f 3874 3893 3900
f 3874 3900 3875
f 3875 3898 3901
f 3875 3901 3897
f 3875 3900 3893
f 3875 3893 3898
f 3878 3902 3879
f 3878 3896 3903
f 3878 3903 3902
f 3879 3902 3882
f 3881 3904 3905
f 3881 3905 3906
f 3881 3906 3883
f 3881 3882 3907
f 3881 3907 3908
f 3881 3908 3904
f 3882 3902 3907
f 3883 3906 3909
f 3883 3909 3910
f 3883 3910 3911
f 3883 3911 3884
f 3884 3911 3912
f 3884 3912 3913
f 3884 3913 3914
f 3884 3914 3915
f 3884 3915 3885
f 3885 3915 3916
f 3885 3916 3886
f 3886 3917 3887
f 3886 3916 3917
f 3887 3917 3918
f 3887 3918 3888
f 3889 3890 3920
f 3889 3920 3921
f 3889 3921 3922
f 3889 3922 3919
f 3892 3895 3893
f 3893 3895 3923
f 3893 3923 3924
f 3893 3924 3925
f 3893 3925 3898
f 3896 3926 3903
f 3896 3899 3927
f 3896 3927 3928
f 3896 3928 3929
f 3896 3929 3926
f 3897 3901 3898
f 3898 3925 3930
f 3898 3930 3899
f 3899 3930 3931
f 3899 3931 3927
f 3902 3903 3926
f 3902 3926 3932
f 3902 3932 3933
f 3902 3933 3907
f 3904 3934 3906
f 3904 3906 3905
f 3904 3908 3934
f 3906 3934 3935
f 3906 3935 3909
f 3907 3933 3908
f 3908 3936 3937
f 3908 3937 3935
f 3908 3935 3934
f 3908 3933 3938
f 3908 3938 3939
f 3908 3939 3936
f 3909 3940 3941
f 3909 3941 3942
f 3909 3942 3943
f 3909 3943 3910
f 3909 3935 3937
f 3909 3937 3936
f 3909 3936 3944
f 3909 3944 3945
f 3909 3945 3940
f 3910 3943 3946
f 3910 3946 3911
f 3911 3946 3947
f 3911 3947 3948
f 3911 3948 3912
f 3912 3948 3949
f 3919 3922 3951
f 3919 3951 3950
f 3923 3952 3953
f 3923 3953 3924
f 3924 3930 3925
f 3924 3953 3930
f 3926 3929 3938
f 3926 3938 3932
f 3927 3931 3930
f 3927 3930 3928
f 3928 3930 3954
f 3928 3954 3929
f 3929 3954 3955
f 3929 3955 3938
f 3930 3953 3956
f 3930 3956 3957
f 3930 3957 3954
f 3932 3938 3933
f 3936 3939 3958
f 3936 3958 3944
f 3938 3955 3959
f 3938 3959 3960
f 3938 3960 3939
f 3939 3960 3959
f 3939 3959 3961
f 3939 3961 3962
f 3939 3962 3963
f 3939 3963 3964
f 3939 3964 3958
f 3940 3945 3965
f 3940 3965 3941
f 3941 3965 3943
f 3941 3943 3942
f 3943 3966 3967
f 3943 3967 3946
f 3943 3965 3966
f 3944 3965 3945
f 3944 3958 3968
f 3944 3968 3969
f 3944 3969 3965
f 3946 3967 3970
f 3946 3970 3947
f 3947 3970 3971
f 3947 3971 3972
f 3947 3972 3948
f 3948 3973 3974
f 3948 3974 3949
f 3948 3972 3973
f 3950 3951 3976
f 3950 3976 3977
f 3950 3977 3978
f 3950 3978 3979
f 3950 3979 3975
f 3952 3980 3953
f 3953 3980 3981
f 3953 3981 3956
f 3954 3957 3955
f 3955 3957 3982
f 3955 3982 3959
f 3956 3982 3957
f 3956 3981 3982
f 3958 3964 3968
f 3959 3982 3983
f 3959 3983 3984
f 3959 3984 3961
f 3961 3984 3985
f 3961 3985 3986
f 3961 3986 3962
f 3962 3987 3963
f 3962 3986 4010
f 3962 4010 3987
f 3963 3968 3964
f 3963 3987 3968
f 3965 3988 3989
f 3965 3989 3990
f 3965 3990 3966
f 3965 3969 3991
f 3965 3991 3992
f 3965 3992 3988
f 3966 3990 3993
f 3966 3993 3967
f 3967 3993 3994
f 3967 3994 3995
f 3967 3995 3970
f 3968 3987 3996
f 3968 3996 3969
f 3969 3996 3997
f 3969 3997 3998
f 3969 3998 3991
f 3970 3995 3999
f 3970 3999 4000
f 3970 4000 3971
f 3971 4000 4001
f 3971 4001 3972
f 3972 4001 4002
f 3972 4002 4003
f 3972 4003 4004
f 3972 4004 4005
f 3972 4005 3973
f 3973 4005 4006
f 3975 3979 4007
f 3979 4008 4007
f 3981 3983 3982
f 3983 3985 3984
f 3985 4009 3986
f 3986 4009 4010
f 3987 4010 3996
f 3988 3993 3989
f 3988 3992 3993
f 3989 3993 3990
f 3991 3998 4011
f 3991 4011 3992
f 3992 4011 4012
f 3992 4012 3993
f 3993 4012 4013
f 3993 4013 4014
f 3993 4014 4015
f 3993 4015 3994
f 3994 4015 4016
f 3994 4016 3995
f 3995 4016 4017
f 3995 4017 3999
f 3996 4010 4018
f 3996 4018 4019
f 3996 4019 4020
f 3996 4020 3997
f 3997 4020 3998
f 3998 4020 4011
f 3999 4021 4022
f 3999 4022 4001
f 3999 4001 4000
f 3999 4017 4023
f 3999 4023 4024
f 3999 4024 4025
f 3999 4025 4021
f 4001 4022 4026
f 4001 4026 4027
f 4001 4027 4002
f 4002 4027 4003
f 4003 4028 4004
f 4003 4027 4026
f 4003 4026 4029
f 4003 4029 4028
f 4004 4028 4030
f 4004 4030 4006
f 4004 4006 4005
f 4007 4008 4032
f 4007 4032 4031
f 4009 4018 4010
f 4011 4033 4034
f 4011 4034 4035
f 4011 4035 4014
f 4011 4014 4013
f 4011 4013 4012
f 4011 4020 4036
f 4011 4036 4033
f 4014 4037 4038
f 4014 4038 4015
f 4014 4035 4039
f 4014 4039 4040
f 4014 4040 4041
f 4014 4041 4037
f 4015 4038 4016
f 4016 4038 4042
f 4016 4042 4043
f 4016 4043 4044
f 4016 4044 4045
f 4016 4045 4017
f 4017 4045 4046
f 4017 4046 4023
f 4019 4047 4020
f 4020 4047 4036
f 4021 4026 4022
f 4021 4025 4048
f 4021 4048 4026
f 4023 4046 4024
f 4024 4046 4049
f 4024 4049 4050
f 4024 4050 4051
f 4024 4051 4025
f 4025 4051 4052
f 4025 4052 4048
f 4026 4048 4052
f 4026 4052 4053
f 4026 4053 4054
f 4026 4054 4055
f 4026 4055 4029
f 4028 4029 4056
f 4028 4056 4057
f 4028 4057 4030
f 4029 4055 4058
f 4029 4058 4056
f 4031 4032 4060
f 4031 4060 4059
f 4033 4061 4034
f 4033 4036 4062
f 4033 4062 4063
f 4033 4063 4064
f 4033 4064 4061
f 4034 4061 4065
f 4034 4065 4066
f 4034 4066 4039
f 4034 4039 4035
f 4036 4047 4062
f 4037 4067 4042
f 4037 4042 4038
f 4037 4041 4068
f 4037 4068 4069
f 4037 4069 4067
f 4039 4066 4040
f 4040 4066 4065
f 4040 4065 4070
f 4040 4070 4041
f 4041 4070 4071
f 4041 4071 4072
f 4041 4072 4073
f 4041 4073 4068
f 4042 4067 4074
f 4042 4074 4075
f 4042 4075 4076
f 4042 4076 4043
f 4043 4076 4044
f 4044 4076 4077
f 4044 4077 4078
f 4044 4078 4045
f 4045 4078 4046
f 4046 4078 4049
f 4049 4077 4079
f 4049 4079 4080
f 4049 4080 4050
f 4049 4078 4077
f 4050 4080 4051
f 4051 4080 4081
f 4051 4081 4052
f 4052 4082 4053
f 4052 4081 4083
f 4052 4083 4084
f 4052 4084 4085
f 4052 4085 4082
f 4053 4082 4086
f 4053 4086 4087
f 4053 4087 4088
f 4053 4088 4054
f 4054 4088 4058
f 4054 4058 4055
f 4059 4060 4090
f 4059 4090 4091
f 4059 4091 4089
f 4061 4064 4092
f 4061 4092 4070
f 4061 4070 4065
f 4067 4069 4093
f 4067 4093 4074
f 4068 4073 4069
f 4069 4073 4094
f 4069 4094 4093
f 4070 4092 4095
f 4070 4095 4096
f 4070 4096 4097
f 4070 4097 4071
f 4071 4098 4099
f 4071 4099 4072
f 4071 4097 4098
f 4072 4099 4073
f 4073 4099 4094
f 4074 4076 4075
f 4074 4093 4100
f 4074 4100 4101
f 4074 4101 4076
f 4076 4101 4102
f 4076 4102 4103
f 4076 4103 4104
f 4076 4104 4079
f 4076 4079 4077
f 4079 4104 4103
f 4079 4103 4080
f 4080 4103 4105
f 4080 4105 4106
f 4080 4106 4107
f 4080 4107 4081
f 4081 4107 4108
f 4081 4108 4083
f 4082 4109 4110
f 4082 4110 4086
f 4082 4085 4109
f 4083 4108 4084
f 4084 4111 4085
f 4084 4108 4112
f 4084 4112 4113
f 4084 4113 4114
f 4084 4114 4115
f 4084 4115 4111
f 4085 4111 4116
f 4085 4116 4109
f 4089 4091 4118
f 4089 4118 4119
f 4089 4119 4117
f 4093 4094 4100
f 4094 4099 4098
f 4094 4098 4120
f 4094 4120 4100
f 4095 4121 4096
f 4096 4122 4097
f 4096 4121 4122
f 4097 4122 4123
f 4097 4123 4124
f 4097 4124 4098
f 4098 4125 4120
f 4098 4124 4122
f 4098 4122 4126
f 4098 4126 4127
f 4098 4127 4125
f 4100 4120 4101
f 4101 4120 4102
f 4102 4120 4103
f 4103 4128 4129
f 4103 4129 4130
f 4103 4130 4105
f 4103 4120 4131
f 4103 4131 4132
f 4103 4132 4133
f 4103 4133 4134
f 4103 4134 4128
f 4105 4130 4135
f 4105 4135 4106
f 4106 4135 4107
f 4107 4135 4108
f 4108 4135 4112
f 4111 4136 4137
f 4111 4137 4138
f 4111 4138 4116
f 4111 4115 4136
f 4112 4135 4139
f 4112 4139 4140
f 4112 4140 4141
f 4112 4141 4142
f 4112 4142 4113
f 4113 4142 4114
f 4114 4142 4143
f 4114 4143 4115
f 4115 4143 4144
f 4115 4144 4145
f 4115 4145 4146
f 4115 4146 4136
f 4117 4119 4148
f 4117 4148 4147
f 4120 4125 4127
f 4120 4127 4131
f 4121 4149 4122
f 4122 4124 4123
f 4122 4149 4126
f 4126 4149 4150
f 4126 4150 4131
f 4126 4131 4127
f 4128 4151 4129
f 4128 4134 4151
f 4129 4151 4130
f 4130 4151 4139
f 4130 4139 4135
f 4131 4150 4152
f 4131 4152 4134
f 4131 4134 4133
f 4131 4133 4132
f 4134 4152 4153
f 4134 4153 4154
f 4134 4154 4155
f 4134 4155 4156
f 4134 4156 4157
f 4134 4157 4158
f 4134 4158 4159
f 4134 4159 4160
f 4134 4160 4161
f 4134 4161 4162
f 4134 4162 4163
f 4134 4163 4151
f 4139 4164 4165
f 4139 4165 4140
f 4139 4151 4163
f 4139 4163 4161
f 4139 4161 4164
f 4140 4165 4166
f 4140 4166 4141
f 4141 4166 4142
f 4142 4167 4143
f 4142 4166 4168
f 4142 4168 4167
f 4143 4167 4169
f 4143 4169 4170
f 4143 4170 4144
f 4144 4171 4145
f 4144 4170 4172
f 4144 4172 4173
f 4144 4173 4171
f 4147 4148 4175
f 4147 4175 4174
f 4149 4176 4150
f 4150 4176 4152
f 4152 4176 4177
f 4152 4177 4153
f 4157 4178 4179
f 4157 4179 4158
f 4158 4180 4159
f 4158 4179 4180
f 4159 4180 4181
f 4159 4181 4161
f 4159 4161 4160
f 4161 4181 4182
f 4161 4182 4183
f 4161 4183 4184
f 4161 4184 4185
f 4161 4185 4164
f 4161 4163 4162
f 4164 4185 4184
f 4164 4184 4165
f 4165 4184 4186
f 4165 4186 4166
f 4166 4186 4187
f 4166 4187 4188
f 4166 4188 4189
f 4166 4189 4168
f 4167 4168 4190
f 4167 4190 4191
f 4167 4191 4192
f 4167 4192 4169
f 4168 4189 4193
f 4168 4193 4190
f 4169 4192 4194
f 4169 4194 4170
f 4170 4194 4195
f 4170 4195 4196
f 4170 4196 4172
f 4172 4196 4197
f 4172 4197 4173
f 4174 4175 4198
f 4175 4199 4198
f 4178 4200 4179
f 4179 4201 4182
f 4179 4182 4181
f 4179 4181 4180
f 4179 4200 4201
f 4182 4201 4202
f 4182 4202 4183
f 4183 4202 4203
f 4183 4203 4184
f 4184 4203 4204
f 4184 4204 4186
f 4186 4204 4187
f 4187 4204 4205
f 4187 4205 4188
f 4188 4205 4206
f 4188 4206 4189
f 4189 4206 4207
f 4189 4207 4193
f 4190 4208 4209
f 4190 4209 4191
f 4190 4193 4210
f 4190 4210 4211
f 4190 4211 4208
f 4191 4209 4192
f 4192 4209 4194
f 4193 4207 4212
f 4193 4212 4210
f 4194 4209 4195
f 4195 4213 4196
f 4195 4209 4214
f 4195 4214 4215
f 4195 4215 4216
f 4195 4216 4217
f 4195 4217 4213
f 4196 4213 4197
f 4197 4213 4218
f 4198 4199 4219
f 4199 4220 4221
f 4199 4221 4219
f 4200 4222 4201
f 4201 4223 4202
f 4201 4222 4224
f 4201 4224 4223
f 4202 4223 4205
f 4202 4205 4204
f 4202 4204 4203
f 4205 4225 4206
f 4205 4223 4224
f 4205 4224 4226
f 4205 4226 4227
f 4205 4227 4228
f 4205 4228 4225
f 4206 4225 4229
f 4206 4229 4230
f 4206 4230 4212
f 4206 4212 4207
f 4208 4211 4209
f 4209 4211 4231
f 4209 4231 4214
f 4210 4212 4230
f 4210 4230 4232
f 4210 4232 4211
f 4211 4232 4231
f 4213 4217 4233
f 4213 4233 4218
f 4214 4231 4234
f 4214 4234 4235
f 4214 4235 4215
f 4215 4235 4216
f 4216 4235 4236
f 4216 4236 4237
f 4216 4237 4238
f 4216 4238 4217
f 4217 4238 4239
f 4217 4239 4240
f 4217 4240 4241
f 4217 4241 4242
f 4217 4242 4233
f 4218 4233 4243
f 4220 4244 4245
f 4220 4245 4221
f 4222 4226 4224
f 4225 4228 4229
f 4226 4246 4227
f 4227 4246 4247
f 4227 4247 4228
f 4228 4247 4248
f 4228 4248 4249
f 4228 4249 4250
f 4228 4250 4229
f 4229 4250 4234
f 4229 4234 4232
f 4229 4232 4230
f 4231 4232 4234
f 4233 4242 4241
f 4233 4241 4251
f 4233 4251 4252
f 4233 4252 4243
f 4234 4250 4253
f 4234 4253 4235
f 4235 4253 4254
f 4235 4254 4255
f 4235 4255 4236
f 4236 4255 4256
f 4236 4256 4257
f 4236 4257 4237
f 4237 4257 4238
f 4238 4257 4258
f 4238 4258 4259
f 4238 4259 4260
f 4238 4260 4240
f 4238 4240 4239
f 4240 4260 4241
f 4241 4260 4261
f 4241 4261 4262
f 4241 4262 4263
f 4241 4263 4264
f 4241 4264 4251
f 4244 4265 4245
f 4245 4265 4266
f 4246 4267 4247
f 4247 4267 4268
f 4247 4268 4248
f 4248 4268 4269
f 4248 4269 4249
f 4249 4270 4250
f 4249 4269 4271
f 4249 4271 4270
f 4250 4270 4272
f 4250 4272 4253
f 4253 4272 4254
f 4254 4273 4255
f 4254 4272 4274
f 4254 4274 4273
f 4255 4273 4275
f 4255 4275 4256
f 4256 4275 4257
f 4257 4276 4258
f 4257 4275 4277
f 4257 4277 4278
f 4257 4278 4279
f 4257 4279 4280
f 4257 4280 4281
f 4257 4281 4276
f 4258 4276 4259
f 4259 4276 4260
f 4260 4276 4281
f 4260 4281 4282
f 4260 4282 4283
f 4260 4283 4261
f 4261 4283 4284
f 4261 4284 4285
f 4261 4285 4286
f 4261 4286 4262
f 4262 4286 4287
f 4262 4287 4288
f 4262 4288 4289
f 4262 4289 4263
f 4265 4290 4266
f 4266 4290 4292
f 4266 4292 4291
f 4267 4293 4294
f 4267 4294 4268
f 4268 4294 4295
f 4268 4295 4269
f 4269 4295 4271
f 4270 4271 4296
f 4270 4296 4272
f 4271 4295 4296
f 4272 4296 4274
f 4273 4274 4275
f 4274 4296 4297
f 4274 4297 4275
f 4275 4297 4298
f 4275 4298 4277
f 4277 4298 4299
f 4277 4299 4278
f 4278 4299 4300
f 4278 4300 4279
f 4279 4300 4301
f 4279 4301 4282
f 4279 4282 4280
f 4280 4282 4281
f 4282 4285 4284
f 4282 4284 4283
f 4282 4301 4302
f 4282 4302 4303
f 4282 4303 4285
f 4285 4303 4304
f 4285 4304 4286
f 4286 4304 4287
f 4287 4304 4305
f 4287 4305 4288
f 4288 4306 4289
f 4288 4305 4307
f 4288 4307 4308
f 4288 4308 4306
f 4291 4292 4310
f 4291 4310 4311
f 4291 4311 4309
f 4293 4312 4294
f 4294 4312 4313
f 4294 4313 4314
f 4294 4314 4315
f 4294 4315 4295
f 4295 4316 4296
f 4295 4315 4316
f 4296 4316 4297
f 4297 4316 4317
f 4297 4317 4298
f 4298 4317 4299
f 4299 4317 4318
f 4299 4318 4300
f 4300 4318 4302
f 4300 4302 4301
f 4302 4318 4319
f 4302 4319 4320
f 4302 4320 4303
f 4303 4320 4321
f 4303 4321 4304
f 4304 4307 4305
f 4304 4321 4322
f 4304 4322 4307
f 4306 4308 4307
f 4306 4307 4324
f 4306 4324 4340
f 4306 4340 4352
f 4306 4352 4366
f 4306 4366 4368
f 4306 4368 4353
f 4306 4353 4341
f 4306 4341 4323
f 4307 4322 4324
f 4309 4311 4325
f 4311 4326 4327
f 4311 4327 4325
f 4314 4328 4315
f 4315 4328 4329
f 4315 4329 4330
f 4315 4330 4316
f 4316 4330 4317
f 4317 4330 4318
f 4318 4330 4319
f 4319 4330 4331
f 4319 4331 4320
f 4320 4331 4329
f 4320 4329 4332
f 4320 4332 4333
f 4320 4333 4334
f 4320 4334 4335
f 4320 4335 4336
f 4320 4336 4321
f 4321 4336 4337
f 4321 4337 4338
f 4321 4338 4339
f 4321 4339 4322
f 4322 4339 4340
f 4322 4340 4324
f 4323 4341 4342
f 4326 4343 4327
f 4327 4343 4344
f 4328 4332 4329
f 4329 4331 4330
f 4335 4345 4336
f 4335 4346 4345
f 4336 4345 4338
f 4336 4338 4337
f 4338 4345 4347
f 4338 4347 4339
f 4339 4348 4349
f 4339 4349 4350
f 4339 4350 4340
f 4339 4347 4351
f 4339 4351 4348
f 4340 4350 4365
f 4340 4365 4352
f 4341 4353 4354
f 4341 4354 4342
f 4342 4354 4355
f 4342 4355 4356
f 4343 4357 4344
f 4344 4358 4359
f 4344 4357 4360
f 4344 4360 4361
f 4344 4361 4358
f 4345 4346 4347
f 4346 4351 4347
f 4348 4351 4349
f 4349 4351 4362
f 4349 4362 4363
f 4349 4363 4378
f 4349 4378 4364
f 4349 4364 4365
f 4349 4365 4350
f 4352 4365 4367
f 4352 4367 4366
f 4353 4368 4369
f 4353 4369 4354
f 4354 4369 4355
f 4355 4370 4356
f 4355 4369 4367
f 4355 4367 4371
f 4355 4371 4372
f 4355 4372 4370
f 4356 4373 4374
f 4356 4370 4375
f 4356 4375 4373
f 4358 4376 4359
f 4358 4361 4376
f 4361 4377 4376
f 4364 4378 4365
f 4365 4378 4379
f 4365 4379 4380
f 4365 4380 4381
f 4365 4381 4367
f 4366 4369 4368
f 4366 4367 4369
f 4367 4381 4382
f 4367 4382 4371
f 4370 4372 4375
f 4371 4382 4372
f 4372 4382 4383
f 4372 4383 4375
f 4373 4375 4374
f 4374 4375 4385
f 4374 4385 4386
f 4374 4386 4387
f 4374 4387 4388
f 4374 4388 4384
f 4375 4383 4385
f 4376 4377 4389
f 4377 4390 4389
f 4379 4381 4380
f 4379 4391 4392
f 4379 4392 4393
f 4379 4393 4381
f 4381 4393 4394
f 4381 4394 4395
f 4381 4395 4382
f 4382 4395 4387
f 4382 4387 4383
f 4383 4387 4385
f 4384 4388 4397
f 4384 4397 4396
f 4385 4387 4386
f 4387 4395 4392
f 4387 4392 4398
f 4387 4398 4397
f 4387 4397 4388
f 4389 4390 4400
f 4389 4400 4401
f 4389 4401 4399
f 4391 4398 4392
f 4392 4395 4394
f 4392 4394 4393
f 4396 4397 4402
f 4397 4403 4402
f 4399 4401 4404
f 4401 4405 4404
f 4402 4403 4406
f 4403 4407 4406
f 4404 4405 4409
f 4404 4409 4408
f 4406 4407 4411
f 4406 4411 4410
f 4408 4409 4412
f 4408 4412 4413
f 4408 4413 4411
f 4410 4411 4413
o convex_3
v -0.174174 0.66551 0.00755764
v -0.204447 0.664831 0.0227071
v -0.189311 0.664492 0.0227071
v -0.158986 0.664958 0.00755764
v -0.174174 0.66551 -0.00755764
v -0.280127 0.66551 0.00755764
v -0.234719 0.66161 0.0378224
v -0.219583 0.66144 0.0378224
v -0.204447 0.661228 0.0378224
v -0.280127 0.664831 0.0227071
v -0.249855 0.661652 0.0378224
v -0.189311 0.66055 0.0378224
v -0.174174 0.663687 0.0227071
v -0.158986 0.662076 0.0227071
v -0.14385 0.66322 0.00755764
v -0.158986 0.664958 -0.00755764
v -0.189311 0.664747 -0.0227071
v -0.204447 0.664831 -0.0227071
v -0.280127 0.66551 -0.00755764
v -0.295212 0.665467 0.00755764
v -0.234719 0.655929 0.0529719
v -0.219583 0.655675 0.0529719
v -0.204447 0.655293 0.0529719
v -0.295212 0.664153 0.0227071
v -0.280127 0.661567 0.0378224
v -0.264991 0.661652 0.0378224
v -0.249855 0.655972 0.0529719
v -0.192524 0.651351 0.0613502
v -0.188222 0.653852 0.0544082
v -0.182416 0.650969 0.0603927
v -0.174174 0.658981 0.0378224
v -0.158986 0.656819 0.0378224
v -0.14385 0.659617 0.0227071
v -0.14385 0.663093 -0.00755764
v -0.0881784 0.651563 0.0166884
v -0.128714 0.660592 0.00755764
v -0.0744418 0.651266 0.00174407
v -0.0744418 0.651266 -0.00167568
v -0.158986 0.66233 -0.0227071
v -0.174174 0.664068 -0.0227071
v -0.189311 0.661059 -0.0378224
v -0.204447 0.661313 -0.0378224
v -0.219583 0.661482 -0.0378224
v -0.234719 0.66161 -0.0378224
v -0.249855 0.661652 -0.0378224
v -0.280127 0.664831 -0.0227071
v -0.295212 0.665382 -0.00755764
v -0.310348 0.663093 0.00755764
v -0.234719 0.651902 0.0623762
v -0.219583 0.651817 0.0622394
v -0.204447 0.651648 0.0619316
v -0.295212 0.660084 0.0378224
v -0.310348 0.660931 0.0227071
v -0.290495 0.651605 0.0617264
v -0.280127 0.655887 0.0529719
v -0.264991 0.655972 0.0529719
v -0.249855 0.651944 0.0623762
v -0.189311 0.641262 0.0832708
v -0.188222 0.648511 0.0670954
v -0.177129 0.636472 0.0920254
v -0.17293 0.639227 0.0847071
v -0.174174 0.650418 0.0590932
v -0.174174 0.653555 0.0515014
v -0.158986 0.652495 0.0489024
v -0.147997 0.651605 0.0468505
v -0.137889 0.650757 0.0446619
v -0.14328 0.65381 0.0389167
v -0.117569 0.65169 0.032043
v -0.128714 0.656904 0.0227071
v -0.128714 0.660423 -0.00755764
v -0.0885412 0.651436 -0.0167568
v -0.14385 0.659829 -0.0227071
v -0.0984419 0.652495 0.0194926
v -0.0984419 0.649952 0.0270844
v -0.0295518 0.636048 0.0307435
v -0.0378974 0.639948 0.0227071
v -0.0378974 0.643381 0.00755764
v -0.0781222 0.650588 0.0118665
v -0.0984419 0.654997 0.00755764
v -0.0832021 0.652199 0.00711307
v -0.0227613 0.640287 0.00755764
v -0.0227613 0.640329 -0.00755764
v -0.0378974 0.643381 -0.00755764
v -0.0530336 0.646306 -0.00755764
v -0.0688954 0.649443 -0.00704468
v -0.0784332 0.650545 -0.0117639
v -0.0834095 0.652156 -0.00704468
v -0.158986 0.657328 -0.0378224
v -0.174174 0.659702 -0.0378224
v -0.180084 0.651266 -0.0611451
v -0.189311 0.655039 -0.0529719
v -0.204447 0.655463 -0.0529719
v -0.219583 0.65576 -0.0529719
v -0.234719 0.655929 -0.0529719
v -0.249855 0.655972 -0.0529719
v -0.264991 0.661652 -0.0378224
v -0.280127 0.661567 -0.0378224
v -0.295212 0.664068 -0.0227071
v -0.310348 0.662881 -0.00755764
v -0.325484 0.656438 0.00755764
v -0.204447 0.641516 0.0832708
v -0.219583 0.648172 0.0698312
v -0.204447 0.648172 0.0694892
v -0.295419 0.653852 0.0538268
v -0.310348 0.656268 0.0378224
v -0.300603 0.650588 0.0594694
v -0.326002 0.654064 0.0216812
v -0.320508 0.652453 0.0378224
v -0.318019 0.651054 0.0455168
v -0.295212 0.636768 0.0924357
v -0.280127 0.651902 0.062342
v -0.304594 0.636429 0.0917518
v -0.264991 0.651944 0.0623762
v -0.189311 0.636811 0.0926409
v -0.17293 0.633207 0.0975995
v -0.158986 0.631046 0.0983861
v -0.167021 0.635836 0.0906917
v -0.189311 0.632996 0.100233
v -0.14385 0.637447 0.0793039
v -0.14385 0.642194 0.0681213
v -0.158986 0.649316 0.0564942
v -0.14328 0.648638 0.0523221
v -0.128714 0.645925 0.0529719
v -0.0595131 0.63609 0.0459272
v -0.128714 0.649952 0.0424048
v -0.0378974 0.636853 0.032898
v -0.0378974 0.640244 -0.0227071
v -0.0530336 0.643169 -0.0227071
v -0.0681697 0.646052 -0.0227071
v -0.0834095 0.649062 -0.02216
v -0.0984419 0.652368 -0.0200739
v -0.128714 0.653047 -0.0354628
v -0.128714 0.657116 -0.0227071
v -0.106114 0.651012 -0.0301964
v -0.0378974 0.634098 0.0404898
v -0.023798 0.632741 0.0365913
v -0.0216727 0.632232 0.0367623
v -0.0216727 0.633801 0.0317694
v -0.0216727 0.63609 0.0242118
v -0.023798 0.637107 0.021989
v -0.0216727 0.636938 0.0208263
v -0.0216727 0.63999 0.00755764
v -0.0216727 0.640032 0.00625813
v -0.0216727 0.640075 -0.00755764
v -0.0216727 0.639863 -0.00858356
v -0.0216727 0.637107 -0.021305
v -0.0233833 0.637277 -0.0221942
v -0.142917 0.654149 -0.0390877
v -0.147323 0.651732 -0.0471241
v -0.158986 0.652707 -0.0495179
v -0.170028 0.650503 -0.05923
v -0.174693 0.64796 -0.0669586
v -0.165466 0.636048 -0.0912046
v -0.174174 0.640626 -0.0832708
v -0.189311 0.648172 -0.0692499
v -0.189311 0.651521 -0.0616922
v -0.204447 0.651732 -0.0620684
v -0.219583 0.65186 -0.0623078
v -0.234719 0.651944 -0.0623762
v -0.264991 0.655972 -0.0529719
v -0.280127 0.655929 -0.0529719
v -0.291065 0.651648 -0.0617606
v -0.295212 0.660168 -0.0378224
v -0.310348 0.660592 -0.0227071
v -0.326158 0.65381 -0.021305
v -0.325484 0.656141 -0.00755764
v -0.333726 0.651436 -0.00755764
v -0.333933 0.651563 0.00755764
v -0.333363 0.651224 0.015936
v -0.280127 0.641516 0.0832708
v -0.310348 0.652241 0.0484578
v -0.310348 0.649231 0.0560496
v -0.310348 0.644399 0.0681213
v -0.309933 0.638422 0.0832366
v -0.331393 0.649994 0.0260243
v -0.328076 0.648214 0.0378224
v -0.333985 0.636472 0.062171
v -0.33046 0.634522 0.0722592
v -0.320352 0.636938 0.0782096
v -0.295212 0.632105 0.0999934
v -0.280127 0.632953 0.100233
v -0.280127 0.636811 0.0926409
v -0.280127 0.648172 0.0698996
v -0.314702 0.634734 0.0882978
v -0.309933 0.630579 0.0974286
v -0.310348 0.622525 0.107927
v -0.295212 0.62456 0.110253
v -0.174174 0.625026 0.112783
v -0.158986 0.624136 0.111689
v -0.14385 0.623076 0.109945
v -0.14385 0.628926 0.0983861
v -0.14385 0.634182 0.0868615
v -0.189311 0.62545 0.113057
v -0.264991 0.632996 0.100233
v -0.132187 0.636556 0.0772521
v -0.127781 0.639142 0.0694208
v -0.113578 0.63804 0.0658643
v -0.0984419 0.636684 0.062513
v -0.0904592 0.635963 0.0607347
v -0.0845499 0.637828 0.0532112
v -0.0681697 0.633928 0.0555367
v -0.0539148 0.632784 0.0517749
v -0.0378974 0.629308 0.0529719
v -0.0288261 0.636217 -0.0311539
v -0.128714 0.650079 -0.0430204
v -0.137267 0.650842 -0.0449697
v -0.0378974 0.63715 -0.0333767
v -0.0538629 0.638167 -0.0383012
v -0.112127 0.649147 -0.0376856
v -0.0216727 0.626552 0.0519459
v -0.0216727 0.636896 -0.0221942
v -0.0216727 0.636472 -0.023904
v -0.0216727 0.635412 -0.0281445
v -0.142917 0.648765 -0.0524931
v -0.14385 0.642449 -0.0681213
v -0.158986 0.644992 -0.0681213
v -0.159868 0.638379 -0.0838864
v -0.120058 0.620914 -0.106286
v -0.159868 0.632063 -0.0970866
v -0.174174 0.632614 -0.099583
v -0.174174 0.636472 -0.0920254
v -0.155358 0.635242 -0.089358
v -0.10995 0.620109 -0.104644
v -0.189311 0.641516 -0.0832708
v -0.280127 0.651944 -0.0623762
v -0.29573 0.653979 -0.0540662
v -0.295212 0.641177 -0.0832708
v -0.30449 0.636472 -0.091786
v -0.301121 0.650715 -0.0598114
v -0.307808 0.65275 -0.0497231
v -0.311851 0.655209 -0.0393271
v -0.321596 0.652792 -0.0352576
v -0.331652 0.650291 -0.0254087
v -0.333104 0.651054 -0.0153205
v -0.341294 0.646815 -0.00755764
v -0.353579 0.639269 -0.00755764
v -0.341501 0.646857 0.00755764
v -0.351661 0.638083 0.0227071
v -0.339324 0.646094 0.0216812
v -0.353631 0.639269 0.00755764
v -0.361199 0.634522 0.00755764
v -0.55123 0.515063 0.00755764
v -0.55123 0.514131 0.0120375
v -0.379653 0.621508 0.0178169
v -0.349432 0.636684 0.0325902
v -0.341294 0.64016 0.0377198
v -0.336473 0.63804 0.0529719
v -0.339687 0.630579 0.0675742
v -0.344041 0.633207 0.0529719
v -0.55123 0.511502 0.0220916
v -0.379964 0.606543 0.0624104
v -0.325432 0.631893 0.0832366
v -0.348551 0.620956 0.0760893
v -0.339894 0.623627 0.0819713
v -0.280127 0.625365 0.111723
v -0.264991 0.62545 0.112646
v -0.249855 0.62545 0.113057
v -0.324343 0.623797 0.0977021
v -0.318538 0.621084 0.10632
v -0.311592 0.612605 0.116545
v -0.295212 0.616505 0.11781
v -0.280127 0.618286 0.119281
v -0.264991 0.619642 0.120238
v -0.174174 0.620066 0.120341
v -0.158986 0.619388 0.119247
v -0.14385 0.618371 0.117537
v -0.128714 0.617353 0.115553
v -0.128714 0.621889 0.107996
v -0.128714 0.626594 0.0983861
v -0.127781 0.633504 0.0826895
v -0.189311 0.620278 0.120614
v -0.122079 0.635751 0.0753028
v -0.0984419 0.633589 0.0700706
v -0.0681697 0.628799 0.0681213
v -0.0530336 0.626001 0.0681213
v -0.038675 0.623118 0.0686001
v -0.0216727 0.621931 0.0634363
v -0.0216727 0.626128 0.0530061
v -0.0216727 0.632402 -0.0369675
v -0.0216727 0.625747 -0.0539294
v -0.128714 0.646052 -0.0529719
v -0.0378974 0.634098 -0.0409686
v -0.0984419 0.636641 -0.062342
v -0.0984419 0.640456 -0.0529719
v -0.0493532 0.635157 -0.043636
v -0.0387268 0.623034 -0.0685659
v -0.127833 0.639142 -0.0693524
v -0.122235 0.635709 -0.0752344
v -0.132343 0.636599 -0.0772863
v -0.14385 0.637574 -0.0795775
v -0.128714 0.621635 -0.107517
v -0.0530336 0.603491 -0.117263
v -0.0681697 0.604678 -0.119554
v -0.14385 0.622864 -0.109466
v -0.158986 0.624051 -0.111313
v -0.174174 0.625026 -0.112612
v -0.189311 0.632996 -0.100233
v -0.189311 0.636811 -0.0926409
v -0.14385 0.634267 -0.0871351
v -0.0984419 0.622737 -0.0950347
v -0.0984419 0.619134 -0.102592
v -0.0530336 0.607561 -0.109705
v -0.0681697 0.60896 -0.111997
v -0.280127 0.641516 -0.0832708
v -0.295212 0.636768 -0.0924357
v -0.306978 0.62244 -0.107688
v -0.317086 0.620405 -0.105568
v -0.325484 0.624136 -0.0952741
v -0.314546 0.634437 -0.0880243
v -0.309881 0.638464 -0.0830656
v -0.295212 0.631512 -0.0999934
v -0.295212 0.623924 -0.109192
v -0.310348 0.644484 -0.0681213
v -0.311851 0.649613 -0.0540662
v -0.317864 0.651012 -0.0453458
v -0.326158 0.649147 -0.0393271
v -0.341605 0.640753 -0.0383353
v -0.350002 0.637023 -0.0336503
v -0.352024 0.638337 -0.0227071
v -0.339169 0.646476 -0.021305
v -0.379704 0.621508 -0.018535
v -0.55123 0.515318 -0.00755764
v -0.55123 0.511333 0.0224335
v -0.334348 0.621592 0.0921621
v -0.55123 0.505228 0.0336161
v -0.249855 0.620236 0.120614
v -0.234719 0.620278 0.120614
v -0.328646 0.617989 0.102285
v -0.336058 0.6079 0.107996
v -0.324343 0.613029 0.110355
v -0.317449 0.605399 0.120991
v -0.295212 0.608917 0.123282
v -0.307393 0.607179 0.122153
v -0.280127 0.61074 0.124274
v -0.264991 0.612054 0.124992
v -0.249855 0.612648 0.125641
v -0.174174 0.612521 0.125915
v -0.158986 0.6118 0.125915
v -0.14385 0.610825 0.125812
v -0.128714 0.609765 0.125436
v -0.113578 0.608663 0.124787
v -0.0984419 0.607476 0.123555
v -0.0833058 0.606247 0.121982
v -0.0757377 0.605611 0.121127
v -0.119073 0.621084 0.106593
v -0.109016 0.620236 0.104918
v -0.113889 0.623712 0.0992752
v -0.113578 0.630834 0.0832708
v -0.189311 0.61269 0.125915
v -0.0984419 0.628036 0.0832708
v -0.0530336 0.621804 0.078107
v -0.0442214 0.620956 0.0762261
v -0.0341652 0.620024 0.0739691
v -0.0227613 0.618964 0.0712675
v -0.0216727 0.619176 0.0701732
v -0.0216727 0.621719 -0.063915
v -0.113578 0.63804 -0.0657275
v -0.0378974 0.629223 -0.0529719
v -0.0342689 0.620024 -0.0739007
v -0.0443251 0.620956 -0.0761577
v -0.113578 0.630664 -0.0832708
v -0.0530336 0.621762 -0.0780728
v -0.0681697 0.623161 -0.0813558
v -0.0820099 0.624305 -0.0846729
v -0.0761006 0.62066 -0.0906575
v -0.127833 0.633419 -0.0827236
v -0.0770855 0.605399 -0.120785
v -0.0227613 0.599888 -0.113536
v -0.0216727 0.593148 -0.124821
v -0.0227613 0.593275 -0.124958
v -0.14385 0.618074 -0.117058
v -0.158986 0.619218 -0.11887
v -0.174174 0.620066 -0.120204
v -0.189311 0.62545 -0.113057
v -0.249855 0.632996 -0.100233
v -0.264991 0.636811 -0.0926409
v -0.0861568 0.621592 -0.0927093
v -0.0820099 0.618413 -0.0980099
v -0.0412149 0.606416 -0.107619
v -0.280127 0.636811 -0.0926067
v -0.264991 0.632826 -0.100233
v -0.280127 0.632402 -0.100199
v -0.295212 0.6157 -0.11675
v -0.304801 0.606543 -0.121777
v -0.310918 0.613496 -0.113878
v -0.325484 0.61074 -0.110458
v -0.33611 0.607773 -0.107961
v -0.325484 0.618328 -0.102866
v -0.334452 0.621635 -0.092128
v -0.325277 0.631639 -0.0830656
v -0.320093 0.636853 -0.0779018
v -0.264991 0.62528 -0.11145
v -0.280127 0.624814 -0.110389
v -0.249855 0.619642 -0.120067
v -0.264991 0.618498 -0.119041
v -0.280127 0.617353 -0.117947
v -0.325277 0.638634 -0.0675058
v -0.325484 0.644356 -0.0529719
v -0.334037 0.636514 -0.0620684
v -0.336888 0.638337 -0.0529719
v -0.347307 0.635285 -0.0437385
v -0.55123 0.511545 -0.0226729
v -0.55123 0.512011 -0.021305
v -0.361665 0.604339 0.0888108
v -0.351557 0.607942 0.0940088
v -0.340257 0.612987 0.0981467
v -0.55123 0.504169 0.0352234
v -0.234719 0.61269 0.125915
v -0.351402 0.593487 0.108064
v -0.339687 0.59709 0.113091
v -0.325484 0.601753 0.118768
v -0.378512 0.590477 0.0908626
v -0.346166 0.603576 0.104097
v -0.55123 0.497301 0.0420629
v -0.55123 0.488865 0.0487998
v -0.310348 0.58539 0.133712
v -0.311592 0.599422 0.125778
v -0.333207 0.590604 0.121196
v -0.325484 0.594208 0.123111
v -0.318019 0.575386 0.136277
v -0.295212 0.598023 0.129916
v -0.279298 0.596624 0.132515
v -0.264991 0.598955 0.132584
v -0.249855 0.599846 0.133199
v -0.234719 0.6001 0.133507
v -0.158986 0.6001 0.133507
v -0.14385 0.6001 0.13337
v -0.128714 0.6001 0.133028
v -0.0833058 0.591622 0.137063
v -0.071228 0.590986 0.136653
v -0.0611718 0.590392 0.136174
v -0.0530336 0.589799 0.135661
v -0.0378974 0.58857 0.134464
v -0.0378974 0.594759 0.126873
v -0.0216727 0.593275 0.124992
v -0.0656297 0.604763 0.119623
v -0.0530336 0.603661 0.117502
v -0.0530336 0.607603 0.109945
v -0.0984419 0.619346 0.1029
v -0.0984419 0.622779 0.0953083
v -0.0861568 0.621635 0.0928119
v -0.0760488 0.620702 0.0906917
v -0.0681697 0.623203 0.0814241
v -0.0530336 0.61854 0.0856988
v -0.038675 0.617396 0.0820739
v -0.0227613 0.613835 0.0832708
v -0.0216727 0.613623 0.0832708
v -0.0216727 0.618837 -0.0709255
v -0.0227613 0.618922 -0.0712333
v -0.0216727 0.618371 -0.072054
v -0.0227613 0.613835 -0.0832708
v -0.0681697 0.619939 -0.0889476
v -0.0530336 0.612902 -0.0983861
v -0.0378974 0.594589 -0.126667
v -0.0871935 0.606162 -0.12188
v -0.0311069 0.605441 -0.105636
v -0.0216727 0.599676 -0.113536
v -0.0216727 0.592724 -0.125334
v -0.0216727 0.586789 -0.132378
v -0.0378974 0.588315 -0.134225
v -0.0984419 0.607052 -0.123008
v -0.113578 0.608197 -0.12441
v -0.128714 0.609384 -0.125641
v -0.14385 0.610528 -0.126702
v -0.174174 0.612478 -0.127864
v -0.189311 0.620321 -0.120614
v -0.158986 0.61163 -0.127522
v -0.219583 0.62545 -0.113057
v -0.234719 0.62545 -0.113023
v -0.0681697 0.6157 -0.0983861
v -0.249855 0.62545 -0.11251
v -0.280127 0.609808 -0.124239
v -0.295212 0.608112 -0.122974
v -0.310037 0.598616 -0.124992
v -0.314909 0.604042 -0.120067
v -0.295212 0.598023 -0.129027
v -0.325484 0.600693 -0.11805
v -0.346218 0.603618 -0.104029
v -0.340309 0.612902 -0.0980783
v -0.333156 0.59052 -0.121162
v -0.339687 0.59709 -0.113057
v -0.351506 0.593529 -0.10803
v -0.55123 0.492384 -0.0478422
v -0.339946 0.623542 -0.0820055
v -0.330201 0.634394 -0.0721566
v -0.351402 0.607942 -0.0939404
v -0.3937 0.59052 -0.0757474
v -0.234719 0.620278 -0.120614
v -0.234719 0.61269 -0.126223
v -0.249855 0.612054 -0.125573
v -0.264991 0.61091 -0.124958
v -0.344508 0.633419 -0.0529719
v -0.339687 0.630494 -0.0675058
v -0.55123 0.51129 -0.0232201
v -0.348551 0.620956 -0.0760893
v -0.55123 0.478225 0.0545107
v -0.310348 0.577845 0.13744
v -0.295212 0.58857 0.135285
v -0.347929 0.574962 0.120956
v -0.336732 0.582889 0.123111
v -0.324032 0.581448 0.130327
v -0.329112 0.567755 0.134328
v -0.332741 0.559616 0.136106
v -0.321544 0.567755 0.137645
v -0.310348 0.567755 0.141235
v -0.283808 0.589757 0.135901
v -0.2737 0.590647 0.136345
v -0.264991 0.591367 0.136721
v -0.249855 0.592258 0.137166
v -0.234719 0.592512 0.137303
v -0.219583 0.582889 0.142125
v -0.128714 0.582889 0.142125
v -0.128714 0.592512 0.137303
v -0.113578 0.592427 0.137303
v -0.0984419 0.592173 0.137269
v -0.0833058 0.582889 0.141885
v -0.0669775 0.584373 0.140175
v -0.0530336 0.582211 0.140415
v -0.0378974 0.580982 0.139902
v -0.0227613 0.579455 0.13932
v -0.0216727 0.579371 0.139252
v -0.0216727 0.586959 0.132584
v -0.0216727 0.599803 0.113536
v -0.0368089 0.602898 0.113091
v -0.0411113 0.606459 0.107722
v -0.0681697 0.615827 0.0983861
v -0.0530336 0.612945 0.0983861
v -0.0368089 0.609256 0.0997198
v -0.0227613 0.60807 0.0963
v -0.0216727 0.608239 0.0954109
v -0.0216727 0.613623 -0.0832708
v -0.0227613 0.60807 -0.0962658
v -0.0368607 0.609214 -0.0997198
v -0.0216727 0.604551 -0.103584
v -0.0216727 0.586238 -0.132926
v -0.0216727 0.579201 -0.139184
v -0.0530336 0.589545 -0.135456
v -0.14385 0.602813 -0.134259
v -0.174174 0.604212 -0.135456
v -0.189311 0.612775 -0.127762
v -0.158986 0.603788 -0.13508
v -0.219583 0.620321 -0.120614
v -0.280127 0.598023 -0.13125
v -0.311488 0.582677 -0.133575
v -0.317242 0.574835 -0.136072
v -0.325484 0.593105 -0.122803
v -0.295212 0.587425 -0.134738
v -0.55123 0.503194 -0.038096
v -0.37846 0.590435 -0.0907942
v -0.336525 0.582889 -0.123042
v -0.55123 0.492087 -0.047979
v -0.34767 0.574623 -0.120785
v -0.189311 0.604 -0.135354
v -0.204447 0.603195 -0.134943
v -0.219583 0.601923 -0.134396
v -0.234719 0.600693 -0.13378
v -0.249855 0.599422 -0.133165
v -0.55123 0.476911 0.0550579
v -0.362339 0.558853 0.120546
v -0.352231 0.564873 0.123316
v -0.295212 0.567755 0.14445
v -0.295212 0.581024 0.138978
v -0.341968 0.56907 0.126941
v -0.335177 0.549485 0.137166
v -0.326832 0.553766 0.139765
v -0.310348 0.552622 0.145784
v -0.55123 0.463473 0.0583751
v -0.279298 0.583991 0.139047
v -0.264991 0.582889 0.140757
v -0.249855 0.582889 0.141748
v -0.234719 0.582889 0.14209
v -0.219583 0.56979 0.148656
v -0.204447 0.569833 0.148656
v -0.113578 0.569833 0.148656
v -0.0984419 0.582889 0.14209
v -0.0833058 0.569494 0.148622
v -0.0681697 0.569027 0.148451
v -0.0530336 0.568264 0.148007
v -0.0227613 0.567755 0.146263
v -0.0216727 0.567755 0.14616
v -0.0216727 0.604551 0.103652
v -0.0310032 0.605441 0.10567
v -0.0216727 0.604805 0.103105
v -0.0216727 0.60773 -0.0965394
v -0.0216727 0.578523 -0.139628
v -0.0227613 0.579286 -0.139252
v -0.0378974 0.58077 -0.139868
v -0.0626232 0.59018 -0.136037
v -0.174174 0.596666 -0.139184
v -0.189311 0.596454 -0.139115
v -0.158986 0.5962 -0.139081
v -0.0727313 0.590816 -0.136516
v -0.0833058 0.591452 -0.136995
v -0.0984419 0.592385 -0.137611
v -0.113578 0.593317 -0.138124
v -0.128714 0.594292 -0.138568
v -0.14385 0.595267 -0.138876
v -0.265302 0.596836 -0.133165
v -0.280127 0.58929 -0.135696
v -0.307186 0.577505 -0.137269
v -0.311488 0.568985 -0.139423
v -0.321544 0.564746 -0.137747
v -0.326158 0.568985 -0.134225
v -0.295212 0.579837 -0.138397
v -0.341812 0.568858 -0.126394
v -0.55123 0.476996 -0.0545449
v -0.351817 0.564534 -0.123008
v -0.204447 0.595607 -0.138739
v -0.219583 0.594377 -0.138158
v -0.234719 0.593105 -0.137576
v -0.26043 0.590943 -0.136516
v -0.294019 0.551265 0.149409
v -0.280127 0.554911 0.150332
v -0.280127 0.567755 0.14616
v -0.344922 0.537488 0.134841
v -0.337354 0.537488 0.138021
v -0.325484 0.537488 0.142945
v -0.310348 0.537488 0.148178
v -0.298218 0.537488 0.150845
v -0.55123 0.461778 0.058546
v -0.264991 0.567755 0.147391
v -0.250425 0.566611 0.14893
v -0.234719 0.561651 0.152042
v -0.234719 0.569197 0.148656
v -0.219583 0.562202 0.152384
v -0.204447 0.562245 0.152418
v -0.113578 0.562245 0.152418
v -0.0984419 0.569748 0.148656
v -0.0984419 0.56216 0.15235
v -0.0833058 0.561906 0.152179
v -0.0681697 0.561439 0.151974
v -0.0530336 0.560676 0.151632
v -0.0450508 0.56021 0.151426
v -0.0227613 0.558853 0.150777
v -0.0391415 0.566272 0.148109
v -0.0216727 0.559447 0.1504
v -0.0216727 0.567755 -0.146126
v -0.0227613 0.567755 -0.146228
v -0.0530336 0.581957 -0.140415
v -0.174174 0.582889 -0.145134
v -0.189311 0.582889 -0.145066
v -0.14385 0.582889 -0.144758
v -0.158986 0.582889 -0.145066
v -0.204447 0.582889 -0.14445
v -0.113578 0.582889 -0.143664
v -0.128714 0.582889 -0.144279
v -0.0833058 0.582889 -0.142022
v -0.0984419 0.582889 -0.142911
v -0.0681697 0.568985 -0.148485
v -0.280127 0.581745 -0.13932
v -0.295212 0.567755 -0.143219
v -0.310348 0.552622 -0.144416
v -0.295212 0.552622 -0.147733
v -0.326158 0.552495 -0.139013
v -0.331601 0.557454 -0.135593
v -0.280127 0.567755 -0.145305
v -0.55123 0.461778 -0.0580331
v -0.334244 0.547365 -0.13679
v -0.219583 0.582889 -0.14339
v -0.234719 0.582889 -0.142261
v -0.288214 0.545331 0.151461
v -0.280127 0.547365 0.151871
v -0.264991 0.550545 0.152589
v -0.264991 0.558133 0.150948
v -0.255868 0.559701 0.15129
v -0.325484 0.522312 0.143766
v -0.310348 0.522312 0.148691
v -0.300499 0.522312 0.151016
v -0.292931 0.522312 0.152247
v -0.280127 0.522312 0.154196
v -0.264991 0.522312 0.156248
v -0.29065 0.537488 0.151837
v -0.55123 0.448636 0.0584435
v -0.339635 0.492045 0.138807
v -0.339428 0.507178 0.138773
v -0.24576 0.560803 0.151632
v -0.219583 0.552622 0.155598
v -0.204447 0.552622 0.156248
v -0.189311 0.552622 0.15659
v -0.174174 0.552622 0.156659
v -0.128714 0.552622 0.156659
v -0.113578 0.552622 0.156624
v -0.0984419 0.552622 0.156488
v -0.0833058 0.552622 0.156214
v -0.0681697 0.552622 0.155804
v -0.0378974 0.537488 0.161275
v -0.0530336 0.552622 0.155222
v -0.0391415 0.553766 0.154025
v -0.0216727 0.551732 0.154025
v -0.0216727 0.558769 0.150742
v -0.0216727 0.567035 -0.146502
v -0.0227613 0.558896 -0.150811
v -0.0389341 0.566314 -0.148075
v -0.0530336 0.568307 -0.147972
v -0.174174 0.571316 -0.149785
v -0.189311 0.563728 -0.152828
v -0.158986 0.571316 -0.149785
v -0.204447 0.563177 -0.152623
v -0.204447 0.570723 -0.149511
v -0.0984419 0.570045 -0.149135
v -0.113578 0.570511 -0.14934
v -0.128714 0.570935 -0.149545
v -0.14385 0.571232 -0.149716
v -0.14385 0.563644 -0.152828
v -0.219583 0.569621 -0.149033
v -0.234719 0.568391 -0.14852
v -0.264991 0.567755 -0.146673
v -0.0833058 0.569578 -0.148862
v -0.0446361 0.560295 -0.151426
v -0.0530336 0.560719 -0.151632
v -0.280594 0.55224 -0.150024
v -0.310348 0.537488 -0.147323
v -0.295471 0.537997 -0.150503
v -0.285985 0.543381 -0.151187
v -0.325484 0.537488 -0.142022
v -0.264991 0.556861 -0.15064
v -0.55123 0.446559 -0.0583751
v -0.33611 0.537488 -0.137576
v -0.338287 0.522312 -0.138466
v -0.325484 0.522312 -0.143698
v -0.339687 0.507178 -0.138944
v -0.325484 0.507178 -0.14445
v -0.280127 0.537488 0.153136
v -0.249855 0.522312 0.157992
v -0.264991 0.537488 0.154778
v -0.249855 0.537488 0.156282
v -0.234719 0.537488 0.157719
v -0.219583 0.537488 0.159018
v -0.234719 0.552622 0.154607
v -0.325484 0.507178 0.14404
v -0.310348 0.507178 0.148725
v -0.300603 0.507178 0.151016
v -0.280127 0.507178 0.15447
v -0.264991 0.507178 0.15683
v -0.249855 0.507178 0.158779
v -0.55123 0.446559 0.0583751
v -0.325484 0.492045 0.14404
v -0.204447 0.537488 0.160215
v -0.189311 0.537488 0.161138
v -0.174174 0.537488 0.161788
v -0.158986 0.537488 0.162199
v -0.14385 0.537488 0.162335
v -0.113578 0.537488 0.162335
v -0.0984419 0.537488 0.162301
v -0.0681697 0.537488 0.161959
v -0.0530336 0.537488 0.16172
v -0.0378974 0.526636 0.165584
v -0.0227613 0.537488 0.160147
v -0.0216727 0.538336 0.159702
v -0.0216727 0.558811 -0.150742
v -0.0216727 0.551223 -0.154231
v -0.0227613 0.55135 -0.154265
v -0.0345281 0.559659 -0.151153
v -0.174174 0.552622 -0.157035
v -0.189311 0.552622 -0.156898
v -0.158986 0.563728 -0.152828
v -0.204447 0.552622 -0.156317
v -0.219583 0.562033 -0.152144
v -0.0833058 0.56199 -0.152179
v -0.0984419 0.562499 -0.152384
v -0.113578 0.562965 -0.152589
v -0.128714 0.563389 -0.152726
v -0.14385 0.552622 -0.157035
v -0.128714 0.552622 -0.156966
v -0.234719 0.560803 -0.151666
v -0.242287 0.560167 -0.151392
v -0.252395 0.558853 -0.15105
v -0.0681697 0.561439 -0.151939
v -0.0389341 0.553809 -0.153991
v -0.0530336 0.552622 -0.155154
v -0.275877 0.546941 -0.151803
v -0.299721 0.522312 -0.150948
v -0.310348 0.522312 -0.148622
v -0.29065 0.533291 -0.151803
v -0.264991 0.537488 -0.154436
v -0.280594 0.537997 -0.152521
v -0.264991 0.549273 -0.152384
v -0.219583 0.552622 -0.155291
v -0.234719 0.552622 -0.154128
v -0.219583 0.537488 -0.159018
v -0.55123 0.43151 -0.0551263
v -0.340153 0.492045 -0.139047
v -0.325484 0.492045 -0.144553
v -0.338495 0.476911 -0.138295
v -0.325484 0.476911 -0.142809
v -0.335644 0.466568 -0.137132
v -0.310348 0.507178 -0.148896
v -0.234719 0.507178 0.16042
v -0.219583 0.507178 0.162028
v -0.234719 0.522312 0.159565
v -0.219583 0.522312 0.160933
v -0.204447 0.522312 0.162233
v -0.166088 0.514343 0.166507
v -0.174174 0.522312 0.164763
v -0.310348 0.492045 0.148691
v -0.300603 0.492045 0.151016
v -0.280127 0.492045 0.15447
v -0.264991 0.492045 0.156932
v -0.249855 0.492045 0.159018
v -0.204447 0.492045 0.164045
v -0.55123 0.432867 0.0555709
v -0.325484 0.476911 0.142432
v -0.160231 0.521846 0.165721
v -0.14385 0.525576 0.165687
v -0.128714 0.526509 0.165687
v -0.113578 0.526848 0.165687
v -0.0530336 0.526848 0.165687
v -0.0378974 0.519048 0.167739
v -0.0227613 0.517056 0.167226
v -0.0227613 0.524601 0.164832
v -0.0216727 0.525491 0.164387
v -0.0216727 0.537488 -0.16001
v -0.0227613 0.537488 -0.160112
v -0.0378974 0.537488 -0.161036
v -0.14385 0.537488 -0.162335
v -0.158986 0.537488 -0.162301
v -0.174174 0.537488 -0.161993
v -0.189311 0.537488 -0.161241
v -0.0681697 0.552622 -0.155735
v -0.0833058 0.552622 -0.156146
v -0.0984419 0.552622 -0.156522
v -0.113578 0.552622 -0.156761
v -0.113578 0.537488 -0.162335
v -0.0833058 0.537488 -0.162096
v -0.0984419 0.537488 -0.162267
v -0.234719 0.537488 -0.157684
v -0.249855 0.537488 -0.156111
v -0.299721 0.492045 -0.150948
v -0.292153 0.522312 -0.152042
v -0.234719 0.522312 -0.159497
v -0.249855 0.522312 -0.157684
v -0.264991 0.522312 -0.155735
v -0.280127 0.522312 -0.153683
v -0.204447 0.537488 -0.160215
v -0.173812 0.521422 -0.165447
v -0.189311 0.522312 -0.164011
v -0.55123 0.416928 -0.0484236
v -0.330719 0.456479 -0.13549
v -0.320611 0.45207 -0.137063
v -0.325588 0.446898 -0.133473
v -0.326935 0.430069 -0.125778
v -0.310348 0.492045 -0.148896
v -0.310348 0.476911 -0.147015
v -0.325588 0.461608 -0.138705
v -0.189311 0.492045 0.165687
v -0.181328 0.492045 0.166507
v -0.204447 0.507178 0.163566
v -0.189311 0.507178 0.165037
v -0.175418 0.50845 0.166234
v -0.17122 0.504253 0.166849
v -0.113578 0.492045 0.1715
v -0.0984419 0.492045 0.172492
v -0.128714 0.507178 0.169277
v -0.156032 0.516462 0.166815
v -0.310348 0.476911 0.147049
v -0.29122 0.481023 0.152008
v -0.264991 0.476911 0.155872
v -0.249855 0.476911 0.158232
v -0.234719 0.476911 0.160283
v -0.219583 0.476911 0.162199
v -0.189311 0.476911 0.165618
v -0.181276 0.476911 0.166507
v -0.55123 0.43151 0.0551605
v -0.335074 0.467161 0.136961
v -0.14385 0.517988 0.167157
v -0.128714 0.518963 0.167533
v -0.113578 0.51926 0.167739
v -0.0530336 0.51926 0.167739
v -0.0378974 0.507178 0.170816
v -0.0227613 0.507178 0.169893
v -0.0216727 0.508196 0.169483
v -0.0216727 0.516801 0.167123
v -0.0216727 0.517352 0.166952
v -0.0216727 0.524347 0.164763
v -0.0216727 0.523499 -0.165037
v -0.0227613 0.524432 -0.164798
v -0.0378974 0.526 -0.165379
v -0.0530336 0.537488 -0.161617
v -0.113578 0.526848 -0.165687
v -0.128714 0.526763 -0.165687
v -0.14385 0.52617 -0.165687
v -0.158986 0.524771 -0.165652
v -0.0681697 0.537488 -0.161891
v -0.0530336 0.526763 -0.165652
v -0.0681697 0.526848 -0.165687
v -0.204447 0.522312 -0.162609
v -0.219583 0.522312 -0.161138
v -0.292153 0.492045 -0.152042
v -0.249855 0.476911 -0.157616
v -0.29065 0.481489 -0.151837
v -0.249855 0.507178 -0.158026
v -0.264991 0.507178 -0.15594
v -0.189311 0.507178 -0.165345
v -0.204447 0.507178 -0.163669
v -0.219583 0.507178 -0.161857
v -0.234719 0.507178 -0.159976
v -0.158986 0.517225 -0.166986
v -0.168576 0.515784 -0.166678
v -0.55123 0.415783 -0.0474319
v -0.332896 0.424049 -0.121059
v -0.32284 0.421379 -0.1227
v -0.20849 0.380598 -0.135217
v -0.179099 0.364956 -0.135422
v -0.149397 0.349398 -0.135627
v -0.089889 0.318453 -0.135969
v -0.0303812 0.287634 -0.136277
v -0.310348 0.461778 -0.142809
v -0.309207 0.446898 -0.137987
v -0.303402 0.438717 -0.136414
v -0.31351 0.442023 -0.13508
v -0.309207 0.432782 -0.132276
v -0.257008 0.409043 -0.13614
v -0.295523 0.476614 -0.150161
v -0.286296 0.4714 -0.151084
v -0.173708 0.476911 0.167226
v -0.158986 0.476911 0.168559
v -0.128714 0.461778 0.171329
v -0.113578 0.461778 0.172663
v -0.14385 0.476911 0.169893
v -0.128714 0.476911 0.171124
v -0.158986 0.492045 0.168286
v -0.14385 0.492045 0.169414
v -0.128714 0.492045 0.170474
v -0.0984419 0.476911 0.173381
v -0.0833058 0.476911 0.174236
v -0.0833058 0.492045 0.173279
v -0.113578 0.507178 0.169961
v -0.310348 0.461778 0.142911
v -0.286192 0.470934 0.151084
v -0.295885 0.47636 0.150264
v -0.325328 0.461989 0.138568
v -0.280749 0.47636 0.153034
v -0.234719 0.461778 0.158334
v -0.219583 0.461778 0.160796
v -0.204447 0.461778 0.163088
v -0.189311 0.461778 0.16514
v -0.179669 0.461778 0.166302
v -0.172101 0.461778 0.167089
v -0.158986 0.461778 0.168422
v -0.113578 0.446644 0.172629
v -0.55123 0.41875 0.0494837
v -0.30335 0.438759 0.136414
v -0.313406 0.442362 0.134806
v -0.320145 0.452409 0.136995
v -0.330253 0.457072 0.135319
v -0.0984419 0.507178 0.17044
v -0.0833058 0.507178 0.170748
v -0.0681697 0.507178 0.170816
v -0.0378974 0.492045 0.173689
v -0.0227613 0.492045 0.173313
v -0.0216727 0.492045 0.17321
v -0.0216727 0.507178 0.169756
v -0.0216727 0.516717 -0.167123
v -0.0227613 0.516844 -0.167157
v -0.0378974 0.518455 -0.167568
v -0.113578 0.51926 -0.167739
v -0.128714 0.519175 -0.16767
v -0.14385 0.518624 -0.167397
v -0.0530336 0.519218 -0.167739
v -0.0681697 0.51926 -0.167739
v -0.179358 0.507178 -0.166371
v -0.264991 0.492045 -0.15594
v -0.264991 0.476911 -0.155393
v -0.249855 0.492045 -0.158026
v -0.234719 0.476911 -0.159668
v -0.204447 0.461778 -0.162746
v -0.219583 0.461778 -0.160557
v -0.280801 0.476614 -0.152794
v -0.181587 0.492045 -0.166507
v -0.189311 0.492045 -0.165618
v -0.234719 0.492045 -0.159976
v -0.128714 0.507178 -0.169654
v -0.0984419 0.492045 -0.172937
v -0.158986 0.507178 -0.167944
v -0.17179 0.507178 -0.166986
v -0.55123 0.408534 -0.0406608
v -0.0216727 0.278054 -0.131284
v -0.0636599 0.286448 -0.122393
v -0.227773 0.393358 -0.136414
v -0.198434 0.377758 -0.136687
v -0.168991 0.362201 -0.136927
v -0.139289 0.346728 -0.137132
v -0.0681697 0.312815 -0.139047
v -0.0542776 0.309 -0.140723
v -0.0363942 0.295392 -0.138568
v -0.0216727 0.29429 -0.14168
v -0.0216727 0.285557 -0.137337
v -0.0216727 0.284921 -0.136927
v -0.276188 0.466949 -0.152144
v -0.295212 0.461778 -0.146263
v -0.295212 0.446644 -0.141099
v -0.264991 0.43151 -0.142603
v -0.295212 0.428628 -0.134293
v -0.251099 0.41502 -0.139697
v -0.234719 0.416377 -0.143869
v -0.204447 0.401243 -0.144792
v -0.219583 0.401243 -0.141441
v -0.189311 0.386109 -0.142261
v -0.158986 0.370976 -0.143082
v -0.128714 0.3558 -0.143835
v -0.0984419 0.446644 0.174031
v -0.0984419 0.461778 0.173894
v -0.113578 0.476911 0.172287
v -0.0833058 0.461778 0.174578
v -0.0681697 0.476911 0.174612
v -0.0681697 0.492045 0.173655
v -0.309155 0.44711 0.137987
v -0.295212 0.446644 0.141304
v -0.295212 0.461778 0.146434
v -0.280749 0.461862 0.14958
v -0.276136 0.466949 0.152076
v -0.204447 0.446644 0.160489
v -0.189311 0.446644 0.163122
v -0.164844 0.441345 0.166268
v -0.169405 0.451392 0.166849
v -0.128714 0.446644 0.171124
v -0.0984419 0.43151 0.173347
v -0.55123 0.416928 0.048492
v -0.303039 0.408661 0.121196
v -0.295212 0.416377 0.127796
v -0.285155 0.425533 0.135559
v -0.295212 0.42867 0.133986
v -0.275099 0.422523 0.136927
v -0.295212 0.436258 0.137474
v -0.0530336 0.492045 0.173689
v -0.0216727 0.476911 0.174646
v -0.0216727 0.506161 -0.16979
v -0.0227613 0.507178 -0.169619
v -0.0378974 0.507178 -0.170406
v -0.0530336 0.507178 -0.170782
v -0.0833058 0.507178 -0.170816
v -0.0984419 0.507178 -0.170645
v -0.113578 0.507178 -0.170235
v -0.0681697 0.507178 -0.170816
v -0.174019 0.492045 -0.167226
v -0.158986 0.492045 -0.168525
v -0.234719 0.461778 -0.158163
v -0.204447 0.476911 -0.163703
v -0.189311 0.461778 -0.164798
v -0.167954 0.452791 -0.166713
v -0.173449 0.447365 -0.165174
v -0.162926 0.442744 -0.166029
v -0.189311 0.446644 -0.162677
v -0.181587 0.476911 -0.166507
v -0.189311 0.476911 -0.165618
v -0.0833058 0.492045 -0.173518
v -0.0833058 0.476911 -0.17451
v -0.0984419 0.476911 -0.173757
v -0.113578 0.492045 -0.171945
v -0.128714 0.492045 -0.170885
v -0.14385 0.492045 -0.169722
v -0.55123 0.404889 -0.037241
v -0.0216727 0.277545 -0.130805
v -0.0216727 0.270381 -0.123726
v -0.0984419 0.340666 -0.144518
v -0.0681697 0.325532 -0.145168
v -0.128714 0.34393 -0.138534
v -0.0984419 0.328372 -0.138807
v -0.0842388 0.324345 -0.140517
v -0.0216727 0.295265 -0.142125
v -0.0378974 0.310399 -0.145339
v -0.268672 0.45686 -0.150537
v -0.280801 0.46182 -0.149477
v -0.204447 0.446644 -0.160181
v -0.219583 0.446644 -0.157548
v -0.235393 0.445711 -0.154128
v -0.249855 0.450544 -0.152623
v -0.240887 0.440031 -0.151084
v -0.280127 0.446644 -0.144518
v -0.249855 0.43151 -0.146023
v -0.235393 0.43168 -0.149306
v -0.222486 0.42672 -0.150366
v -0.212429 0.42371 -0.151495
v -0.218287 0.417733 -0.147972
v -0.188792 0.402176 -0.14852
v -0.174174 0.386109 -0.145613
v -0.14385 0.370976 -0.146434
v -0.0827875 0.341599 -0.148485
v -0.0833058 0.43151 0.174441
v -0.0833058 0.446644 0.174646
v -0.0530336 0.476911 0.174646
v -0.264991 0.43151 0.142945
v -0.280127 0.446644 0.144792
v -0.264317 0.447619 0.148622
v -0.258823 0.453257 0.1517
v -0.219583 0.446644 0.157616
v -0.174174 0.43151 0.162301
v -0.159453 0.431637 0.165071
v -0.154736 0.436767 0.16702
v -0.113578 0.43151 0.171534
v -0.14385 0.446644 0.169414
v -0.0833058 0.416377 0.172731
v -0.0681697 0.416377 0.174031
v -0.55123 0.410866 0.0436018
v -0.0302257 0.287719 0.136208
v -0.0503381 0.300394 0.137918
v -0.0604461 0.302895 0.136208
v -0.0800401 0.315697 0.137679
v -0.109639 0.33117 0.13744
v -0.139237 0.346685 0.137166
v -0.178788 0.365041 0.135319
v -0.208127 0.380768 0.13508
v -0.237259 0.396537 0.134772
v -0.280127 0.417055 0.132755
v -0.264991 0.412095 0.134635
v -0.256179 0.409552 0.135901
v -0.234719 0.416377 0.144382
v -0.280127 0.430959 0.139081
v -0.227151 0.393655 0.136277
v -0.219583 0.391535 0.137337
v -0.233216 0.401455 0.138329
v -0.189311 0.386109 0.142911
v -0.219583 0.401243 0.141851
v -0.204447 0.401243 0.145715
v -0.0216727 0.401243 0.174646
v -0.0216727 0.492045 -0.172971
v -0.0227613 0.492045 -0.173039
v -0.0378974 0.492045 -0.17345
v -0.0530336 0.492045 -0.173655
v -0.0681697 0.492045 -0.173689
v -0.174019 0.476911 -0.167226
v -0.14385 0.476911 -0.169961
v -0.113578 0.476911 -0.172526
v -0.0984419 0.461778 -0.173997
v -0.178891 0.461778 -0.166165
v -0.171323 0.461778 -0.16702
v -0.14385 0.446644 -0.168935
v -0.0984419 0.43151 -0.172731
v -0.158313 0.447365 -0.16726
v -0.152818 0.438123 -0.166713
v -0.136645 0.423753 -0.166576
v -0.14385 0.461778 -0.169893
v -0.158986 0.461778 -0.16832
v -0.0833058 0.461778 -0.174646
v -0.0681697 0.476911 -0.174646
v -0.55123 0.396665 -0.023733
v -0.0216727 0.269703 -0.122803
v -0.0217246 0.262963 -0.112407
v -0.0532409 0.326126 -0.148793
v -0.0216727 0.309636 -0.148554
v -0.174174 0.43151 -0.161754
v -0.189311 0.43151 -0.158916
v -0.204447 0.43151 -0.155906
v -0.230779 0.436852 -0.152213
v -0.218287 0.43168 -0.153068
v -0.174174 0.416377 -0.15683
v -0.128714 0.401243 -0.160831
v -0.159246 0.400437 -0.154128
v -0.112334 0.371018 -0.15317
v -0.0984419 0.353256 -0.149545
v -0.0681697 0.337063 -0.149922
v -0.0378974 0.401243 0.174236
v -0.0530336 0.416377 0.174612
v -0.0681697 0.43151 0.174646
v -0.204447 0.412477 0.150127
v -0.249855 0.43151 0.146434
v -0.223574 0.426338 0.150606
v -0.231142 0.436428 0.152281
v -0.204447 0.43151 0.156317
v -0.189311 0.43151 0.15936
v -0.158986 0.416377 0.160831
v -0.147894 0.426678 0.16596
v -0.137786 0.423074 0.166781
v -0.143228 0.431637 0.16767
v -0.128714 0.43151 0.169619
v -0.0984419 0.416377 0.17085
v -0.0681697 0.401243 0.1715
v -0.0530336 0.401243 0.17321
v -0.55123 0.404295 0.0379592
v -0.0216727 0.278097 0.130771
v -0.0216727 0.283226 0.135354
v -0.0216727 0.288567 0.139457
v -0.0378974 0.297257 0.139868
v -0.0544331 0.308915 0.141612
v -0.0681697 0.312561 0.13956
v -0.0984419 0.328203 0.139184
v -0.128714 0.343888 0.138773
v -0.16868 0.362285 0.136892
v -0.198019 0.377928 0.136585
v -0.189311 0.375511 0.13785
v -0.173915 0.370425 0.139594
v -0.128714 0.3558 0.14486
v -0.158986 0.370976 0.143903
v -0.143384 0.371866 0.148246
v -0.172775 0.387508 0.147665
v -0.158986 0.383693 0.149409
v -0.176922 0.396537 0.150332
v -0.189984 0.401455 0.149204
v -0.195531 0.409636 0.151119
v -0.0216727 0.386109 0.17345
v -0.0227613 0.401243 0.174646
v -0.0216727 0.490985 -0.173142
v -0.0227613 0.476911 -0.174646
v -0.128714 0.461778 -0.171329
v -0.113578 0.461778 -0.172697
v -0.0833058 0.446644 -0.174646
v -0.0984419 0.446644 -0.17386
v -0.113578 0.446644 -0.172253
v -0.128714 0.446644 -0.170611
v -0.0833058 0.43151 -0.174133
v -0.0681697 0.416377 -0.173757
v -0.0833058 0.416377 -0.172253
v -0.113578 0.43151 -0.17085
v -0.118399 0.410569 -0.166097
v -0.0984419 0.416377 -0.170235
v -0.128714 0.421379 -0.167157
v -0.108291 0.407644 -0.166884
v -0.55123 0.392341 -0.00755764
v -0.0216727 0.258215 -0.104268
v -0.0217246 0.255163 -0.0978389
v -0.0216727 0.248465 -0.0832708
v -0.0216727 0.243209 -0.0716095
v -0.0216727 0.240326 -0.0645648
v -0.0216727 0.239944 -0.0634021
v -0.0216727 0.236765 -0.0529719
v -0.0216727 0.262963 -0.112373
v -0.0584763 0.334307 -0.150948
v -0.0483683 0.331594 -0.152008
v -0.0378974 0.321378 -0.150024
v -0.0216727 0.310526 -0.14893
v -0.158986 0.416377 -0.159942
v -0.089578 0.394418 -0.166336
v -0.0984419 0.386109 -0.161617
v -0.0833058 0.370976 -0.159258
v -0.0681697 0.3558 -0.156864
v -0.0774483 0.347279 -0.151768
v -0.0227613 0.386109 0.173415
v -0.204447 0.420065 0.152726
v -0.213466 0.42299 0.151734
v -0.218961 0.431425 0.153273
v -0.174174 0.416377 0.157787
v -0.14385 0.401243 0.158881
v -0.128714 0.401243 0.161754
v -0.128714 0.412816 0.165413
v -0.143228 0.417394 0.164114
v -0.119228 0.409975 0.166234
v -0.10912 0.407135 0.16702
v -0.0844462 0.399929 0.168833
v -0.0530336 0.386109 0.169893
v -0.0378974 0.386109 0.171979
v -0.55123 0.402939 0.0364545
v -0.0216727 0.27373 0.125881
v -0.0216727 0.29412 0.142706
v -0.0242127 0.293781 0.141783
v -0.0843944 0.32426 0.141167
v -0.0371717 0.311501 0.147767
v -0.114252 0.339648 0.140688
v -0.14411 0.354994 0.140175
v -0.158986 0.359657 0.138329
v -0.113889 0.356308 0.148793
v -0.0984419 0.340666 0.145681
v -0.0530336 0.323116 0.149272
v -0.0843425 0.340751 0.149306
v -0.128714 0.36733 0.149887
v -0.148049 0.380471 0.15064
v -0.166814 0.393528 0.151461
v -0.185423 0.406627 0.152179
v -0.158986 0.401243 0.155804
v -0.189984 0.415359 0.154196
v -0.0216727 0.370976 0.170372
v -0.0216727 0.476911 -0.174612
v -0.0216727 0.475851 -0.174646
v -0.0681697 0.43151 -0.174646
v -0.0530336 0.416377 -0.174475
v -0.0378974 0.401243 -0.173826
v -0.0530336 0.401243 -0.172697
v -0.0681697 0.401243 -0.171021
v -0.113423 0.415953 -0.168081
v -0.0984419 0.404719 -0.167602
v -0.55123 0.391705 0.00755764
v -0.0216727 0.233671 -0.0378224
v -0.0216727 0.232484 -0.0227071
v -0.0216727 0.255205 -0.0978731
v -0.0532409 0.33986 -0.154094
v -0.0681697 0.344608 -0.152726
v -0.0378974 0.340666 -0.157445
v -0.0378974 0.328924 -0.153068
v -0.0216727 0.317308 -0.151632
v -0.0840315 0.400183 -0.168559
v -0.0601869 0.378733 -0.166473
v -0.0681697 0.370976 -0.162335
v -0.0530336 0.3558 -0.159942
v -0.143384 0.38577 0.153581
v -0.128714 0.386109 0.156659
v -0.0681697 0.3558 0.158163
v -0.113578 0.386109 0.159634
v -0.0833058 0.370976 0.160352
v -0.0530336 0.3558 0.161036
v -0.0374309 0.356732 0.164182
v -0.0902518 0.393994 0.166439
v -0.0611718 0.378224 0.166644
v -0.0320918 0.362413 0.166815
v -0.0374309 0.370594 0.168149
v -0.0227613 0.370976 0.170235
v -0.55123 0.395605 0.0241776
v -0.0216727 0.264531 0.113741
v -0.0216727 0.266778 0.116819
v -0.029811 0.272755 0.120854
v -0.0216727 0.307219 0.149511
v -0.0227613 0.307516 0.149409
v -0.0417333 0.319979 0.150606
v -0.0984419 0.351094 0.150332
v -0.0711243 0.335748 0.150366
v -0.119125 0.364532 0.150948
v -0.137993 0.377546 0.151768
v -0.158986 0.391239 0.152281
v -0.0216727 0.360717 0.167773
v -0.0216727 0.415359 -0.174646
v -0.0378974 0.416377 -0.174646
v -0.0216727 0.401243 -0.17451
v -0.0227613 0.401243 -0.174475
v -0.0216727 0.400183 -0.174441
v -0.0216727 0.386109 -0.172731
v -0.0227613 0.386109 -0.172629
v -0.0216727 0.385049 -0.172526
v -0.0378974 0.386109 -0.17109
v -0.0542776 0.38471 -0.168696
v -0.0216727 0.232484 0.0227071
v -0.0216727 0.232568 0.0241092
v -0.0216727 0.233798 0.0378224
v -0.0216727 0.233967 0.0390193
v -0.0216727 0.23685 0.0529719
v -0.55123 0.393189 0.0145339
v -0.0378974 0.3558 -0.162677
v -0.0216727 0.339648 -0.159942
v -0.0216727 0.323625 -0.154128
v -0.0298628 0.3636 -0.166473
v -0.128714 0.374876 0.152726
v -0.113889 0.370128 0.15406
v -0.0530336 0.340666 0.155906
v -0.0378974 0.340666 0.158881
v -0.0227613 0.340666 0.161583
v -0.0216727 0.340708 0.161788
v -0.0216727 0.352111 0.165413
v -0.0421998 0.365295 0.165994
v -0.0227613 0.359954 0.167431
v -0.55123 0.394969 0.0227071
v -0.0216727 0.247066 0.0809454
v -0.0216727 0.24732 0.0815267
v -0.0216727 0.24749 0.0819029
v -0.0216727 0.255502 0.0980441
v -0.0256123 0.259232 0.102353
v -0.0216727 0.307686 0.149716
v -0.0316253 0.317266 0.151666
v -0.0371717 0.325236 0.153547
v -0.0530336 0.330662 0.152315
v -0.0610163 0.332866 0.151495
v -0.0900963 0.348678 0.151221
v -0.109016 0.36165 0.152042
v -0.0216727 0.359657 0.167499
v -0.0216727 0.369746 -0.16897
v -0.0216727 0.237062 0.0538952
v -0.0216727 0.340751 -0.160318
v -0.0216727 0.367881 -0.168491
v -0.0216727 0.361946 -0.166918
v -0.0216727 0.35546 -0.165071
v -0.0216727 0.354443 -0.164763
v -0.0668738 0.340751 0.153136
v -0.0227613 0.325532 0.156385
v -0.0216727 0.325532 0.15659
v -0.030744 0.242106 0.0609741
v -0.0216727 0.241004 0.0666508
v -0.0216727 0.241216 0.067198
v -0.0216727 0.314722 0.152657
f 4414 4415 4416
f 4414 4416 4417
f 4414 4417 4429
f 4414 4429 4418
f 4414 4418 4432
f 4414 4432 4419
f 4414 4419 4423
f 4414 4423 4415
f 4415 4420 4421
f 4415 4421 4422
f 4415 4422 4416
f 4415 4423 4439
f 4415 4439 4424
f 4415 4424 4420
f 4416 4422 4425
f 4416 4425 4426
f 4416 4426 4417
f 4417 4427 4428
f 4417 4428 4429
f 4417 4426 4427
f 4418 4429 4430
f 4418 4430 4431
f 4418 4431 4459
f 4418 4459 4432
f 4419 4432 4433
f 4419 4433 4423
f 4420 4434 4421
f 4420 4424 4440
f 4420 4440 4434
f 4421 4434 4422
f 4422 4434 4435
f 4422 4435 4436
f 4422 4436 4425
f 4423 4433 4437
f 4423 4437 4438
f 4423 4438 4439
f 4424 4439 4469
f 4424 4469 4440
f 4425 4441 4442
f 4425 4442 4443
f 4425 4443 4444
f 4425 4444 4426
f 4425 4436 4441
f 4426 4444 4427
f 4427 4445 4446
f 4427 4446 4428
f 4427 4444 4445
f 4428 4447 4429
f 4428 4446 4448
f 4428 4448 4449
f 4428 4449 4450
f 4428 4450 4451
f 4428 4451 4447
f 4429 4447 4452
f 4429 4452 4453
f 4429 4453 4430
f 4430 4454 4455
f 4430 4455 4456
f 4430 4456 4457
f 4430 4457 4431
f 4430 4453 4454
f 4431 4457 4458
f 4431 4458 4509
f 4431 4509 4459
f 4432 4459 4460
f 4432 4460 4433
f 4433 4460 4461
f 4433 4461 4437
f 4434 4440 4470
f 4434 4470 4462
f 4434 4462 4463
f 4434 4463 4435
f 4435 4463 4464
f 4435 4464 4436
f 4436 4464 4441
f 4437 4465 4438
f 4437 4461 4466
f 4437 4466 4465
f 4438 4465 4467
f 4438 4467 4468
f 4438 4468 4469
f 4438 4469 4439
f 4440 4469 4526
f 4440 4526 4470
f 4441 4471 4472
f 4441 4472 4443
f 4441 4443 4442
f 4441 4464 4471
f 4443 4472 4473
f 4443 4473 4474
f 4443 4474 4475
f 4443 4475 4476
f 4443 4476 4444
f 4444 4476 4477
f 4444 4477 4445
f 4445 4477 4478
f 4445 4478 4479
f 4445 4479 4480
f 4445 4480 4446
f 4446 4480 4481
f 4446 4481 4482
f 4446 4482 4448
f 4447 4483 4484
f 4447 4484 4485
f 4447 4485 4452
f 4447 4451 4483
f 4448 4486 4487
f 4448 4487 4488
f 4448 4488 4489
f 4448 4489 4490
f 4448 4490 4491
f 4448 4491 4449
f 4448 4482 4486
f 4449 4491 4492
f 4449 4492 4450
f 4450 4492 4493
f 4450 4493 4491
f 4450 4491 4490
f 4450 4490 4494
f 4450 4494 4495
f 4450 4495 4451
f 4451 4495 4496
f 4451 4496 4497
f 4451 4497 4498
f 4451 4498 4499
f 4451 4499 4500
f 4451 4500 4483
f 4452 4485 4501
f 4452 4501 4502
f 4452 4502 4453
f 4453 4502 4454
f 4454 4502 4503
f 4454 4503 4504
f 4454 4504 4505
f 4454 4505 4506
f 4454 4506 4455
f 4455 4506 4507
f 4455 4507 4456
f 4456 4507 4457
f 4457 4507 4508
f 4457 4508 4458
f 4458 4508 4573
f 4458 4573 4509
f 4459 4509 4510
f 4459 4510 4511
f 4459 4511 4460
f 4460 4511 4512
f 4460 4512 4461
f 4461 4512 4513
f 4461 4513 4466
f 4462 4514 4515
f 4462 4515 4463
f 4462 4470 4514
f 4463 4515 4516
f 4463 4516 4464
f 4464 4516 4471
f 4465 4517 4467
f 4465 4466 4518
f 4465 4518 4519
f 4465 4519 4517
f 4466 4513 4520
f 4466 4520 4521
f 4466 4521 4522
f 4466 4522 4518
f 4467 4523 4524
f 4467 4524 4468
f 4467 4517 4519
f 4467 4519 4525
f 4467 4525 4523
f 4468 4524 4469
f 4469 4524 4526
f 4470 4526 4583
f 4470 4583 4514
f 4471 4516 4527
f 4471 4527 4473
f 4471 4473 4472
f 4473 4528 4529
f 4473 4529 4530
f 4473 4530 4474
f 4473 4527 4531
f 4473 4531 4528
f 4474 4530 4475
f 4475 4530 4532
f 4475 4532 4533
f 4475 4533 4534
f 4475 4534 4477
f 4475 4477 4476
f 4477 4534 4533
f 4477 4533 4535
f 4477 4535 4478
f 4478 4535 4536
f 4478 4536 4479
f 4479 4536 4537
f 4479 4537 4538
f 4479 4538 4480
f 4480 4538 4481
f 4481 4538 4537
f 4481 4537 4539
f 4481 4539 4487
f 4481 4487 4482
f 4482 4487 4486
f 4483 4500 4499
f 4483 4499 4484
f 4484 4499 4540
f 4484 4540 4541
f 4484 4541 4542
f 4484 4542 4543
f 4484 4543 4544
f 4484 4544 4485
f 4485 4545 4501
f 4485 4544 4546
f 4485 4546 4547
f 4485 4547 4545
f 4487 4539 4488
f 4488 4539 4548
f 4488 4548 4549
f 4488 4549 4550
f 4488 4550 4551
f 4488 4551 4552
f 4488 4552 4489
f 4489 4552 4553
f 4489 4553 4554
f 4489 4554 4494
f 4489 4494 4490
f 4491 4493 4492
f 4494 4554 4555
f 4494 4555 4556
f 4494 4556 4557
f 4494 4557 4495
f 4495 4557 4558
f 4495 4558 4559
f 4495 4559 4560
f 4495 4560 4540
f 4495 4540 4496
f 4496 4540 4499
f 4496 4499 4497
f 4497 4499 4498
f 4501 4545 4561
f 4501 4561 4562
f 4501 4562 4563
f 4501 4563 4502
f 4502 4563 4564
f 4502 4564 4503
f 4503 4565 4566
f 4503 4566 4567
f 4503 4567 4568
f 4503 4568 4569
f 4503 4569 4504
f 4503 4564 4565
f 4504 4569 4505
f 4505 4570 4506
f 4505 4569 4570
f 4506 4570 4571
f 4506 4571 4507
f 4507 4572 4508
f 4507 4571 4572
f 4508 4572 4638
f 4508 4638 4573
f 4509 4573 4574
f 4509 4574 4510
f 4510 4574 4575
f 4510 4575 4576
f 4510 4576 4511
f 4511 4576 4577
f 4511 4577 4512
f 4512 4577 4578
f 4512 4578 4579
f 4512 4579 4513
f 4513 4579 4580
f 4513 4580 4581
f 4513 4581 4582
f 4513 4582 4520
f 4514 4527 4516
f 4514 4516 4515
f 4514 4583 4595
f 4514 4595 4527
f 4518 4584 4519
f 4518 4522 4584
f 4519 4584 4585
f 4519 4585 4586
f 4519 4586 4587
f 4519 4587 4525
f 4520 4582 4588
f 4520 4588 4521
f 4521 4588 4589
f 4521 4589 4590
f 4521 4590 4522
f 4522 4590 4591
f 4522 4591 4592
f 4522 4592 4587
f 4522 4587 4586
f 4522 4586 4585
f 4522 4585 4584
f 4523 4593 4594
f 4523 4594 4595
f 4523 4595 4583
f 4523 4583 4596
f 4523 4596 4524
f 4523 4525 4593
f 4524 4596 4526
f 4525 4587 4597
f 4525 4597 4598
f 4525 4598 4599
f 4525 4599 4600
f 4525 4600 4593
f 4526 4596 4583
f 4527 4595 4607
f 4527 4607 4531
f 4528 4531 4601
f 4528 4601 4602
f 4528 4602 4529
f 4529 4602 4603
f 4529 4603 4604
f 4529 4604 4530
f 4530 4604 4605
f 4530 4605 4532
f 4531 4606 4601
f 4531 4607 4670
f 4531 4670 4606
f 4532 4605 4608
f 4532 4608 4533
f 4533 4608 4609
f 4533 4609 4535
f 4535 4609 4536
f 4536 4609 4610
f 4536 4610 4611
f 4536 4611 4612
f 4536 4612 4613
f 4536 4613 4537
f 4537 4613 4614
f 4537 4614 4615
f 4537 4615 4616
f 4537 4616 4548
f 4537 4548 4539
f 4540 4560 4617
f 4540 4617 4541
f 4541 4617 4542
f 4542 4547 4543
f 4542 4617 4547
f 4543 4547 4544
f 4544 4547 4546
f 4545 4618 4619
f 4545 4619 4561
f 4545 4547 4618
f 4547 4617 4620
f 4547 4620 4621
f 4547 4621 4622
f 4547 4622 4618
f 4548 4616 4623
f 4548 4623 4549
f 4549 4623 4550
f 4550 4623 4691
f 4550 4691 4690
f 4550 4690 4768
f 4550 4768 4860
f 4550 4860 4943
f 4550 4943 4996
f 4550 4996 4994
f 4550 4994 4936
f 4550 4936 4848
f 4550 4848 4935
f 4550 4935 4934
f 4550 4934 4993
f 4550 4993 5049
f 4550 5049 5103
f 4550 5103 5102
f 4550 5102 5162
f 4550 5162 5224
f 4550 5224 5287
f 4550 5287 5286
f 4550 5286 5285
f 4550 5285 5284
f 4550 5284 5365
f 4550 5365 5364
f 4550 5364 5439
f 4550 5439 5528
f 4550 5528 5603
f 4550 5603 5673
f 4550 5673 5720
f 4550 5720 5763
f 4550 5763 5747
f 4550 5747 5746
f 4550 5746 5773
f 4550 5773 5777
f 4550 5777 5756
f 4550 5756 5712
f 4550 5712 5656
f 4550 5656 5585
f 4550 5585 5584
f 4550 5584 5583
f 4550 5583 5655
f 4550 5655 5710
f 4550 5710 5709
f 4550 5709 5754
f 4550 5754 5753
f 4550 5753 5752
f 4550 5752 5751
f 4550 5751 5776
f 4550 5776 5775
f 4550 5775 5765
f 4550 5765 5735
f 4550 5735 5734
f 4550 5734 5733
f 4550 5733 5732
f 4550 5732 5731
f 4550 5731 5685
f 4550 5685 5684
f 4550 5684 5628
f 4550 5628 5627
f 4550 5627 5626
f 4550 5626 5625
f 4550 5625 5624
f 4550 5624 5686
f 4550 5686 5622
f 4550 5622 5629
f 4550 5629 5550
f 4550 5550 5467
f 4550 5467 5466
f 4550 5466 5390
f 4550 5390 5401
f 4550 5401 5400
f 4550 5400 5399
f 4550 5399 5473
f 4550 5473 5553
f 4550 5553 5633
f 4550 5633 5691
f 4550 5691 5739
f 4550 5739 5738
f 4550 5738 5766
f 4550 5766 5770
f 4550 5770 5769
f 4550 5769 5768
f 4550 5768 5767
f 4550 5767 5764
f 4550 5764 5728
f 4550 5728 5726
f 4550 5726 5725
f 4550 5725 5723
f 4550 5723 5721
f 4550 5721 5675
f 4550 5675 5674
f 4550 5674 5605
f 4550 5605 5529
f 4550 5529 5440
f 4550 5440 5366
f 4550 5366 5288
f 4550 5288 5225
f 4550 5225 5164
f 4550 5164 5163
f 4550 5163 5104
f 4550 5104 5050
f 4550 5050 4998
f 4550 4998 4949
f 4550 4949 4948
f 4550 4948 4872
f 4550 4872 4871
f 4550 4871 4782
f 4550 4782 4870
f 4550 4870 4947
f 4550 4947 4997
f 4550 4997 4944
f 4550 4944 4863
f 4550 4863 4861
f 4550 4861 4769
f 4550 4769 4693
f 4550 4693 4692
f 4550 4692 4626
f 4550 4626 4625
f 4550 4625 4624
f 4550 4624 4559
f 4550 4559 4558
f 4550 4558 4557
f 4550 4557 4556
f 4550 4556 4555
f 4550 4555 4554
f 4550 4554 4552
f 4550 4552 4551
f 4552 4554 4553
f 4559 4624 4560
f 4560 4624 4625
f 4560 4625 4626
f 4560 4626 4617
f 4561 4619 4562
f 4562 4619 4627
f 4562 4627 4628
f 4562 4628 4563
f 4563 4628 4629
f 4563 4629 4564
f 4564 4629 4565
f 4565 4629 4630
f 4565 4630 4566
f 4566 4631 4632
f 4566 4632 4633
f 4566 4633 4634
f 4566 4634 4567
f 4566 4630 4635
f 4566 4635 4636
f 4566 4636 4631
f 4567 4634 4568
f 4568 4634 4637
f 4568 4637 4571
f 4568 4571 4570
f 4568 4570 4569
f 4571 4637 4572
f 4572 4637 4717
f 4572 4717 4638
f 4573 4638 4574
f 4574 4638 4575
f 4575 4639 4576
f 4575 4638 4640
f 4575 4640 4641
f 4575 4641 4642
f 4575 4642 4639
f 4576 4639 4642
f 4576 4642 4643
f 4576 4643 4644
f 4576 4644 4577
f 4577 4644 4645
f 4577 4645 4578
f 4578 4646 4647
f 4578 4647 4579
f 4578 4645 4646
f 4579 4647 4580
f 4580 4647 4648
f 4580 4648 4581
f 4581 4648 4649
f 4581 4649 4650
f 4581 4650 4582
f 4582 4651 4652
f 4582 4652 4588
f 4582 4650 4653
f 4582 4653 4654
f 4582 4654 4655
f 4582 4655 4656
f 4582 4656 4657
f 4582 4657 4651
f 4587 4592 4597
f 4588 4652 4651
f 4588 4651 4658
f 4588 4658 4659
f 4588 4659 4589
f 4589 4659 4660
f 4589 4660 4590
f 4590 4661 4591
f 4590 4660 4662
f 4590 4662 4663
f 4590 4663 4664
f 4590 4664 4661
f 4591 4665 4592
f 4591 4661 4664
f 4591 4664 4666
f 4591 4666 4667
f 4591 4667 4665
f 4592 4665 4597
f 4593 4600 4668
f 4593 4668 4594
f 4594 4668 4669
f 4594 4669 4670
f 4594 4670 4607
f 4594 4607 4595
f 4597 4665 4671
f 4597 4671 4672
f 4597 4672 4598
f 4598 4672 4599
f 4599 4672 4673
f 4599 4673 4674
f 4599 4674 4600
f 4600 4674 4675
f 4600 4675 4676
f 4600 4676 4668
f 4601 4677 4678
f 4601 4678 4602
f 4601 4606 4677
f 4602 4678 4679
f 4602 4679 4603
f 4603 4679 4680
f 4603 4680 4681
f 4603 4681 4604
f 4604 4681 4682
f 4604 4682 4605
f 4605 4682 4683
f 4605 4683 4608
f 4606 4684 4677
f 4606 4670 4740
f 4606 4740 4684
f 4608 4683 4685
f 4608 4685 4609
f 4609 4685 4610
f 4610 4685 4611
f 4611 4685 4612
f 4612 4685 4686
f 4612 4686 4687
f 4612 4687 4688
f 4612 4688 4614
f 4612 4614 4613
f 4614 4688 4616
f 4614 4616 4615
f 4616 4688 4689
f 4616 4689 4690
f 4616 4690 4691
f 4616 4691 4623
f 4617 4626 4692
f 4617 4692 4693
f 4617 4693 4620
f 4618 4694 4619
f 4618 4622 4621
f 4618 4621 4694
f 4619 4694 4627
f 4620 4693 4695
f 4620 4695 4621
f 4621 4696 4697
f 4621 4697 4694
f 4621 4695 4698
f 4621 4698 4699
f 4621 4699 4696
f 4627 4694 4700
f 4627 4700 4628
f 4628 4700 4701
f 4628 4701 4702
f 4628 4702 4703
f 4628 4703 4629
f 4629 4703 4630
f 4630 4703 4635
f 4631 4704 4632
f 4631 4636 4705
f 4631 4705 4706
f 4631 4706 4704
f 4632 4707 4708
f 4632 4708 4633
f 4632 4704 4707
f 4633 4709 4710
f 4633 4710 4634
f 4633 4708 4709
f 4634 4710 4711
f 4634 4711 4637
f 4635 4703 4712
f 4635 4712 4713
f 4635 4713 4714
f 4635 4714 4636
f 4636 4714 4715
f 4636 4715 4716
f 4636 4716 4705
f 4637 4711 4789
f 4637 4789 4717
f 4638 4717 4718
f 4638 4718 4640
f 4640 4718 4641
f 4641 4719 4720
f 4641 4720 4721
f 4641 4721 4722
f 4641 4722 4723
f 4641 4723 4642
f 4641 4718 4724
f 4641 4724 4725
f 4641 4725 4719
f 4642 4723 4726
f 4642 4726 4643
f 4643 4726 4727
f 4643 4727 4728
f 4643 4728 4644
f 4644 4728 4645
f 4645 4728 4729
f 4645 4729 4646
f 4646 4729 4730
f 4646 4730 4731
f 4646 4731 4732
f 4646 4732 4733
f 4646 4733 4647
f 4647 4733 4732
f 4647 4732 4649
f 4647 4649 4648
f 4649 4653 4650
f 4649 4732 4734
f 4649 4734 4735
f 4649 4735 4653
f 4651 4657 4656
f 4651 4656 4663
f 4651 4663 4658
f 4653 4735 4654
f 4654 4735 4655
f 4655 4735 4816
f 4655 4816 4815
f 4655 4815 4907
f 4655 4907 4961
f 4655 4961 4896
f 4655 4896 4964
f 4655 4964 5019
f 4655 5019 5070
f 4655 5070 5130
f 4655 5130 5194
f 4655 5194 5250
f 4655 5250 5312
f 4655 5312 5389
f 4655 5389 5465
f 4655 5465 5549
f 4655 5549 5621
f 4655 5621 5683
f 4655 5683 5736
f 4655 5736 5750
f 4655 5750 5708
f 4655 5708 5654
f 4655 5654 5582
f 4655 5582 5507
f 4655 5507 5431
f 4655 5431 5354
f 4655 5354 5276
f 4655 5276 5214
f 4655 5214 5149
f 4655 5149 5086
f 4655 5086 5033
f 4655 5033 4980
f 4655 4980 4971
f 4655 4971 4909
f 4655 4909 4828
f 4655 4828 4827
f 4655 4827 4820
f 4655 4820 4738
f 4655 4738 4736
f 4655 4736 4663
f 4655 4663 4656
f 4658 4663 4659
f 4659 4663 4660
f 4660 4663 4662
f 4663 4736 4666
f 4663 4666 4664
f 4665 4667 4737
f 4665 4737 4671
f 4666 4736 4738
f 4666 4738 4667
f 4667 4738 4737
f 4668 4676 4739
f 4668 4739 4669
f 4669 4739 4670
f 4670 4739 4740
f 4671 4737 4741
f 4671 4741 4672
f 4672 4741 4742
f 4672 4742 4743
f 4672 4743 4744
f 4672 4744 4673
f 4673 4744 4674
f 4674 4745 4675
f 4674 4744 4746
f 4674 4746 4745
f 4675 4745 4747
f 4675 4747 4676
f 4676 4748 4749
f 4676 4749 4739
f 4676 4747 4748
f 4677 4684 4750
f 4677 4750 4751
f 4677 4751 4752
f 4677 4752 4753
f 4677 4753 4754
f 4677 4754 4678
f 4678 4754 4755
f 4678 4755 4679
f 4679 4755 4756
f 4679 4756 4680
f 4680 4756 4757
f 4680 4757 4681
f 4681 4758 4682
f 4681 4757 4758
f 4682 4758 4759
f 4682 4759 4760
f 4682 4760 4683
f 4683 4760 4761
f 4683 4761 4685
f 4684 4762 4750
f 4684 4740 4821
f 4684 4821 4762
f 4685 4761 4686
f 4686 4763 4764
f 4686 4764 4688
f 4686 4688 4687
f 4686 4761 4763
f 4688 4765 4689
f 4688 4764 4765
f 4689 4765 4766
f 4689 4766 4767
f 4689 4767 4690
f 4690 4767 4768
f 4693 4769 4695
f 4694 4770 4701
f 4694 4701 4700
f 4694 4697 4696
f 4694 4696 4770
f 4695 4771 4698
f 4695 4769 4771
f 4696 4699 4772
f 4696 4772 4773
f 4696 4773 4770
f 4698 4771 4699
f 4699 4771 4769
f 4699 4769 4772
f 4701 4774 4702
f 4701 4770 4773
f 4701 4773 4775
f 4701 4775 4776
f 4701 4776 4777
f 4701 4777 4778
f 4701 4778 4774
f 4702 4774 4779
f 4702 4779 4712
f 4702 4712 4703
f 4704 4706 4780
f 4704 4780 4707
f 4705 4716 4715
f 4705 4715 4781
f 4705 4781 4782
f 4705 4782 4783
f 4705 4783 4706
f 4706 4783 4780
f 4707 4780 4708
f 4708 4780 4784
f 4708 4784 4785
f 4708 4785 4709
f 4709 4786 4787
f 4709 4787 4710
f 4709 4785 4786
f 4710 4787 4881
f 4710 4881 4788
f 4710 4788 4789
f 4710 4789 4711
f 4712 4779 4713
f 4713 4790 4791
f 4713 4791 4714
f 4713 4779 4774
f 4713 4774 4790
f 4714 4791 4715
f 4715 4791 4792
f 4715 4792 4781
f 4717 4789 4793
f 4717 4793 4718
f 4718 4793 4788
f 4718 4788 4794
f 4718 4794 4795
f 4718 4795 4724
f 4719 4725 4796
f 4719 4796 4797
f 4719 4797 4798
f 4719 4798 4720
f 4720 4798 4799
f 4720 4799 4800
f 4720 4800 4801
f 4720 4801 4721
f 4721 4801 4802
f 4721 4802 4722
f 4722 4802 4803
f 4722 4803 4804
f 4722 4804 4723
f 4723 4804 4726
f 4724 4795 4805
f 4724 4805 4806
f 4724 4806 4725
f 4725 4806 4807
f 4725 4807 4808
f 4725 4808 4809
f 4725 4809 4796
f 4726 4804 4728
f 4726 4728 4727
f 4728 4804 4810
f 4728 4810 4811
f 4728 4811 4729
f 4729 4811 4812
f 4729 4812 4813
f 4729 4813 4730
f 4730 4813 4814
f 4730 4814 4731
f 4731 4814 4815
f 4731 4815 4816
f 4731 4816 4735
f 4731 4735 4732
f 4732 4735 4734
f 4737 4817 4818
f 4737 4818 4819
f 4737 4819 4741
f 4737 4738 4817
f 4738 4820 4817
f 4739 4749 4821
f 4739 4821 4740
f 4741 4819 4742
f 4742 4822 4823
f 4742 4823 4824
f 4742 4824 4744
f 4742 4744 4743
f 4742 4819 4825
f 4742 4825 4826
f 4742 4826 4827
f 4742 4827 4828
f 4742 4828 4822
f 4744 4829 4830
f 4744 4830 4746
f 4744 4824 4831
f 4744 4831 4832
f 4744 4832 4833
f 4744 4833 4829
f 4745 4834 4747
f 4745 4746 4834
f 4746 4830 4834
f 4747 4834 4835
f 4747 4835 4836
f 4747 4836 4748
f 4748 4836 4837
f 4748 4837 4749
f 4749 4837 4838
f 4749 4838 4821
f 4750 4762 4839
f 4750 4839 4840
f 4750 4840 4841
f 4750 4841 4751
f 4751 4841 4842
f 4751 4842 4752
f 4752 4842 4843
f 4752 4843 4753
f 4753 4843 4844
f 4753 4844 4754
f 4754 4844 4845
f 4754 4845 4755
f 4755 4845 4846
f 4755 4846 4847
f 4755 4847 4756
f 4756 4847 4757
f 4757 4847 4848
f 4757 4848 4849
f 4757 4849 4758
f 4758 4849 4759
f 4759 4849 4850
f 4759 4850 4851
f 4759 4851 4852
f 4759 4852 4760
f 4760 4852 4853
f 4760 4853 4761
f 4761 4853 4854
f 4761 4854 4855
f 4761 4855 4763
f 4762 4821 4838
f 4762 4838 4839
f 4763 4855 4856
f 4763 4856 4764
f 4764 4856 4855
f 4764 4855 4857
f 4764 4857 4765
f 4765 4858 4766
f 4765 4857 4858
f 4766 4858 4859
f 4766 4859 4767
f 4767 4859 4860
f 4767 4860 4768
f 4769 4861 4862
f 4769 4862 4772
f 4772 4862 4863
f 4772 4863 4864
f 4772 4864 4773
f 4773 4864 4865
f 4773 4865 4775
f 4774 4778 4790
f 4775 4865 4776
f 4776 4865 4777
f 4777 4865 4778
f 4778 4865 4866
f 4778 4866 4790
f 4780 4783 4867
f 4780 4867 4868
f 4780 4868 4785
f 4780 4785 4784
f 4781 4792 4869
f 4781 4869 4870
f 4781 4870 4782
f 4782 4871 4783
f 4783 4871 4872
f 4783 4872 4873
f 4783 4873 4867
f 4785 4868 4874
f 4785 4874 4875
f 4785 4875 4876
f 4785 4876 4877
f 4785 4877 4786
f 4786 4878 4879
f 4786 4879 4787
f 4786 4877 4880
f 4786 4880 4878
f 4787 4879 4955
f 4787 4955 4881
f 4788 4793 4789
f 4788 4881 4882
f 4788 4882 4794
f 4790 4866 4883
f 4790 4883 4791
f 4791 4883 4792
f 4792 4883 4866
f 4792 4866 4869
f 4794 4882 4884
f 4794 4884 4795
f 4795 4884 4805
f 4796 4809 4885
f 4796 4885 4886
f 4796 4886 4797
f 4797 4887 4888
f 4797 4888 4798
f 4797 4886 4889
f 4797 4889 4887
f 4798 4888 4799
f 4799 4888 4890
f 4799 4890 4800
f 4800 4891 4892
f 4800 4892 4802
f 4800 4802 4801
f 4800 4890 4893
f 4800 4893 4894
f 4800 4894 4895
f 4800 4895 4896
f 4800 4896 4891
f 4802 4897 4898
f 4802 4898 4803
f 4802 4892 4899
f 4802 4899 4900
f 4802 4900 4897
f 4803 4898 4804
f 4804 4898 4810
f 4805 4884 4901
f 4805 4901 4807
f 4805 4807 4806
f 4807 4902 4903
f 4807 4903 4904
f 4807 4904 4885
f 4807 4885 4808
f 4807 4901 4902
f 4808 4885 4809
f 4810 4898 4811
f 4811 4898 4812
f 4812 4905 4813
f 4812 4898 4906
f 4812 4906 4815
f 4812 4815 4905
f 4813 4905 4814
f 4814 4905 4815
f 4815 4906 4908
f 4815 4908 4907
f 4817 4820 4825
f 4817 4825 4818
f 4818 4825 4819
f 4820 4827 4825
f 4822 4831 4823
f 4822 4828 4831
f 4823 4831 4824
f 4825 4827 4826
f 4828 4909 4831
f 4829 4833 4910
f 4829 4910 4911
f 4829 4911 4830
f 4830 4911 4834
f 4831 4912 4913
f 4831 4913 4914
f 4831 4914 4832
f 4831 4909 4912
f 4832 4914 4833
f 4833 4914 4915
f 4833 4915 4916
f 4833 4916 4917
f 4833 4917 4918
f 4833 4918 4910
f 4834 4911 4835
f 4835 4911 4919
f 4835 4919 4836
f 4836 4919 4920
f 4836 4920 4921
f 4836 4921 4837
f 4837 4921 4922
f 4837 4922 4838
f 4838 4922 4923
f 4838 4923 4924
f 4838 4924 4925
f 4838 4925 4839
f 4839 4925 4926
f 4839 4926 4927
f 4839 4927 4840
f 4840 4927 4928
f 4840 4928 4841
f 4841 4928 4842
f 4842 4928 4929
f 4842 4929 4930
f 4842 4930 4843
f 4843 4930 4931
f 4843 4931 4932
f 4843 4932 4844
f 4844 4932 4933
f 4844 4933 4845
f 4845 4933 4934
f 4845 4934 4846
f 4846 4934 4935
f 4846 4935 4848
f 4846 4848 4847
f 4848 4936 4850
f 4848 4850 4849
f 4850 4936 4937
f 4850 4937 4851
f 4851 4937 4936
f 4851 4936 4938
f 4851 4938 4852
f 4852 4938 4939
f 4852 4939 4853
f 4853 4939 4854
f 4854 4939 4855
f 4855 4939 4857
f 4857 4940 4859
f 4857 4859 4858
f 4857 4939 4940
f 4859 4940 4941
f 4859 4941 4942
f 4859 4942 4860
f 4860 4942 4943
f 4861 4863 4862
f 4863 4944 4864
f 4864 4944 4945
f 4864 4945 4866
f 4864 4866 4865
f 4866 4945 4946
f 4866 4946 4869
f 4867 4873 4874
f 4867 4874 4868
f 4869 4946 4945
f 4869 4945 4947
f 4869 4947 4870
f 4872 4948 4873
f 4873 4948 4949
f 4873 4949 4950
f 4873 4950 4875
f 4873 4875 4874
f 4875 4950 4876
f 4876 4950 4877
f 4877 4951 4880
f 4877 4950 4951
f 4878 4952 4953
f 4878 4953 4879
f 4878 4880 4954
f 4878 4954 4952
f 4879 4953 4955
f 4880 4951 4954
f 4881 4955 4882
f 4882 4955 4901
f 4882 4901 4884
f 4885 4956 4889
f 4885 4889 4886
f 4885 4904 4956
f 4887 4889 4957
f 4887 4957 4958
f 4887 4958 4959
f 4887 4959 4888
f 4888 4959 4890
f 4889 4956 4960
f 4889 4960 4957
f 4890 4959 4893
f 4891 4896 4961
f 4891 4961 4962
f 4891 4962 4892
f 4892 4962 4899
f 4893 4895 4894
f 4893 4959 4958
f 4893 4958 4963
f 4893 4963 4896
f 4893 4896 4895
f 4896 4963 4965
f 4896 4965 4964
f 4897 4900 4908
f 4897 4908 4898
f 4898 4908 4906
f 4899 4962 4961
f 4899 4961 4900
f 4900 4961 4907
f 4900 4907 4908
f 4901 4955 4953
f 4901 4953 4952
f 4901 4952 4966
f 4901 4966 4902
f 4902 4966 4967
f 4902 4967 4903
f 4903 4967 4904
f 4904 4967 4968
f 4904 4968 4969
f 4904 4969 4970
f 4904 4970 4956
f 4909 4971 4916
f 4909 4916 4972
f 4909 4972 4973
f 4909 4973 4912
f 4910 4918 4974
f 4910 4974 4975
f 4910 4975 4911
f 4911 4975 4919
f 4912 4973 4976
f 4912 4976 4913
f 4913 4976 4915
f 4913 4915 4914
f 4915 4976 4916
f 4916 4977 4978
f 4916 4978 4979
f 4916 4979 4917
f 4916 4976 4973
f 4916 4973 4972
f 4916 4971 4980
f 4916 4980 4977
f 4917 4979 4918
f 4918 4979 4974
f 4919 4975 4981
f 4919 4981 4920
f 4920 4981 4982
f 4920 4982 4921
f 4921 4982 4983
f 4921 4983 4922
f 4922 4983 4984
f 4922 4984 4923
f 4923 4984 4985
f 4923 4985 4924
f 4924 4985 4986
f 4924 4986 4987
f 4924 4987 4925
f 4925 4987 4926
f 4926 4987 4988
f 4926 4988 4927
f 4927 4988 4928
f 4928 4988 4929
f 4929 4988 4989
f 4929 4989 4990
f 4929 4990 4930
f 4930 4991 4992
f 4930 4992 4931
f 4930 4990 4991
f 4931 4992 4932
f 4932 4992 4993
f 4932 4993 4933
f 4933 4993 4934
f 4936 4994 4995
f 4936 4995 4938
f 4938 4995 4941
f 4938 4941 4939
f 4939 4941 4940
f 4941 4995 4996
f 4941 4996 4942
f 4942 4996 4943
f 4944 4997 4945
f 4945 4997 4947
f 4949 4998 4999
f 4949 4999 4950
f 4950 4999 5000
f 4950 5000 5001
f 4950 5001 4951
f 4951 5001 4954
f 4952 5002 5003
f 4952 5003 4966
f 4952 4954 5004
f 4952 5004 5002
f 4954 5001 5005
f 4954 5005 5006
f 4954 5006 5007
f 4954 5007 5008
f 4954 5008 5009
f 4954 5009 5010
f 4954 5010 5004
f 4956 4970 5011
f 4956 5011 5012
f 4956 5012 4960
f 4957 5013 4958
f 4957 4960 5013
f 4958 5013 5014
f 4958 5014 5015
f 4958 5015 5016
f 4958 5016 4963
f 4960 5012 5017
f 4960 5017 5013
f 4963 5018 4965
f 4963 5016 5018
f 4964 4965 5020
f 4964 5020 5019
f 4965 5018 5020
f 4966 5003 5021
f 4966 5021 4967
f 4967 5021 4968
f 4968 5021 5022
f 4968 5022 5023
f 4968 5023 4969
f 4969 5023 4970
f 4970 5023 5024
f 4970 5024 5012
f 4970 5012 5011
f 4974 5025 5026
f 4974 5026 5027
f 4974 5027 4975
f 4974 4979 5025
f 4975 5027 4981
f 4977 5028 5029
f 4977 5029 5030
f 4977 5030 4978
f 4977 4980 5028
f 4978 5030 4979
f 4979 5030 5031
f 4979 5031 5032
f 4979 5032 5025
f 4980 5033 5030
f 4980 5030 5029
f 4980 5029 5028
f 4981 5027 4982
f 4982 5027 5034
f 4982 5034 5035
f 4982 5035 4983
f 4983 5036 5037
f 4983 5037 5038
f 4983 5038 4984
f 4983 5035 5036
f 4984 5038 4985
f 4985 5038 5039
f 4985 5039 4986
f 4986 5039 5040
f 4986 5040 4987
f 4987 5040 5041
f 4987 5041 4988
f 4988 5041 4989
f 4989 5041 5042
f 4989 5042 5043
f 4989 5043 4990
f 4990 5044 5045
f 4990 5045 4991
f 4990 5043 5044
f 4991 5045 5046
f 4991 5046 5047
f 4991 5047 5048
f 4991 5048 4992
f 4992 5048 5047
f 4992 5047 5049
f 4992 5049 4993
f 4994 4996 4995
f 4998 5050 5000
f 4998 5000 4999
f 5000 5050 5051
f 5000 5051 5052
f 5000 5052 5005
f 5000 5005 5001
f 5002 5053 5054
f 5002 5054 5003
f 5002 5004 5055
f 5002 5055 5056
f 5002 5056 5053
f 5003 5054 5057
f 5003 5057 5021
f 5004 5010 5058
f 5004 5058 5121
f 5004 5121 5059
f 5004 5059 5055
f 5005 5052 5006
f 5006 5052 5007
f 5007 5052 5060
f 5007 5060 5008
f 5008 5060 5009
f 5009 5060 5061
f 5009 5061 5010
f 5010 5061 5062
f 5010 5062 5058
f 5012 5063 5017
f 5012 5024 5063
f 5013 5017 5064
f 5013 5064 5014
f 5014 5065 5015
f 5014 5064 5066
f 5014 5066 5065
f 5015 5067 5068
f 5015 5068 5016
f 5015 5065 5067
f 5016 5068 5020
f 5016 5020 5018
f 5017 5063 5069
f 5017 5069 5064
f 5019 5020 5068
f 5019 5068 5071
f 5019 5071 5070
f 5021 5057 5072
f 5021 5072 5073
f 5021 5073 5022
f 5022 5073 5063
f 5022 5063 5023
f 5023 5063 5024
f 5025 5074 5026
f 5025 5032 5074
f 5026 5074 5075
f 5026 5075 5076
f 5026 5076 5077
f 5026 5077 5027
f 5027 5077 5078
f 5027 5078 5034
f 5030 5079 5031
f 5030 5033 5079
f 5031 5080 5081
f 5031 5081 5032
f 5031 5079 5080
f 5032 5082 5083
f 5032 5083 5084
f 5032 5084 5085
f 5032 5085 5074
f 5032 5081 5082
f 5033 5086 5087
f 5033 5087 5088
f 5033 5088 5079
f 5034 5078 5089
f 5034 5089 5035
f 5035 5089 5036
f 5036 5089 5090
f 5036 5090 5091
f 5036 5091 5038
f 5036 5038 5037
f 5038 5091 5092
f 5038 5092 5093
f 5038 5093 5039
f 5039 5093 5094
f 5039 5094 5040
f 5040 5094 5095
f 5040 5095 5042
f 5040 5042 5041
f 5042 5096 5097
f 5042 5097 5043
f 5042 5095 5096
f 5043 5097 5044
f 5044 5098 5099
f 5044 5099 5100
f 5044 5100 5045
f 5044 5097 5098
f 5045 5100 5099
f 5045 5099 5101
f 5045 5101 5046
f 5046 5101 5102
f 5046 5102 5047
f 5047 5102 5103
f 5047 5103 5049
f 5050 5104 5051
f 5051 5105 5106
f 5051 5106 5107
f 5051 5107 5060
f 5051 5060 5052
f 5051 5104 5105
f 5053 5108 5109
f 5053 5109 5054
f 5053 5056 5110
f 5053 5110 5108
f 5054 5109 5111
f 5054 5111 5112
f 5054 5112 5057
f 5055 5059 5113
f 5055 5113 5114
f 5055 5114 5115
f 5055 5115 5056
f 5056 5115 5116
f 5056 5116 5117
f 5056 5117 5110
f 5057 5112 5118
f 5057 5118 5119
f 5057 5119 5120
f 5057 5120 5072
f 5058 5062 5121
f 5059 5121 5113
f 5060 5107 5061
f 5061 5107 5062
f 5062 5107 5122
f 5062 5122 5123
f 5062 5123 5121
f 5063 5073 5120
f 5063 5120 5069
f 5064 5069 5124
f 5064 5124 5066
f 5065 5125 5067
f 5065 5066 5126
f 5065 5126 5125
f 5066 5124 5127
f 5066 5127 5126
f 5067 5125 5128
f 5067 5128 5071
f 5067 5071 5068
f 5069 5120 5129
f 5069 5129 5124
f 5070 5071 5131
f 5070 5131 5128
f 5070 5128 5132
f 5070 5132 5133
f 5070 5133 5134
f 5070 5134 5135
f 5070 5135 5130
f 5071 5128 5131
f 5072 5120 5073
f 5074 5085 5136
f 5074 5136 5137
f 5074 5137 5138
f 5074 5138 5139
f 5074 5139 5140
f 5074 5140 5075
f 5075 5140 5076
f 5076 5140 5141
f 5076 5141 5142
f 5076 5142 5077
f 5077 5142 5078
f 5078 5142 5090
f 5078 5090 5089
f 5079 5088 5143
f 5079 5143 5080
f 5080 5144 5081
f 5080 5143 5144
f 5081 5144 5145
f 5081 5145 5146
f 5081 5146 5082
f 5082 5146 5147
f 5082 5147 5083
f 5083 5147 5084
f 5084 5147 5148
f 5084 5148 5137
f 5084 5137 5136
f 5084 5136 5085
f 5086 5149 5087
f 5087 5150 5143
f 5087 5143 5088
f 5087 5149 5150
f 5090 5151 5152
f 5090 5152 5153
f 5090 5153 5091
f 5090 5142 5151
f 5091 5153 5154
f 5091 5154 5092
f 5092 5154 5155
f 5092 5155 5093
f 5093 5155 5156
f 5093 5156 5094
f 5094 5156 5157
f 5094 5157 5095
f 5095 5157 5096
f 5096 5157 5158
f 5096 5158 5159
f 5096 5159 5097
f 5097 5159 5098
f 5098 5159 5099
f 5099 5160 5161
f 5099 5161 5102
f 5099 5102 5101
f 5099 5159 5160
f 5102 5161 5162
f 5104 5163 5105
f 5105 5163 5164
f 5105 5164 5165
f 5105 5165 5166
f 5105 5166 5107
f 5105 5107 5106
f 5107 5166 5122
f 5108 5110 5169
f 5108 5169 5109
f 5109 5167 5168
f 5109 5168 5111
f 5109 5169 5176
f 5109 5176 5167
f 5110 5117 5169
f 5111 5168 5170
f 5111 5170 5171
f 5111 5171 5118
f 5111 5118 5112
f 5113 5121 5172
f 5113 5172 5173
f 5113 5173 5174
f 5113 5174 5114
f 5114 5174 5115
f 5115 5174 5175
f 5115 5175 5116
f 5116 5175 5117
f 5117 5176 5169
f 5117 5175 5177
f 5117 5177 5176
f 5118 5171 5178
f 5118 5178 5119
f 5119 5178 5120
f 5120 5178 5179
f 5120 5179 5180
f 5120 5180 5129
f 5121 5123 5181
f 5121 5181 5172
f 5122 5166 5165
f 5122 5165 5182
f 5122 5182 5123
f 5123 5183 5181
f 5123 5182 5183
f 5124 5129 5184
f 5124 5184 5127
f 5125 5126 5185
f 5125 5185 5186
f 5125 5186 5133
f 5125 5133 5128
f 5126 5127 5187
f 5126 5187 5185
f 5127 5184 5188
f 5127 5188 5189
f 5127 5189 5187
f 5128 5133 5132
f 5129 5190 5184
f 5129 5180 5191
f 5129 5191 5192
f 5129 5192 5193
f 5129 5193 5190
f 5130 5135 5195
f 5130 5195 5196
f 5130 5196 5197
f 5130 5197 5198
f 5130 5198 5199
f 5130 5199 5194
f 5133 5186 5135
f 5133 5135 5134
f 5135 5186 5200
f 5135 5200 5196
f 5135 5196 5195
f 5137 5148 5201
f 5137 5201 5202
f 5137 5202 5203
f 5137 5203 5138
f 5138 5203 5139
f 5139 5203 5140
f 5140 5203 5204
f 5140 5204 5205
f 5140 5205 5141
f 5141 5205 5206
f 5141 5206 5207
f 5141 5207 5151
f 5141 5151 5142
f 5143 5150 5144
f 5144 5208 5209
f 5144 5209 5145
f 5144 5150 5208
f 5145 5209 5210
f 5145 5210 5146
f 5146 5210 5211
f 5146 5211 5147
f 5147 5211 5212
f 5147 5212 5148
f 5148 5212 5213
f 5148 5213 5258
f 5148 5258 5201
f 5149 5214 5215
f 5149 5215 5150
f 5150 5215 5208
f 5151 5207 5216
f 5151 5216 5152
f 5152 5216 5217
f 5152 5217 5153
f 5153 5217 5154
f 5154 5217 5218
f 5154 5218 5155
f 5155 5218 5219
f 5155 5219 5220
f 5155 5220 5156
f 5156 5220 5157
f 5157 5220 5158
f 5158 5220 5160
f 5158 5160 5159
f 5160 5221 5222
f 5160 5222 5223
f 5160 5223 5161
f 5160 5220 5221
f 5161 5223 5224
f 5161 5224 5162
f 5164 5225 5226
f 5164 5226 5165
f 5165 5226 5227
f 5165 5227 5182
f 5167 5176 5236
f 5167 5236 5228
f 5167 5228 5229
f 5167 5229 5168
f 5168 5229 5230
f 5168 5230 5170
f 5170 5191 5179
f 5170 5179 5178
f 5170 5178 5171
f 5170 5230 5231
f 5170 5231 5247
f 5170 5247 5191
f 5172 5181 5232
f 5172 5232 5173
f 5173 5232 5233
f 5173 5233 5174
f 5174 5233 5234
f 5174 5234 5175
f 5175 5234 5235
f 5175 5235 5177
f 5176 5177 5238
f 5176 5238 5236
f 5177 5235 5296
f 5177 5296 5237
f 5177 5237 5238
f 5179 5191 5180
f 5181 5183 5232
f 5182 5227 5183
f 5183 5227 5291
f 5183 5291 5232
f 5184 5190 5239
f 5184 5239 5240
f 5184 5240 5188
f 5185 5241 5255
f 5185 5255 5200
f 5185 5200 5186
f 5185 5187 5242
f 5185 5242 5301
f 5185 5301 5241
f 5187 5189 5188
f 5187 5188 5243
f 5187 5243 5244
f 5187 5244 5245
f 5187 5245 5246
f 5187 5246 5242
f 5188 5240 5243
f 5190 5193 5239
f 5191 5247 5192
f 5192 5247 5193
f 5193 5247 5248
f 5193 5248 5249
f 5193 5249 5239
f 5194 5199 5251
f 5194 5251 5252
f 5194 5252 5253
f 5194 5253 5254
f 5194 5254 5250
f 5196 5200 5255
f 5196 5255 5198
f 5196 5198 5197
f 5198 5255 5256
f 5198 5256 5257
f 5198 5257 5199
f 5199 5257 5251
f 5201 5258 5202
f 5202 5258 5259
f 5202 5259 5260
f 5202 5260 5203
f 5203 5260 5261
f 5203 5261 5262
f 5203 5262 5204
f 5204 5262 5206
f 5204 5206 5205
f 5206 5263 5264
f 5206 5264 5265
f 5206 5265 5266
f 5206 5266 5267
f 5206 5267 5216
f 5206 5216 5207
f 5206 5262 5263
f 5208 5268 5209
f 5208 5215 5268
f 5209 5268 5269
f 5209 5269 5210
f 5210 5269 5211
f 5211 5269 5270
f 5211 5270 5271
f 5211 5271 5212
f 5212 5271 5272
f 5212 5272 5273
f 5212 5273 5274
f 5212 5274 5213
f 5213 5274 5275
f 5213 5275 5258
f 5214 5276 5277
f 5214 5277 5215
f 5215 5277 5268
f 5216 5267 5278
f 5216 5278 5217
f 5217 5278 5279
f 5217 5279 5280
f 5217 5280 5218
f 5218 5280 5219
f 5219 5280 5281
f 5219 5281 5220
f 5220 5281 5221
f 5221 5282 5283
f 5221 5283 5222
f 5221 5281 5282
f 5222 5283 5284
f 5222 5284 5285
f 5222 5285 5286
f 5222 5286 5287
f 5222 5287 5223
f 5223 5287 5224
f 5225 5288 5226
f 5226 5288 5289
f 5226 5289 5290
f 5226 5290 5227
f 5227 5290 5291
f 5228 5236 5298
f 5228 5298 5292
f 5228 5292 5293
f 5228 5293 5229
f 5229 5293 5294
f 5229 5294 5230
f 5230 5294 5295
f 5230 5295 5231
f 5231 5295 5248
f 5231 5248 5247
f 5232 5291 5233
f 5233 5291 5234
f 5234 5291 5296
f 5234 5296 5235
f 5236 5238 5297
f 5236 5297 5298
f 5237 5296 5297
f 5237 5297 5238
f 5239 5249 5299
f 5239 5299 5300
f 5239 5300 5240
f 5240 5300 5243
f 5241 5301 5302
f 5241 5302 5303
f 5241 5303 5255
f 5242 5246 5304
f 5242 5304 5305
f 5242 5305 5375
f 5242 5375 5301
f 5243 5300 5306
f 5243 5306 5307
f 5243 5307 5308
f 5243 5308 5244
f 5244 5308 5309
f 5244 5309 5304
f 5244 5304 5245
f 5245 5304 5246
f 5248 5295 5310
f 5248 5310 5311
f 5248 5311 5249
f 5249 5311 5299
f 5250 5254 5313
f 5250 5313 5314
f 5250 5314 5315
f 5250 5315 5316
f 5250 5316 5317
f 5250 5317 5318
f 5250 5318 5319
f 5250 5319 5312
f 5251 5257 5252
f 5252 5257 5320
f 5252 5320 5321
f 5252 5321 5322
f 5252 5322 5323
f 5252 5323 5253
f 5253 5323 5254
f 5254 5323 5324
f 5254 5324 5325
f 5254 5325 5313
f 5255 5303 5256
f 5256 5320 5257
f 5256 5303 5326
f 5256 5326 5327
f 5256 5327 5320
f 5258 5275 5259
f 5259 5261 5260
f 5259 5275 5328
f 5259 5328 5329
f 5259 5329 5330
f 5259 5330 5331
f 5259 5331 5332
f 5259 5332 5333
f 5259 5333 5334
f 5259 5334 5263
f 5259 5263 5261
f 5261 5263 5262
f 5263 5334 5335
f 5263 5335 5336
f 5263 5336 5264
f 5264 5336 5337
f 5264 5337 5265
f 5265 5337 5338
f 5265 5338 5339
f 5265 5339 5266
f 5266 5340 5267
f 5266 5339 5340
f 5267 5340 5278
f 5268 5341 5342
f 5268 5342 5343
f 5268 5343 5269
f 5268 5277 5344
f 5268 5344 5341
f 5269 5343 5342
f 5269 5342 5345
f 5269 5345 5270
f 5270 5346 5347
f 5270 5347 5271
f 5270 5345 5346
f 5271 5347 5348
f 5271 5348 5349
f 5271 5349 5272
f 5272 5349 5273
f 5273 5349 5350
f 5273 5350 5274
f 5274 5350 5275
f 5275 5350 5351
f 5275 5351 5352
f 5275 5352 5353
f 5275 5353 5328
f 5276 5354 5355
f 5276 5355 5356
f 5276 5356 5357
f 5276 5357 5358
f 5276 5358 5344
f 5276 5344 5277
f 5278 5340 5279
f 5279 5340 5359
f 5279 5359 5360
f 5279 5360 5280
f 5280 5360 5361
f 5280 5361 5282
f 5280 5282 5281
f 5282 5362 5363
f 5282 5363 5283
f 5282 5361 5438
f 5282 5438 5362
f 5283 5363 5364
f 5283 5364 5365
f 5283 5365 5284
f 5288 5366 5290
f 5288 5290 5289
f 5290 5366 5367
f 5290 5367 5368
f 5290 5368 5297
f 5290 5297 5291
f 5291 5297 5296
f 5292 5369 5293
f 5292 5298 5373
f 5292 5373 5369
f 5293 5369 5370
f 5293 5370 5294
f 5294 5370 5295
f 5295 5370 5371
f 5295 5371 5310
f 5297 5368 5372
f 5297 5372 5298
f 5298 5372 5373
f 5299 5311 5300
f 5300 5311 5374
f 5300 5374 5306
f 5301 5375 5302
f 5302 5376 5303
f 5302 5375 5377
f 5302 5377 5378
f 5302 5378 5452
f 5302 5452 5379
f 5302 5379 5380
f 5302 5380 5376
f 5303 5376 5381
f 5303 5381 5327
f 5303 5327 5326
f 5304 5309 5384
f 5304 5384 5377
f 5304 5377 5375
f 5304 5375 5305
f 5306 5374 5382
f 5306 5382 5307
f 5307 5382 5383
f 5307 5383 5308
f 5308 5383 5458
f 5308 5458 5384
f 5308 5384 5309
f 5310 5371 5385
f 5310 5385 5386
f 5310 5386 5311
f 5311 5387 5388
f 5311 5388 5374
f 5311 5386 5387
f 5312 5319 5390
f 5312 5390 5391
f 5312 5391 5389
f 5313 5325 5314
f 5314 5325 5392
f 5314 5392 5315
f 5315 5392 5393
f 5315 5393 5316
f 5316 5393 5394
f 5316 5394 5317
f 5317 5394 5395
f 5317 5395 5318
f 5318 5395 5396
f 5318 5396 5319
f 5319 5396 5397
f 5319 5397 5398
f 5319 5398 5399
f 5319 5399 5400
f 5319 5400 5401
f 5319 5401 5390
f 5320 5327 5402
f 5320 5402 5403
f 5320 5403 5404
f 5320 5404 5321
f 5321 5404 5322
f 5322 5324 5323
f 5322 5404 5405
f 5322 5405 5325
f 5322 5325 5406
f 5322 5406 5324
f 5324 5406 5325
f 5325 5405 5407
f 5325 5407 5408
f 5325 5408 5409
f 5325 5409 5410
f 5325 5410 5411
f 5325 5411 5412
f 5325 5412 5413
f 5325 5413 5392
f 5327 5381 5402
f 5328 5353 5330
f 5328 5330 5329
f 5330 5353 5414
f 5330 5414 5331
f 5331 5414 5415
f 5331 5415 5333
f 5331 5333 5332
f 5333 5416 5334
f 5333 5415 5416
f 5334 5416 5335
f 5335 5416 5337
f 5335 5337 5336
f 5337 5415 5338
f 5337 5416 5415
f 5338 5415 5417
f 5338 5417 5418
f 5338 5418 5419
f 5338 5419 5339
f 5339 5359 5340
f 5339 5419 5359
f 5341 5344 5357
f 5341 5357 5420
f 5341 5420 5421
f 5341 5421 5422
f 5341 5422 5342
f 5342 5423 5424
f 5342 5424 5346
f 5342 5346 5345
f 5342 5422 5423
f 5344 5358 5357
f 5346 5424 5425
f 5346 5425 5426
f 5346 5426 5427
f 5346 5427 5347
f 5347 5427 5348
f 5348 5427 5428
f 5348 5428 5349
f 5349 5428 5350
f 5350 5428 5429
f 5350 5429 5351
f 5351 5429 5352
f 5352 5429 5353
f 5353 5429 5430
f 5353 5430 5414
f 5354 5431 5432
f 5354 5432 5433
f 5354 5433 5434
f 5354 5434 5435
f 5354 5435 5355
f 5355 5435 5434
f 5355 5434 5436
f 5355 5436 5437
f 5355 5437 5421
f 5355 5421 5420
f 5355 5420 5357
f 5355 5357 5356
f 5359 5419 5360
f 5360 5419 5361
f 5361 5419 5438
f 5362 5439 5363
f 5362 5438 5494
f 5362 5494 5439
f 5363 5439 5364
f 5366 5440 5441
f 5366 5441 5367
f 5367 5441 5368
f 5368 5441 5442
f 5368 5442 5443
f 5368 5443 5372
f 5369 5373 5447
f 5369 5447 5444
f 5369 5444 5370
f 5370 5444 5445
f 5370 5445 5371
f 5371 5445 5446
f 5371 5446 5385
f 5372 5443 5447
f 5372 5447 5373
f 5374 5448 5382
f 5374 5388 5449
f 5374 5449 5448
f 5376 5380 5450
f 5376 5450 5381
f 5377 5384 5451
f 5377 5451 5378
f 5378 5451 5452
f 5379 5452 5453
f 5379 5453 5454
f 5379 5454 5380
f 5380 5454 5455
f 5380 5455 5456
f 5380 5456 5450
f 5381 5450 5402
f 5382 5448 5534
f 5382 5534 5457
f 5382 5457 5458
f 5382 5458 5383
f 5384 5458 5451
f 5385 5446 5459
f 5385 5459 5386
f 5386 5459 5460
f 5386 5460 5461
f 5386 5461 5462
f 5386 5462 5387
f 5387 5462 5463
f 5387 5463 5388
f 5388 5463 5464
f 5388 5464 5449
f 5389 5391 5465
f 5390 5466 5391
f 5391 5466 5467
f 5391 5467 5465
f 5392 5413 5393
f 5393 5413 5468
f 5393 5468 5469
f 5393 5469 5394
f 5394 5470 5395
f 5394 5469 5470
f 5395 5470 5471
f 5395 5471 5396
f 5396 5471 5472
f 5396 5472 5469
f 5396 5469 5397
f 5397 5469 5399
f 5397 5399 5398
f 5399 5469 5474
f 5399 5474 5473
f 5402 5475 5476
f 5402 5476 5403
f 5402 5450 5477
f 5402 5477 5478
f 5402 5478 5479
f 5402 5479 5480
f 5402 5480 5475
f 5403 5476 5475
f 5403 5475 5480
f 5403 5480 5481
f 5403 5481 5482
f 5403 5482 5404
f 5404 5482 5481
f 5404 5481 5405
f 5405 5481 5483
f 5405 5483 5407
f 5407 5483 5408
f 5408 5483 5484
f 5408 5484 5485
f 5408 5485 5486
f 5408 5486 5487
f 5408 5487 5409
f 5409 5487 5486
f 5409 5486 5488
f 5409 5488 5489
f 5409 5489 5411
f 5409 5411 5410
f 5411 5489 5490
f 5411 5490 5412
f 5412 5490 5491
f 5412 5491 5413
f 5413 5491 5468
f 5414 5430 5492
f 5414 5492 5493
f 5414 5493 5417
f 5414 5417 5415
f 5417 5493 5418
f 5418 5494 5438
f 5418 5438 5419
f 5418 5493 5494
f 5421 5437 5495
f 5421 5495 5496
f 5421 5496 5422
f 5422 5496 5497
f 5422 5497 5498
f 5422 5498 5423
f 5423 5498 5424
f 5424 5498 5499
f 5424 5499 5425
f 5425 5499 5500
f 5425 5500 5501
f 5425 5501 5427
f 5425 5427 5426
f 5427 5501 5502
f 5427 5502 5428
f 5428 5502 5503
f 5428 5503 5430
f 5428 5430 5504
f 5428 5504 5429
f 5429 5504 5430
f 5430 5505 5506
f 5430 5506 5492
f 5430 5503 5505
f 5431 5507 5508
f 5431 5508 5509
f 5431 5509 5510
f 5431 5510 5511
f 5431 5511 5512
f 5431 5512 5513
f 5431 5513 5514
f 5431 5514 5515
f 5431 5515 5432
f 5432 5516 5433
f 5432 5515 5516
f 5433 5516 5517
f 5433 5517 5434
f 5434 5517 5518
f 5434 5518 5519
f 5434 5519 5436
f 5436 5520 5521
f 5436 5521 5437
f 5436 5519 5522
f 5436 5522 5523
f 5436 5523 5524
f 5436 5524 5525
f 5436 5525 5526
f 5436 5526 5527
f 5436 5527 5520
f 5437 5521 5495
f 5439 5494 5493
f 5439 5493 5567
f 5439 5567 5604
f 5439 5604 5528
f 5440 5529 5530
f 5440 5530 5441
f 5441 5530 5442
f 5442 5530 5531
f 5442 5531 5443
f 5443 5531 5532
f 5443 5532 5533
f 5443 5533 5447
f 5444 5447 5533
f 5444 5533 5459
f 5444 5459 5445
f 5445 5459 5446
f 5448 5449 5535
f 5448 5535 5534
f 5449 5464 5461
f 5449 5461 5536
f 5449 5536 5537
f 5449 5537 5608
f 5449 5608 5535
f 5450 5456 5477
f 5451 5458 5538
f 5451 5538 5452
f 5452 5538 5453
f 5453 5539 5540
f 5453 5540 5541
f 5453 5541 5542
f 5453 5542 5455
f 5453 5455 5454
f 5453 5538 5539
f 5455 5542 5543
f 5455 5543 5544
f 5455 5544 5456
f 5456 5544 5477
f 5457 5534 5607
f 5457 5607 5545
f 5457 5545 5546
f 5457 5546 5539
f 5457 5539 5538
f 5457 5538 5458
f 5459 5533 5460
f 5460 5547 5537
f 5460 5537 5461
f 5460 5533 5548
f 5460 5548 5547
f 5461 5537 5536
f 5461 5464 5463
f 5461 5463 5462
f 5465 5467 5550
f 5465 5550 5551
f 5465 5551 5549
f 5468 5491 5469
f 5469 5491 5552
f 5469 5552 5474
f 5469 5472 5470
f 5470 5472 5471
f 5473 5474 5553
f 5474 5552 5553
f 5477 5544 5478
f 5478 5544 5554
f 5478 5554 5555
f 5478 5555 5479
f 5479 5555 5556
f 5479 5556 5557
f 5479 5557 5480
f 5480 5557 5481
f 5481 5557 5483
f 5483 5557 5484
f 5484 5557 5485
f 5485 5557 5486
f 5486 5557 5558
f 5486 5558 5556
f 5486 5556 5559
f 5486 5559 5560
f 5486 5560 5561
f 5486 5561 5562
f 5486 5562 5563
f 5486 5563 5488
f 5488 5563 5489
f 5489 5563 5490
f 5490 5563 5491
f 5491 5563 5564
f 5491 5564 5552
f 5492 5506 5565
f 5492 5565 5566
f 5492 5566 5567
f 5492 5567 5493
f 5495 5520 5568
f 5495 5568 5569
f 5495 5569 5496
f 5495 5521 5520
f 5496 5569 5570
f 5496 5570 5571
f 5496 5571 5497
f 5497 5571 5498
f 5498 5571 5572
f 5498 5572 5573
f 5498 5573 5499
f 5499 5573 5500
f 5500 5573 5574
f 5500 5574 5575
f 5500 5575 5501
f 5501 5575 5502
f 5502 5575 5576
f 5502 5576 5577
f 5502 5577 5578
f 5502 5578 5503
f 5503 5578 5579
f 5503 5579 5505
f 5505 5579 5580
f 5505 5580 5653
f 5505 5653 5581
f 5505 5581 5506
f 5506 5581 5640
f 5506 5640 5565
f 5507 5582 5508
f 5508 5583 5584
f 5508 5584 5585
f 5508 5585 5586
f 5508 5586 5509
f 5508 5582 5583
f 5509 5586 5587
f 5509 5587 5588
f 5509 5588 5511
f 5509 5511 5510
f 5511 5588 5512
f 5512 5588 5589
f 5512 5589 5513
f 5513 5589 5590
f 5513 5590 5591
f 5513 5591 5514
f 5514 5591 5515
f 5515 5591 5592
f 5515 5592 5522
f 5515 5522 5516
f 5516 5522 5517
f 5517 5522 5518
f 5518 5522 5519
f 5520 5527 5568
f 5522 5592 5593
f 5522 5593 5523
f 5523 5525 5524
f 5523 5593 5594
f 5523 5594 5595
f 5523 5595 5596
f 5523 5596 5525
f 5525 5527 5526
f 5525 5596 5597
f 5525 5597 5527
f 5527 5597 5598
f 5527 5598 5599
f 5527 5599 5600
f 5527 5600 5601
f 5527 5601 5602
f 5527 5602 5568
f 5528 5604 5603
f 5529 5605 5530
f 5530 5605 5531
f 5531 5605 5606
f 5531 5606 5532
f 5532 5606 5533
f 5533 5606 5548
f 5534 5535 5607
f 5535 5608 5607
f 5537 5547 5609
f 5537 5609 5610
f 5537 5610 5608
f 5539 5546 5610
f 5539 5610 5611
f 5539 5611 5612
f 5539 5612 5540
f 5540 5612 5541
f 5541 5610 5613
f 5541 5613 5614
f 5541 5614 5615
f 5541 5615 5616
f 5541 5616 5542
f 5541 5612 5611
f 5541 5611 5610
f 5542 5616 5543
f 5543 5616 5544
f 5544 5617 5555
f 5544 5555 5554
f 5544 5616 5615
f 5544 5615 5618
f 5544 5618 5619
f 5544 5619 5620
f 5544 5620 5617
f 5545 5607 5610
f 5545 5610 5546
f 5547 5548 5606
f 5547 5606 5675
f 5547 5675 5721
f 5547 5721 5722
f 5547 5722 5676
f 5547 5676 5609
f 5549 5551 5622
f 5549 5622 5623
f 5549 5623 5624
f 5549 5624 5625
f 5549 5625 5626
f 5549 5626 5627
f 5549 5627 5628
f 5549 5628 5621
f 5550 5629 5551
f 5551 5629 5622
f 5552 5564 5630
f 5552 5630 5631
f 5552 5631 5632
f 5552 5632 5633
f 5552 5633 5553
f 5555 5617 5556
f 5556 5617 5634
f 5556 5634 5559
f 5556 5558 5557
f 5559 5634 5560
f 5560 5634 5617
f 5560 5617 5635
f 5560 5635 5636
f 5560 5636 5637
f 5560 5637 5561
f 5561 5637 5638
f 5561 5638 5562
f 5562 5638 5639
f 5562 5639 5563
f 5563 5639 5564
f 5564 5639 5630
f 5565 5640 5603
f 5565 5603 5604
f 5565 5604 5566
f 5566 5604 5567
f 5568 5602 5641
f 5568 5641 5642
f 5568 5642 5570
f 5568 5570 5569
f 5570 5642 5571
f 5571 5642 5641
f 5571 5641 5643
f 5571 5643 5572
f 5572 5643 5641
f 5572 5641 5644
f 5572 5644 5573
f 5573 5644 5574
f 5574 5645 5646
f 5574 5646 5647
f 5574 5647 5648
f 5574 5648 5575
f 5574 5644 5645
f 5575 5648 5576
f 5576 5578 5577
f 5576 5648 5647
f 5576 5647 5649
f 5576 5649 5650
f 5576 5650 5651
f 5576 5651 5579
f 5576 5579 5578
f 5579 5651 5580
f 5580 5651 5652
f 5580 5652 5653
f 5581 5653 5640
f 5582 5654 5583
f 5583 5654 5655
f 5585 5656 5657
f 5585 5657 5586
f 5586 5657 5656
f 5586 5656 5587
f 5587 5658 5588
f 5587 5656 5659
f 5587 5659 5658
f 5588 5658 5589
f 5589 5658 5590
f 5590 5660 5661
f 5590 5661 5662
f 5590 5662 5591
f 5590 5658 5660
f 5591 5662 5593
f 5591 5593 5592
f 5593 5662 5661
f 5593 5661 5594
f 5594 5661 5595
f 5595 5663 5597
f 5595 5597 5596
f 5595 5661 5664
f 5595 5664 5665
f 5595 5665 5666
f 5595 5666 5663
f 5597 5599 5598
f 5597 5663 5667
f 5597 5667 5599
f 5599 5667 5668
f 5599 5668 5669
f 5599 5669 5600
f 5600 5602 5601
f 5600 5669 5602
f 5602 5669 5670
f 5602 5670 5671
f 5602 5671 5672
f 5602 5672 5641
f 5603 5640 5673
f 5605 5674 5606
f 5606 5674 5675
f 5607 5608 5610
f 5609 5613 5610
f 5609 5676 5613
f 5613 5676 5677
f 5613 5677 5614
f 5614 5677 5678
f 5614 5678 5679
f 5614 5679 5615
f 5615 5679 5680
f 5615 5680 5618
f 5617 5620 5635
f 5618 5680 5681
f 5618 5681 5619
f 5619 5681 5620
f 5620 5682 5635
f 5620 5681 5682
f 5621 5628 5684
f 5621 5684 5685
f 5621 5685 5683
f 5622 5686 5623
f 5623 5686 5624
f 5630 5687 5631
f 5630 5639 5688
f 5630 5688 5638
f 5630 5638 5687
f 5631 5689 5690
f 5631 5690 5632
f 5631 5687 5689
f 5632 5690 5633
f 5633 5690 5691
f 5635 5682 5692
f 5635 5692 5693
f 5635 5693 5694
f 5635 5694 5636
f 5636 5694 5637
f 5637 5694 5695
f 5637 5695 5638
f 5638 5695 5687
f 5638 5688 5639
f 5640 5653 5673
f 5641 5672 5644
f 5644 5672 5671
f 5644 5671 5645
f 5645 5671 5696
f 5645 5696 5697
f 5645 5697 5698
f 5645 5698 5699
f 5645 5699 5646
f 5646 5699 5700
f 5646 5700 5701
f 5646 5701 5702
f 5646 5702 5703
f 5646 5703 5647
f 5647 5703 5649
f 5649 5703 5650
f 5650 5703 5651
f 5651 5703 5652
f 5652 5703 5704
f 5652 5704 5705
f 5652 5705 5706
f 5652 5706 5653
f 5653 5706 5707
f 5653 5707 5673
f 5654 5708 5709
f 5654 5709 5710
f 5654 5710 5711
f 5654 5711 5655
f 5655 5711 5710
f 5656 5712 5713
f 5656 5713 5659
f 5658 5664 5660
f 5658 5659 5664
f 5659 5713 5714
f 5659 5714 5665
f 5659 5665 5664
f 5660 5664 5661
f 5663 5666 5715
f 5663 5715 5667
f 5665 5716 5666
f 5665 5714 5716
f 5666 5716 5715
f 5667 5715 5717
f 5667 5717 5718
f 5667 5718 5668
f 5668 5718 5669
f 5669 5718 5719
f 5669 5719 5671
f 5669 5671 5670
f 5671 5719 5696
f 5673 5707 5720
f 5676 5722 5723
f 5676 5723 5677
f 5677 5723 5724
f 5677 5724 5725
f 5677 5725 5678
f 5678 5725 5726
f 5678 5726 5679
f 5679 5726 5727
f 5679 5727 5728
f 5679 5728 5729
f 5679 5729 5680
f 5680 5729 5730
f 5680 5730 5693
f 5680 5693 5692
f 5680 5692 5682
f 5680 5682 5681
f 5683 5731 5732
f 5683 5732 5733
f 5683 5733 5734
f 5683 5734 5735
f 5683 5735 5736
f 5683 5685 5731
f 5687 5695 5689
f 5689 5695 5737
f 5689 5737 5738
f 5689 5738 5739
f 5689 5739 5690
f 5690 5739 5691
f 5693 5695 5694
f 5693 5730 5729
f 5693 5729 5740
f 5693 5740 5737
f 5693 5737 5695
f 5696 5719 5718
f 5696 5718 5741
f 5696 5741 5742
f 5696 5742 5697
f 5697 5742 5698
f 5698 5743 5744
f 5698 5744 5700
f 5698 5700 5699
f 5698 5742 5743
f 5700 5744 5701
f 5701 5744 5702
f 5702 5744 5745
f 5702 5745 5746
f 5702 5746 5747
f 5702 5747 5705
f 5702 5705 5748
f 5702 5748 5703
f 5703 5748 5704
f 5704 5748 5705
f 5705 5749 5720
f 5705 5720 5707
f 5705 5707 5706
f 5705 5747 5749
f 5708 5750 5751
f 5708 5751 5752
f 5708 5752 5753
f 5708 5753 5754
f 5708 5754 5755
f 5708 5755 5709
f 5709 5755 5754
f 5712 5756 5713
f 5713 5757 5714
f 5713 5756 5757
f 5714 5757 5758
f 5714 5758 5759
f 5714 5759 5760
f 5714 5760 5716
f 5715 5716 5760
f 5715 5760 5761
f 5715 5761 5762
f 5715 5762 5717
f 5717 5762 5718
f 5718 5762 5741
f 5720 5749 5763
f 5721 5723 5722
f 5723 5725 5724
f 5726 5728 5727
f 5728 5764 5729
f 5729 5764 5740
f 5735 5765 5750
f 5735 5750 5736
f 5737 5740 5766
f 5737 5766 5738
f 5740 5764 5767
f 5740 5767 5768
f 5740 5768 5769
f 5740 5769 5770
f 5740 5770 5766
f 5741 5762 5742
f 5742 5762 5743
f 5743 5762 5771
f 5743 5771 5760
f 5743 5760 5759
f 5743 5759 5758
f 5743 5758 5744
f 5744 5758 5772
f 5744 5772 5773
f 5744 5773 5745
f 5745 5773 5746
f 5747 5763 5749
f 5750 5765 5774
f 5750 5774 5775
f 5750 5775 5776
f 5750 5776 5751
f 5756 5777 5757
f 5757 5777 5758
f 5758 5777 5772
f 5760 5771 5762
f 5760 5762 5761
f 5765 5775 5774
f 5772 5777 5773
