o convex_0
v 0.587806 -0.109861 0.0440769
v 0.587752 -0.109861 0.0572201
v 0.561971 -0.33532 0.0572201
v 0.587806 -0.109861 -0.0408748
v 0.587589 -0.109861 0.0601534
v 0.560291 -0.33532 0.0735787
v 0.560075 -0.351672 0.0572201
v 0.561971 -0.33532 -0.0572333
v 0.587752 -0.109861 -0.0572333
v 0.586019 -0.109861 0.0751581
v 0.558017 -0.352712 0.0748761
v 0.583202 -0.109861 0.09005
v 0.557042 -0.361701 0.0702505
v 0.557475 -0.362608 0.0572201
v 0.560075 -0.351672 -0.0572333
v 0.558017 -0.353245 -0.0751713
v 0.58564 -0.109861 -0.0735919
v 0.556013 -0.358847 0.0811374
v 0.579519 -0.109861 0.105901
v 0.551355 -0.370798 0.0572201
v 0.551788 -0.36749 0.0748761
v 0.557475 -0.362608 -0.0572333
v 0.557042 -0.361701 -0.0707714
v 0.556121 -0.359754 -0.0817147
v 0.580927 -0.109861 -0.0906273
v 0.561429 -0.109861 0.154074
v 0.55325 -0.352712 0.0890347
v 0.539764 -0.359861 0.114475
v 0.542472 -0.365009 0.103588
v 0.539385 -0.375919 0.0973832
v 0.542634 -0.377893 0.0735787
v 0.543176 -0.378187 0.0572201
v 0.551355 -0.370798 -0.0572333
v 0.541335 -0.377146 0.0864963
v 0.55168 -0.36749 -0.0751713
v 0.541064 -0.376906 -0.0847044
v 0.538464 -0.375252 -0.0956477
v 0.541876 -0.363302 -0.106309
v 0.539818 -0.359967 -0.114545
v 0.564841 -0.109861 -0.123344
v 0.545451 -0.109861 0.170545
v 0.505425 -0.33532 0.178217
v 0.512358 -0.33532 0.170038
v 0.511112 -0.351672 0.168402
v 0.51929 -0.351672 0.156443
v 0.523407 -0.359861 0.147192
v 0.525465 -0.363729 0.139013
v 0.523028 -0.375919 0.1301
v 0.525086 -0.377146 0.119213
v 0.528444 -0.378267 0.106296
v 0.532994 -0.379094 0.0911218
v 0.531585 -0.380988 0.0735787
v 0.531585 -0.381254 0.0572201
v 0.543176 -0.378187 -0.0572333
v 0.542418 -0.377706 -0.0735919
v 0.532452 -0.378934 -0.0900632
v 0.527577 -0.378133 -0.106309
v 0.524815 -0.376986 -0.117591
v 0.522107 -0.375252 -0.128478
v 0.525519 -0.363302 -0.139026
v 0.523461 -0.359967 -0.147262
v 0.548484 -0.109861 -0.156005
v 0.49638 -0.109861 0.219621
v 0.497246 -0.33532 0.186283
v 0.495621 -0.351672 0.184704
v 0.5038 -0.351672 0.176581
v 0.509216 -0.363409 0.166033
v 0.514416 -0.36709 0.154018
v 0.50445 -0.374292 0.160843
v 0.508729 -0.377146 0.1499
v 0.512087 -0.378267 0.139013
v 0.516636 -0.379094 0.123839
v 0.515228 -0.381361 0.106296
v 0.515228 -0.382188 0.0899372
v 0.515228 -0.382375 0.0735787
v 0.531585 -0.381254 -0.0572333
v 0.531585 -0.380801 -0.0735919
v 0.515228 -0.381201 -0.106309
v 0.516095 -0.37896 -0.122893
v 0.51122 -0.378133 -0.139026
v 0.508458 -0.376986 -0.150195
v 0.505154 -0.375039 -0.161082
v 0.51447 -0.367517 -0.1542
v 0.509541 -0.364129 -0.166892
v 0.511274 -0.351672 -0.169205
v 0.519453 -0.351672 -0.156231
v 0.539276 -0.109861 -0.171743
v 0.480023 -0.109861 0.235641
v 0.488364 -0.33532 0.194463
v 0.493184 -0.363409 0.182391
v 0.48663 -0.351672 0.192883
v 0.498817 -0.36885 0.171674
v 0.488093 -0.374292 0.177314
v 0.493563 -0.377253 0.166428
v 0.498979 -0.37864 0.155371
v 0.498871 -0.381361 0.139013
v 0.498871 -0.382188 0.122654
v 0.482514 -0.382375 0.139013
v 0.515228 -0.382375 -0.0735919
v 0.515228 -0.382161 -0.0899504
v 0.498871 -0.381201 -0.139026
v 0.499413 -0.378587 -0.155554
v 0.494267 -0.37736 -0.167287
v 0.489014 -0.375199 -0.17823
v 0.499629 -0.369677 -0.172533
v 0.494051 -0.364289 -0.183251
v 0.504612 -0.351672 -0.177384
v 0.529798 -0.109861 -0.185056
v 0.469244 -0.109861 0.243031
v 0.478452 -0.351672 0.199032
v 0.476394 -0.362715 0.197734
v 0.482243 -0.368504 0.187863
v 0.470869 -0.373625 0.193391
v 0.477206 -0.377253 0.182504
v 0.482622 -0.378693 0.171786
v 0.482514 -0.381601 0.155371
v 0.4498 -0.382375 0.17173
v 0.482514 -0.382375 -0.139026
v 0.498871 -0.382161 -0.122668
v 0.482514 -0.381681 -0.155385
v 0.48311 -0.3788 -0.172364
v 0.478073 -0.37736 -0.183645
v 0.472656 -0.375199 -0.194532
v 0.483381 -0.369731 -0.188891
v 0.496434 -0.351672 -0.185676
v 0.477694 -0.364289 -0.199496
v 0.488255 -0.351672 -0.193855
v 0.513766 -0.109861 -0.201189
v 0.460524 -0.109861 0.248446
v 0.437559 -0.351672 0.226334
v 0.457437 -0.357407 0.212231
v 0.464911 -0.351832 0.208114
v 0.427431 -0.362715 0.230282
v 0.441621 -0.376213 0.212626
v 0.459982 -0.37688 0.197396
v 0.465724 -0.378453 0.188032
v 0.466157 -0.381601 0.17173
v 0.433443 -0.382135 0.188088
v 0.400729 -0.382375 0.204447
v 0.433443 -0.382375 -0.188102
v 0.4498 -0.381681 -0.188102
v 0.466753 -0.3788 -0.188722
v 0.461716 -0.377333 -0.198932
v 0.442542 -0.376453 -0.212978
v 0.453429 -0.373225 -0.209876
v 0.466374 -0.36877 -0.204686
v 0.460091 -0.362315 -0.213655
v 0.470273 -0.351672 -0.209988
v 0.480077 -0.351672 -0.201809
v 0.497409 -0.109861 -0.217491
v 0.427864 -0.109861 0.264917
v 0.429381 -0.351672 0.23141
v 0.417086 -0.351672 0.237333
v 0.392279 -0.359221 0.245231
v 0.416111 -0.368103 0.232144
v 0.420931 -0.373625 0.226334
v 0.410045 -0.376506 0.22938
v 0.430735 -0.377413 0.215447
v 0.4498 -0.378027 0.201232
v 0.4498 -0.381094 0.188088
v 0.417086 -0.381734 0.204447
v 0.368014 -0.382055 0.220806
v 0.351657 -0.382375 0.220806
v 0.368014 -0.382375 -0.220819
v 0.417086 -0.381814 -0.20446
v 0.433443 -0.380454 -0.20446
v 0.448717 -0.378267 -0.204404
v 0.433443 -0.377386 -0.215178
v 0.409936 -0.376453 -0.229337
v 0.420823 -0.373412 -0.226573
v 0.462095 -0.351672 -0.214727
v 0.427377 -0.362502 -0.230013
v 0.471952 -0.33532 -0.211116
v 0.482514 -0.109861 -0.230239
v 0.394175 -0.109861 0.280712
v 0.383505 -0.109861 0.285112
v 0.405441 -0.33532 0.244159
v 0.400404 -0.352925 0.243482
v 0.394717 -0.34831 0.246077
v 0.385834 -0.352925 0.248333
v 0.368014 -0.351672 0.254425
v 0.381338 -0.363435 0.247036
v 0.370885 -0.374319 0.243482
v 0.359944 -0.376239 0.245343
v 0.366444 -0.378453 0.237672
v 0.384371 -0.378187 0.232821
v 0.400729 -0.377173 0.230451
v 0.400729 -0.380267 0.220806
v 0.416111 -0.378347 0.220862
v 0.435068 -0.3792 0.206083
v 0.384371 -0.381281 0.220806
v 0.351657 -0.379307 0.237164
v 0.269926 -0.382375 0.220806
v 0.384371 -0.381814 -0.220819
v 0.269926 -0.382375 -0.220819
v 0.368014 -0.379307 -0.237177
v 0.400729 -0.380454 -0.220819
v 0.416057 -0.378373 -0.220988
v 0.400729 -0.377386 -0.231537
v 0.376301 -0.376239 -0.245357
v 0.387188 -0.373385 -0.242875
v 0.394662 -0.362502 -0.246372
v 0.429435 -0.351672 -0.231085
v 0.448987 -0.109861 -0.252351
v 0.449312 -0.109861 -0.252182
v 0.467349 -0.109861 -0.241464
v 0.472765 -0.109861 -0.237459
v 0.368014 -0.109861 0.287819
v 0.360161 -0.311712 0.261758
v 0.351657 -0.351672 0.257471
v 0.366444 -0.36853 0.248446
v 0.351657 -0.376239 0.2454
v 0.351657 -0.368023 0.250815
v 0.3353 -0.368023 0.251041
v 0.286283 -0.379307 0.237164
v 0.253569 -0.381974 0.220806
v 0.220855 -0.382375 0.204447
v 0.27128 -0.378693 0.238518
v 0.382801 -0.37824 -0.237347
v 0.220855 -0.382375 -0.20446
v 0.253569 -0.381948 -0.220819
v 0.286283 -0.379307 -0.237177
v 0.277888 -0.376239 -0.245357
v 0.351657 -0.368023 -0.251054
v 0.368014 -0.368023 -0.250941
v 0.382801 -0.36797 -0.248177
v 0.384371 -0.351672 -0.25331
v 0.396721 -0.351672 -0.247387
v 0.404899 -0.351672 -0.243326
v 0.416002 -0.109861 -0.268089
v 0.351657 -0.109861 0.288045
v 0.3353 -0.351672 0.25781
v 0.351657 -0.33532 0.259558
v 0.286283 -0.376239 0.2454
v 0.286283 -0.368023 0.251041
v 0.277617 -0.376239 0.245343
v 0.253569 -0.378907 0.234964
v 0.237212 -0.380961 0.220806
v 0.204498 -0.381681 0.204447
v 0.188141 -0.382081 0.188088
v 0.171783 -0.382375 0.17173
v 0.266676 -0.375919 0.244892
v 0.188141 -0.382375 -0.188102
v 0.204498 -0.381548 -0.20446
v 0.237212 -0.380774 -0.220819
v 0.253569 -0.378853 -0.234075
v 0.271443 -0.378693 -0.238136
v 0.267001 -0.375359 -0.244285
v 0.271443 -0.36917 -0.249587
v 0.286283 -0.368023 -0.251054
v 0.351657 -0.351672 -0.257823
v 0.368014 -0.351672 -0.257485
v 0.368014 -0.33532 -0.259064
v 0.350845 -0.109861 -0.28473
v 0.3353 -0.109861 0.288101
v 0.286283 -0.351672 0.25781
v 0.27128 -0.369491 0.249743
v 0.269926 -0.351672 0.257471
v 0.237212 -0.377893 0.232144
v 0.204498 -0.378587 0.218154
v 0.219988 -0.379094 0.222159
v 0.171783 -0.380961 0.188088
v 0.155426 -0.381628 0.17173
v 0.187057 -0.37912 0.205688
v 0.139069 -0.382375 0.139013
v 0.253569 -0.374319 0.243144
v 0.213976 -0.375919 0.228477
v 0.224917 -0.376906 0.230169
v 0.253569 -0.366156 0.249348
v 0.155426 -0.381548 -0.171743
v 0.171783 -0.381494 -0.188102
v 0.139069 -0.382375 -0.139026
v 0.204498 -0.37848 -0.216927
v 0.22118 -0.37896 -0.221665
v 0.237212 -0.377706 -0.231311
v 0.253569 -0.373252 -0.242254
v 0.253569 -0.365089 -0.24891
v 0.226813 -0.37672 -0.229619
v 0.269926 -0.351672 -0.257146
v 0.286283 -0.351672 -0.257823
v 0.30264 -0.109861 -0.288171
v 0.319376 -0.109861 -0.288115
v 0.335246 -0.109861 -0.28755
v 0.286283 -0.109861 0.288101
v 0.269439 -0.109861 0.288045
v 0.253569 -0.351672 0.254425
v 0.253623 -0.109861 0.28765
v 0.261477 -0.311525 0.261758
v 0.191769 -0.377333 0.215052
v 0.171783 -0.377893 0.200611
v 0.15613 -0.378427 0.187919
v 0.139069 -0.381628 0.155371
v 0.138636 -0.378747 0.172125
v 0.122712 -0.382108 0.122654
v 0.106355 -0.382375 0.0735787
v 0.204498 -0.365596 0.232595
v 0.204498 -0.373785 0.226334
v 0.180883 -0.375813 0.212006
v 0.240082 -0.363088 0.247092
v 0.139069 -0.381548 -0.155385
v 0.139286 -0.378613 -0.171461
v 0.171783 -0.378427 -0.200568
v 0.155751 -0.37856 -0.18782
v 0.106355 -0.382375 -0.0735919
v 0.122712 -0.382028 -0.122668
v 0.193178 -0.3772 -0.214163
v 0.215926 -0.375199 -0.227701
v 0.240678 -0.362208 -0.246823
v 0.253569 -0.351672 -0.253762
v 0.253569 -0.33532 -0.255849
v 0.268247 -0.109861 -0.286309
v 0.286283 -0.109861 -0.288058
v 0.229196 -0.359434 0.245287
v 0.238133 -0.109861 0.284491
v 0.162034 -0.376773 0.197227
v 0.143836 -0.377306 0.182335
v 0.12255 -0.37848 0.155146
v 0.122712 -0.381068 0.139013
v 0.127858 -0.377306 0.166992
v 0.106355 -0.382108 0.0899372
v 0.089998 -0.381094 0.0572201
v 0.194153 -0.362368 0.230282
v 0.174925 -0.364902 0.215954
v 0.144973 -0.362528 0.197791
v 0.151148 -0.373438 0.193222
v 0.122712 -0.380507 -0.139026
v 0.123091 -0.378027 -0.153749
v 0.128778 -0.377173 -0.165877
v 0.144919 -0.377173 -0.182235
v 0.161438 -0.377093 -0.197804
v 0.089998 -0.381094 -0.0572333
v 0.106355 -0.382028 -0.0899504
v 0.182291 -0.375412 -0.211342
v 0.204498 -0.372745 -0.225106
v 0.204498 -0.364556 -0.232326
v 0.229792 -0.358314 -0.245075
v 0.193882 -0.361701 -0.230183
v 0.23602 -0.352392 -0.247951
v 0.227408 -0.347403 -0.245864
v 0.205148 -0.109861 -0.268936
v 0.221342 -0.353059 0.243482
v 0.204498 -0.351672 0.237164
v 0.20531 -0.109861 0.268358
v 0.192257 -0.351672 0.231298
v 0.132895 -0.374932 0.177879
v 0.113288 -0.37688 0.149505
v 0.110363 -0.378 0.139013
v 0.10538 -0.37888 0.122993
v 0.106355 -0.381068 0.106296
v 0.116971 -0.374532 0.160392
v 0.089998 -0.380694 0.0735787
v 0.0788405 -0.378 0.0572201
v 0.184078 -0.351672 0.226446
v 0.164038 -0.35794 0.212344
v 0.142915 -0.351672 0.199145
v 0.134736 -0.351672 0.193278
v 0.127749 -0.364022 0.182842
v 0.138961 -0.368717 0.188032
v 0.112421 -0.37744 -0.139026
v 0.106355 -0.380507 -0.106309
v 0.106355 -0.378427 -0.121032
v 0.114479 -0.376239 -0.147262
v 0.117838 -0.374052 -0.158149
v 0.134032 -0.374479 -0.176764
v 0.150498 -0.374479 -0.193122
v 0.155806 -0.36813 -0.204291
v 0.171783 -0.372958 -0.208747
v 0.0788405 -0.378 -0.0572333
v 0.089998 -0.380187 -0.0735919
v 0.171783 -0.364769 -0.216588
v 0.204498 -0.351672 -0.236726
v 0.221505 -0.352392 -0.2431
v 0.191769 -0.351672 -0.231142
v 0.161059 -0.361781 -0.213881
v 0.183591 -0.351672 -0.227193
v 0.204985 -0.109861 -0.268879
v 0.172596 -0.109861 0.252
v 0.122333 -0.369277 0.172238
v 0.0992598 -0.375226 0.128634
v 0.0969308 -0.37688 0.117747
v 0.094006 -0.378 0.106296
v 0.0890231 -0.378853 0.0902192
v 0.112421 -0.363622 0.166597
v 0.0794363 -0.3776 0.0735787
v 0.070662 -0.370131 0.0572201
v 0.170429 -0.352152 0.217421
v 0.154235 -0.109861 0.240944
v 0.162847 -0.34703 0.213134
v 0.133166 -0.33532 0.194463
v 0.125474 -0.351672 0.185099
v 0.117296 -0.351672 0.176976
v 0.0960642 -0.37744 -0.106309
v 0.089998 -0.3784 -0.0883146
v 0.0981224 -0.376239 -0.114545
v 0.100885 -0.374052 -0.125432
v 0.112042 -0.363142 -0.167061
v 0.122496 -0.368797 -0.171912
v 0.10993 -0.36837 -0.153749
v 0.127154 -0.363569 -0.183645
v 0.138744 -0.36901 -0.188384
v 0.143511 -0.363569 -0.199891
v 0.070662 -0.370131 -0.0572333
v 0.0803029 -0.37712 -0.0735919
v 0.217226 -0.33532 -0.243777
v 0.19464 -0.109861 -0.264254
v 0.150877 -0.351672 -0.210327
v 0.159055 -0.351672 -0.214952
v 0.171783 -0.351672 -0.221327
v 0.0797071 -0.364316 0.102347
v 0.0829569 -0.375199 0.0959165
v 0.0806279 -0.37688 0.0849732
v 0.0960642 -0.364316 0.135064
v 0.110688 -0.351672 0.168797
v 0.102022 -0.351005 0.154018
v 0.0987724 -0.355993 0.146008
v 0.0704453 -0.36725 0.0737479
v 0.0647583 -0.361248 0.068389
v 0.0644333 -0.361968 0.0572201
v 0.138257 -0.109861 0.22938
v 0.124445 -0.33532 0.186283
v 0.116267 -0.33532 0.178104
v 0.081332 -0.109861 0.17252
v 0.0659498 -0.109861 0.156218
v 0.0818195 -0.376213 -0.0817712
v 0.0845276 -0.374025 -0.0927145
v 0.0793822 -0.363142 -0.103037
v 0.0957393 -0.363142 -0.135754
v 0.0984474 -0.35714 -0.146641
v 0.110417 -0.351672 -0.169318
v 0.116646 -0.351672 -0.177497
v 0.124825 -0.351672 -0.185958
v 0.133003 -0.351672 -0.194137
v 0.141182 -0.351672 -0.202148
v 0.0644333 -0.361968 -0.0572333
v 0.0647583 -0.361248 -0.0686843
v 0.0710953 -0.36725 -0.0739303
v 0.161763 -0.109861 -0.247895
v 0.140315 -0.109861 -0.235824
v 0.152718 -0.109861 -0.242931
v 0.0768907 -0.369064 0.0902192
v 0.0824153 -0.355966 0.113234
v 0.0660582 -0.355913 0.0792759
v 0.0563089 -0.109861 0.139803
v 0.101372 -0.33532 0.157233
v 0.0693079 -0.350951 0.0885834
v 0.0640541 -0.350951 0.0737479
v 0.0622126 -0.351672 0.0572201
v 0.130349 -0.109861 0.221595
v 0.0976349 -0.109861 0.188878
v 0.0891856 -0.109861 0.180417
v 0.0773781 -0.36837 -0.0883146
v 0.0820903 -0.35706 -0.113924
v 0.0659498 -0.355539 -0.0796276
v 0.0597753 -0.109861 -0.13739
v 0.101589 -0.351672 -0.154031
v 0.0813862 -0.109861 -0.176876
v 0.0987724 -0.109861 -0.195661
v 0.115129 -0.109861 -0.212019
v 0.131703 -0.109861 -0.228378
v 0.0622126 -0.351672 -0.0572333
v 0.0641083 -0.350738 -0.0739303
v 0.0652457 -0.345003 0.0822092
v 0.0424433 -0.109861 0.104491
v 0.0620501 -0.33532 0.0735787
v 0.0603169 -0.33532 0.0572201
v 0.0384894 -0.109861 -0.093899
v 0.0690371 -0.350738 -0.0884838
v 0.065354 -0.344629 -0.0819968
v 0.0712578 -0.109861 -0.159108
v 0.076674 -0.109861 -0.168641
v 0.0603169 -0.33532 -0.0572333
v 0.0355105 -0.109861 -0.0753406
v 0.0390852 -0.109861 0.089768
v 0.0362146 -0.109861 0.0735787
v 0.0345355 -0.109861 0.0572201
v 0.0344814 -0.109861 0.0408616
v 0.0344814 -0.109861 -0.0572333
v 0.0345897 -0.109861 -0.0597153
v 0.0354022 -0.109861 -0.0735919
f 1 2 3
f 1 3 8
f 1 8 4
f 1 4 9
f 1 9 17
f 1 17 25
f 1 25 40
f 1 40 62
f 1 62 87
f 1 87 108
f 1 108 128
f 1 128 150
f 1 150 174
f 1 174 207
f 1 207 206
f 1 206 205
f 1 205 204
f 1 204 230
f 1 230 254
f 1 254 283
f 1 283 282
f 1 282 281
f 1 281 312
f 1 312 311
f 1 311 340
f 1 340 376
f 1 376 405
f 1 405 437
f 1 437 439
f 1 439 438
f 1 438 459
f 1 459 458
f 1 458 457
f 1 457 456
f 1 456 470
f 1 470 469
f 1 469 454
f 1 454 466
f 1 466 472
f 1 472 479
f 1 479 478
f 1 478 477
f 1 477 476
f 1 476 475
f 1 475 474
f 1 474 473
f 1 473 463
f 1 463 443
f 1 443 423
f 1 423 422
f 1 422 450
f 1 450 449
f 1 449 448
f 1 448 419
f 1 419 387
f 1 387 377
f 1 377 343
f 1 343 314
f 1 314 287
f 1 287 285
f 1 285 284
f 1 284 255
f 1 255 231
f 1 231 208
f 1 208 176
f 1 176 175
f 1 175 151
f 1 151 129
f 1 129 109
f 1 109 88
f 1 88 63
f 1 63 41
f 1 41 26
f 1 26 19
f 1 19 12
f 1 12 10
f 1 10 5
f 1 5 2
f 2 5 3
f 3 5 6
f 3 6 7
f 3 7 15
f 3 15 8
f 4 8 9
f 5 10 6
f 6 11 7
f 6 10 12
f 6 12 11
f 7 11 13
f 7 13 14
f 7 14 22
f 7 22 15
f 8 15 16
f 8 16 9
f 9 16 17
f 11 18 13
f 11 12 18
f 12 19 18
f 13 20 14
f 13 18 21
f 13 21 20
f 14 20 33
f 14 33 22
f 15 22 23
f 15 23 16
f 16 24 17
f 16 23 24
f 17 24 25
f 18 19 26
f 18 26 27
f 18 27 28
f 18 28 29
f 18 29 30
f 18 30 21
f 20 21 31
f 20 31 32
f 20 32 54
f 20 54 33
f 21 30 34
f 21 34 31
f 22 33 23
f 23 33 35
f 23 35 24
f 24 35 36
f 24 36 37
f 24 37 38
f 24 38 39
f 24 39 40
f 24 40 25
f 26 41 42
f 26 42 43
f 26 43 44
f 26 44 45
f 26 45 46
f 26 46 28
f 26 28 27
f 28 46 47
f 28 47 29
f 29 47 48
f 29 48 30
f 30 48 49
f 30 49 50
f 30 50 34
f 31 34 51
f 31 51 52
f 31 52 32
f 32 52 53
f 32 53 76
f 32 76 54
f 33 54 55
f 33 55 35
f 34 50 51
f 35 55 36
f 36 55 56
f 36 56 57
f 36 57 58
f 36 58 37
f 37 58 59
f 37 59 38
f 38 59 60
f 38 60 61
f 38 61 39
f 39 61 40
f 40 61 62
f 41 63 42
f 42 63 64
f 42 64 65
f 42 65 66
f 42 66 44
f 42 44 43
f 44 67 46
f 44 46 45
f 44 66 67
f 46 67 68
f 46 68 48
f 46 48 47
f 48 68 69
f 48 69 70
f 48 70 71
f 48 71 49
f 49 71 50
f 50 71 72
f 50 72 51
f 51 72 96
f 51 96 73
f 51 73 52
f 52 74 53
f 52 73 74
f 53 74 75
f 53 75 99
f 53 99 76
f 54 76 77
f 54 77 55
f 55 77 56
f 56 78 79
f 56 79 57
f 56 77 78
f 57 79 80
f 57 80 58
f 58 80 81
f 58 81 59
f 59 81 82
f 59 82 83
f 59 83 60
f 60 83 61
f 61 83 84
f 61 84 85
f 61 85 86
f 61 86 62
f 62 86 87
f 63 88 64
f 64 89 65
f 64 88 89
f 65 90 66
f 65 89 91
f 65 91 90
f 66 90 67
f 67 90 92
f 67 92 69
f 67 69 68
f 69 92 93
f 69 93 94
f 69 94 70
f 70 94 95
f 70 95 71
f 71 95 96
f 71 96 72
f 73 96 97
f 73 97 74
f 74 97 98
f 74 98 75
f 75 98 117
f 75 117 139
f 75 139 163
f 75 163 193
f 75 193 217
f 75 217 241
f 75 241 265
f 75 265 295
f 75 295 304
f 75 304 272
f 75 272 243
f 75 243 220
f 75 220 195
f 75 195 164
f 75 164 140
f 75 140 118
f 75 118 99
f 76 99 100
f 76 100 77
f 77 100 78
f 78 101 79
f 78 100 119
f 78 119 101
f 79 101 80
f 80 101 102
f 80 102 81
f 81 102 103
f 81 103 82
f 82 103 104
f 82 104 105
f 82 105 84
f 82 84 83
f 84 105 106
f 84 106 107
f 84 107 85
f 85 87 86
f 85 107 108
f 85 108 87
f 88 109 110
f 88 110 89
f 89 110 91
f 90 91 111
f 90 111 112
f 90 112 93
f 90 93 92
f 91 110 111
f 93 112 113
f 93 113 114
f 93 114 94
f 94 114 115
f 94 115 95
f 95 115 116
f 95 116 96
f 96 116 97
f 97 116 98
f 98 116 137
f 98 137 117
f 99 118 119
f 99 119 100
f 101 120 102
f 101 119 120
f 102 120 121
f 102 121 103
f 103 121 122
f 103 122 104
f 104 122 123
f 104 123 124
f 104 124 106
f 104 106 105
f 106 125 107
f 106 124 126
f 106 126 127
f 106 127 125
f 107 125 108
f 108 125 128
f 109 129 130
f 109 130 131
f 109 131 132
f 109 132 110
f 110 132 131
f 110 131 111
f 111 113 112
f 111 131 133
f 111 133 134
f 111 134 113
f 113 135 114
f 113 134 135
f 114 136 115
f 114 135 136
f 115 136 137
f 115 137 116
f 117 137 138
f 117 138 139
f 118 120 119
f 118 140 141
f 118 141 120
f 120 141 142
f 120 142 121
f 121 142 122
f 122 142 143
f 122 143 123
f 123 143 144
f 123 144 145
f 123 145 146
f 123 146 126
f 123 126 124
f 125 127 128
f 126 146 147
f 126 147 148
f 126 148 149
f 126 149 127
f 127 149 150
f 127 150 128
f 129 151 152
f 129 152 130
f 130 152 133
f 130 133 131
f 133 152 153
f 133 153 154
f 133 154 155
f 133 155 156
f 133 156 134
f 134 156 157
f 134 157 158
f 134 158 159
f 134 159 135
f 135 159 136
f 136 159 160
f 136 160 137
f 137 160 161
f 137 161 138
f 138 161 139
f 139 161 162
f 139 162 163
f 140 164 194
f 140 194 165
f 140 165 141
f 141 165 166
f 141 166 167
f 141 167 142
f 142 167 143
f 143 167 144
f 144 168 169
f 144 169 170
f 144 170 145
f 144 167 168
f 145 170 147
f 145 147 146
f 147 171 148
f 147 170 172
f 147 172 171
f 148 171 173
f 148 173 149
f 149 173 150
f 150 173 174
f 151 175 153
f 151 153 152
f 153 175 176
f 153 176 177
f 153 177 178
f 153 178 154
f 154 178 179
f 154 179 180
f 154 180 181
f 154 181 182
f 154 182 155
f 155 157 156
f 155 182 157
f 157 182 183
f 157 183 184
f 157 184 185
f 157 185 186
f 157 186 187
f 157 187 188
f 157 188 189
f 157 189 158
f 158 190 159
f 158 189 190
f 159 190 160
f 160 190 161
f 161 190 188
f 161 188 191
f 161 191 162
f 162 191 192
f 162 192 163
f 163 192 215
f 163 215 193
f 164 195 222
f 164 222 196
f 164 196 194
f 165 194 197
f 165 197 166
f 166 197 198
f 166 198 167
f 167 198 168
f 168 198 199
f 168 199 169
f 169 199 200
f 169 200 201
f 169 201 170
f 170 201 202
f 170 202 172
f 171 172 203
f 171 203 204
f 171 204 205
f 171 205 173
f 172 202 203
f 173 205 206
f 173 206 207
f 173 207 174
f 176 208 209
f 176 209 181
f 176 181 179
f 176 179 178
f 176 178 177
f 179 181 180
f 181 210 211
f 181 211 182
f 181 209 210
f 182 211 183
f 183 211 184
f 184 212 192
f 184 192 185
f 184 211 213
f 184 213 214
f 184 214 212
f 185 192 191
f 185 191 188
f 185 188 186
f 186 188 187
f 188 190 189
f 192 212 234
f 192 234 215
f 193 216 217
f 193 215 218
f 193 218 216
f 194 196 219
f 194 219 197
f 195 220 221
f 195 221 222
f 196 222 223
f 196 223 200
f 196 200 219
f 197 219 198
f 198 219 199
f 199 219 200
f 200 223 250
f 200 250 224
f 200 224 225
f 200 225 226
f 200 226 201
f 201 226 202
f 202 226 227
f 202 227 228
f 202 228 229
f 202 229 203
f 203 229 204
f 204 229 228
f 204 228 227
f 204 227 230
f 208 231 232
f 208 232 233
f 208 233 210
f 208 210 209
f 210 233 232
f 210 232 213
f 210 213 211
f 212 214 235
f 212 235 234
f 213 232 214
f 214 232 256
f 214 256 235
f 215 234 236
f 215 236 218
f 216 218 237
f 216 237 238
f 216 238 239
f 216 239 217
f 217 239 240
f 217 240 241
f 218 236 242
f 218 242 237
f 220 243 244
f 220 244 221
f 221 245 246
f 221 246 247
f 221 247 222
f 221 244 245
f 222 247 223
f 223 247 246
f 223 246 248
f 223 248 249
f 223 249 250
f 224 250 280
f 224 280 251
f 224 251 225
f 225 251 252
f 225 252 226
f 226 252 227
f 227 252 253
f 227 253 230
f 230 253 254
f 231 255 232
f 232 255 284
f 232 284 256
f 234 235 236
f 235 257 236
f 235 256 258
f 235 258 257
f 236 257 242
f 237 259 260
f 237 260 261
f 237 261 238
f 237 242 259
f 238 261 239
f 239 262 263
f 239 263 240
f 239 261 260
f 239 260 264
f 239 264 262
f 240 263 241
f 241 263 292
f 241 292 265
f 242 266 267
f 242 267 268
f 242 268 259
f 242 257 269
f 242 269 266
f 243 270 271
f 243 271 244
f 243 272 300
f 243 300 270
f 244 271 302
f 244 302 273
f 244 273 245
f 245 273 274
f 245 274 246
f 246 274 273
f 246 273 275
f 246 275 248
f 248 276 277
f 248 277 249
f 248 275 278
f 248 278 276
f 249 277 279
f 249 279 250
f 250 279 280
f 251 280 281
f 251 281 282
f 251 282 252
f 252 282 283
f 252 283 254
f 252 254 253
f 256 284 285
f 256 285 258
f 257 258 269
f 258 286 269
f 258 285 287
f 258 287 288
f 258 288 286
f 259 268 260
f 260 268 267
f 260 267 289
f 260 289 264
f 262 264 290
f 262 290 291
f 262 291 263
f 263 291 293
f 263 293 292
f 264 289 290
f 265 292 294
f 265 294 320
f 265 320 295
f 266 269 267
f 267 296 297
f 267 297 298
f 267 298 289
f 267 269 299
f 267 299 296
f 269 286 299
f 270 300 301
f 270 301 271
f 271 301 303
f 271 303 302
f 272 304 332
f 272 332 305
f 272 305 300
f 273 306 307
f 273 307 278
f 273 278 275
f 273 302 306
f 276 308 277
f 276 278 307
f 276 307 308
f 277 309 279
f 277 308 309
f 279 309 310
f 279 310 311
f 279 311 312
f 279 312 280
f 280 312 281
f 286 313 299
f 286 288 314
f 286 314 313
f 287 314 288
f 289 298 290
f 290 315 291
f 290 298 315
f 291 316 293
f 291 315 316
f 292 317 318
f 292 318 294
f 292 293 317
f 293 316 319
f 293 319 317
f 294 318 349
f 294 349 320
f 295 320 321
f 295 321 331
f 295 331 304
f 296 322 297
f 296 299 313
f 296 313 322
f 297 322 298
f 298 322 323
f 298 323 324
f 298 324 325
f 298 325 315
f 300 305 326
f 300 326 327
f 300 327 328
f 300 328 301
f 301 328 329
f 301 329 303
f 302 303 330
f 302 330 306
f 303 329 330
f 304 331 332
f 305 332 360
f 305 360 326
f 306 333 307
f 306 330 333
f 307 333 334
f 307 334 335
f 307 335 308
f 308 336 309
f 308 335 337
f 308 337 336
f 309 336 338
f 309 338 339
f 309 339 310
f 310 339 340
f 310 340 311
f 313 314 341
f 313 341 342
f 313 342 322
f 314 343 344
f 314 344 342
f 314 342 341
f 315 325 345
f 315 345 316
f 316 345 319
f 317 319 346
f 317 346 347
f 317 347 318
f 318 347 348
f 318 348 349
f 319 350 346
f 319 345 350
f 320 351 321
f 320 349 351
f 321 351 352
f 321 352 368
f 321 368 331
f 322 342 344
f 322 344 353
f 322 353 354
f 322 354 324
f 322 324 323
f 324 355 356
f 324 356 357
f 324 357 358
f 324 358 325
f 324 354 355
f 325 358 345
f 326 359 327
f 326 360 361
f 326 361 359
f 327 359 362
f 327 362 328
f 328 362 363
f 328 363 364
f 328 364 329
f 329 364 365
f 329 365 330
f 330 365 366
f 330 366 367
f 330 367 333
f 331 368 369
f 331 369 332
f 332 369 360
f 333 367 334
f 334 337 335
f 334 367 370
f 334 370 337
f 336 371 372
f 336 372 339
f 336 339 338
f 336 337 371
f 337 373 371
f 337 370 374
f 337 374 375
f 337 375 373
f 339 372 376
f 339 376 340
f 343 377 344
f 344 377 353
f 345 358 357
f 345 357 378
f 345 378 350
f 346 350 379
f 346 379 380
f 346 380 347
f 347 380 381
f 347 381 348
f 348 381 382
f 348 382 349
f 349 382 351
f 350 378 383
f 350 383 379
f 351 384 352
f 351 382 384
f 352 384 385
f 352 385 402
f 352 402 368
f 353 386 354
f 353 377 387
f 353 387 386
f 354 386 388
f 354 388 355
f 355 389 356
f 355 388 387
f 355 387 389
f 356 389 390
f 356 390 357
f 357 390 391
f 357 391 383
f 357 383 378
f 359 361 392
f 359 392 394
f 359 394 362
f 360 369 393
f 360 393 361
f 361 393 392
f 362 394 395
f 362 395 363
f 363 396 397
f 363 397 364
f 363 395 398
f 363 398 396
f 364 397 399
f 364 399 400
f 364 400 365
f 365 400 401
f 365 401 366
f 366 401 374
f 366 374 367
f 367 374 370
f 368 402 403
f 368 403 369
f 369 403 393
f 371 376 404
f 371 404 372
f 371 373 376
f 372 404 376
f 373 375 405
f 373 405 376
f 374 401 406
f 374 406 407
f 374 407 408
f 374 408 375
f 375 408 405
f 379 409 410
f 379 410 411
f 379 411 380
f 379 383 412
f 379 412 409
f 380 411 381
f 381 411 382
f 382 411 384
f 383 413 414
f 383 414 415
f 383 415 412
f 383 391 413
f 384 411 416
f 384 416 385
f 385 416 417
f 385 417 418
f 385 418 434
f 385 434 402
f 386 387 388
f 387 419 389
f 389 419 390
f 390 420 391
f 390 419 420
f 391 420 421
f 391 421 422
f 391 422 423
f 391 423 413
f 392 393 424
f 392 424 394
f 393 403 424
f 394 424 425
f 394 425 395
f 395 425 426
f 395 426 427
f 395 427 398
f 396 398 427
f 396 427 428
f 396 428 429
f 396 429 430
f 396 430 399
f 396 399 397
f 399 430 431
f 399 431 432
f 399 432 401
f 399 401 400
f 401 433 406
f 401 432 433
f 402 434 435
f 402 435 436
f 402 436 403
f 403 436 424
f 405 408 437
f 406 438 439
f 406 439 407
f 406 433 438
f 407 439 437
f 407 437 408
f 409 440 410
f 409 412 415
f 409 415 441
f 409 441 442
f 409 442 440
f 410 440 411
f 411 440 416
f 413 423 443
f 413 443 444
f 413 444 414
f 414 443 415
f 414 444 443
f 415 443 445
f 415 445 441
f 416 440 417
f 417 442 446
f 417 446 447
f 417 447 418
f 417 440 442
f 418 447 460
f 418 460 434
f 419 448 420
f 420 448 449
f 420 449 421
f 421 449 450
f 421 450 422
f 424 436 451
f 424 451 425
f 425 451 426
f 426 452 428
f 426 428 427
f 426 451 435
f 426 435 453
f 426 453 452
f 428 454 455
f 428 455 429
f 428 452 454
f 429 455 456
f 429 456 430
f 430 456 457
f 430 457 431
f 431 457 458
f 431 458 432
f 432 458 459
f 432 459 433
f 433 459 438
f 434 460 435
f 435 460 461
f 435 461 453
f 435 451 436
f 441 445 442
f 442 445 462
f 442 462 446
f 443 463 462
f 443 462 445
f 446 462 464
f 446 464 447
f 447 464 465
f 447 465 471
f 447 471 460
f 452 466 454
f 452 453 467
f 452 467 466
f 453 468 467
f 453 461 466
f 453 466 468
f 454 469 455
f 455 469 470
f 455 470 456
f 460 471 472
f 460 472 461
f 461 472 466
f 462 463 464
f 463 473 464
f 464 474 465
f 464 473 474
f 465 474 475
f 465 475 476
f 465 476 477
f 465 477 471
f 466 467 468
f 471 477 478
f 471 478 479
f 471 479 472
o convex_1
v -0.646114 -0.0572389 -0.506735
v -0.629697 -0.0736026 -0.504652
v -0.646114 -0.0736026 -0.504552
v -0.662379 -0.0736026 -0.501973
v -0.662379 -0.0572389 -0.504056
v -0.653867 0.212241 -0.505545
v -0.646114 0.212241 -0.506735
v 0.727761 -0.0572389 -0.506735
v -0.629697 -0.0876962 -0.496615
v 0.727761 -0.0736026 -0.504652
v -0.646114 -0.0876331 -0.496515
v -0.662379 -0.0864035 -0.495325
v -0.678797 -0.0835974 -0.492447
v -0.687157 -0.0818948 -0.49076
v -0.678797 -0.0736026 -0.495722
v -0.678797 -0.0572389 -0.497011
v -0.670132 0.212241 -0.500782
v -0.662379 0.212241 -0.504056
v 0.727761 0.212241 -0.506735
v 0.736426 0.212241 -0.506338
v 0.744179 -0.0572389 -0.505842
v 0.744179 -0.0736026 -0.504056
v -0.629697 -0.0958307 -0.482525
v -0.646114 -0.0957361 -0.482525
v 0.727761 -0.0876962 -0.496615
v 0.744179 -0.0876016 -0.496515
v -0.662379 -0.0941596 -0.482525
v -0.678797 -0.0896194 -0.482525
v -0.687613 -0.0736026 -0.491256
v -0.693542 -0.0837865 -0.480937
v -0.703422 -0.0818948 -0.474488
v -0.695822 -0.0736026 -0.483219
v -0.683205 0.212241 -0.494531
v -0.678797 0.212241 -0.497011
v -0.688221 -0.0572389 -0.491653
v 0.744179 0.212241 -0.505842
v 0.752843 0.212241 -0.503263
v 0.760596 -0.0572389 -0.500881
v 0.760596 -0.0736026 -0.499591
v 0.760596 -0.0858675 -0.494432
v -0.547915 -0.0981008 -0.473396
v -0.564332 -0.0981008 -0.473297
v -0.580597 -0.0981008 -0.473099
v -0.597015 -0.0981008 -0.472801
v 0.727761 -0.0958307 -0.482525
v -0.662379 -0.0976279 -0.466153
v -0.61328 -0.0981008 -0.472007
v -0.629697 -0.0981008 -0.469328
v 0.744179 -0.0957046 -0.482525
v 0.760596 -0.0936236 -0.482525
v -0.678797 -0.0955785 -0.466153
v -0.695062 -0.0896825 -0.466153
v -0.69643 -0.0572389 -0.483715
v -0.705246 -0.0836289 -0.466153
v -0.715887 -0.0723414 -0.448392
v -0.71984 -0.0660671 -0.442042
v -0.708439 -0.0736026 -0.466153
v -0.703878 -0.0736026 -0.474984
v -0.688221 0.212241 -0.491653
v 0.760596 0.212241 -0.500881
v 0.774885 -0.0572389 -0.493737
v 0.781877 -0.0736026 -0.489074
v 0.773669 -0.0736026 -0.493142
v 0.771237 -0.0834397 -0.491951
v 0.793278 -0.0853315 -0.47796
v 0.776709 -0.0880114 -0.483219
v 0.678814 -0.0981008 -0.473396
v 0.302587 -0.109861 -0.288146
v 0.286169 -0.109861 -0.288046
v 0.727761 -0.0981008 -0.472702
v 0.711496 -0.0981008 -0.473198
v -0.661163 -0.0980693 -0.44859
v -0.678797 -0.0976279 -0.449781
v -0.644898 -0.0980377 -0.464962
v 0.26808 -0.109861 -0.28626
v 0.204844 -0.109861 -0.268896
v 0.194507 -0.109861 -0.264233
v 0.161672 -0.109861 -0.247861
v 0.744179 -0.0980693 -0.47042
v 0.776861 -0.0964297 -0.466153
v 0.793278 -0.0916688 -0.466153
v -0.695062 -0.0942858 -0.449781
v -0.708135 -0.0865296 -0.449781
v -0.69643 0.212241 -0.483715
v -0.704334 -0.0572389 -0.47548
v -0.717559 -0.0745485 -0.433409
v -0.71984 -0.0572389 -0.442339
v -0.716951 -0.0572389 -0.450476
v -0.71984 -0.0663824 -0.433409
v -0.720144 -0.0572389 -0.433409
v -0.709807 -0.0572389 -0.466153
v 0.774885 0.212241 -0.493737
v 0.782941 -0.0572389 -0.489669
v 0.793278 -0.0736026 -0.482326
v 0.802247 -0.082683 -0.475182
v 0.318852 -0.109861 -0.288146
v 0.335269 -0.109861 -0.28755
v -0.678797 -0.0980062 -0.433409
v 0.140239 -0.109861 -0.235755
v 0.131574 -0.109861 -0.228314
v 0.115005 -0.109861 -0.212041
v 0.0985878 -0.109861 -0.195669
v 0.0812586 -0.109861 -0.176817
v -0.695062 -0.0958622 -0.433409
v 0.152552 -0.109861 -0.2429
v 0.140847 -0.109861 -0.236152
v 0.760748 -0.097754 -0.465458
v 0.766372 -0.0981008 -0.45633
v 0.448973 -0.109861 -0.252326
v 0.415987 -0.109861 -0.268102
v 0.350774 -0.109861 -0.284673
v 0.777013 -0.0980377 -0.450476
v 0.793278 -0.0955154 -0.449781
v 0.804527 -0.0847639 -0.466153
v 0.809999 -0.0868764 -0.449086
v 0.809695 -0.0912905 -0.433409
v -0.709503 -0.0877907 -0.433409
v -0.704334 0.212241 -0.47548
v -0.706919 0.212241 -0.471114
v -0.717711 -0.0745485 -0.417037
v -0.719992 0.212241 -0.438073
v -0.71984 0.212241 -0.442339
v -0.716951 0.212241 -0.450476
v -0.713303 0.212241 -0.458711
v -0.717711 -0.07458 0.0898967
v -0.71984 -0.0664139 0.0898967
v -0.720296 -0.0572389 0.0898967
v -0.72592 0.212241 0.0732271
v -0.724552 0.212241 -0.0571528
v -0.720144 0.212241 -0.433409
v -0.709807 0.212241 -0.466153
v 0.782941 0.212241 -0.489669
v 0.788414 0.212241 -0.486196
v 0.793278 -0.0572389 -0.483021
v 0.802703 -0.0736026 -0.475778
v 0.807719 -0.0736026 -0.466153
v 0.818968 -0.0736026 -0.444026
v 0.818512 -0.0827145 -0.443133
v -0.678797 -0.0980062 0.449781
v -0.695062 -0.0959568 0.106269
v -0.695062 -0.0959253 -0.417037
v 0.0710738 -0.109861 -0.159056
v 0.059673 -0.109861 -0.137326
v 0.0385435 -0.109861 -0.0938656
v 0.0356553 -0.109861 -0.0753108
v 0.0355033 -0.109861 -0.0735248
v 0.0345912 -0.109861 -0.0597327
v 0.482416 -0.109861 -0.230199
v 0.467367 -0.109861 -0.241411
v 0.791758 -0.0974387 -0.43202
v 0.794494 -0.0979432 -0.417037
v 0.782637 -0.0981008 -0.436584
v 0.548388 -0.109861 -0.15598
v 0.539268 -0.109861 -0.171657
v 0.529691 -0.109861 -0.185052
v 0.51373 -0.109861 -0.201126
v 0.497313 -0.109861 -0.217498
v 0.809695 -0.0927408 -0.417037
v 0.819576 -0.0839757 -0.433409
v -0.709503 -0.0878538 -0.417037
v -0.717711 -0.07458 0.433409
v -0.71984 -0.0664139 0.433409
v -0.720296 -0.0572389 0.433409
v -0.725768 0.212241 0.0898967
v -0.7206 -0.0408753 0.417037
v -0.720752 -0.0245116 0.417037
v 0.793278 0.212241 -0.483021
v 0.798143 0.212241 -0.47935
v 0.802703 -0.0572389 -0.475877
v 0.808023 -0.0572389 -0.466153
v 0.815016 -0.0572389 -0.452361
v 0.81912 -0.0572389 -0.444125
v 0.823528 -0.0572389 -0.433409
v 0.822464 -0.0736026 -0.433409
v -0.646114 -0.0980693 0.454941
v -0.678797 -0.0953262 0.466153
v -0.695062 -0.0937813 0.466153
v -0.695062 -0.0959253 0.449781
v -0.695062 -0.0959568 0.302533
v 0.0345912 -0.109861 0.0571528
v 0.0361113 -0.109861 0.0722348
v 0.0362633 -0.109861 0.0735248
v 0.0391515 -0.109861 0.0898967
v 0.0424958 -0.109861 0.104483
v 0.0561768 -0.109861 0.139806
v 0.0659055 -0.109861 0.156178
v 0.072898 -0.109861 0.16362
v 0.0812586 -0.109861 0.172451
v 0.0975238 -0.109861 0.188823
v 0.105428 -0.109861 0.196761
v 0.130206 -0.109861 0.221566
v 0.138111 -0.109861 0.229405
v 0.149208 -0.109861 0.237343
v 0.154224 -0.109861 0.240915
v 0.172465 -0.109861 0.252028
v 0.205148 -0.109861 0.2684
v 0.237982 -0.109861 0.284474
v 0.795862 -0.0979432 -0.400665
v 0.587759 -0.109861 -0.0571528
v 0.585631 -0.109861 -0.0735248
v 0.580919 -0.109861 -0.0905912
v 0.564806 -0.109861 -0.123335
v 0.796014 -0.0979432 -0.384393
v 0.820184 -0.0847639 -0.417037
v 0.809695 -0.0927408 0.0571528
v 0.824592 -0.0736026 -0.417037
v -0.709503 -0.0878538 0.449781
v -0.717711 -0.0745485 0.449781
v -0.71984 -0.0663824 0.449781
v -0.71984 -0.0660356 0.458513
v -0.720144 -0.0572389 0.449781
v -0.722424 0.212241 0.310372
v -0.720296 -0.0408753 0.449781
v 0.802703 0.212241 -0.475877
v 0.808023 0.212241 -0.466153
v 0.815016 0.212241 -0.452361
v 0.817144 0.212241 -0.448094
v 0.81912 0.212241 -0.444125
v 0.823528 0.212241 -0.433409
v 0.825201 0.212241 -0.424876
v 0.826721 -0.0572389 -0.417037
v -0.629697 -0.0980693 0.455933
v 0.253487 -0.109861 0.287649
v -0.0243891 -0.0872232 0.479548
v -0.678797 -0.0871917 0.479548
v -0.695062 -0.0866872 0.47925
v -0.61328 -0.0980693 0.45633
v -0.597015 -0.0980693 0.456627
v -0.580597 -0.0980693 0.456727
v 0.286169 -0.0953578 0.466153
v -0.706311 -0.0847324 0.477365
v -0.708743 -0.087034 0.466153
v 0.587759 -0.109861 0.0571528
v 0.796014 -0.0979432 -0.106269
v 0.820184 -0.0847639 0.0735248
v 0.809695 -0.0927093 0.433409
v 0.796014 -0.0979116 0.400665
v 0.824592 -0.0736026 0.433409
v -0.716495 -0.0723414 0.464863
v -0.71984 -0.0572389 0.45881
v -0.717255 -0.0572389 0.466947
v -0.720296 0.212241 0.449781
v 0.826721 0.212241 -0.417037
v 0.826721 -0.0572389 0.433409
v 0.269296 -0.109861 0.288046
v -0.662379 -0.0736026 0.487288
v 0.760596 -0.0872232 0.479548
v -0.678797 -0.0736026 0.487188
v -0.695062 -0.0736026 0.4857
v 0.727761 -0.0980693 0.456727
v 0.351686 -0.0953578 0.466153
v -0.708439 -0.0736026 0.47935
v 0.587607 -0.109861 0.0601296
v 0.795862 -0.0979116 0.417037
v 0.820184 -0.0847324 0.433409
v 0.819272 -0.0838181 0.449781
v 0.809695 -0.0910067 0.449781
v 0.793278 -0.0970919 0.449781
v 0.822464 -0.0736026 0.449781
v -0.718623 0.212241 0.46268
v -0.71984 0.212241 0.45881
v -0.717255 0.212241 0.466947
v -0.709047 -0.0572389 0.479747
v 0.826721 0.212241 0.433409
v 0.825353 0.212241 0.442042
v 0.823984 -0.0572389 0.449781
v 0.351686 -0.109861 0.288046
v -0.629697 -0.0618422 0.490264
v 0.727761 -0.0736026 0.487288
v 0.760596 -0.0953262 0.466153
v 0.776861 -0.0952316 0.466153
v 0.776861 -0.0871286 0.47935
v 0.760596 -0.0736026 0.487089
v -0.646114 -0.0613062 0.490264
v -0.678797 -0.0572389 0.489768
v -0.695062 -0.0572389 0.487288
v 0.744179 -0.0980693 0.456528
v 0.585935 -0.109861 0.0751123
v 0.79267 -0.0979747 0.4346
v 0.818208 -0.0825254 0.458711
v 0.808631 -0.0854576 0.464962
v 0.793278 -0.0924886 0.466153
v 0.778077 -0.0980693 0.450277
v 0.818968 -0.0736026 0.4601
v -0.709047 0.212241 0.479747
v 0.823984 0.212241 0.449781
v 0.819424 -0.0572389 0.461291
v 0.367951 -0.109861 0.287848
v -0.367934 0.0572436 0.505148
v -0.629697 -0.0536446 0.491256
v 0.629714 -0.0618422 0.490264
v 0.662397 -0.0613062 0.490264
v 0.64598 -0.0617161 0.490264
v 0.760596 -0.0980693 0.455734
v 0.776861 -0.0736026 0.486692
v 0.793278 -0.0852369 0.477464
v 0.760596 -0.0572389 0.48947
v 0.744179 -0.0572389 0.489768
v 0.695079 -0.0589415 0.490264
v 0.678814 -0.0604864 0.490264
v -0.646114 -0.0531401 0.491157
v -0.663139 -0.0570182 0.490264
v -0.658275 -0.0514376 0.49086
v -0.646114 -0.0408753 0.491753
v -0.660403 -0.0408753 0.491058
v -0.678797 -0.0408753 0.489967
v -0.695062 0.212241 0.487288
v 0.583199 -0.109861 0.0899959
v 0.579399 -0.109861 0.105872
v 0.78431 -0.0981323 0.440752
v 0.561309 -0.109861 0.153995
v 0.812584 -0.0736026 0.468336
v 0.802399 -0.0828722 0.475182
v 0.383457 -0.109861 0.28507
v 0.383761 -0.109861 0.28497
v 0.394097 -0.109861 0.280704
v 0.427844 -0.109861 0.264927
v 0.460526 -0.109861 0.248456
v 0.469191 -0.109861 0.242999
v 0.479984 -0.109861 0.235656
v 0.496249 -0.109861 0.219582
v 0.529083 -0.109861 0.186838
v 0.545348 -0.109861 0.170466
v 0.814104 -0.0572389 0.469427
v 0.819424 0.212241 0.461291
v 0.816688 0.212241 0.465558
v -0.0572235 0.0572436 0.505148
v -0.367934 0.0736073 0.506438
v -0.384351 0.0572436 0.505049
v -0.417034 0.0409115 0.503064
v -0.531498 -0.00814795 0.496912
v 0.64598 -0.05355 0.491256
v 0.433468 -0.0245116 0.494928
v 0.776861 -0.0572389 0.488875
v 0.793278 -0.0736026 0.482525
v 0.760596 0.212241 0.48947
v 0.744179 -0.0408753 0.489867
v 0.705112 -0.0408753 0.49076
v 0.662397 -0.0408753 0.491653
v 0.678814 -0.0523204 0.490959
v 0.662397 -0.0531401 0.491157
v -0.564332 -0.00814795 0.496317
v -0.498816 0.00818418 0.498897
v -0.400616 0.0572436 0.50485
v -0.449716 0.0409115 0.502568
v -0.580597 -0.00814795 0.495722
v -0.564332 0.00818418 0.496912
v -0.629697 -0.0245116 0.492943
v -0.417034 0.106303 0.506239
v -0.61328 -0.00814795 0.494035
v -0.629697 -0.00814795 0.493043
v -0.678797 0.212241 0.489967
v -0.564332 0.0245478 0.497111
v -0.466133 0.0899394 0.503263
v 0.804527 -0.0736026 0.476571
v 0.806047 -0.0572389 0.477365
v 0.814104 0.212241 0.469427
v -0.0243891 0.0572436 0.504949
v -0.0572235 0.0736073 0.506438
v 0.0572408 0.0409115 0.503064
v -0.384351 0.0899394 0.506735
v -0.384351 0.0736073 0.506338
v 0.0245585 0.0572436 0.504652
v 0.0899232 0.0409115 0.502866
v 0.793278 -0.0572389 0.48441
v 0.784614 0.212241 0.486791
v 0.776861 0.212241 0.488875
v 0.744179 0.212241 0.489867
v 0.735666 0.212241 0.490066
v 0.00829329 0.122667 0.506239
v 0.106188 0.0899394 0.504056
v 0.302587 0.0409115 0.499691
v 0.597032 -0.0245116 0.493142
v 0.705112 0.212241 0.49076
v 0.171705 0.0572436 0.502469
v 0.23707 0.0409115 0.50098
v 0.547932 -0.0245116 0.494035
v 0.351686 0.00818418 0.498202
v 0.0572408 0.0572436 0.504354
v -0.515233 0.0245478 0.499591
v -0.466133 0.0409115 0.502072
v -0.417034 0.0572436 0.504453
v -0.417034 0.0899394 0.505842
v -0.482398 0.0572436 0.501973
v -0.400616 0.0899394 0.506438
v -0.400616 0.106303 0.506735
v -0.417034 0.171726 0.506239
v -0.433451 0.106303 0.505247
v -0.629697 0.212241 0.493043
v -0.466133 0.18809 0.503263
v 0.806047 0.212241 0.477365
v -0.0408063 0.0736073 0.506338
v 0.00829329 0.0572436 0.504751
v -0.0408063 0.0899394 0.506735
v -0.400616 0.0736073 0.505842
v -0.433451 0.0572436 0.503957
v 0.793278 0.212241 0.48441
v 0.00829329 0.155394 0.506239
v -0.0081239 0.106303 0.506537
v 0.073506 0.0899394 0.504751
v 0.0245585 0.0899394 0.505743
v 0.343022 0.212241 0.498797
v 0.00829329 0.0899394 0.506041
v -0.0081239 0.0899394 0.506338
v 0.00829329 0.0736073 0.505644
v 0.171705 0.0409115 0.502072
v -0.0243891 0.0736073 0.50614
v -0.417034 0.0736073 0.505247
v -0.400616 0.171726 0.506735
v -0.400616 0.18809 0.506537
v -0.417034 0.18809 0.505942
v -0.433451 0.18809 0.505148
v -0.449716 0.18809 0.504255
v -0.433451 0.171726 0.505247
v -0.515233 0.212241 0.500187
v -0.0243891 0.0899394 0.506537
v -0.0243891 0.106303 0.506735
v 0.253487 0.204454 0.500782
v 0.155288 0.18809 0.502965
v 0.0409757 0.171726 0.505445
v -0.0081239 0.171726 0.506438
v -0.0081239 0.155394 0.506537
v 0.302587 0.212241 0.499691
v -0.384351 0.18809 0.506735
v -0.400616 0.204454 0.506041
v -0.384351 0.204454 0.506537
v -0.433451 0.204454 0.504652
v -0.449716 0.204454 0.503957
v -0.482398 0.212241 0.502072
v -0.482398 0.204454 0.502171
v -0.0243891 0.155394 0.506735
v 0.26124 0.212241 0.500583
v -0.0081239 0.18809 0.50614
v -0.0243891 0.18809 0.506438
v -0.0243891 0.171726 0.506636
v 0.171705 0.204454 0.502469
v -0.367934 0.204454 0.506735
v -0.400616 0.212241 0.505545
v -0.409281 0.212241 0.505247
v -0.425698 0.212241 0.504652
v -0.433451 0.212241 0.504354
v -0.384351 0.212241 0.506041
v -0.376599 0.212241 0.50614
v -0.449716 0.212241 0.503659
v -0.466133 0.212241 0.502866
v -0.0408063 0.18809 0.506636
v -0.0572235 0.18809 0.506735
v 0.195875 0.212241 0.501873
v -0.0243891 0.204454 0.505644
v 0.146775 0.212241 0.502766
v 0.0572408 0.204454 0.504552
v -0.0081239 0.204454 0.505445
v -0.367934 0.212241 0.506239
v -0.269887 0.204454 0.506735
v -0.0408063 0.204454 0.505842
v -0.0734886 0.204454 0.506041
v -0.0899058 0.204454 0.50614
v -0.171688 0.204454 0.506438
v -0.237053 0.204454 0.506636
v 0.0487282 0.212241 0.504255
v 0.0976758 0.212241 0.50356
v 0.0649934 0.212241 0.504056
v -0.261982 0.212241 0.506239
v -0.000371341 0.212241 0.504751
v -0.0408063 0.212241 0.505148
v -0.0734886 0.212241 0.505346
v -0.0899058 0.212241 0.505445
v -0.171688 0.212241 0.505842
v -0.237053 0.212241 0.50614
f 480 481 482
f 480 482 483
f 480 483 484
f 480 484 485
f 480 485 486
f 480 486 498
f 480 498 487
f 480 487 489
f 480 489 481
f 481 488 482
f 481 489 504
f 481 504 488
f 482 488 490
f 482 490 491
f 482 491 483
f 483 491 492
f 483 492 493
f 483 493 494
f 483 494 484
f 484 494 495
f 484 495 496
f 484 496 497
f 484 497 485
f 485 497 496
f 485 496 513
f 485 513 512
f 485 512 538
f 485 538 563
f 485 563 597
f 485 597 598
f 485 598 610
f 485 610 603
f 485 603 602
f 485 602 601
f 485 601 600
f 485 600 609
f 485 609 608
f 485 608 607
f 485 607 643
f 485 643 691
f 485 691 721
f 485 721 740
f 485 740 739
f 485 739 741
f 485 741 764
f 485 764 786
f 485 786 831
f 485 831 868
f 485 868 894
f 485 894 908
f 485 908 924
f 485 924 923
f 485 923 920
f 485 920 919
f 485 919 918
f 485 918 917
f 485 917 921
f 485 921 922
f 485 922 932
f 485 932 942
f 485 942 948
f 485 948 947
f 485 947 946
f 485 946 945
f 485 945 944
f 485 944 943
f 485 943 939
f 485 939 941
f 485 941 940
f 485 940 929
f 485 929 927
f 485 927 911
f 485 911 902
f 485 902 881
f 485 881 853
f 485 853 848
f 485 848 847
f 485 847 815
f 485 815 846
f 485 846 845
f 485 845 876
f 485 876 870
f 485 870 836
f 485 836 805
f 485 805 804
f 485 804 765
f 485 765 744
f 485 744 743
f 485 743 722
f 485 722 699
f 485 699 698
f 485 698 697
f 485 697 696
f 485 696 695
f 485 695 694
f 485 694 693
f 485 693 647
f 485 647 646
f 485 646 612
f 485 612 611
f 485 611 571
f 485 571 539
f 485 539 516
f 485 516 515
f 485 515 499
f 485 499 498
f 485 498 486
f 487 498 499
f 487 499 500
f 487 500 501
f 487 501 489
f 488 502 503
f 488 503 490
f 488 504 524
f 488 524 502
f 489 501 505
f 489 505 504
f 490 503 506
f 490 506 491
f 491 506 507
f 491 507 492
f 492 507 493
f 493 508 494
f 493 507 509
f 493 509 510
f 493 510 511
f 493 511 508
f 494 508 495
f 495 512 513
f 495 513 496
f 495 508 514
f 495 514 512
f 499 515 500
f 500 515 516
f 500 516 517
f 500 517 518
f 500 518 501
f 501 518 519
f 501 519 505
f 502 520 521
f 502 521 522
f 502 522 523
f 502 523 503
f 502 524 546
f 502 546 520
f 503 525 506
f 503 523 526
f 503 526 527
f 503 527 525
f 504 505 528
f 504 528 524
f 505 519 529
f 505 529 528
f 506 525 530
f 506 530 507
f 507 530 531
f 507 531 509
f 508 511 532
f 508 532 514
f 509 531 510
f 510 533 534
f 510 534 535
f 510 535 536
f 510 536 537
f 510 537 511
f 510 531 533
f 511 537 532
f 512 514 538
f 514 532 563
f 514 563 538
f 516 539 517
f 517 539 571
f 517 571 540
f 517 540 541
f 517 541 542
f 517 542 518
f 518 542 543
f 518 543 519
f 519 543 544
f 519 544 545
f 519 545 529
f 520 546 575
f 520 575 547
f 520 547 548
f 520 548 521
f 521 548 522
f 522 548 523
f 523 548 526
f 524 528 549
f 524 549 550
f 524 550 546
f 525 551 552
f 525 552 530
f 525 527 553
f 525 553 551
f 526 548 554
f 526 554 527
f 527 554 555
f 527 555 556
f 527 556 557
f 527 557 553
f 528 558 549
f 528 529 559
f 528 559 558
f 529 545 560
f 529 560 559
f 530 552 561
f 530 561 531
f 531 561 562
f 531 562 533
f 532 537 564
f 532 564 597
f 532 597 563
f 533 562 534
f 534 562 565
f 534 565 535
f 535 566 567
f 535 567 536
f 535 565 568
f 535 568 569
f 535 569 566
f 536 567 570
f 536 570 537
f 537 570 564
f 540 571 611
f 540 611 572
f 540 572 541
f 541 543 542
f 541 572 573
f 541 573 574
f 541 574 543
f 543 574 544
f 544 574 560
f 544 560 545
f 546 550 575
f 547 575 576
f 547 576 590
f 547 590 589
f 547 589 588
f 547 588 628
f 547 628 627
f 547 627 636
f 547 636 635
f 547 635 634
f 547 634 633
f 547 633 632
f 547 632 681
f 547 681 680
f 547 680 679
f 547 679 678
f 547 678 712
f 547 712 732
f 547 732 757
f 547 757 787
f 547 787 788
f 547 788 790
f 547 790 802
f 547 802 801
f 547 801 800
f 547 800 799
f 547 799 798
f 547 798 797
f 547 797 796
f 547 796 795
f 547 795 794
f 547 794 793
f 547 793 767
f 547 767 746
f 547 746 724
f 547 724 702
f 547 702 676
f 547 676 675
f 547 675 674
f 547 674 673
f 547 673 672
f 547 672 671
f 547 671 670
f 547 670 669
f 547 669 668
f 547 668 667
f 547 667 666
f 547 666 665
f 547 665 664
f 547 664 663
f 547 663 662
f 547 662 661
f 547 661 660
f 547 660 659
f 547 659 626
f 547 626 625
f 547 625 624
f 547 624 623
f 547 623 622
f 547 622 621
f 547 621 582
f 547 582 581
f 547 581 580
f 547 580 579
f 547 579 578
f 547 578 585
f 547 585 584
f 547 584 557
f 547 557 556
f 547 556 555
f 547 555 554
f 547 554 548
f 549 558 576
f 549 576 575
f 549 575 550
f 551 577 552
f 551 553 578
f 551 578 579
f 551 579 580
f 551 580 581
f 551 581 582
f 551 582 577
f 552 577 583
f 552 583 561
f 553 557 584
f 553 584 585
f 553 585 578
f 558 559 586
f 558 586 587
f 558 587 588
f 558 588 589
f 558 589 590
f 558 590 576
f 559 591 586
f 559 560 592
f 559 592 591
f 560 574 593
f 560 593 594
f 560 594 595
f 560 595 592
f 561 583 596
f 561 596 562
f 562 596 565
f 564 598 597
f 564 570 598
f 565 596 599
f 565 599 568
f 566 600 601
f 566 601 602
f 566 602 567
f 566 569 600
f 567 602 603
f 567 603 570
f 568 599 604
f 568 604 605
f 568 605 606
f 568 606 569
f 569 606 607
f 569 607 608
f 569 608 609
f 569 609 600
f 570 603 610
f 570 610 598
f 572 611 612
f 572 612 613
f 572 613 573
f 573 613 614
f 573 614 574
f 574 614 615
f 574 615 616
f 574 616 617
f 574 617 593
f 577 618 658
f 577 658 619
f 577 619 620
f 577 620 583
f 577 582 621
f 577 621 622
f 577 622 623
f 577 623 624
f 577 624 625
f 577 625 626
f 577 626 659
f 577 659 618
f 583 620 639
f 583 639 596
f 586 591 587
f 587 591 627
f 587 627 628
f 587 628 588
f 591 592 629
f 591 629 630
f 591 630 631
f 591 631 632
f 591 632 633
f 591 633 634
f 591 634 635
f 591 635 636
f 591 636 627
f 592 630 629
f 592 595 637
f 592 637 630
f 593 617 594
f 594 617 595
f 595 617 638
f 595 638 637
f 596 639 599
f 599 639 604
f 604 639 686
f 604 686 640
f 604 640 641
f 604 641 605
f 605 641 642
f 605 642 606
f 606 642 607
f 607 642 644
f 607 644 645
f 607 645 643
f 612 646 613
f 613 646 647
f 613 647 648
f 613 648 614
f 614 648 649
f 614 649 615
f 615 649 616
f 616 649 650
f 616 650 651
f 616 651 652
f 616 652 653
f 616 653 617
f 617 653 638
f 618 654 655
f 618 655 656
f 618 656 657
f 618 657 658
f 618 659 660
f 618 660 661
f 618 661 662
f 618 662 663
f 618 663 664
f 618 664 665
f 618 665 666
f 618 666 667
f 618 667 668
f 618 668 669
f 618 669 670
f 618 670 671
f 618 671 672
f 618 672 673
f 618 673 674
f 618 674 675
f 618 675 676
f 618 676 654
f 619 658 686
f 619 686 639
f 619 639 620
f 630 637 677
f 630 677 678
f 630 678 679
f 630 679 680
f 630 680 631
f 631 680 681
f 631 681 632
f 637 682 677
f 637 638 683
f 637 683 714
f 637 714 684
f 637 684 713
f 637 713 682
f 638 653 685
f 638 685 683
f 640 687 688
f 640 688 641
f 640 686 687
f 641 688 642
f 642 688 689
f 642 689 690
f 642 690 692
f 642 692 645
f 642 645 644
f 643 645 692
f 643 692 691
f 647 693 648
f 648 693 694
f 648 694 649
f 649 694 695
f 649 695 650
f 650 695 696
f 650 696 651
f 651 696 697
f 651 697 698
f 651 698 652
f 652 698 699
f 652 699 700
f 652 700 653
f 653 700 685
f 654 701 655
f 654 676 702
f 654 702 701
f 655 703 704
f 655 704 705
f 655 705 656
f 655 701 706
f 655 706 707
f 655 707 708
f 655 708 709
f 655 709 703
f 656 705 710
f 656 710 711
f 656 711 657
f 657 711 686
f 657 686 658
f 677 682 678
f 678 682 713
f 678 713 712
f 683 685 717
f 683 717 714
f 684 714 715
f 684 715 716
f 684 716 713
f 685 700 723
f 685 723 717
f 686 711 687
f 687 718 689
f 687 689 688
f 687 711 718
f 689 719 692
f 689 692 690
f 689 718 720
f 689 720 719
f 691 692 721
f 692 719 740
f 692 740 721
f 699 722 700
f 700 722 743
f 700 743 723
f 701 702 724
f 701 724 706
f 703 725 704
f 703 709 730
f 703 730 726
f 703 726 748
f 703 748 725
f 704 725 727
f 704 727 705
f 705 728 710
f 705 727 728
f 706 724 707
f 707 724 708
f 708 724 746
f 708 746 729
f 708 729 730
f 708 730 709
f 710 731 718
f 710 718 711
f 710 728 731
f 712 713 716
f 712 716 733
f 712 733 732
f 714 717 734
f 714 734 715
f 715 735 736
f 715 736 737
f 715 737 733
f 715 733 716
f 715 734 735
f 717 738 735
f 717 735 734
f 717 723 738
f 718 731 720
f 719 720 739
f 719 739 740
f 720 741 739
f 720 731 742
f 720 742 764
f 720 764 741
f 723 744 745
f 723 745 738
f 723 743 744
f 725 747 727
f 725 748 770
f 725 770 747
f 726 730 749
f 726 749 750
f 726 750 751
f 726 751 752
f 726 752 748
f 727 747 753
f 727 753 754
f 727 754 728
f 728 755 731
f 728 754 755
f 729 746 756
f 729 756 749
f 729 749 730
f 731 755 742
f 732 733 758
f 732 758 757
f 733 737 758
f 735 759 736
f 735 738 759
f 736 759 760
f 736 760 761
f 736 761 737
f 737 761 750
f 737 750 762
f 737 762 758
f 738 745 763
f 738 763 759
f 742 755 786
f 742 786 764
f 744 765 745
f 745 765 804
f 745 804 766
f 745 766 763
f 746 767 756
f 747 768 769
f 747 769 753
f 747 770 806
f 747 806 768
f 748 752 771
f 748 771 772
f 748 772 770
f 749 756 750
f 750 756 773
f 750 773 762
f 750 761 751
f 751 774 752
f 751 761 775
f 751 775 774
f 752 774 776
f 752 776 777
f 752 777 778
f 752 778 779
f 752 779 771
f 753 780 781
f 753 781 754
f 753 769 780
f 754 781 780
f 754 780 782
f 754 782 783
f 754 783 784
f 754 784 785
f 754 785 755
f 755 785 831
f 755 831 786
f 756 767 773
f 757 758 787
f 758 788 787
f 758 762 789
f 758 789 790
f 758 790 788
f 759 763 791
f 759 791 792
f 759 792 760
f 760 792 761
f 761 792 775
f 762 773 793
f 762 793 794
f 762 794 795
f 762 795 796
f 762 796 797
f 762 797 798
f 762 798 799
f 762 799 800
f 762 800 801
f 762 801 802
f 762 802 790
f 762 790 789
f 763 766 803
f 763 803 791
f 766 804 805
f 766 805 803
f 767 793 773
f 768 806 838
f 768 838 807
f 768 807 841
f 768 841 808
f 768 808 809
f 768 809 769
f 769 810 780
f 769 809 810
f 770 772 811
f 770 811 812
f 770 812 806
f 771 811 772
f 771 779 811
f 774 813 776
f 774 775 814
f 774 814 813
f 775 792 814
f 776 813 846
f 776 846 815
f 776 815 847
f 776 847 816
f 776 816 817
f 776 817 818
f 776 818 777
f 777 819 820
f 777 820 778
f 777 818 819
f 778 820 779
f 779 820 811
f 780 821 782
f 780 810 822
f 780 822 808
f 780 808 823
f 780 823 824
f 780 824 821
f 782 821 825
f 782 825 783
f 783 825 826
f 783 826 784
f 784 827 828
f 784 828 829
f 784 829 785
f 784 826 827
f 785 830 868
f 785 868 831
f 785 829 832
f 785 832 833
f 785 833 830
f 791 803 834
f 791 834 792
f 792 834 814
f 803 835 834
f 803 805 836
f 803 836 870
f 803 870 835
f 806 837 871
f 806 871 838
f 806 812 811
f 806 811 839
f 806 839 837
f 807 840 841
f 807 838 873
f 807 873 840
f 808 841 823
f 808 822 810
f 808 810 809
f 811 820 842
f 811 842 843
f 811 843 839
f 813 814 844
f 813 844 845
f 813 845 846
f 814 834 844
f 816 848 817
f 816 847 848
f 817 849 850
f 817 850 851
f 817 851 852
f 817 852 818
f 817 848 853
f 817 853 877
f 817 877 849
f 818 852 854
f 818 854 855
f 818 855 856
f 818 856 819
f 819 856 820
f 820 856 857
f 820 857 858
f 820 858 842
f 821 859 825
f 821 824 860
f 821 860 859
f 823 841 861
f 823 861 824
f 824 861 875
f 824 875 860
f 825 859 826
f 826 859 862
f 826 862 863
f 826 863 828
f 826 828 827
f 828 862 864
f 828 864 865
f 828 865 888
f 828 888 866
f 828 866 893
f 828 893 867
f 828 867 833
f 828 833 832
f 828 832 829
f 828 863 862
f 830 833 869
f 830 869 868
f 833 867 893
f 833 893 869
f 834 835 844
f 835 870 876
f 835 876 844
f 837 839 843
f 837 843 872
f 837 872 871
f 838 871 873
f 840 865 864
f 840 864 841
f 840 873 896
f 840 896 910
f 840 910 926
f 840 926 933
f 840 933 916
f 840 916 903
f 840 903 888
f 840 888 865
f 841 864 874
f 841 874 875
f 841 875 861
f 842 872 843
f 842 858 871
f 842 871 872
f 844 876 845
f 849 877 901
f 849 901 878
f 849 878 879
f 849 879 850
f 850 879 851
f 851 879 880
f 851 880 852
f 852 880 854
f 853 881 877
f 854 880 882
f 854 882 855
f 855 882 883
f 855 883 884
f 855 884 885
f 855 885 857
f 855 857 856
f 857 885 858
f 858 885 886
f 858 886 871
f 859 860 875
f 859 875 887
f 859 887 862
f 862 887 874
f 862 874 864
f 866 888 889
f 866 889 890
f 866 890 891
f 866 891 892
f 866 892 869
f 866 869 893
f 868 869 894
f 869 892 894
f 871 886 895
f 871 895 873
f 873 895 896
f 874 887 875
f 877 881 897
f 877 897 898
f 877 898 899
f 877 899 900
f 877 900 901
f 878 901 910
f 878 910 896
f 878 896 895
f 878 895 883
f 878 883 882
f 878 882 880
f 878 880 879
f 881 902 897
f 883 895 886
f 883 886 884
f 884 886 885
f 888 903 905
f 888 905 889
f 889 904 890
f 889 905 904
f 890 906 907
f 890 907 891
f 890 904 906
f 891 907 908
f 891 908 892
f 892 908 909
f 892 909 894
f 894 909 908
f 897 911 898
f 897 902 911
f 898 911 899
f 899 911 900
f 900 912 913
f 900 913 914
f 900 914 910
f 900 910 901
f 900 911 915
f 900 915 912
f 903 916 905
f 904 905 921
f 904 921 917
f 904 917 918
f 904 918 919
f 904 919 920
f 904 920 906
f 905 916 922
f 905 922 921
f 906 920 923
f 906 923 907
f 907 923 924
f 907 924 908
f 910 914 925
f 910 925 926
f 911 927 915
f 912 915 927
f 912 927 913
f 913 928 934
f 913 934 925
f 913 925 914
f 913 927 929
f 913 929 930
f 913 930 931
f 913 931 928
f 916 932 922
f 916 933 942
f 916 942 932
f 925 934 935
f 925 935 936
f 925 936 926
f 926 936 937
f 926 937 938
f 926 938 933
f 928 931 941
f 928 941 939
f 928 939 934
f 929 940 930
f 930 940 941
f 930 941 931
f 933 938 942
f 934 939 943
f 934 943 944
f 934 944 945
f 934 945 935
f 935 945 946
f 935 946 936
f 936 946 947
f 936 947 948
f 936 948 942
f 936 942 937
f 937 942 938
o convex_2
v -0.725841 0.269913 0.106215
v -0.725537 0.286267 0.106332
v -0.725537 0.286267 0.106215
v -0.725689 0.253442 0.106215
v -0.725689 0.253542 0.106332
v -0.724929 0.212258 0.139074
v -0.724625 0.212258 0.1632
v -0.724169 0.212258 0.195903
v -0.722041 0.212258 0.335291
v -0.720673 0.212258 0.424861
v -0.720521 0.302604 0.433439
v -0.721281 0.302604 0.384365
v -0.722345 0.302604 0.302627
v -0.724777 0.302604 0.106332
v -0.721737 0.302604 0.351662
v -0.724777 0.302604 0.106215
v -0.725537 0.237088 0.106215
v -0.725537 0.237188 0.106332
v -0.725233 0.220835 0.106215
v -0.724929 0.212258 0.106215
v -0.720521 0.212258 0.433439
v -0.720217 0.302604 0.44981
v -0.719913 0.312679 0.44981
v -0.720065 0.313262 0.433439
v -0.720217 0.313745 0.417107
v -0.720369 0.314145 0.400736
v -0.720673 0.315011 0.351662
v -0.721129 0.31566 0.269925
v -0.721281 0.315877 0.237222
v -0.721585 0.31621 0.171777
v -0.721737 0.316343 0.139074
v -0.721889 0.316443 0.106215
v 0.819425 0.212258 0.106215
v -0.720217 0.212258 0.44981
v -0.719913 0.302604 0.458818
v -0.719761 0.31183 0.458543
v -0.718545 0.320856 0.44981
v -0.718545 0.321439 0.433439
v -0.718545 0.321922 0.417107
v -0.718545 0.322322 0.400736
v -0.718545 0.322671 0.384365
v -0.718545 0.322971 0.368033
v -0.718545 0.323188 0.351662
v -0.718545 0.323354 0.335291
v -0.718545 0.323621 0.302627
v -0.718545 0.323737 0.286296
v -0.718545 0.323854 0.269925
v -0.718545 0.324054 0.237222
v -0.718545 0.324237 0.20448
v -0.718545 0.32447 0.155406
v -0.718545 0.32452 0.139074
v -0.718545 0.32457 0.122703
v -0.718545 0.324603 0.106332
v -0.718545 0.324603 0.106215
v 0.826873 0.212308 0.106215
v 0.826873 0.212258 0.106332
v -0.719913 0.212258 0.458818
v -0.717177 0.302604 0.466964
v -0.717177 0.317958 0.464849
v -0.709578 0.334029 0.466181
v -0.71049 0.334962 0.44981
v -0.71049 0.334962 0.122703
v -0.71049 0.334829 0.106215
v 0.826873 0.302604 0.106215
v 0.826873 0.212258 0.433439
v -0.717177 0.212258 0.466964
v -0.713378 0.212258 0.473034
v -0.70897 0.302604 0.479732
v -0.708818 0.318958 0.47934
v -0.706842 0.331115 0.477421
v -0.696355 0.342223 0.467277
v -0.702435 0.343139 0.44981
v -0.702587 0.343139 0.433439
v -0.702587 0.343139 0.122703
v -0.702435 0.343105 0.106215
v 0.825505 0.319058 0.106215
v 0.826873 0.302604 0.433439
v 0.823985 0.212258 0.44981
v -0.70897 0.212258 0.479732
v -0.695139 0.302604 0.487291
v -0.695139 0.318958 0.486194
v -0.695139 0.333896 0.479732
v -0.681916 0.343089 0.473465
v -0.691795 0.345087 0.462577
v -0.694227 0.346136 0.44981
v -0.694379 0.346419 0.433439
v -0.694379 0.346436 0.417107
v -0.694379 0.346436 0.139074
v -0.694379 0.346419 0.122703
v -0.694379 0.34622 0.106332
v -0.694379 0.346203 0.106215
v 0.821097 0.331914 0.106215
v 0.821097 0.331914 0.417107
v 0.825505 0.318958 0.433439
v 0.822921 0.318958 0.44981
v 0.823985 0.302604 0.44981
v 0.819425 0.212258 0.461285
v -0.695139 0.212258 0.487291
v -0.678724 0.302604 0.489954
v -0.678724 0.318958 0.488387
v -0.662462 0.335328 0.481142
v -0.677357 0.33671 0.479379
v -0.671125 0.343538 0.474405
v -0.662462 0.347485 0.466181
v -0.677357 0.345787 0.467277
v -0.662462 0.352132 0.44981
v -0.678724 0.35 0.44981
v -0.678724 0.351132 0.433439
v -0.678724 0.351699 0.417107
v -0.678724 0.352032 0.400736
v -0.678724 0.352115 0.384365
v -0.678724 0.352115 0.20448
v -0.678724 0.352065 0.188148
v -0.678724 0.350983 0.139074
v -0.678724 0.350483 0.122703
v -0.678724 0.3497 0.106215
v -0.678724 0.351832 0.171777
v -0.654406 0.359926 0.244271
v 0.813346 0.340041 0.106215
v 0.813194 0.340108 0.417107
v 0.821097 0.331848 0.433439
v 0.819881 0.330082 0.44981
v 0.818361 0.327967 0.459405
v 0.819121 0.318958 0.460697
v 0.819425 0.302604 0.461285
v 0.816689 0.212258 0.465554
v -0.678724 0.212258 0.489954
v -0.629632 0.286267 0.492891
v -0.665957 0.302604 0.49058
v -0.65471 0.310847 0.490698
v -0.674013 0.212258 0.490267
v -0.613369 0.253542 0.494066
v -0.596955 0.253542 0.495084
v -0.515185 0.220835 0.500176
v -0.564277 0.253542 0.497003
v -0.661094 0.317359 0.489249
v -0.646047 0.319207 0.489131
v -0.596955 0.335328 0.48357
v -0.613369 0.335328 0.4831
v -0.629632 0.335328 0.482512
v -0.646047 0.335328 0.481847
v -0.613369 0.34512 0.476207
v -0.629632 0.344687 0.475776
v -0.646047 0.344221 0.475267
v -0.662462 0.343772 0.474719
v -0.564277 0.353581 0.466181
v -0.547862 0.359476 0.457016
v -0.564277 0.359076 0.455841
v -0.629632 0.355579 0.44981
v -0.580692 0.358527 0.453922
v -0.596955 0.357994 0.451376
v -0.646047 0.353897 0.44981
v -0.605466 0.359876 0.441742
v -0.616257 0.359343 0.437786
v -0.629024 0.358577 0.432773
v -0.646047 0.356412 0.433439
v -0.639055 0.360075 0.410645
v -0.662462 0.354163 0.433439
v -0.662462 0.355512 0.417107
v -0.653798 0.359792 0.374417
v -0.65471 0.359992 0.36349
v -0.654862 0.360075 0.351662
v -0.66307 0.357344 0.351662
v -0.66307 0.357344 0.269925
v -0.654862 0.360075 0.269925
v -0.65471 0.360009 0.253554
v -0.662462 0.355179 0.171777
v -0.662462 0.35433 0.155406
v -0.662462 0.353331 0.139074
v -0.662462 0.352148 0.122703
v -0.662462 0.350816 0.106332
v -0.662462 0.350799 0.106215
v -0.646047 0.362407 0.302627
v -0.646047 0.36214 0.286296
v -0.629632 0.364888 0.302627
v -0.629632 0.364472 0.286296
v -0.629632 0.363856 0.269925
v -0.629632 0.363106 0.253554
v -0.652126 0.359626 0.233344
v 0.813194 0.340141 0.106215
v 0.804986 0.345304 0.368033
v 0.804986 0.345287 0.417107
v 0.813194 0.340024 0.433439
v 0.809394 0.339275 0.451337
v 0.813954 0.318958 0.468883
v 0.801339 0.343455 0.457838
v 0.809698 0.332164 0.465397
v 0.804226 0.329266 0.476129
v 0.814106 0.302604 0.46947
v 0.814106 0.212258 0.46947
v -0.580692 0.269913 0.495789
v -0.613369 0.286267 0.493635
v -0.417 0.237188 0.503035
v -0.400738 0.237188 0.503231
v -0.547862 0.286267 0.495045
v -0.629632 0.31133 0.490815
v -0.547862 0.321289 0.489797
v -0.580692 0.32059 0.48964
v -0.629632 0.319507 0.489288
v -0.5316 0.253542 0.49857
v -0.564277 0.269913 0.496416
v -0.466093 0.237188 0.501899
v -0.417 0.220835 0.504601
v -0.400738 0.220835 0.505071
v -0.384323 0.220835 0.505463
v -0.613369 0.212258 0.494066
v -0.580692 0.237188 0.496103
v -0.5316 0.220835 0.499158
v -0.515185 0.212258 0.500176
v -0.49877 0.212258 0.501155
v -0.482507 0.212258 0.502056
v -0.49877 0.220835 0.501077
v -0.5316 0.237188 0.49904
v -0.433415 0.335328 0.486742
v -0.44983 0.335328 0.486468
v -0.482507 0.335328 0.48592
v -0.5316 0.335328 0.48498
v -0.547862 0.335328 0.484666
v -0.580692 0.335328 0.483962
v -0.44983 0.348385 0.47887
v -0.466093 0.348085 0.478635
v -0.49877 0.347469 0.478165
v -0.5316 0.346852 0.477656
v -0.547862 0.346536 0.477382
v -0.564277 0.346186 0.477108
v -0.596955 0.345487 0.476559
v -0.547862 0.35433 0.466181
v -0.286138 0.359393 0.473544
v -0.5316 0.359726 0.457682
v -0.433415 0.366354 0.44981
v -0.44983 0.365788 0.44981
v -0.482507 0.364639 0.44981
v -0.49877 0.364039 0.44981
v -0.547862 0.362457 0.448831
v -0.564277 0.361891 0.447656
v -0.580692 0.361125 0.445736
v -0.596955 0.360309 0.44323
v -0.580692 0.363656 0.433439
v -0.596955 0.36214 0.433439
v -0.623249 0.360075 0.426898
v -0.634192 0.359393 0.421532
v -0.629024 0.360658 0.41648
v -0.613369 0.36254 0.417107
v -0.629632 0.362307 0.400736
v -0.641183 0.360475 0.400736
v -0.649391 0.358993 0.400736
v -0.652278 0.359493 0.384365
v -0.644071 0.361025 0.384365
v -0.647415 0.361291 0.368581
v -0.646047 0.362224 0.351662
v -0.646047 0.362457 0.335291
v -0.646047 0.362474 0.318959
v -0.646047 0.357844 0.188148
v -0.635408 0.359626 0.200642
v -0.646047 0.356878 0.171777
v -0.613369 0.362923 0.220851
v -0.624464 0.360142 0.193161
v -0.646047 0.354463 0.139074
v -0.617017 0.359659 0.182234
v -0.612305 0.35906 0.173109
v -0.629632 0.352298 0.106215
v -0.629632 0.365005 0.318959
v -0.613369 0.365721 0.318959
v -0.613369 0.365588 0.302627
v -0.613369 0.365288 0.286296
v -0.613369 0.364955 0.269925
v -0.613369 0.364472 0.253554
v -0.613369 0.363839 0.237222
v -0.629632 0.361341 0.220851
v 0.804986 0.345304 0.106215
v 0.793283 0.351199 0.253554
v 0.793283 0.351182 0.335291
v 0.780516 0.357561 0.318959
v 0.772309 0.361524 0.318959
v 0.804986 0.345204 0.433439
v 0.80377 0.344604 0.446911
v 0.805746 0.318958 0.477186
v 0.794803 0.345937 0.451337
v 0.790395 0.344687 0.461011
v 0.794803 0.340707 0.466337
v 0.793283 0.331848 0.478478
v 0.793283 0.318958 0.483531
v 0.80605 0.302604 0.477421
v 0.80605 0.212258 0.477421
v -0.482507 0.220835 0.501899
v -0.367908 0.220835 0.505698
v -0.466093 0.286267 0.495554
v -0.580692 0.302604 0.492421
v -0.367908 0.237188 0.503427
v -0.351645 0.286267 0.496259
v -0.466093 0.322988 0.49011
v -0.49877 0.322305 0.489993
v -0.269876 0.335328 0.488896
v -0.302553 0.335328 0.488505
v -0.400738 0.335328 0.487212
v -0.466093 0.220835 0.502643
v -0.44983 0.220835 0.503348
v -0.433415 0.220835 0.504014
v -0.417 0.212258 0.505032
v -0.400738 0.212258 0.505581
v -0.384323 0.212258 0.506051
v -0.376571 0.212258 0.506168
v -0.580692 0.212258 0.496103
v -0.5316 0.212258 0.499158
v -0.466093 0.212258 0.502878
v -0.269876 0.351432 0.48075
v -0.286138 0.351216 0.480593
v -0.318968 0.350633 0.48028
v -0.417 0.348967 0.479262
v -0.433415 0.348684 0.479066
v -0.269876 0.359609 0.473935
v -0.52324 0.359859 0.457995
v -0.417 0.357144 0.469431
v -0.269876 0.363639 0.46575
v -0.286138 0.36339 0.465397
v -0.302553 0.363156 0.464888
v -0.417 0.366887 0.44981
v -0.253461 0.375913 0.440841
v -0.269876 0.37568 0.440097
v -0.286138 0.37543 0.439235
v -0.302553 0.375197 0.438256
v -0.318968 0.374947 0.437081
v -0.5316 0.366637 0.433439
v -0.335231 0.374714 0.435632
v -0.286138 0.377961 0.43105
v -0.400738 0.372616 0.433439
v -0.417 0.371933 0.433439
v -0.433415 0.371233 0.433439
v -0.44983 0.370501 0.433439
v -0.482507 0.369035 0.433439
v -0.49877 0.368269 0.433439
v -0.547862 0.365821 0.433439
v -0.564277 0.364838 0.433439
v -0.596955 0.364239 0.417107
v -0.613369 0.364239 0.400736
v -0.629632 0.363439 0.384365
v -0.629632 0.364089 0.368033
v -0.629632 0.364688 0.351662
v -0.629632 0.364988 0.335291
v -0.596955 0.364872 0.237222
v -0.596955 0.363939 0.220851
v -0.613369 0.361707 0.20448
v -0.629632 0.358094 0.171777
v -0.612305 0.360375 0.187874
v -0.580692 0.36329 0.20448
v -0.482507 0.363373 0.155406
v -0.400738 0.362707 0.106332
v -0.580692 0.355995 0.122703
v -0.58054 0.35453 0.106215
v -0.613369 0.365721 0.335291
v -0.596955 0.36642 0.318959
v -0.596955 0.366437 0.335291
v -0.5316 0.369285 0.335291
v -0.596955 0.366254 0.302627
v -0.580692 0.367103 0.318959
v -0.564277 0.367786 0.318959
v -0.384323 0.375563 0.351662
v -0.44983 0.372682 0.335291
v -0.596955 0.365288 0.253554
v -0.580692 0.366903 0.302627
v -0.580692 0.365938 0.253554
v 0.793283 0.351199 0.106215
v 0.780516 0.357611 0.106215
v 0.772309 0.361558 0.302627
v 0.771701 0.361108 0.335291
v 0.760606 0.364022 0.302627
v 0.760606 0.363956 0.318959
v 0.793283 0.348335 0.433439
v 0.793283 0.302604 0.484471
v 0.776868 0.350616 0.433439
v 0.776868 0.348568 0.44981
v 0.776868 0.345504 0.463439
v 0.776868 0.342106 0.471625
v 0.776868 0.333929 0.480241
v 0.776868 0.318958 0.487526
v 0.776868 0.302604 0.488896
v 0.793283 0.212258 0.484471
v -0.44983 0.212258 0.503662
v -0.367908 0.212258 0.506286
v -0.351645 0.220835 0.505737
v -0.351645 0.325369 0.490463
v -0.351645 0.237188 0.503466
v -0.335231 0.253542 0.501155
v -0.286138 0.326735 0.490659
v -0.253461 0.335328 0.488935
v -0.253461 0.351499 0.480789
v -0.433415 0.212258 0.504367
v -0.253461 0.359676 0.474053
v -0.253461 0.363789 0.465867
v -0.400738 0.367403 0.44981
v -0.384323 0.367903 0.44981
v -0.269876 0.371267 0.44981
v -0.237046 0.376063 0.441272
v -0.253461 0.371666 0.44981
v -0.318968 0.369834 0.44981
v -0.237046 0.379127 0.433086
v -0.253461 0.378777 0.432655
v -0.269876 0.378361 0.431911
v -0.358485 0.376146 0.423412
v -0.302553 0.377545 0.43007
v -0.237046 0.382058 0.417107
v -0.318968 0.377129 0.428895
v -0.335231 0.376729 0.427446
v -0.347542 0.376413 0.426232
v -0.580692 0.365355 0.417107
v -0.613369 0.365072 0.384365
v -0.596955 0.365321 0.400736
v -0.613369 0.365338 0.368033
v -0.613369 0.365588 0.351662
v -0.596955 0.366337 0.351662
v -0.44983 0.372749 0.384365
v -0.351645 0.377062 0.400736
v -0.400738 0.374964 0.384365
v -0.564277 0.36652 0.253554
v -0.580692 0.365421 0.237222
v -0.580692 0.364539 0.220851
v -0.564277 0.363972 0.20448
v -0.596955 0.36254 0.20448
v -0.417 0.363423 0.122703
v -0.384171 0.363439 0.106215
v -0.417 0.361957 0.106215
v -0.384323 0.375697 0.384365
v -0.44983 0.372849 0.368033
v -0.366084 0.376479 0.368033
v -0.433415 0.373565 0.368033
v -0.351645 0.377129 0.384365
v -0.269876 0.380693 0.400736
v -0.302553 0.37926 0.384365
v -0.351645 0.377079 0.368033
v -0.318968 0.378428 0.368033
v -0.363956 0.376379 0.351662
v -0.433415 0.373332 0.335291
v -0.482507 0.371083 0.318959
v -0.384323 0.375247 0.335291
v -0.49877 0.369784 0.286296
v -0.5316 0.368152 0.269925
v -0.44983 0.372366 0.318959
v -0.400738 0.374614 0.335291
v -0.351645 0.376862 0.351662
v 0.772309 0.361558 0.106215
v 0.770333 0.360425 0.348607
v 0.760606 0.36319 0.335291
v 0.760606 0.364022 0.106215
v 0.744343 0.364955 0.106215
v 0.744191 0.364955 0.302627
v 0.744191 0.364905 0.318959
v 0.744191 0.364439 0.335291
v 0.768357 0.359826 0.359534
v 0.776868 0.35428 0.400736
v 0.776868 0.352481 0.417107
v 0.760606 0.357944 0.384365
v 0.751942 0.359826 0.375905
v 0.760606 0.356062 0.400736
v 0.760606 0.354014 0.417107
v 0.741151 0.360342 0.379469
v 0.744191 0.357278 0.400736
v 0.760606 0.351815 0.433439
v 0.760606 0.349467 0.44981
v 0.760606 0.34587 0.464731
v 0.760606 0.342822 0.472917
v 0.760606 0.334645 0.480593
v 0.760606 0.318958 0.488191
v 0.776868 0.212258 0.488896
v 0.760606 0.302604 0.489523
v -0.343894 0.212258 0.506325
v -0.286138 0.220835 0.505737
v -0.335231 0.237188 0.503505
v -0.302553 0.286267 0.496494
v -0.269876 0.326918 0.490659
v -0.253461 0.326935 0.490659
v 0.188065 0.335328 0.488935
v 0.204328 0.351499 0.480789
v -0.237046 0.363806 0.465867
v 0.188065 0.359676 0.474053
v -0.220783 0.37608 0.44135
v -0.237046 0.371833 0.44981
v -0.220783 0.379294 0.433164
v -0.220783 0.382358 0.417107
v -0.253461 0.381359 0.417107
v -0.269876 0.380593 0.417107
v -0.318968 0.378294 0.417107
v -0.36806 0.375896 0.417616
v -0.433415 0.372732 0.417107
v -0.44983 0.371916 0.417107
v -0.5316 0.367819 0.417107
v -0.237046 0.382058 0.400736
v -0.253461 0.381392 0.400736
v -0.596955 0.365854 0.384365
v -0.580692 0.366121 0.400736
v -0.547862 0.367719 0.400736
v -0.362588 0.376346 0.412485
v -0.44983 0.372482 0.400736
v -0.580692 0.36662 0.384365
v -0.547862 0.368419 0.368033
v -0.5316 0.369168 0.368033
v -0.466093 0.371999 0.384365
v -0.400738 0.374814 0.400736
v -0.373228 0.37608 0.400736
v -0.318968 0.378528 0.400736
v -0.482507 0.370351 0.286296
v -0.547862 0.36707 0.253554
v -0.335231 0.377462 0.351662
v -0.384323 0.374697 0.318959
v -0.49877 0.369235 0.269925
v -0.5316 0.36757 0.253554
v -0.564277 0.365904 0.237222
v -0.564277 0.365055 0.220851
v -0.351645 0.376463 0.338268
v -0.269876 0.38016 0.368033
v -0.5316 0.365088 0.20448
v -0.547862 0.364572 0.20448
v -0.367908 0.364106 0.106332
v -0.367908 0.364089 0.106215
v -0.302553 0.37926 0.400736
v -0.286138 0.379943 0.384365
v -0.269876 0.380609 0.384365
v -0.302553 0.379061 0.368033
v -0.361221 0.376263 0.341988
v 0.761974 0.361241 0.353111
v 0.744191 0.363256 0.351662
v 0.727928 0.365288 0.106215
v 0.727776 0.365288 0.302627
v 0.678836 0.366271 0.318959
v 0.695099 0.365938 0.318959
v 0.678836 0.366104 0.335291
v 0.695099 0.365754 0.335291
v 0.711514 0.365388 0.335291
v 0.727776 0.365022 0.335291
v 0.18077 0.376229 0.377119
v 0.727776 0.364355 0.351662
v 0.757566 0.360425 0.364978
v 0.745559 0.361191 0.369482
v 0.727776 0.362723 0.368033
v 0.727776 0.360725 0.381976
v 0.613329 0.35428 0.44981
v 0.417112 0.359609 0.456429
v 0.406473 0.359776 0.457525
v 0.395682 0.359959 0.458308
v 0.711514 0.363356 0.368033
v 0.678836 0.359076 0.403673
v 0.498882 0.360792 0.431441
v 0.188065 0.373115 0.417107
v 0.237158 0.369052 0.433439
v 0.732488 0.343355 0.474053
v 0.744191 0.343139 0.473583
v 0.36802 0.360409 0.45964
v 0.318927 0.361191 0.461912
v 0.721545 0.343555 0.474444
v 0.678836 0.344255 0.475345
v 0.646006 0.344787 0.475972
v 0.629744 0.345037 0.476285
v 0.580651 0.345837 0.477108
v 0.547974 0.34637 0.477578
v 0.678836 0.335328 0.482238
v 0.629744 0.335328 0.483413
v 0.613329 0.335328 0.483766
v 0.580651 0.335328 0.484392
v 0.727776 0.318958 0.488818
v 0.682028 0.309931 0.490698
v 0.695099 0.307283 0.49062
v 0.760606 0.212258 0.489523
v 0.727776 0.302604 0.490228
v 0.662421 0.286267 0.491716
v 0.713337 0.286267 0.49058
v 0.751942 0.212258 0.489719
v -0.318968 0.212258 0.506325
v -0.237046 0.237188 0.503505
v -0.278387 0.212258 0.506286
v -0.269876 0.220835 0.505698
v -0.155276 0.237188 0.503309
v -0.302553 0.269913 0.498844
v -0.269876 0.318741 0.491834
v 0.106296 0.326935 0.490659
v 0.155388 0.326918 0.490659
v 0.171651 0.326901 0.490659
v 0.188065 0.326768 0.490659
v 0.220743 0.335328 0.488857
v 0.220743 0.351482 0.480789
v -0.220783 0.37185 0.44981
v 0.106296 0.363806 0.465867
v 0.204328 0.359676 0.474014
v 0.122558 0.363789 0.465867
v -0.155276 0.37608 0.44135
v -0.155276 0.379294 0.433164
v -0.220783 0.382358 0.400736
v -0.155276 0.382358 0.417107
v -0.417 0.373532 0.417107
v -0.237046 0.381725 0.384365
v -0.253461 0.381226 0.384365
v -0.417 0.374048 0.400736
v -0.482507 0.371233 0.384365
v -0.286138 0.379643 0.368033
v -0.482507 0.369701 0.269925
v -0.336902 0.376712 0.333685
v -0.515185 0.368019 0.253554
v -0.547862 0.366337 0.237222
v -0.547862 0.365505 0.220851
v -0.253461 0.380626 0.368033
v -0.515185 0.365521 0.20448
v -0.433415 0.365138 0.155406
v -0.351645 0.364688 0.106332
v -0.351645 0.364672 0.106215
v 0.351605 0.372832 0.351662
v 0.564237 0.368569 0.318959
v 0.711514 0.365604 0.106215
v 0.629744 0.367253 0.139074
v 0.318927 0.373482 0.253554
v 0.0572034 0.378727 0.351662
v 0.106296 0.377745 0.335291
v -0.00815157 0.380043 0.384365
v 0.0409407 0.379061 0.368033
v 0.36802 0.372499 0.351662
v 0.613329 0.36722 0.351662
v 0.36802 0.372316 0.368033
v 0.629744 0.366853 0.351662
v 0.662421 0.366121 0.351662
v 0.711514 0.364888 0.351662
v 0.678836 0.365738 0.351662
v 0.695099 0.365338 0.351662
v 0.0572034 0.378511 0.400736
v 0.181226 0.376246 0.368033
v 0.0246779 0.379377 0.384365
v -0.0735066 0.381292 0.400736
v -0.0408291 0.380609 0.400736
v -0.0244143 0.38026 0.400736
v 0.0246779 0.37921 0.400736
v 0.449789 0.359093 0.453021
v 0.0246779 0.376729 0.428543
v 0.28625 0.364905 0.44981
v 0.204328 0.367553 0.44981
v 0.188065 0.368069 0.44981
v 0.695099 0.363872 0.368033
v 0.130766 0.376213 0.408882
v 0.119823 0.376396 0.410096
v 0.417112 0.365621 0.417107
v 0.0409407 0.376463 0.42682
v 0.28625 0.361724 0.463322
v 0.237158 0.359493 0.473583
v 0.171651 0.368535 0.44981
v 0.351605 0.360675 0.460384
v 0.220743 0.359659 0.473974
v 0.498882 0.347152 0.478283
v 0.466052 0.347685 0.478713
v 0.449789 0.347952 0.478909
v 0.433375 0.348201 0.479105
v 0.417112 0.348451 0.479262
v 0.547974 0.335328 0.48498
v 0.515144 0.335328 0.485528
v 0.482467 0.335328 0.486037
v 0.711514 0.318958 0.489053
v 0.482467 0.269913 0.495437
v 0.671085 0.310797 0.490698
v 0.269835 0.253542 0.49904
v 0.0734662 0.220835 0.503466
v 0.122558 0.220835 0.502839
v 0.155388 0.220835 0.502408
v 0.269835 0.237188 0.500019
v 0.580651 0.286267 0.493244
v 0.710602 0.301954 0.490541
v 0.613329 0.286267 0.492695
v 0.629744 0.286267 0.492382
v 0.547974 0.253542 0.494262
v 0.662421 0.212258 0.491716
v 0.400697 0.237188 0.497513
v 0.417112 0.237188 0.49716
v 0.36802 0.220835 0.498257
v 0.713337 0.212258 0.49058
v -0.122599 0.269913 0.498844
v -0.106184 0.253542 0.501037
v -0.139014 0.253542 0.501116
v -0.253461 0.212258 0.506207
v -0.237046 0.220835 0.505581
v -0.0899213 0.253542 0.500998
v -0.139014 0.237188 0.503231
v 0.662421 0.310931 0.490737
v 0.646006 0.311197 0.490776
v 0.089881 0.269913 0.498218
v 0.122558 0.318741 0.491834
v 0.220743 0.318075 0.491638
v 0.25342 0.325719 0.490541
v 0.237158 0.335328 0.488779
v 0.237158 0.351316 0.480711
v -0.0408291 0.37185 0.44981
v -0.0244143 0.371833 0.44981
v -0.0408291 0.37608 0.441037
v -0.122599 0.37608 0.441311
v -0.106184 0.37608 0.441272
v -0.0735066 0.37608 0.441193
v -0.139014 0.379244 0.433164
v -0.220783 0.381942 0.384365
v -0.155276 0.382358 0.400736
v -0.139014 0.382308 0.417107
v -0.139014 0.382325 0.400736
v -0.237046 0.380959 0.368033
v -0.482507 0.368869 0.253554
v -0.332495 0.376363 0.324364
v -0.253461 0.378961 0.335291
v -0.482507 0.366371 0.20448
v -0.482507 0.365538 0.188148
v -0.400738 0.365155 0.139074
v -0.335231 0.365171 0.106215
v 0.695251 0.365838 0.106215
v 0.180466 0.376229 0.293737
v -0.0408291 0.380676 0.384365
v -0.0244143 0.38036 0.384365
v 0.466052 0.370134 0.368033
v 0.662421 0.364838 0.368033
v 0.678836 0.364372 0.368033
v 0.482467 0.369751 0.368033
v 0.0734662 0.378145 0.400736
v -0.122599 0.382108 0.417107
v -0.0899213 0.381609 0.400736
v 0.0246779 0.375447 0.436728
v 0.00826318 0.376996 0.430227
v 0.106296 0.376612 0.411584
v 0.00826318 0.375697 0.438413
v -0.00815157 0.37593 0.43994
v 0.28625 0.373748 0.384365
v 0.089881 0.377745 0.400736
v -0.106184 0.381725 0.417107
v 0.25342 0.362257 0.464731
v 0.237158 0.362507 0.465397
v 0.220743 0.362773 0.465789
v 0.204328 0.36304 0.465867
v 0.188065 0.363306 0.465867
v -0.0244143 0.376063 0.440802
v 0.449789 0.335328 0.486507
v 0.433375 0.335328 0.486742
v 0.417112 0.335328 0.486938
v 0.662421 0.319124 0.489523
v 0.498882 0.269913 0.495163
v 0.351605 0.269913 0.496886
v 0.25342 0.253542 0.499158
v 0.629744 0.31964 0.48968
v -0.171691 0.220835 0.505228
v -0.122599 0.220835 0.504915
v 0.0246779 0.220835 0.503897
v 0.0409407 0.220835 0.503779
v 0.0486921 0.212258 0.504249
v 0.0649548 0.212258 0.504053
v 0.0160146 0.212258 0.504601
v 0.0813696 0.212258 0.503818
v 0.171651 0.220835 0.502173
v 0.28625 0.237188 0.499745
v 0.417112 0.253542 0.497003
v 0.531559 0.269913 0.494536
v 0.36802 0.237188 0.498178
v 0.547974 0.212258 0.494262
v 0.473956 0.212258 0.495907
v 0.302513 0.220835 0.499667
v 0.318927 0.220835 0.499314
v 0.36802 0.212258 0.498257
v 0.343094 0.212258 0.498805
v -0.188106 0.212258 0.505933
v -0.155276 0.212258 0.505776
v -0.106184 0.212258 0.505541
v 0.580651 0.32044 0.489836
v 0.547974 0.320973 0.489915
v 0.515144 0.321506 0.489993
v 0.466052 0.322288 0.49011
v 0.351605 0.324137 0.490345
v 0.433375 0.314644 0.491207
v 0.400697 0.302604 0.492852
v 0.36802 0.335328 0.487447
v -0.122599 0.379077 0.433125
v -0.220783 0.381076 0.368033
v -0.155276 0.381942 0.384365
v -0.122599 0.382175 0.400736
v -0.139014 0.381908 0.384365
v -0.106184 0.381692 0.384365
v -0.122599 0.381825 0.384365
v -0.253461 0.378095 0.318959
v -0.237046 0.379194 0.335291
v -0.253461 0.376063 0.281087
v -0.286138 0.369751 0.171777
v -0.278387 0.376229 0.294285
v -0.318968 0.365604 0.106215
v -0.302553 0.366004 0.106215
v -0.302553 0.366853 0.122703
v 0.678836 0.366004 0.106215
v 0.646006 0.366803 0.122703
v 0.36802 0.372366 0.220851
v 0.237158 0.37503 0.269925
v 0.138973 0.376946 0.302627
v -0.0899213 0.381509 0.384365
v -0.0735066 0.381242 0.384365
v -0.106184 0.381908 0.400736
v -0.106184 0.378844 0.433086
v -0.0899213 0.378594 0.433047
v -0.0408291 0.377795 0.43289
v -0.0244143 0.377528 0.432616
v -0.00815157 0.377262 0.431755
v 0.089881 0.376862 0.413347
v -0.0899213 0.381292 0.417107
v 0.302513 0.237188 0.499471
v 0.318927 0.237188 0.499158
v 0.0572034 0.237188 0.502095
v 0.00826318 0.220835 0.504014
v -0.0493404 0.212258 0.505228
v 0.13031 0.212258 0.503035
v 0.163139 0.212258 0.502487
v 0.204328 0.220835 0.501586
v 0.33519 0.237188 0.498844
v 0.269835 0.220835 0.500333
v 0.244909 0.212258 0.50092
v -0.269876 0.369002 0.155406
v -0.286138 0.366204 0.106215
v -0.253461 0.374564 0.253554
v -0.122599 0.381076 0.368033
v -0.106184 0.381059 0.368033
v -0.0899213 0.380992 0.368033
v 0.0409407 0.378844 0.335291
v 0.269835 0.374264 0.253554
v 0.122558 0.377112 0.302627
v 0.155388 0.376413 0.289585
v -0.0408291 0.38006 0.351662
v 0.138973 0.376513 0.288763
v -0.286138 0.367103 0.122703
v -0.286138 0.368869 0.155406
v 0.662573 0.366137 0.106215
v 0.662421 0.366154 0.106332
v 0.498882 0.369668 0.171777
v 0.237158 0.220835 0.500959
v 0.171651 0.212258 0.50233
v 0.220743 0.212258 0.50139
v 0.498882 0.369002 0.155406
v 0.646158 0.366204 0.106215
v -0.00815157 0.379194 0.335291
v 0.400697 0.371566 0.20448
v 0.302513 0.373465 0.237222
v 0.515144 0.368968 0.155406
v 0.089881 0.377329 0.302627
v 0.0409407 0.378261 0.318959
v 0.188065 0.212258 0.502017
f 949 950 951
f 949 951 964
f 949 964 980
f 949 980 1002
f 949 1002 1011
f 949 1011 1023
f 949 1023 1039
f 949 1039 1064
f 949 1064 1120
f 949 1120 1209
f 949 1209 1297
f 949 1297 1369
f 949 1369 1368
f 949 1368 1461
f 949 1461 1550
f 949 1550 1649
f 949 1649 1725
f 949 1725 1726
f 949 1726 1755
f 949 1755 1775
f 949 1775 1768
f 949 1768 1728
f 949 1728 1650
f 949 1650 1553
f 949 1553 1469
f 949 1469 1392
f 949 1392 1391
f 949 1391 1388
f 949 1388 1311
f 949 1311 1310
f 949 1310 1218
f 949 1218 1128
f 949 1128 1067
f 949 1067 1040
f 949 1040 1024
f 949 1024 1012
f 949 1012 1003
f 949 1003 981
f 949 981 968
f 949 968 967
f 949 967 965
f 949 965 952
f 949 952 953
f 949 953 954
f 949 954 955
f 949 955 956
f 949 956 957
f 949 957 958
f 949 958 959
f 949 959 960
f 949 960 950
f 950 961 962
f 950 962 964
f 950 964 951
f 950 960 963
f 950 963 961
f 952 965 966
f 952 966 953
f 953 966 954
f 954 966 965
f 954 965 967
f 954 967 968
f 954 968 981
f 954 981 1004
f 954 1004 1013
f 954 1013 1026
f 954 1026 1045
f 954 1045 1074
f 954 1074 1138
f 954 1138 1232
f 954 1232 1325
f 954 1325 1411
f 954 1411 1509
f 954 1509 1513
f 954 1513 1615
f 954 1615 1611
f 954 1611 1696
f 954 1696 1697
f 954 1697 1700
f 954 1700 1701
f 954 1701 1753
f 954 1753 1773
f 954 1773 1782
f 954 1782 1772
f 954 1772 1749
f 954 1749 1748
f 954 1748 1690
f 954 1690 1688
f 954 1688 1687
f 954 1687 1689
f 954 1689 1747
f 954 1747 1704
f 954 1704 1703
f 954 1703 1702
f 954 1702 1619
f 954 1619 1516
f 954 1516 1514
f 954 1514 1413
f 954 1413 1327
f 954 1327 1250
f 954 1250 1249
f 954 1249 1248
f 954 1248 1247
f 954 1247 1335
f 954 1335 1326
f 954 1326 1253
f 954 1253 1159
f 954 1159 1158
f 954 1158 1157
f 954 1157 1252
f 954 1252 1251
f 954 1251 1154
f 954 1154 1079
f 954 1079 1075
f 954 1075 1046
f 954 1046 1027
f 954 1027 1015
f 954 1015 1014
f 954 1014 1005
f 954 1005 982
f 954 982 969
f 954 969 958
f 954 958 957
f 954 957 956
f 954 956 955
f 958 969 959
f 959 969 982
f 959 982 970
f 959 970 971
f 959 971 960
f 960 971 963
f 961 963 971
f 961 971 962
f 962 971 972
f 962 972 973
f 962 973 974
f 962 974 975
f 962 975 976
f 962 976 977
f 962 977 978
f 962 978 979
f 962 979 980
f 962 980 964
f 970 983 984
f 970 984 971
f 970 982 1005
f 970 1005 983
f 971 984 985
f 971 985 972
f 972 985 973
f 973 985 974
f 974 985 975
f 975 985 986
f 975 986 976
f 976 986 987
f 976 987 988
f 976 988 977
f 977 988 978
f 978 988 989
f 978 989 979
f 979 989 980
f 980 989 990
f 980 990 991
f 980 991 992
f 980 992 993
f 980 993 994
f 980 994 995
f 980 995 996
f 980 996 997
f 980 997 998
f 980 998 999
f 980 999 1000
f 980 1000 1001
f 980 1001 1002
f 981 1003 1004
f 983 1005 1014
f 983 1014 1006
f 983 1006 984
f 984 1006 1007
f 984 1007 985
f 985 1007 1008
f 985 1008 1009
f 985 1009 986
f 986 1009 987
f 987 1009 988
f 988 1009 989
f 989 1009 990
f 990 1009 991
f 991 1009 992
f 992 1009 993
f 993 1009 994
f 994 1009 995
f 995 1009 996
f 996 1009 997
f 997 1009 998
f 998 1009 999
f 999 1009 1000
f 1000 1009 1001
f 1001 1009 1010
f 1001 1010 1002
f 1002 1010 1011
f 1003 1012 1025
f 1003 1025 1013
f 1003 1013 1004
f 1006 1014 1015
f 1006 1015 1016
f 1006 1016 1017
f 1006 1017 1007
f 1007 1017 1018
f 1007 1018 1008
f 1008 1018 1019
f 1008 1019 1020
f 1008 1020 1009
f 1009 1020 1021
f 1009 1021 1022
f 1009 1022 1010
f 1010 1022 1011
f 1011 1022 1023
f 1012 1024 1025
f 1013 1025 1044
f 1013 1044 1026
f 1015 1027 1016
f 1016 1027 1046
f 1016 1046 1028
f 1016 1028 1017
f 1017 1028 1029
f 1017 1029 1018
f 1018 1029 1030
f 1018 1030 1019
f 1019 1030 1031
f 1019 1031 1032
f 1019 1032 1020
f 1020 1032 1033
f 1020 1033 1034
f 1020 1034 1021
f 1021 1034 1035
f 1021 1035 1036
f 1021 1036 1022
f 1022 1036 1037
f 1022 1037 1023
f 1023 1037 1038
f 1023 1038 1039
f 1024 1040 1041
f 1024 1041 1042
f 1024 1042 1025
f 1025 1042 1043
f 1025 1043 1044
f 1026 1044 1073
f 1026 1073 1045
f 1028 1046 1075
f 1028 1075 1047
f 1028 1047 1029
f 1029 1047 1048
f 1029 1048 1030
f 1030 1048 1049
f 1030 1049 1050
f 1030 1050 1051
f 1030 1051 1031
f 1031 1051 1052
f 1031 1052 1053
f 1031 1053 1032
f 1032 1053 1054
f 1032 1054 1055
f 1032 1055 1033
f 1033 1055 1056
f 1033 1056 1057
f 1033 1057 1058
f 1033 1058 1034
f 1034 1058 1059
f 1034 1059 1035
f 1035 1059 1060
f 1035 1060 1036
f 1036 1060 1037
f 1037 1060 1061
f 1037 1061 1038
f 1038 1062 1063
f 1038 1063 1064
f 1038 1064 1039
f 1038 1061 1065
f 1038 1065 1066
f 1038 1066 1062
f 1040 1067 1041
f 1041 1067 1068
f 1041 1068 1069
f 1041 1069 1042
f 1042 1069 1070
f 1042 1070 1043
f 1043 1070 1071
f 1043 1071 1072
f 1043 1072 1044
f 1044 1072 1073
f 1045 1073 1074
f 1047 1076 1077
f 1047 1077 1078
f 1047 1078 1048
f 1047 1075 1079
f 1047 1079 1080
f 1047 1080 1081
f 1047 1081 1082
f 1047 1082 1083
f 1047 1083 1076
f 1048 1078 1084
f 1048 1084 1085
f 1048 1085 1086
f 1048 1086 1087
f 1048 1087 1088
f 1048 1088 1089
f 1048 1089 1049
f 1049 1089 1090
f 1049 1090 1091
f 1049 1091 1050
f 1050 1091 1092
f 1050 1092 1093
f 1050 1093 1051
f 1051 1093 1094
f 1051 1094 1095
f 1051 1095 1096
f 1051 1096 1052
f 1052 1097 1053
f 1052 1096 1098
f 1052 1098 1099
f 1052 1099 1097
f 1053 1097 1100
f 1053 1100 1054
f 1054 1100 1101
f 1054 1101 1102
f 1054 1102 1103
f 1054 1103 1104
f 1054 1104 1055
f 1055 1104 1105
f 1055 1105 1106
f 1055 1106 1107
f 1055 1107 1056
f 1056 1107 1108
f 1056 1108 1109
f 1056 1109 1057
f 1057 1109 1058
f 1058 1109 1110
f 1058 1110 1059
f 1059 1110 1111
f 1059 1111 1112
f 1059 1112 1060
f 1060 1112 1113
f 1060 1113 1061
f 1061 1113 1114
f 1061 1114 1065
f 1062 1066 1063
f 1063 1066 1064
f 1064 1066 1115
f 1064 1115 1116
f 1064 1116 1117
f 1064 1117 1118
f 1064 1118 1119
f 1064 1119 1120
f 1065 1114 1066
f 1066 1114 1121
f 1066 1121 1122
f 1066 1122 1123
f 1066 1123 1124
f 1066 1124 1125
f 1066 1125 1126
f 1066 1126 1127
f 1066 1127 1116
f 1066 1116 1115
f 1067 1128 1068
f 1068 1128 1129
f 1068 1129 1130
f 1068 1130 1223
f 1068 1223 1131
f 1068 1131 1069
f 1069 1131 1070
f 1070 1131 1132
f 1070 1132 1071
f 1071 1133 1072
f 1071 1132 1134
f 1071 1134 1135
f 1071 1135 1136
f 1071 1136 1133
f 1072 1133 1073
f 1073 1133 1137
f 1073 1137 1074
f 1074 1137 1138
f 1076 1083 1139
f 1076 1139 1077
f 1077 1139 1140
f 1077 1140 1078
f 1078 1141 1142
f 1078 1142 1143
f 1078 1143 1144
f 1078 1144 1145
f 1078 1145 1146
f 1078 1146 1147
f 1078 1147 1085
f 1078 1085 1084
f 1078 1140 1139
f 1078 1139 1148
f 1078 1148 1149
f 1078 1149 1150
f 1078 1150 1151
f 1078 1151 1152
f 1078 1152 1153
f 1078 1153 1141
f 1079 1154 1080
f 1080 1154 1251
f 1080 1251 1155
f 1080 1155 1156
f 1080 1156 1082
f 1080 1082 1081
f 1082 1156 1252
f 1082 1252 1157
f 1082 1157 1158
f 1082 1158 1159
f 1082 1159 1160
f 1082 1160 1161
f 1082 1161 1083
f 1083 1161 1139
f 1085 1147 1162
f 1085 1162 1163
f 1085 1163 1164
f 1085 1164 1165
f 1085 1165 1166
f 1085 1166 1167
f 1085 1167 1086
f 1086 1167 1168
f 1086 1168 1169
f 1086 1169 1170
f 1086 1170 1171
f 1086 1171 1087
f 1087 1171 1172
f 1087 1172 1173
f 1087 1173 1174
f 1087 1174 1088
f 1088 1174 1090
f 1088 1090 1089
f 1090 1175 1091
f 1090 1174 1176
f 1090 1176 1175
f 1091 1175 1094
f 1091 1094 1092
f 1092 1094 1093
f 1094 1175 1095
f 1095 1175 1177
f 1095 1177 1178
f 1095 1178 1179
f 1095 1179 1180
f 1095 1180 1181
f 1095 1181 1182
f 1095 1182 1096
f 1096 1182 1183
f 1096 1183 1098
f 1097 1099 1184
f 1097 1184 1185
f 1097 1185 1101
f 1097 1101 1100
f 1098 1183 1099
f 1099 1183 1184
f 1101 1185 1186
f 1101 1186 1187
f 1101 1187 1102
f 1102 1188 1103
f 1102 1187 1188
f 1103 1188 1104
f 1104 1188 1189
f 1104 1189 1105
f 1105 1189 1190
f 1105 1190 1191
f 1105 1191 1192
f 1105 1192 1193
f 1105 1193 1107
f 1105 1107 1106
f 1107 1193 1194
f 1107 1194 1195
f 1107 1195 1108
f 1108 1195 1196
f 1108 1196 1197
f 1108 1197 1198
f 1108 1198 1109
f 1109 1198 1199
f 1109 1199 1110
f 1110 1199 1200
f 1110 1200 1113
f 1110 1113 1112
f 1110 1112 1111
f 1113 1200 1121
f 1113 1121 1114
f 1116 1127 1201
f 1116 1201 1202
f 1116 1202 1203
f 1116 1203 1117
f 1117 1203 1204
f 1117 1204 1205
f 1117 1205 1118
f 1118 1205 1206
f 1118 1206 1119
f 1119 1206 1207
f 1119 1207 1208
f 1119 1208 1209
f 1119 1209 1120
f 1121 1200 1210
f 1121 1210 1123
f 1121 1123 1122
f 1123 1210 1211
f 1123 1211 1212
f 1123 1212 1213
f 1123 1213 1214
f 1123 1214 1124
f 1124 1214 1215
f 1124 1215 1125
f 1125 1215 1216
f 1125 1216 1126
f 1126 1216 1217
f 1126 1217 1201
f 1126 1201 1127
f 1128 1218 1129
f 1129 1218 1310
f 1129 1310 1219
f 1129 1219 1220
f 1129 1220 1130
f 1130 1220 1221
f 1130 1221 1222
f 1130 1222 1223
f 1131 1223 1224
f 1131 1224 1132
f 1132 1224 1134
f 1133 1136 1225
f 1133 1225 1137
f 1134 1136 1135
f 1134 1224 1226
f 1134 1226 1227
f 1134 1227 1228
f 1134 1228 1136
f 1136 1228 1229
f 1136 1229 1230
f 1136 1230 1225
f 1137 1225 1231
f 1137 1231 1232
f 1137 1232 1138
f 1139 1161 1233
f 1139 1233 1148
f 1141 1153 1234
f 1141 1234 1142
f 1142 1235 1236
f 1142 1236 1143
f 1142 1234 1237
f 1142 1237 1238
f 1142 1238 1235
f 1143 1236 1144
f 1144 1236 1239
f 1144 1239 1240
f 1144 1240 1145
f 1145 1240 1241
f 1145 1241 1146
f 1146 1241 1242
f 1146 1242 1243
f 1146 1243 1162
f 1146 1162 1147
f 1148 1233 1244
f 1148 1244 1245
f 1148 1245 1246
f 1148 1246 1150
f 1148 1150 1149
f 1150 1246 1151
f 1151 1246 1247
f 1151 1247 1248
f 1151 1248 1152
f 1152 1248 1249
f 1152 1249 1153
f 1153 1249 1250
f 1153 1250 1234
f 1155 1251 1252
f 1155 1252 1156
f 1159 1233 1160
f 1159 1253 1233
f 1160 1233 1161
f 1162 1243 1254
f 1162 1254 1163
f 1163 1254 1164
f 1164 1254 1255
f 1164 1255 1165
f 1165 1255 1166
f 1166 1255 1256
f 1166 1256 1257
f 1166 1257 1167
f 1167 1257 1258
f 1167 1258 1168
f 1168 1258 1259
f 1168 1259 1169
f 1169 1259 1170
f 1170 1259 1171
f 1171 1259 1172
f 1172 1259 1176
f 1172 1176 1173
f 1173 1176 1174
f 1175 1260 1177
f 1175 1176 1261
f 1175 1261 1260
f 1176 1259 1262
f 1176 1262 1263
f 1176 1263 1264
f 1176 1264 1260
f 1176 1260 1261
f 1177 1260 1265
f 1177 1265 1178
f 1178 1265 1266
f 1178 1266 1267
f 1178 1267 1179
f 1179 1267 1268
f 1179 1268 1180
f 1180 1268 1269
f 1180 1269 1181
f 1181 1269 1270
f 1181 1270 1182
f 1182 1271 1183
f 1182 1270 1272
f 1182 1272 1273
f 1182 1273 1274
f 1182 1274 1275
f 1182 1275 1276
f 1182 1276 1277
f 1182 1277 1278
f 1182 1278 1279
f 1182 1279 1271
f 1183 1271 1280
f 1183 1280 1281
f 1183 1281 1184
f 1184 1281 1186
f 1184 1186 1185
f 1186 1281 1282
f 1186 1282 1187
f 1187 1282 1191
f 1187 1191 1188
f 1188 1191 1189
f 1189 1191 1190
f 1191 1282 1283
f 1191 1283 1192
f 1192 1284 1193
f 1192 1283 1284
f 1193 1284 1196
f 1193 1196 1194
f 1194 1196 1195
f 1196 1284 1197
f 1197 1284 1198
f 1198 1284 1285
f 1198 1285 1286
f 1198 1286 1287
f 1198 1287 1199
f 1199 1287 1210
f 1199 1210 1200
f 1201 1217 1202
f 1202 1217 1204
f 1202 1204 1203
f 1204 1216 1288
f 1204 1288 1289
f 1204 1289 1290
f 1204 1290 1205
f 1204 1217 1216
f 1205 1290 1291
f 1205 1291 1206
f 1206 1291 1207
f 1207 1291 1290
f 1207 1290 1289
f 1207 1289 1292
f 1207 1292 1293
f 1207 1293 1294
f 1207 1294 1208
f 1208 1294 1295
f 1208 1295 1296
f 1208 1296 1297
f 1208 1297 1209
f 1210 1287 1298
f 1210 1298 1211
f 1211 1299 1212
f 1211 1298 1300
f 1211 1300 1301
f 1211 1301 1299
f 1212 1302 1213
f 1212 1299 1303
f 1212 1303 1304
f 1212 1304 1305
f 1212 1305 1306
f 1212 1306 1302
f 1213 1307 1214
f 1213 1302 1308
f 1213 1308 1309
f 1213 1309 1307
f 1214 1307 1288
f 1214 1288 1215
f 1215 1288 1216
f 1219 1310 1311
f 1219 1311 1220
f 1220 1311 1221
f 1221 1311 1312
f 1221 1312 1222
f 1222 1313 1223
f 1222 1312 1314
f 1222 1314 1315
f 1222 1315 1313
f 1223 1313 1224
f 1224 1316 1226
f 1224 1313 1316
f 1225 1230 1317
f 1225 1317 1231
f 1226 1316 1318
f 1226 1318 1319
f 1226 1319 1227
f 1227 1319 1320
f 1227 1320 1321
f 1227 1321 1228
f 1228 1321 1229
f 1229 1321 1322
f 1229 1322 1323
f 1229 1323 1230
f 1230 1323 1324
f 1230 1324 1317
f 1231 1317 1325
f 1231 1325 1232
f 1233 1253 1326
f 1233 1326 1244
f 1234 1250 1327
f 1234 1327 1328
f 1234 1328 1330
f 1234 1330 1237
f 1235 1238 1329
f 1235 1329 1239
f 1235 1239 1236
f 1237 1330 1331
f 1237 1331 1332
f 1237 1332 1238
f 1238 1332 1329
f 1239 1329 1241
f 1239 1241 1240
f 1241 1329 1332
f 1241 1332 1333
f 1241 1333 1334
f 1241 1334 1254
f 1241 1254 1242
f 1242 1254 1243
f 1244 1326 1245
f 1245 1326 1335
f 1245 1335 1247
f 1245 1247 1246
f 1254 1334 1336
f 1254 1336 1259
f 1254 1259 1255
f 1255 1259 1256
f 1256 1259 1257
f 1257 1259 1258
f 1259 1336 1337
f 1259 1337 1262
f 1260 1338 1265
f 1260 1264 1339
f 1260 1339 1338
f 1262 1340 1263
f 1262 1337 1341
f 1262 1341 1342
f 1262 1342 1340
f 1263 1340 1264
f 1264 1340 1343
f 1264 1343 1339
f 1265 1338 1266
f 1266 1338 1339
f 1266 1339 1343
f 1266 1343 1340
f 1266 1340 1342
f 1266 1342 1341
f 1266 1341 1344
f 1266 1344 1267
f 1267 1344 1345
f 1267 1345 1268
f 1268 1345 1269
f 1269 1345 1270
f 1270 1345 1346
f 1270 1346 1273
f 1270 1273 1272
f 1271 1279 1347
f 1271 1347 1280
f 1273 1348 1274
f 1273 1346 1349
f 1273 1349 1348
f 1274 1348 1275
f 1275 1348 1350
f 1275 1350 1276
f 1276 1350 1351
f 1276 1351 1352
f 1276 1352 1277
f 1277 1352 1278
f 1278 1352 1279
f 1279 1352 1347
f 1280 1353 1281
f 1280 1347 1353
f 1281 1353 1282
f 1282 1353 1283
f 1283 1354 1284
f 1283 1353 1355
f 1283 1355 1354
f 1284 1354 1285
f 1285 1354 1286
f 1286 1354 1287
f 1287 1354 1356
f 1287 1356 1357
f 1287 1357 1358
f 1287 1358 1359
f 1287 1359 1360
f 1287 1360 1361
f 1287 1361 1298
f 1288 1307 1309
f 1288 1309 1362
f 1288 1362 1363
f 1288 1363 1364
f 1288 1364 1289
f 1289 1364 1365
f 1289 1365 1293
f 1289 1293 1366
f 1289 1366 1292
f 1292 1366 1293
f 1293 1365 1294
f 1294 1367 1368
f 1294 1368 1295
f 1294 1365 1367
f 1295 1369 1297
f 1295 1297 1296
f 1295 1368 1369
f 1298 1361 1370
f 1298 1370 1462
f 1298 1462 1371
f 1298 1371 1373
f 1298 1373 1300
f 1299 1301 1372
f 1299 1372 1303
f 1300 1373 1375
f 1300 1375 1374
f 1300 1374 1301
f 1301 1374 1375
f 1301 1375 1376
f 1301 1376 1372
f 1302 1306 1308
f 1303 1372 1304
f 1304 1372 1377
f 1304 1377 1305
f 1305 1377 1378
f 1305 1378 1379
f 1305 1379 1306
f 1306 1380 1308
f 1306 1379 1380
f 1308 1380 1381
f 1308 1381 1309
f 1309 1382 1383
f 1309 1383 1384
f 1309 1384 1362
f 1309 1381 1385
f 1309 1385 1386
f 1309 1386 1387
f 1309 1387 1382
f 1311 1388 1312
f 1312 1388 1391
f 1312 1391 1314
f 1313 1389 1316
f 1313 1315 1390
f 1313 1390 1389
f 1314 1391 1392
f 1314 1392 1393
f 1314 1393 1394
f 1314 1394 1315
f 1315 1394 1395
f 1315 1395 1390
f 1316 1389 1396
f 1316 1396 1397
f 1316 1397 1398
f 1316 1398 1318
f 1317 1324 1411
f 1317 1411 1325
f 1318 1398 1399
f 1318 1399 1400
f 1318 1400 1401
f 1318 1401 1402
f 1318 1402 1319
f 1319 1402 1403
f 1319 1403 1404
f 1319 1404 1405
f 1319 1405 1406
f 1319 1406 1320
f 1320 1406 1407
f 1320 1407 1408
f 1320 1408 1321
f 1321 1408 1322
f 1322 1408 1409
f 1322 1409 1323
f 1323 1409 1410
f 1323 1410 1324
f 1324 1410 1412
f 1324 1412 1509
f 1324 1509 1411
f 1327 1413 1328
f 1328 1413 1514
f 1328 1514 1414
f 1328 1414 1515
f 1328 1515 1415
f 1328 1415 1330
f 1330 1415 1331
f 1331 1415 1519
f 1331 1519 1416
f 1331 1416 1332
f 1332 1416 1417
f 1332 1417 1333
f 1333 1417 1418
f 1333 1418 1521
f 1333 1521 1419
f 1333 1419 1420
f 1333 1420 1334
f 1334 1420 1422
f 1334 1422 1336
f 1336 1421 1337
f 1336 1422 1528
f 1336 1528 1421
f 1337 1421 1423
f 1337 1423 1424
f 1337 1424 1341
f 1341 1424 1423
f 1341 1423 1425
f 1341 1425 1344
f 1344 1425 1426
f 1344 1426 1349
f 1344 1349 1345
f 1345 1349 1346
f 1347 1352 1427
f 1347 1427 1428
f 1347 1428 1429
f 1347 1429 1430
f 1347 1430 1431
f 1347 1431 1432
f 1347 1432 1433
f 1347 1433 1353
f 1348 1349 1350
f 1349 1426 1533
f 1349 1533 1434
f 1349 1434 1435
f 1349 1435 1375
f 1349 1375 1427
f 1349 1427 1352
f 1349 1352 1351
f 1349 1351 1350
f 1353 1433 1355
f 1354 1436 1356
f 1354 1355 1437
f 1354 1437 1438
f 1354 1438 1439
f 1354 1439 1440
f 1354 1440 1538
f 1354 1538 1436
f 1355 1433 1432
f 1355 1432 1431
f 1355 1431 1437
f 1356 1436 1441
f 1356 1441 1442
f 1356 1442 1357
f 1357 1442 1443
f 1357 1443 1358
f 1358 1443 1359
f 1359 1443 1442
f 1359 1442 1444
f 1359 1444 1445
f 1359 1445 1446
f 1359 1446 1360
f 1360 1446 1427
f 1360 1427 1447
f 1360 1447 1361
f 1361 1447 1462
f 1361 1462 1370
f 1362 1448 1449
f 1362 1449 1363
f 1362 1384 1450
f 1362 1450 1448
f 1363 1451 1452
f 1363 1452 1453
f 1363 1453 1454
f 1363 1454 1455
f 1363 1455 1364
f 1363 1449 1456
f 1363 1456 1457
f 1363 1457 1451
f 1364 1455 1458
f 1364 1458 1459
f 1364 1459 1365
f 1365 1459 1460
f 1365 1460 1368
f 1365 1368 1367
f 1368 1460 1461
f 1371 1462 1375
f 1371 1375 1373
f 1372 1376 1463
f 1372 1463 1377
f 1375 1435 1376
f 1375 1462 1427
f 1376 1435 1463
f 1377 1463 1378
f 1378 1463 1464
f 1378 1464 1465
f 1378 1465 1387
f 1378 1387 1379
f 1379 1387 1386
f 1379 1386 1380
f 1380 1386 1385
f 1380 1385 1381
f 1382 1387 1450
f 1382 1450 1466
f 1382 1466 1383
f 1383 1466 1384
f 1384 1466 1450
f 1387 1465 1450
f 1389 1390 1396
f 1390 1467 1396
f 1390 1395 1468
f 1390 1468 1467
f 1392 1469 1470
f 1392 1470 1393
f 1393 1470 1471
f 1393 1471 1472
f 1393 1472 1394
f 1394 1473 1474
f 1394 1474 1475
f 1394 1475 1476
f 1394 1476 1395
f 1394 1472 1477
f 1394 1477 1473
f 1395 1476 1478
f 1395 1478 1468
f 1396 1398 1397
f 1396 1467 1479
f 1396 1479 1399
f 1396 1399 1398
f 1399 1479 1400
f 1400 1479 1480
f 1400 1480 1401
f 1401 1480 1403
f 1401 1403 1402
f 1403 1480 1481
f 1403 1481 1404
f 1404 1406 1405
f 1404 1481 1482
f 1404 1482 1406
f 1406 1483 1484
f 1406 1484 1485
f 1406 1485 1486
f 1406 1486 1407
f 1406 1482 1487
f 1406 1487 1488
f 1406 1488 1489
f 1406 1489 1490
f 1406 1490 1491
f 1406 1491 1483
f 1407 1492 1493
f 1407 1493 1408
f 1407 1486 1494
f 1407 1494 1495
f 1407 1495 1492
f 1408 1493 1409
f 1409 1493 1492
f 1409 1492 1496
f 1409 1496 1497
f 1409 1497 1498
f 1409 1498 1499
f 1409 1499 1500
f 1409 1500 1501
f 1409 1501 1502
f 1409 1502 1410
f 1410 1502 1503
f 1410 1503 1504
f 1410 1504 1505
f 1410 1505 1506
f 1410 1506 1507
f 1410 1507 1508
f 1410 1508 1412
f 1412 1508 1510
f 1412 1510 1511
f 1412 1511 1512
f 1412 1512 1513
f 1412 1513 1509
f 1414 1514 1516
f 1414 1516 1517
f 1414 1517 1518
f 1414 1518 1515
f 1415 1515 1616
f 1415 1616 1519
f 1416 1519 1520
f 1416 1520 1417
f 1417 1520 1418
f 1418 1520 1519
f 1418 1519 1616
f 1418 1616 1521
f 1419 1521 1522
f 1419 1522 1523
f 1419 1523 1524
f 1419 1524 1525
f 1419 1525 1526
f 1419 1526 1420
f 1420 1526 1422
f 1421 1527 1423
f 1421 1528 1631
f 1421 1631 1527
f 1422 1526 1529
f 1422 1529 1530
f 1422 1530 1528
f 1423 1527 1631
f 1423 1631 1531
f 1423 1531 1532
f 1423 1532 1425
f 1425 1532 1534
f 1425 1534 1426
f 1426 1534 1639
f 1426 1639 1533
f 1427 1462 1447
f 1427 1446 1445
f 1427 1445 1428
f 1428 1445 1429
f 1429 1439 1430
f 1429 1445 1439
f 1430 1439 1535
f 1430 1535 1431
f 1431 1535 1439
f 1431 1439 1437
f 1434 1533 1536
f 1434 1536 1537
f 1434 1537 1464
f 1434 1464 1435
f 1435 1464 1463
f 1436 1538 1445
f 1436 1445 1441
f 1437 1439 1438
f 1439 1445 1538
f 1439 1538 1440
f 1441 1445 1539
f 1441 1539 1442
f 1442 1539 1445
f 1442 1445 1444
f 1448 1450 1449
f 1449 1450 1456
f 1450 1465 1540
f 1450 1540 1456
f 1451 1453 1452
f 1451 1457 1453
f 1453 1541 1454
f 1453 1457 1542
f 1453 1542 1541
f 1454 1541 1543
f 1454 1543 1544
f 1454 1544 1545
f 1454 1545 1455
f 1455 1545 1458
f 1456 1540 1457
f 1457 1537 1536
f 1457 1536 1546
f 1457 1546 1542
f 1457 1540 1537
f 1458 1545 1547
f 1458 1547 1548
f 1458 1548 1549
f 1458 1549 1459
f 1459 1549 1460
f 1460 1549 1550
f 1460 1550 1461
f 1464 1537 1465
f 1465 1537 1540
f 1467 1468 1479
f 1468 1480 1479
f 1468 1478 1481
f 1468 1481 1480
f 1469 1551 1552
f 1469 1552 1471
f 1469 1471 1470
f 1469 1553 1554
f 1469 1554 1555
f 1469 1555 1556
f 1469 1556 1557
f 1469 1557 1558
f 1469 1558 1559
f 1469 1559 1551
f 1471 1552 1551
f 1471 1551 1560
f 1471 1560 1477
f 1471 1477 1472
f 1473 1477 1474
f 1474 1561 1563
f 1474 1563 1475
f 1474 1477 1562
f 1474 1562 1561
f 1475 1563 1564
f 1475 1564 1476
f 1476 1565 1478
f 1476 1564 1566
f 1476 1566 1567
f 1476 1567 1565
f 1477 1568 1562
f 1477 1560 1569
f 1477 1569 1570
f 1477 1570 1571
f 1477 1571 1572
f 1477 1572 1573
f 1477 1573 1574
f 1477 1574 1568
f 1478 1565 1487
f 1478 1487 1481
f 1481 1487 1482
f 1483 1575 1484
f 1483 1491 1576
f 1483 1576 1575
f 1484 1575 1577
f 1484 1577 1578
f 1484 1578 1485
f 1485 1578 1579
f 1485 1579 1486
f 1486 1579 1494
f 1487 1565 1580
f 1487 1580 1581
f 1487 1581 1582
f 1487 1582 1490
f 1487 1490 1488
f 1488 1490 1583
f 1488 1583 1489
f 1489 1583 1490
f 1490 1582 1584
f 1490 1584 1491
f 1491 1584 1576
f 1492 1495 1585
f 1492 1585 1586
f 1492 1586 1496
f 1494 1579 1587
f 1494 1587 1588
f 1494 1588 1495
f 1495 1588 1587
f 1495 1587 1585
f 1496 1586 1497
f 1497 1586 1498
f 1498 1586 1499
f 1499 1586 1589
f 1499 1589 1500
f 1500 1589 1501
f 1501 1590 1502
f 1501 1589 1590
f 1502 1590 1591
f 1502 1591 1503
f 1503 1591 1592
f 1503 1592 1593
f 1503 1593 1504
f 1504 1593 1594
f 1504 1594 1505
f 1505 1595 1506
f 1505 1594 1595
f 1506 1595 1596
f 1506 1596 1597
f 1506 1597 1598
f 1506 1598 1507
f 1507 1599 1508
f 1507 1598 1600
f 1507 1600 1601
f 1507 1601 1602
f 1507 1602 1603
f 1507 1603 1604
f 1507 1604 1605
f 1507 1605 1599
f 1508 1599 1606
f 1508 1606 1607
f 1508 1607 1510
f 1510 1607 1608
f 1510 1608 1609
f 1510 1609 1511
f 1511 1610 1696
f 1511 1696 1611
f 1511 1611 1615
f 1511 1615 1512
f 1511 1609 1695
f 1511 1695 1612
f 1511 1612 1613
f 1511 1613 1614
f 1511 1614 1610
f 1512 1615 1513
f 1515 1518 1617
f 1515 1617 1618
f 1515 1618 1524
f 1515 1524 1523
f 1515 1523 1616
f 1516 1619 1517
f 1517 1619 1620
f 1517 1620 1518
f 1518 1621 1617
f 1518 1620 1622
f 1518 1622 1623
f 1518 1623 1624
f 1518 1624 1625
f 1518 1625 1621
f 1521 1626 1522
f 1521 1616 1626
f 1522 1626 1523
f 1523 1626 1616
f 1524 1627 1628
f 1524 1628 1629
f 1524 1629 1525
f 1524 1618 1617
f 1524 1617 1621
f 1524 1621 1627
f 1525 1629 1526
f 1526 1629 1630
f 1526 1630 1589
f 1526 1589 1529
f 1528 1530 1632
f 1528 1632 1631
f 1529 1589 1530
f 1530 1589 1633
f 1530 1633 1632
f 1531 1631 1634
f 1531 1634 1532
f 1532 1634 1635
f 1532 1635 1636
f 1532 1636 1633
f 1532 1633 1637
f 1532 1637 1640
f 1532 1640 1534
f 1533 1638 1536
f 1533 1639 1715
f 1533 1715 1638
f 1534 1640 1641
f 1534 1641 1639
f 1536 1638 1642
f 1536 1642 1546
f 1541 1643 1543
f 1541 1542 1546
f 1541 1546 1644
f 1541 1644 1643
f 1543 1547 1545
f 1543 1545 1544
f 1543 1643 1646
f 1543 1646 1547
f 1546 1642 1645
f 1546 1645 1644
f 1547 1646 1647
f 1547 1647 1648
f 1547 1648 1548
f 1548 1648 1549
f 1549 1649 1550
f 1549 1648 1649
f 1551 1569 1560
f 1551 1559 1558
f 1551 1558 1569
f 1553 1650 1651
f 1553 1651 1554
f 1554 1651 1555
f 1555 1651 1556
f 1556 1651 1652
f 1556 1652 1653
f 1556 1653 1558
f 1556 1558 1557
f 1558 1570 1569
f 1558 1653 1571
f 1558 1571 1570
f 1561 1562 1568
f 1561 1568 1654
f 1561 1654 1563
f 1563 1654 1564
f 1564 1654 1657
f 1564 1657 1566
f 1565 1655 1656
f 1565 1656 1580
f 1565 1567 1581
f 1565 1581 1655
f 1566 1657 1567
f 1567 1657 1581
f 1568 1658 1654
f 1568 1574 1659
f 1568 1659 1658
f 1571 1653 1652
f 1571 1652 1660
f 1571 1660 1659
f 1571 1659 1572
f 1572 1659 1573
f 1573 1659 1574
f 1575 1576 1661
f 1575 1661 1577
f 1576 1662 1661
f 1576 1584 1663
f 1576 1663 1662
f 1577 1661 1578
f 1578 1661 1664
f 1578 1664 1579
f 1579 1664 1665
f 1579 1665 1587
f 1580 1656 1581
f 1581 1656 1655
f 1581 1657 1666
f 1581 1666 1667
f 1581 1667 1668
f 1581 1668 1582
f 1582 1663 1584
f 1582 1668 1663
f 1585 1587 1669
f 1585 1669 1586
f 1586 1669 1670
f 1586 1670 1671
f 1586 1671 1589
f 1587 1670 1669
f 1587 1665 1670
f 1589 1630 1594
f 1589 1594 1593
f 1589 1593 1592
f 1589 1592 1591
f 1589 1591 1590
f 1589 1671 1672
f 1589 1672 1673
f 1589 1673 1674
f 1589 1674 1633
f 1594 1630 1595
f 1595 1630 1596
f 1596 1630 1597
f 1597 1630 1675
f 1597 1675 1598
f 1598 1675 1676
f 1598 1676 1677
f 1598 1677 1678
f 1598 1678 1600
f 1599 1679 1606
f 1599 1605 1692
f 1599 1692 1679
f 1600 1680 1681
f 1600 1681 1601
f 1600 1678 1682
f 1600 1682 1623
f 1600 1623 1683
f 1600 1683 1684
f 1600 1684 1680
f 1601 1681 1746
f 1601 1746 1685
f 1601 1685 1686
f 1601 1686 1602
f 1602 1687 1688
f 1602 1688 1603
f 1602 1686 1689
f 1602 1689 1687
f 1603 1688 1604
f 1604 1688 1690
f 1604 1690 1691
f 1604 1691 1605
f 1605 1691 1692
f 1606 1679 1607
f 1607 1679 1608
f 1608 1679 1609
f 1609 1679 1693
f 1609 1693 1744
f 1609 1744 1694
f 1609 1694 1752
f 1609 1752 1695
f 1610 1614 1697
f 1610 1697 1696
f 1612 1695 1752
f 1612 1752 1698
f 1612 1698 1699
f 1612 1699 1613
f 1613 1699 1614
f 1614 1700 1697
f 1614 1699 1753
f 1614 1753 1701
f 1614 1701 1700
f 1619 1702 1620
f 1620 1702 1703
f 1620 1703 1704
f 1620 1704 1683
f 1620 1683 1623
f 1620 1623 1622
f 1621 1625 1627
f 1623 1682 1705
f 1623 1705 1706
f 1623 1706 1707
f 1623 1707 1624
f 1624 1707 1708
f 1624 1708 1709
f 1624 1709 1710
f 1624 1710 1711
f 1624 1711 1625
f 1625 1711 1627
f 1627 1711 1710
f 1627 1710 1709
f 1627 1709 1628
f 1628 1709 1629
f 1629 1709 1708
f 1629 1708 1707
f 1629 1707 1706
f 1629 1706 1705
f 1629 1705 1682
f 1629 1682 1678
f 1629 1678 1712
f 1629 1712 1630
f 1630 1712 1677
f 1630 1677 1676
f 1630 1676 1675
f 1631 1632 1634
f 1632 1633 1636
f 1632 1636 1635
f 1632 1635 1634
f 1633 1674 1637
f 1637 1713 1640
f 1637 1674 1713
f 1638 1714 1642
f 1638 1715 1757
f 1638 1757 1714
f 1639 1641 1717
f 1639 1717 1715
f 1640 1713 1659
f 1640 1659 1716
f 1640 1716 1641
f 1641 1716 1718
f 1641 1718 1719
f 1641 1719 1717
f 1642 1720 1645
f 1642 1714 1721
f 1642 1721 1722
f 1642 1722 1723
f 1642 1723 1720
f 1643 1644 1646
f 1644 1645 1724
f 1644 1724 1725
f 1644 1725 1646
f 1645 1720 1726
f 1645 1726 1727
f 1645 1727 1725
f 1645 1725 1724
f 1646 1725 1647
f 1647 1725 1648
f 1648 1725 1649
f 1650 1728 1729
f 1650 1729 1730
f 1650 1730 1651
f 1651 1730 1731
f 1651 1731 1732
f 1651 1732 1733
f 1651 1733 1734
f 1651 1734 1652
f 1652 1734 1735
f 1652 1735 1660
f 1654 1658 1657
f 1657 1658 1666
f 1658 1667 1666
f 1658 1659 1668
f 1658 1668 1667
f 1659 1660 1735
f 1659 1735 1716
f 1659 1713 1736
f 1659 1736 1737
f 1659 1737 1674
f 1659 1674 1738
f 1659 1738 1739
f 1659 1739 1668
f 1661 1662 1664
f 1662 1740 1664
f 1662 1663 1741
f 1662 1741 1740
f 1663 1668 1742
f 1663 1742 1741
f 1664 1740 1665
f 1665 1740 1739
f 1665 1739 1738
f 1665 1738 1674
f 1665 1674 1670
f 1668 1739 1740
f 1668 1740 1742
f 1670 1674 1671
f 1671 1674 1672
f 1672 1674 1673
f 1674 1737 1736
f 1674 1736 1713
f 1677 1712 1678
f 1679 1692 1743
f 1679 1743 1744
f 1679 1744 1693
f 1680 1745 1681
f 1680 1684 1745
f 1681 1745 1746
f 1683 1704 1747
f 1683 1747 1684
f 1684 1747 1746
f 1684 1746 1745
f 1685 1746 1747
f 1685 1747 1686
f 1686 1747 1689
f 1690 1748 1691
f 1691 1748 1749
f 1691 1749 1750
f 1691 1750 1743
f 1691 1743 1692
f 1694 1744 1751
f 1694 1751 1752
f 1698 1752 1753
f 1698 1753 1699
f 1714 1754 1755
f 1714 1755 1756
f 1714 1756 1721
f 1714 1757 1774
f 1714 1774 1754
f 1715 1717 1758
f 1715 1758 1757
f 1716 1735 1734
f 1716 1734 1733
f 1716 1733 1718
f 1717 1719 1759
f 1717 1759 1758
f 1718 1733 1760
f 1718 1760 1730
f 1718 1730 1761
f 1718 1761 1762
f 1718 1762 1763
f 1718 1763 1719
f 1719 1764 1759
f 1719 1763 1765
f 1719 1765 1764
f 1720 1723 1726
f 1721 1756 1755
f 1721 1755 1766
f 1721 1766 1722
f 1722 1766 1767
f 1722 1767 1723
f 1723 1767 1726
f 1725 1727 1726
f 1726 1767 1766
f 1726 1766 1755
f 1728 1768 1769
f 1728 1769 1770
f 1728 1770 1729
f 1729 1770 1730
f 1730 1732 1731
f 1730 1770 1777
f 1730 1777 1761
f 1730 1760 1732
f 1732 1760 1733
f 1740 1741 1742
f 1743 1750 1771
f 1743 1771 1744
f 1744 1771 1752
f 1744 1752 1751
f 1749 1772 1750
f 1750 1772 1782
f 1750 1782 1771
f 1752 1771 1782
f 1752 1782 1773
f 1752 1773 1753
f 1754 1774 1775
f 1754 1775 1755
f 1757 1758 1774
f 1758 1759 1764
f 1758 1764 1765
f 1758 1765 1776
f 1758 1776 1775
f 1758 1775 1774
f 1761 1777 1762
f 1762 1777 1763
f 1763 1777 1778
f 1763 1778 1765
f 1765 1778 1769
f 1765 1769 1779
f 1765 1779 1780
f 1765 1780 1781
f 1765 1781 1776
f 1768 1775 1769
f 1769 1775 1779
f 1769 1778 1777
f 1769 1777 1770
f 1775 1776 1779
f 1776 1781 1779
f 1779 1781 1780
o convex_3
v -0.720103 0.212241 -0.125176
v -0.724148 0.212241 -0.0825494
v -0.806666 0.242761 0.00816335
v -0.804401 0.243785 -0.00818985
v -0.812491 0.250281 -0.00818985
v -0.818316 0.260891 -0.0173857
v -0.804077 0.258661 -0.0353923
v -0.805372 0.269904 -0.0367287
v -0.720103 0.302609 -0.125176
v 0.826873 0.212241 -0.125176
v -0.724472 0.212241 -0.0653808
v -0.807152 0.242761 0.0245166
v -0.815242 0.247433 0.0245166
v -0.814918 0.247855 0.00816335
v -0.819934 0.25845 -0.00818985
v -0.822684 0.269904 -0.00818985
v -0.818639 0.269904 -0.0179746
v -0.813624 0.269904 -0.0261512
v -0.817992 0.294681 -0.0165703
v -0.718647 0.320619 -0.125176
v -0.719941 0.312435 -0.125176
v 0.826873 0.302609 -0.125176
v 0.826873 0.212241 0.0985363
v -0.725928 0.212241 0.0733044
v -0.805695 0.243424 0.0408924
v -0.725766 0.212241 0.089952
v -0.724957 0.212241 0.106215
v -0.813947 0.249226 0.0408924
v -0.820257 0.257395 0.0408924
v -0.821552 0.255616 0.0245166
v -0.82139 0.256023 0.00816335
v -0.825921 0.269904 0.00816335
v -0.821876 0.286271 -0.00818985
v -0.818316 0.286271 -0.017363
v -0.819125 0.296264 -0.00818985
v -0.80068 0.310401 -0.0126745
v -0.702305 0.34315 -0.125176
v -0.709262 0.336218 -0.125176
v -0.710395 0.334967 -0.125176
v -0.711689 0.332781 -0.125176
v 0.826873 0.302609 0.106215
v 0.825578 0.318961 -0.125176
v 0.826873 0.212302 0.106215
v 0.81943 0.212241 0.106215
v -0.80343 0.244524 0.0514246
v -0.725604 0.237199 0.106215
v -0.793237 0.269904 0.0752296
v -0.805695 0.269904 0.068412
v -0.804077 0.258329 0.0673927
v -0.798091 0.247418 0.0623192
v -0.809255 0.253733 0.0564302
v -0.818478 0.260032 0.0505186
v -0.823332 0.269904 0.0408924
v -0.826082 0.269904 0.0245166
v -0.824788 0.286271 0.00816335
v -0.820257 0.297711 0.00816335
v -0.808122 0.305472 -0.0076236
v -0.801812 0.310928 -0.00180259
v -0.703599 0.343648 -0.0840216
v -0.695347 0.3452 -0.125176
v 0.825578 0.318961 0.106215
v 0.821048 0.331937 -0.125176
v -0.725766 0.253446 0.106215
v -0.793237 0.286271 0.0740971
v -0.804886 0.286271 0.0678004
v -0.725766 0.269904 0.106215
v -0.725604 0.286271 0.106215
v -0.724795 0.302609 0.106215
v -0.813947 0.269904 0.0599409
v -0.812976 0.286271 0.0599409
v -0.819125 0.269904 0.0517643
v -0.822846 0.286271 0.0408924
v -0.819287 0.286271 0.0517643
v -0.824788 0.286271 0.0245166
v -0.820257 0.297726 0.0245166
v -0.810064 0.305894 0.00816335
v -0.801974 0.310988 0.00816335
v -0.703923 0.343708 -0.0736027
v -0.694053 0.345577 -0.125176
v 0.821048 0.331937 -0.106309
v 0.821048 0.331922 0.106215
v 0.813281 0.340121 -0.125176
v -0.721883 0.316444 0.106215
v -0.718485 0.324613 0.106215
v -0.802945 0.296023 0.0665547
v -0.818801 0.295661 0.0505186
v -0.819772 0.297002 0.0408924
v -0.810064 0.305894 0.0245166
v -0.801974 0.310988 0.0245166
v -0.793237 0.313927 0.00816335
v -0.712175 0.34098 -0.0572495
v -0.703923 0.343708 0.0572456
v -0.694377 0.34621 0.106215
v -0.678682 0.349691 0.106215
v -0.691788 0.346044 -0.125176
v 0.813281 0.340121 -0.106309
v 0.813281 0.340106 0.089952
v 0.813281 0.340046 0.106215
v 0.80503 0.345321 -0.125176
v -0.710395 0.334922 0.106215
v -0.808931 0.299007 0.0564755
v -0.702467 0.343105 0.106215
v -0.793884 0.307914 0.058514
v -0.799871 0.310114 0.0445843
v -0.808122 0.305909 0.0398279
v -0.801812 0.310928 0.0336897
v -0.7612 0.324598 0.0408924
v -0.793237 0.313927 0.0245166
v -0.7612 0.324628 -0.00818985
v -0.727869 0.33575 -0.0408736
v -0.712175 0.34098 0.0572456
v -0.703761 0.343648 0.0676645
v -0.66234 0.350807 0.106215
v -0.627229 0.353776 -0.125176
v -0.643571 0.35254 -0.125176
v -0.659913 0.350927 -0.125176
v -0.676255 0.348983 -0.125176
v -0.678682 0.348667 -0.125176
v 0.80503 0.345321 -0.106309
v 0.80503 0.345306 0.106215
v 0.782539 0.356609 -0.125176
v -0.7612 0.324628 0.0245166
v -0.744211 0.330295 0.0408924
v -0.727869 0.33575 0.0408924
v -0.564289 0.355268 0.106215
v -0.564127 0.356941 -0.125176
v -0.594546 0.355554 -0.125176
v -0.610887 0.354755 -0.125176
v 0.780598 0.357544 0.106215
v 0.780598 0.357574 -0.125176
v 0.780598 0.357574 -0.106309
v -0.400708 0.362698 0.106215
v -0.467047 0.361357 -0.125176
v 0.772346 0.361568 0.106215
v 0.772346 0.361583 -0.125176
v 0.772346 0.361583 -0.0899559
v -0.384367 0.363436 0.106215
v -0.449734 0.36211 -0.125176
v 0.760534 0.364024 0.106215
v 0.760534 0.363949 -0.125176
v 0.760534 0.364024 0.089952
v -0.368025 0.3641 0.106215
v -0.41705 0.363482 -0.125176
v -0.433392 0.362803 -0.125176
v 0.744193 0.364959 0.106215
v 0.74662 0.364491 -0.125176
v -0.351683 0.364672 0.106215
v -0.335179 0.36517 0.106215
v -0.400708 0.363949 -0.125176
v 0.744193 0.364582 -0.125176
v 0.711509 0.365607 0.106215
v -0.318837 0.365607 0.106215
v -0.384367 0.364265 -0.125176
v -0.302496 0.365999 0.106215
v 0.646141 0.36621 0.106215
v 0.662483 0.366149 0.106215
v 0.678825 0.365999 0.106215
v 0.695167 0.365833 0.106215
v -0.351683 0.364582 -0.125176
v -0.368025 0.364506 -0.125176
v -0.286154 0.366194 0.106215
v -0.269812 0.36621 0.106215
f 1783 1784 1785
f 1783 1785 1786
f 1783 1786 1787
f 1783 1787 1788
f 1783 1788 1789
f 1783 1789 1790
f 1783 1790 1791
f 1783 1791 1803
f 1783 1803 1802
f 1783 1802 1822
f 1783 1822 1821
f 1783 1821 1820
f 1783 1820 1819
f 1783 1819 1842
f 1783 1842 1861
f 1783 1861 1877
f 1783 1877 1900
f 1783 1900 1899
f 1783 1899 1898
f 1783 1898 1897
f 1783 1897 1896
f 1783 1896 1910
f 1783 1910 1909
f 1783 1909 1908
f 1783 1908 1915
f 1783 1915 1920
f 1783 1920 1926
f 1783 1926 1925
f 1783 1925 1931
f 1783 1931 1935
f 1783 1935 1942
f 1783 1942 1941
f 1783 1941 1932
f 1783 1932 1928
f 1783 1928 1922
f 1783 1922 1917
f 1783 1917 1912
f 1783 1912 1903
f 1783 1903 1881
f 1783 1881 1864
f 1783 1864 1844
f 1783 1844 1824
f 1783 1824 1804
f 1783 1804 1792
f 1783 1792 1805
f 1783 1805 1826
f 1783 1826 1809
f 1783 1809 1808
f 1783 1808 1806
f 1783 1806 1793
f 1783 1793 1784
f 1784 1793 1794
f 1784 1794 1785
f 1785 1794 1795
f 1785 1795 1796
f 1785 1796 1786
f 1786 1796 1787
f 1787 1796 1797
f 1787 1797 1788
f 1788 1797 1798
f 1788 1798 1799
f 1788 1799 1800
f 1788 1800 1789
f 1789 1800 1790
f 1790 1800 1801
f 1790 1801 1802
f 1790 1802 1803
f 1790 1803 1791
f 1792 1804 1823
f 1792 1823 1825
f 1792 1825 1805
f 1793 1806 1794
f 1794 1807 1795
f 1794 1806 1808
f 1794 1808 1809
f 1794 1809 1807
f 1795 1807 1810
f 1795 1810 1811
f 1795 1811 1812
f 1795 1812 1813
f 1795 1813 1796
f 1796 1813 1797
f 1797 1813 1814
f 1797 1814 1798
f 1798 1814 1815
f 1798 1815 1816
f 1798 1816 1799
f 1799 1816 1800
f 1800 1816 1801
f 1801 1816 1815
f 1801 1815 1817
f 1801 1817 1818
f 1801 1818 1819
f 1801 1819 1820
f 1801 1820 1821
f 1801 1821 1822
f 1801 1822 1802
f 1804 1824 1843
f 1804 1843 1823
f 1805 1825 1826
f 1807 1827 1810
f 1807 1809 1827
f 1809 1828 1829
f 1809 1829 1830
f 1809 1830 1831
f 1809 1831 1832
f 1809 1832 1827
f 1809 1826 1825
f 1809 1825 1823
f 1809 1823 1843
f 1809 1843 1863
f 1809 1863 1880
f 1809 1880 1902
f 1809 1902 1911
f 1809 1911 1916
f 1809 1916 1921
f 1809 1921 1927
f 1809 1927 1933
f 1809 1933 1940
f 1809 1940 1939
f 1809 1939 1938
f 1809 1938 1937
f 1809 1937 1944
f 1809 1944 1943
f 1809 1943 1936
f 1809 1936 1934
f 1809 1934 1930
f 1809 1930 1929
f 1809 1929 1924
f 1809 1924 1919
f 1809 1919 1914
f 1809 1914 1907
f 1809 1907 1895
f 1809 1895 1876
f 1809 1876 1875
f 1809 1875 1884
f 1809 1884 1882
f 1809 1882 1866
f 1809 1866 1865
f 1809 1865 1850
f 1809 1850 1849
f 1809 1849 1848
f 1809 1848 1845
f 1809 1845 1828
f 1810 1833 1834
f 1810 1834 1811
f 1810 1827 1833
f 1811 1834 1835
f 1811 1835 1836
f 1811 1836 1812
f 1812 1836 1814
f 1812 1814 1813
f 1814 1836 1837
f 1814 1837 1815
f 1815 1837 1817
f 1817 1837 1838
f 1817 1838 1839
f 1817 1839 1818
f 1818 1839 1840
f 1818 1840 1819
f 1819 1841 1842
f 1819 1840 1841
f 1824 1844 1862
f 1824 1862 1843
f 1827 1832 1833
f 1828 1845 1829
f 1829 1846 1847
f 1829 1847 1830
f 1829 1845 1848
f 1829 1848 1849
f 1829 1849 1850
f 1829 1850 1846
f 1830 1851 1831
f 1830 1847 1852
f 1830 1852 1851
f 1831 1851 1834
f 1831 1834 1833
f 1831 1833 1832
f 1834 1853 1835
f 1834 1851 1853
f 1835 1854 1836
f 1835 1853 1855
f 1835 1855 1854
f 1836 1854 1856
f 1836 1856 1837
f 1837 1856 1857
f 1837 1857 1838
f 1838 1857 1858
f 1838 1858 1839
f 1839 1858 1840
f 1840 1858 1859
f 1840 1859 1860
f 1840 1860 1841
f 1841 1860 1861
f 1841 1861 1842
f 1843 1862 1863
f 1844 1864 1878
f 1844 1878 1862
f 1846 1850 1865
f 1846 1865 1847
f 1847 1865 1866
f 1847 1866 1867
f 1847 1867 1852
f 1851 1852 1855
f 1851 1855 1853
f 1852 1868 1855
f 1852 1867 1868
f 1854 1855 1868
f 1854 1868 1869
f 1854 1869 1856
f 1856 1869 1857
f 1857 1869 1870
f 1857 1870 1858
f 1858 1870 1871
f 1858 1871 1859
f 1859 1871 1890
f 1859 1890 1872
f 1859 1872 1860
f 1860 1872 1873
f 1860 1873 1893
f 1860 1893 1874
f 1860 1874 1875
f 1860 1875 1876
f 1860 1876 1861
f 1861 1876 1877
f 1862 1878 1863
f 1863 1878 1879
f 1863 1879 1880
f 1864 1881 1901
f 1864 1901 1878
f 1866 1882 1867
f 1867 1883 1868
f 1867 1882 1884
f 1867 1884 1883
f 1868 1883 1884
f 1868 1884 1885
f 1868 1885 1886
f 1868 1886 1887
f 1868 1887 1869
f 1869 1887 1870
f 1870 1887 1888
f 1870 1888 1871
f 1871 1888 1889
f 1871 1889 1890
f 1872 1890 1904
f 1872 1904 1891
f 1872 1891 1892
f 1872 1892 1873
f 1873 1892 1906
f 1873 1906 1893
f 1874 1893 1894
f 1874 1894 1875
f 1875 1894 1893
f 1875 1893 1888
f 1875 1888 1884
f 1876 1895 1896
f 1876 1896 1897
f 1876 1897 1898
f 1876 1898 1899
f 1876 1899 1900
f 1876 1900 1877
f 1878 1901 1902
f 1878 1902 1879
f 1879 1902 1880
f 1881 1903 1901
f 1884 1888 1886
f 1884 1886 1885
f 1886 1888 1887
f 1888 1893 1889
f 1889 1893 1890
f 1890 1893 1905
f 1890 1905 1904
f 1891 1904 1906
f 1891 1906 1892
f 1893 1906 1905
f 1895 1907 1908
f 1895 1908 1909
f 1895 1909 1910
f 1895 1910 1896
f 1901 1903 1902
f 1902 1903 1911
f 1903 1912 1913
f 1903 1913 1911
f 1904 1905 1906
f 1907 1914 1915
f 1907 1915 1908
f 1911 1913 1916
f 1912 1917 1918
f 1912 1918 1913
f 1913 1918 1916
f 1914 1919 1915
f 1915 1919 1920
f 1916 1918 1921
f 1917 1922 1923
f 1917 1923 1921
f 1917 1921 1918
f 1919 1924 1925
f 1919 1925 1926
f 1919 1926 1920
f 1921 1923 1927
f 1922 1928 1927
f 1922 1927 1923
f 1924 1929 1925
f 1925 1929 1930
f 1925 1930 1931
f 1927 1928 1932
f 1927 1932 1933
f 1930 1934 1931
f 1931 1934 1936
f 1931 1936 1935
f 1932 1937 1938
f 1932 1938 1939
f 1932 1939 1940
f 1932 1940 1933
f 1932 1941 1944
f 1932 1944 1937
f 1935 1936 1942
f 1936 1943 1942
f 1941 1942 1943
f 1941 1943 1944
o convex_4
v -0.645995 0.212241 -0.506835
v -0.65387 0.212241 -0.505527
v -0.645995 0.3026 -0.506835
v 0.727833 0.212241 -0.506835
v -0.66235 0.212241 -0.504107
v -0.66235 0.3026 -0.504107
v -0.66235 0.31896 -0.503323
v -0.645995 0.31896 -0.505714
v -0.580574 0.31896 -0.506461
v -0.547864 0.31896 -0.506685
v -0.531509 0.31896 -0.50676
v -0.515154 0.31896 -0.506797
v -0.449734 0.31896 -0.506835
v 0.727833 0.31896 -0.506835
v 0.736465 0.212241 -0.506349
v -0.670225 0.212241 -0.500782
v -0.678705 0.3026 -0.497084
v -0.66235 0.33441 -0.496598
v -0.679765 0.318781 -0.495253
v -0.674919 0.331577 -0.494021
v -0.62964 0.33532 -0.498354
v -0.613285 0.33532 -0.499101
v -0.59693 0.33532 -0.499811
v -0.580574 0.33532 -0.500446
v -0.564219 0.33532 -0.501044
v -0.547864 0.33532 -0.501567
v -0.531509 0.33532 -0.502015
v -0.515154 0.33532 -0.502426
v -0.482444 0.33532 -0.503099
v -0.433379 0.33532 -0.503995
v -0.417023 0.33532 -0.504257
v -0.367958 0.33532 -0.504929
v -0.302538 0.33532 -0.505714
v -0.286183 0.33532 -0.505863
v -0.269828 0.33532 -0.505901
v 0.727833 0.33532 -0.505901
v 0.744189 0.33532 -0.505303
v 0.744189 0.31896 -0.505901
v 0.744189 0.212241 -0.505901
v -0.678705 0.212241 -0.497084
v -0.683248 0.212241 -0.494544
v -0.688246 0.3026 -0.491742
v -0.687791 0.313204 -0.491405
v -0.66235 0.342583 -0.488193
v -0.650689 0.343299 -0.490098
v -0.645541 0.336841 -0.496337
v -0.685822 0.324105 -0.489575
v -0.691274 0.331577 -0.478666
v -0.679614 0.33702 -0.483299
v -0.580574 0.344999 -0.49275
v -0.547864 0.345789 -0.493647
v -0.531509 0.346177 -0.494021
v -0.515154 0.34655 -0.494394
v -0.482444 0.34731 -0.495067
v -0.449734 0.348071 -0.495664
v -0.400668 0.349219 -0.496449
v -0.384313 0.349607 -0.496673
v -0.286183 0.35168 -0.498093
v -0.269828 0.35168 -0.498205
v 0.596993 0.35168 -0.498205
v 0.727833 0.35168 -0.498167
v 0.744037 0.353201 -0.496449
v 0.760544 0.349696 -0.495515
v 0.760544 0.33532 -0.500633
v 0.760544 0.31896 -0.500895
v 0.75282 0.212241 -0.503286
v -0.688246 0.212241 -0.491742
v -0.696423 0.3026 -0.483747
v -0.703995 0.313159 -0.475154
v -0.702178 0.324075 -0.473212
v -0.684157 0.342478 -0.471605
v -0.673253 0.344164 -0.47706
v -0.66235 0.344939 -0.480011
v -0.639786 0.343597 -0.490845
v -0.645541 0.345207 -0.483822
v -0.307384 0.359673 -0.490135
v -0.62964 0.343835 -0.491219
v -0.59693 0.344611 -0.492265
v -0.706721 0.331562 -0.46234
v -0.695969 0.33702 -0.466973
v -0.29648 0.359957 -0.490845
v -0.302083 0.353201 -0.496337
v -0.286183 0.360046 -0.490994
v -0.269828 0.360076 -0.491032
v 0.727833 0.360076 -0.491032
v 0.738434 0.360001 -0.49092
v 0.749337 0.359673 -0.49021
v 0.760544 0.357869 -0.487147
v 0.771447 0.34649 -0.492564
v 0.77387 0.33532 -0.49361
v 0.782956 0.31896 -0.48965
v 0.774779 0.31896 -0.493759
v 0.760544 0.212241 -0.500895
v 0.782956 0.3026 -0.489687
v 0.77917 0.212241 -0.49163
v 0.768115 0.212241 -0.497159
v -0.696423 0.212241 -0.483747
v -0.700209 0.212241 -0.479862
v -0.704298 0.3026 -0.475565
v -0.709901 0.3026 -0.466188
v -0.707932 0.318751 -0.467122
v -0.689608 0.344178 -0.460696
v -0.700663 0.342553 -0.449825
v -0.678705 0.345058 -0.466151
v -0.66235 0.346997 -0.466188
v -0.645995 0.348026 -0.466188
v -0.62964 0.346281 -0.482514
v -0.380679 0.360076 -0.475229
v -0.351603 0.360762 -0.478031
v -0.335248 0.36115 -0.479525
v -0.318893 0.361552 -0.480945
v -0.302083 0.361582 -0.483822
v -0.717018 0.317991 -0.44848
v -0.709447 0.334366 -0.449825
v -0.286183 0.362358 -0.482514
v -0.269828 0.362447 -0.482514
v 0.335311 0.362447 -0.482514
v 0.727833 0.362432 -0.482514
v 0.744037 0.361836 -0.483859
v 0.760544 0.361329 -0.478965
v 0.76963 0.36024 -0.475528
v 0.77599 0.35162 -0.481729
v 0.787499 0.345834 -0.476985
v 0.801734 0.327834 -0.474818
v 0.782048 0.33532 -0.48808
v 0.793254 0.31896 -0.482626
v 0.793254 0.3026 -0.483074
v 0.788408 0.212241 -0.486213
v 0.782956 0.212241 -0.489687
v -0.704298 0.212241 -0.475565
v -0.709901 0.212241 -0.466188
v -0.717018 0.3026 -0.450535
v -0.692486 0.344939 -0.449825
v -0.678705 0.347012 -0.449825
v -0.702178 0.343149 -0.433462
v -0.66235 0.348026 -0.449825
v -0.613285 0.35505 -0.351683
v -0.547864 0.352709 -0.466188
v -0.391582 0.359807 -0.473398
v -0.318893 0.363625 -0.466188
v -0.302538 0.364252 -0.466188
v -0.719744 0.311891 -0.442129
v -0.718684 0.320616 -0.433462
v -0.710507 0.334962 -0.433462
v -0.286183 0.364535 -0.466188
v -0.269828 0.364595 -0.466188
v 0.727833 0.364595 -0.466188
v 0.744189 0.36458 -0.466188
v 0.760544 0.363372 -0.466188
v 0.771144 0.361015 -0.466188
v 0.779322 0.356377 -0.466188
v 0.790831 0.348205 -0.466188
v 0.80128 0.343299 -0.457521
v 0.799008 0.339779 -0.466188
v 0.804006 0.331592 -0.466188
v 0.818089 0.327863 -0.442316
v 0.807337 0.31896 -0.466188
v 0.80234 0.31896 -0.475491
v 0.802643 0.3026 -0.475939
v 0.798251 0.212241 -0.479338
v 0.793254 0.212241 -0.483074
v -0.717018 0.212241 -0.450535
v -0.719896 0.3026 -0.442353
v -0.694 0.345476 -0.433462
v -0.678705 0.347937 -0.433462
v -0.702329 0.343149 -0.417099
v -0.694151 0.34558 -0.417099
v -0.66235 0.349577 -0.417099
v -0.613285 0.355826 -0.33532
v -0.57694 0.360076 -0.282607
v -0.547864 0.36285 -0.253579
v -0.565279 0.359629 -0.303714
v -0.515154 0.35505 -0.449825
v -0.335248 0.36285 -0.466188
v -0.531509 0.363625 -0.253579
v -0.515154 0.364252 -0.253579
v -0.719896 0.312443 -0.433462
v -0.718684 0.320616 -0.125176
v -0.719744 0.313681 -0.125176
v -0.710507 0.334962 -0.125176
v -0.498799 0.364535 -0.253579
v -0.482444 0.364595 -0.253579
v 0.744189 0.364595 -0.449825
v 0.760544 0.363953 -0.449825
v 0.772356 0.361582 -0.449825
v 0.780533 0.357585 -0.449825
v 0.8034 0.3447 -0.446612
v 0.812941 0.338258 -0.433462
v 0.819604 0.330085 -0.433462
v 0.822632 0.31896 -0.433462
v 0.818695 0.31896 -0.443437
v 0.819149 0.3026 -0.444184
v 0.815061 0.3026 -0.452365
v 0.808095 0.3026 -0.466188
v 0.802643 0.212241 -0.475939
v 0.80552 0.212241 -0.470821
v -0.719896 0.212241 -0.442353
v -0.720047 0.212241 -0.438132
v -0.720047 0.3026 -0.433462
v -0.678705 0.348637 -0.400735
v -0.678705 0.348429 -0.417099
v -0.66235 0.350203 -0.400735
v -0.587843 0.359807 -0.274425
v -0.702329 0.343149 -0.125176
v -0.694151 0.34558 -0.125176
v -0.678705 0.348667 -0.384372
v -0.564219 0.362044 -0.253579
v -0.547864 0.363625 -0.237216
v -0.434439 0.359629 -0.434545
v -0.531509 0.364252 -0.237216
v -0.719896 0.312443 -0.125176
v -0.720198 0.3026 -0.125176
v -0.531509 0.364535 -0.220852
v -0.531509 0.364595 -0.204489
v 0.744189 0.364595 -0.125176
v 0.760544 0.363953 -0.125176
v 0.772356 0.361582 -0.125176
v 0.779322 0.358197 -0.125176
v 0.782502 0.356616 -0.125176
v 0.805066 0.345312 -0.417099
v 0.793254 0.351217 -0.433462
v 0.804763 0.345312 -0.433462
v 0.813243 0.340107 -0.417099
v 0.820967 0.331935 -0.417099
v 0.82551 0.31896 -0.417099
v 0.826873 0.3026 -0.417099
v 0.823541 0.3026 -0.433462
v 0.819149 0.212241 -0.444184
v 0.815061 0.212241 -0.452365
v 0.808095 0.212241 -0.466188
v -0.720198 0.25106 -0.125176
v -0.720047 0.212241 -0.125176
v -0.66235 0.350576 -0.384372
v -0.66235 0.350725 -0.368009
v -0.588903 0.359882 -0.263516
v -0.564219 0.362895 -0.220852
v -0.564219 0.362596 -0.237216
v -0.678705 0.348667 -0.125176
v -0.676282 0.34898 -0.125176
v -0.547864 0.364162 -0.220852
v -0.547864 0.364162 -0.204489
v -0.531509 0.364475 -0.188126
v -0.515154 0.364595 -0.188126
v -0.351603 0.364595 -0.125176
v 0.795071 0.350323 -0.125176
v 0.805066 0.345312 -0.125176
v 0.812032 0.340912 -0.125176
v 0.813243 0.340107 -0.125176
v 0.814455 0.338869 -0.125176
v 0.820967 0.331935 -0.125176
v 0.824904 0.320944 -0.125176
v 0.82551 0.31896 -0.125176
v 0.826873 0.212241 -0.417099
v 0.826873 0.3026 -0.125176
v 0.823541 0.212241 -0.433462
v 0.826873 0.212241 -0.125176
v -0.66235 0.350725 -0.139074
v -0.589055 0.359897 -0.253579
v -0.580574 0.360956 -0.237216
v -0.580574 0.360956 -0.204489
v -0.564219 0.36285 -0.204489
v -0.659927 0.350919 -0.125176
v -0.588752 0.359867 -0.17987
v -0.588903 0.359882 -0.188126
v -0.547864 0.36373 -0.188126
v -0.531509 0.3637 -0.171763
v -0.515154 0.364177 -0.171763
v -0.498799 0.364475 -0.171763
v -0.482444 0.364595 -0.171763
v -0.400668 0.364595 -0.139074
v -0.367958 0.364505 -0.125176
v -0.589055 0.359897 -0.204489
v -0.564219 0.362358 -0.188126
v -0.643572 0.35253 -0.125176
v -0.62964 0.354424 -0.139074
v -0.59693 0.358078 -0.1554
v -0.586178 0.359629 -0.168961
v -0.547864 0.362865 -0.171763
v -0.564219 0.361627 -0.171763
v -0.515154 0.36279 -0.1554
v -0.498799 0.363461 -0.1554
v -0.547864 0.361299 -0.1554
v -0.482444 0.363938 -0.1554
v -0.466089 0.364311 -0.1554
v -0.417023 0.364431 -0.139074
v -0.449734 0.36455 -0.1554
v -0.384313 0.364267 -0.125176
v -0.627217 0.353783 -0.125176
v -0.613285 0.355811 -0.139074
v -0.575274 0.360106 -0.160705
v -0.59693 0.356929 -0.139074
v -0.567702 0.359643 -0.149796
v -0.561493 0.357063 -0.125176
v -0.515154 0.360717 -0.138065
v -0.466997 0.361358 -0.125176
v -0.466089 0.363059 -0.139074
v -0.449734 0.363655 -0.139074
v -0.580574 0.357839 -0.139074
v -0.594507 0.355557 -0.125176
v -0.433379 0.364073 -0.139074
v -0.400668 0.363953 -0.125176
v -0.610862 0.354752 -0.125176
v -0.449734 0.362119 -0.125176
v -0.433379 0.362805 -0.125176
v -0.417023 0.363476 -0.125176
f 1945 1946 1947
f 1945 1947 1957
f 1945 1957 1958
f 1945 1958 1948
f 1945 1948 1959
f 1945 1959 1983
f 1945 1983 2010
f 1945 2010 2037
f 1945 2037 2040
f 1945 2040 2039
f 1945 2039 2073
f 1945 2073 2072
f 1945 2072 2105
f 1945 2105 2104
f 1945 2104 2139
f 1945 2139 2140
f 1945 2140 2174
f 1945 2174 2173
f 1945 2173 2172
f 1945 2172 2199
f 1945 2199 2197
f 1945 2197 2200
f 1945 2200 2176
f 1945 2176 2142
f 1945 2142 2141
f 1945 2141 2106
f 1945 2106 2075
f 1945 2075 2074
f 1945 2074 2042
f 1945 2042 2041
f 1945 2041 2011
f 1945 2011 1985
f 1945 1985 1984
f 1945 1984 1960
f 1945 1960 1949
f 1945 1949 1946
f 1946 1949 1950
f 1946 1950 1947
f 1947 1950 1951
f 1947 1951 1952
f 1947 1952 1953
f 1947 1953 1954
f 1947 1954 1955
f 1947 1955 1956
f 1947 1956 1957
f 1948 1958 1959
f 1949 1960 1950
f 1950 1960 1961
f 1950 1961 1951
f 1951 1962 1952
f 1951 1961 1963
f 1951 1963 1964
f 1951 1964 1962
f 1952 1962 1965
f 1952 1965 1966
f 1952 1966 1967
f 1952 1967 1968
f 1952 1968 1969
f 1952 1969 1970
f 1952 1970 1971
f 1952 1971 1972
f 1952 1972 1973
f 1952 1973 1974
f 1952 1974 1975
f 1952 1975 1976
f 1952 1976 1977
f 1952 1977 1953
f 1953 1977 1978
f 1953 1978 1954
f 1954 1978 1955
f 1955 1978 1979
f 1955 1979 1956
f 1956 1979 1957
f 1957 1979 1980
f 1957 1980 1958
f 1958 1980 1981
f 1958 1981 1982
f 1958 1982 1959
f 1959 1982 1983
f 1960 1984 1961
f 1961 1984 1985
f 1961 1985 1986
f 1961 1986 1987
f 1961 1987 1963
f 1962 1988 1989
f 1962 1989 1990
f 1962 1990 1965
f 1962 1964 1988
f 1963 1987 1991
f 1963 1991 1964
f 1964 1991 1992
f 1964 1992 1993
f 1964 1993 1988
f 1965 1990 1994
f 1965 1994 1995
f 1965 1995 1966
f 1966 1995 1967
f 1967 1995 1996
f 1967 1996 1997
f 1967 1997 1968
f 1968 1997 1998
f 1968 1998 1969
f 1969 1998 1999
f 1969 1999 2000
f 1969 2000 1970
f 1970 2000 2001
f 1970 2001 2002
f 1970 2002 1971
f 1971 2002 1972
f 1972 2002 1973
f 1973 2002 1974
f 1974 2002 1975
f 1975 2002 1976
f 1976 2002 1977
f 1977 2002 1978
f 1978 2002 2003
f 1978 2003 1979
f 1979 2003 2004
f 1979 2004 1980
f 1980 2004 2005
f 1980 2005 1981
f 1981 2005 2006
f 1981 2006 2007
f 1981 2007 2008
f 1981 2008 1982
f 1982 2008 2009
f 1982 2009 2010
f 1982 2010 1983
f 1985 2011 1986
f 1986 2011 2041
f 1986 2041 2012
f 1986 2012 1987
f 1987 2012 2013
f 1987 2013 2014
f 1987 2014 1991
f 1988 1993 2015
f 1988 2015 2016
f 1988 2016 2017
f 1988 2017 1989
f 1989 2018 1990
f 1989 2017 2019
f 1989 2019 2020
f 1989 2020 2018
f 1990 2018 2021
f 1990 2021 2022
f 1990 2022 1994
f 1991 2014 1992
f 1992 2014 2023
f 1992 2023 2024
f 1992 2024 1993
f 1993 2024 2015
f 1994 2022 2025
f 1994 2025 1995
f 1995 2025 1996
f 1996 2025 1997
f 1997 2025 1998
f 1998 2025 1999
f 1999 2025 2000
f 2000 2025 2001
f 2001 2025 2026
f 2001 2026 2002
f 2002 2026 2025
f 2002 2025 2027
f 2002 2027 2003
f 2003 2027 2028
f 2003 2028 2029
f 2003 2029 2004
f 2004 2029 2005
f 2005 2029 2030
f 2005 2030 2006
f 2006 2030 2031
f 2006 2031 2007
f 2007 2031 2032
f 2007 2032 2033
f 2007 2033 2008
f 2008 2033 2034
f 2008 2034 2035
f 2008 2035 2036
f 2008 2036 2009
f 2009 2037 2010
f 2009 2036 2038
f 2009 2038 2039
f 2009 2039 2040
f 2009 2040 2037
f 2012 2041 2042
f 2012 2042 2043
f 2012 2043 2013
f 2013 2043 2044
f 2013 2044 2045
f 2013 2045 2014
f 2014 2045 2023
f 2015 2046 2016
f 2015 2024 2047
f 2015 2047 2046
f 2016 2046 2048
f 2016 2048 2049
f 2016 2049 2017
f 2017 2049 2050
f 2017 2050 2051
f 2017 2051 2019
f 2018 2020 2025
f 2018 2025 2021
f 2019 2051 2052
f 2019 2052 2053
f 2019 2053 2054
f 2019 2054 2020
f 2020 2054 2055
f 2020 2055 2056
f 2020 2056 2025
f 2021 2025 2022
f 2023 2045 2057
f 2023 2057 2058
f 2023 2058 2047
f 2023 2047 2024
f 2025 2056 2059
f 2025 2059 2027
f 2027 2059 2060
f 2027 2060 2028
f 2028 2060 2061
f 2028 2061 2029
f 2029 2061 2062
f 2029 2062 2030
f 2030 2063 2031
f 2030 2062 2063
f 2031 2064 2032
f 2031 2063 2064
f 2032 2064 2065
f 2032 2065 2066
f 2032 2066 2033
f 2033 2066 2067
f 2033 2067 2068
f 2033 2068 2069
f 2033 2069 2034
f 2034 2069 2035
f 2035 2038 2036
f 2035 2069 2070
f 2035 2070 2071
f 2035 2071 2038
f 2038 2071 2072
f 2038 2072 2073
f 2038 2073 2039
f 2042 2074 2043
f 2043 2074 2075
f 2043 2075 2044
f 2044 2075 2106
f 2044 2106 2076
f 2044 2076 2057
f 2044 2057 2045
f 2046 2077 2078
f 2046 2078 2048
f 2046 2047 2077
f 2047 2079 2077
f 2047 2058 2079
f 2048 2078 2049
f 2049 2078 2050
f 2050 2078 2080
f 2050 2080 2081
f 2050 2081 2082
f 2050 2082 2083
f 2050 2083 2052
f 2050 2052 2051
f 2052 2084 2085
f 2052 2085 2053
f 2052 2083 2084
f 2053 2085 2055
f 2053 2055 2054
f 2055 2085 2059
f 2055 2059 2056
f 2057 2076 2086
f 2057 2086 2087
f 2057 2087 2058
f 2058 2087 2088
f 2058 2088 2079
f 2059 2085 2089
f 2059 2089 2060
f 2060 2089 2090
f 2060 2090 2091
f 2060 2091 2061
f 2061 2091 2062
f 2062 2091 2092
f 2062 2092 2063
f 2063 2092 2093
f 2063 2093 2064
f 2064 2093 2065
f 2065 2093 2094
f 2065 2094 2095
f 2065 2095 2096
f 2065 2096 2067
f 2065 2067 2066
f 2067 2096 2097
f 2067 2097 2098
f 2067 2098 2068
f 2068 2098 2099
f 2068 2099 2100
f 2068 2100 2101
f 2068 2101 2102
f 2068 2102 2070
f 2068 2070 2069
f 2070 2102 2103
f 2070 2103 2071
f 2071 2103 2104
f 2071 2104 2105
f 2071 2105 2072
f 2076 2106 2141
f 2076 2141 2107
f 2076 2107 2086
f 2077 2108 2109
f 2077 2109 2078
f 2077 2079 2108
f 2078 2109 2080
f 2079 2110 2111
f 2079 2111 2108
f 2079 2088 2110
f 2080 2112 2113
f 2080 2113 2081
f 2080 2109 2112
f 2081 2113 2114
f 2081 2114 2115
f 2081 2115 2116
f 2081 2116 2117
f 2081 2117 2082
f 2082 2117 2118
f 2082 2118 2083
f 2083 2118 2084
f 2084 2118 2115
f 2084 2115 2119
f 2084 2119 2120
f 2084 2120 2085
f 2085 2120 2125
f 2085 2125 2089
f 2086 2107 2121
f 2086 2121 2087
f 2087 2122 2124
f 2087 2124 2088
f 2087 2121 2123
f 2087 2123 2122
f 2088 2124 2148
f 2088 2148 2110
f 2089 2125 2126
f 2089 2126 2090
f 2090 2126 2158
f 2090 2158 2187
f 2090 2187 2213
f 2090 2213 2214
f 2090 2214 2188
f 2090 2188 2159
f 2090 2159 2127
f 2090 2127 2091
f 2091 2127 2092
f 2092 2127 2128
f 2092 2128 2093
f 2093 2128 2129
f 2093 2129 2094
f 2094 2129 2130
f 2094 2130 2095
f 2095 2130 2131
f 2095 2131 2097
f 2095 2097 2096
f 2097 2131 2132
f 2097 2132 2133
f 2097 2133 2100
f 2097 2100 2099
f 2097 2099 2098
f 2100 2133 2134
f 2100 2134 2135
f 2100 2135 2101
f 2101 2135 2136
f 2101 2136 2137
f 2101 2137 2138
f 2101 2138 2102
f 2102 2138 2103
f 2103 2139 2104
f 2103 2138 2140
f 2103 2140 2139
f 2107 2141 2142
f 2107 2142 2143
f 2107 2143 2121
f 2108 2144 2145
f 2108 2145 2109
f 2108 2111 2144
f 2109 2145 2146
f 2109 2146 2147
f 2109 2147 2113
f 2109 2113 2112
f 2110 2148 2149
f 2110 2149 2111
f 2111 2149 2182
f 2111 2182 2150
f 2111 2150 2144
f 2113 2147 2151
f 2113 2151 2152
f 2113 2152 2114
f 2114 2152 2115
f 2115 2152 2119
f 2115 2118 2116
f 2116 2118 2153
f 2116 2153 2117
f 2117 2153 2118
f 2119 2152 2154
f 2119 2154 2120
f 2120 2154 2157
f 2120 2157 2125
f 2121 2155 2123
f 2121 2143 2156
f 2121 2156 2155
f 2122 2123 2155
f 2122 2155 2156
f 2122 2156 2175
f 2122 2175 2176
f 2122 2176 2200
f 2122 2200 2198
f 2122 2198 2196
f 2122 2196 2195
f 2122 2195 2194
f 2122 2194 2193
f 2122 2193 2192
f 2122 2192 2191
f 2122 2191 2190
f 2122 2190 2189
f 2122 2189 2163
f 2122 2163 2162
f 2122 2162 2161
f 2122 2161 2160
f 2122 2160 2159
f 2122 2159 2188
f 2122 2188 2215
f 2122 2215 2231
f 2122 2231 2245
f 2122 2245 2249
f 2122 2249 2248
f 2122 2248 2247
f 2122 2247 2239
f 2122 2239 2237
f 2122 2237 2243
f 2122 2243 2246
f 2122 2246 2232
f 2122 2232 2218
f 2122 2218 2206
f 2122 2206 2183
f 2122 2183 2182
f 2122 2182 2149
f 2122 2149 2148
f 2122 2148 2124
f 2125 2157 2158
f 2125 2158 2126
f 2127 2159 2160
f 2127 2160 2128
f 2128 2160 2161
f 2128 2161 2129
f 2129 2161 2162
f 2129 2162 2130
f 2130 2162 2163
f 2130 2163 2164
f 2130 2164 2165
f 2130 2165 2166
f 2130 2166 2131
f 2131 2166 2132
f 2132 2167 2168
f 2132 2168 2133
f 2132 2166 2167
f 2133 2168 2169
f 2133 2169 2134
f 2134 2169 2170
f 2134 2170 2171
f 2134 2171 2135
f 2135 2171 2136
f 2136 2172 2173
f 2136 2173 2137
f 2136 2171 2199
f 2136 2199 2172
f 2137 2173 2174
f 2137 2174 2138
f 2138 2174 2140
f 2142 2175 2156
f 2142 2156 2143
f 2142 2176 2175
f 2144 2177 2145
f 2144 2150 2178
f 2144 2178 2179
f 2144 2179 2177
f 2145 2177 2179
f 2145 2179 2147
f 2145 2147 2146
f 2147 2179 2180
f 2147 2180 2181
f 2147 2181 2151
f 2150 2182 2183
f 2150 2183 2178
f 2151 2181 2152
f 2152 2184 2154
f 2152 2181 2184
f 2154 2184 2157
f 2157 2184 2158
f 2158 2184 2185
f 2158 2185 2186
f 2158 2186 2187
f 2163 2189 2164
f 2164 2166 2165
f 2164 2189 2190
f 2164 2190 2191
f 2164 2191 2167
f 2164 2167 2166
f 2167 2191 2192
f 2167 2192 2193
f 2167 2193 2168
f 2168 2193 2194
f 2168 2194 2195
f 2168 2195 2169
f 2169 2195 2196
f 2169 2196 2198
f 2169 2198 2170
f 2170 2197 2199
f 2170 2199 2171
f 2170 2198 2200
f 2170 2200 2197
f 2178 2183 2201
f 2178 2201 2216
f 2178 2216 2202
f 2178 2202 2179
f 2179 2202 2203
f 2179 2203 2180
f 2180 2203 2204
f 2180 2204 2205
f 2180 2205 2185
f 2180 2185 2184
f 2180 2184 2181
f 2183 2206 2207
f 2183 2207 2208
f 2183 2208 2204
f 2183 2204 2201
f 2185 2209 2186
f 2185 2205 2209
f 2186 2209 2210
f 2186 2210 2211
f 2186 2211 2212
f 2186 2212 2213
f 2186 2213 2187
f 2188 2214 2215
f 2201 2204 2216
f 2202 2216 2204
f 2202 2204 2203
f 2204 2208 2207
f 2204 2207 2205
f 2205 2207 2217
f 2205 2217 2209
f 2206 2218 2219
f 2206 2219 2207
f 2207 2220 2221
f 2207 2221 2217
f 2207 2219 2220
f 2209 2222 2210
f 2209 2217 2223
f 2209 2223 2222
f 2210 2224 2225
f 2210 2225 2227
f 2210 2227 2211
f 2210 2222 2226
f 2210 2226 2224
f 2211 2227 2228
f 2211 2228 2212
f 2212 2228 2229
f 2212 2229 2230
f 2212 2230 2213
f 2213 2230 2214
f 2214 2230 2229
f 2214 2229 2215
f 2215 2229 2231
f 2217 2221 2223
f 2218 2232 2233
f 2218 2233 2220
f 2218 2220 2219
f 2220 2233 2234
f 2220 2234 2223
f 2220 2223 2221
f 2222 2223 2234
f 2222 2234 2233
f 2222 2233 2232
f 2222 2232 2235
f 2222 2235 2236
f 2222 2236 2226
f 2224 2226 2237
f 2224 2237 2238
f 2224 2238 2239
f 2224 2239 2240
f 2224 2240 2225
f 2225 2240 2241
f 2225 2241 2227
f 2226 2236 2242
f 2226 2242 2243
f 2226 2243 2237
f 2227 2241 2244
f 2227 2244 2228
f 2228 2244 2229
f 2229 2244 2245
f 2229 2245 2231
f 2232 2246 2235
f 2235 2246 2236
f 2236 2246 2242
f 2237 2239 2238
f 2239 2247 2240
f 2240 2247 2248
f 2240 2248 2249
f 2240 2249 2241
f 2241 2249 2245
f 2241 2245 2244
f 2242 2246 2243
