o convex_0
v -0.764013 0.00952658 -0.0706775
v -0.764013 0.0226154 -0.0706775
v -0.706552 -0.0287104 -0.113015
v -0.763405 -0.0862129 -0.0706775
v -0.69681 -0.0095919 -0.120044
v -0.598859 0.0226154 -0.0706775
v -0.0479903 0.743676 -0.081994
v -0.0671695 0.742794 -0.081994
v -0.0740192 0.742206 -0.081994
v -0.0878708 0.740735 -0.081994
v -0.0902302 0.740441 -0.081994
v -0.108116 0.738088 -0.081994
v -0.124631 0.735735 -0.081994
v -0.14381 0.732499 -0.081994
v -0.162989 0.728823 -0.081994
v -0.182169 0.724264 -0.081994
v -0.186735 0.72294 -0.081994
v -0.199902 0.718969 -0.081994
v -0.233465 0.707792 -0.081994
v -0.244805 0.703969 -0.081994
v -0.256526 0.699998 -0.081994
v -0.274716 0.692792 -0.081994
v -0.286436 0.687203 -0.081994
v -0.298233 0.681321 -0.081994
v -0.363077 0.648966 -0.081994
v -0.374798 0.643084 -0.081994
v -0.389563 0.635436 -0.081994
v -0.400827 0.629554 -0.081994
v -0.412014 0.623524 -0.081994
v -0.426855 0.6147 -0.081994
v -0.430661 0.612347 -0.081994
v -0.436369 0.60867 -0.081994
v -0.44672 0.601023 -0.081994
v -0.468486 0.584699 -0.081994
v -0.491014 0.567786 -0.081994
v -0.507225 0.554697 -0.081994
v -0.512172 0.55058 -0.081994
v -0.51887 0.544403 -0.081994
v -0.541626 0.522637 -0.081994
v -0.551368 0.513078 -0.081994
v -0.561034 0.503519 -0.081994
v -0.570395 0.493812 -0.081994
v -0.575114 0.488077 -0.081994
v -0.577625 0.484988 -0.081994
v -0.587291 0.472047 -0.081994
v -0.609971 0.438075 -0.081994
v -0.614461 0.430868 -0.081994
v -0.616364 0.42778 -0.081994
v -0.622301 0.417338 -0.081994
v -0.62466 0.413074 -0.081994
v -0.625573 0.411309 -0.081994
v -0.641328 0.380131 -0.081994
v -0.682197 0.298216 -0.081994
v -0.69232 0.277774 -0.081994
v -0.701224 0.259685 -0.081994
v -0.706171 0.247919 -0.081994
v -0.70952 0.239242 -0.081994
v -0.715761 0.219683 -0.081994
v -0.718349 0.209976 -0.081994
v -0.720404 0.201888 -0.081994
v -0.725427 0.182034 -0.081994
v -0.730145 0.162916 -0.081994
v -0.735016 0.143062 -0.081994
v -0.739354 0.123943 -0.081994
v -0.743236 0.105413 -0.081994
v -0.7459 0.0861476 -0.081994
v -0.746889 0.0670291 -0.081994
v -0.696962 -0.0287104 -0.120019
v -0.7064 -0.0478289 -0.11299
v -0.762796 -0.102096 -0.0706775
v -0.696125 0.00952658 -0.119857
v -0.680675 0.00952658 -0.129441
v -0.680675 -0.0095919 -0.129628
v 0.0134288 0.743529 -0.081994
v -0.00963191 0.743676 -0.081994
v 0.0134288 -0.602853 -0.0706775
v -0.0479903 0.737647 -0.0864682
v -0.0671695 0.737647 -0.0858824
v -0.0878708 0.739558 -0.0828913
v -0.0862726 0.724705 -0.0936719
v -0.105528 0.723234 -0.0926499
v -0.124631 0.721764 -0.091603
v -0.14381 0.720146 -0.0904813
v -0.169535 0.708381 -0.095479
v -0.182169 0.70691 -0.0945194
v -0.182169 0.718528 -0.0862314
v -0.201272 0.70441 -0.0925253
v -0.220451 0.701321 -0.0901323
v -0.230801 0.689997 -0.0960025
v -0.243588 0.687644 -0.0944321
v -0.258809 0.684703 -0.0924131
v -0.271671 0.672203 -0.0969123
v -0.277988 0.679262 -0.0901573
v -0.361098 0.63073 -0.0947935
v -0.373656 0.627495 -0.0926748
v -0.386062 0.6147 -0.0968499
v -0.398848 0.61117 -0.0945941
v -0.411862 0.607347 -0.0922885
v -0.411862 0.597788 -0.0982334
v -0.422289 0.594552 -0.0961769
v -0.450068 0.583816 -0.0904315
v -0.488503 0.55058 -0.0929241
v -0.498777 0.53705 -0.0961769
v -0.549998 0.492489 -0.0930113
v -0.556315 0.479694 -0.0962019
v -0.569938 0.4694 -0.0931983
v -0.585845 0.470576 -0.0834771
v -0.59102 0.43631 -0.0940707
v -0.595282 0.423515 -0.0966131
v -0.608373 0.411897 -0.0929241
v -0.623899 0.412338 -0.0828041
v -0.611874 0.399838 -0.0949929
v -0.631053 0.361601 -0.0949929
v -0.666367 0.297039 -0.0929864
v -0.679381 0.278215 -0.0904938
v -0.672532 0.272038 -0.0970743
v -0.685242 0.258655 -0.0928618
v -0.652972 0.252331 -0.116093
v -0.700539 0.258949 -0.082667
v -0.68821 0.244684 -0.0948309
v -0.697876 0.238801 -0.0899329
v -0.701757 0.220271 -0.0912042
v -0.704421 0.201153 -0.0927995
v -0.709901 0.15718 -0.0964761
v -0.714011 0.124532 -0.0991681
v -0.721165 0.14365 -0.0912166
v -0.723524 0.124532 -0.092787
v -0.725807 0.105413 -0.0942826
v -0.726873 0.0861476 -0.0950802
v -0.680675 -0.0478289 -0.129279
v -0.69681 -0.0478289 -0.119707
v -0.680675 -0.0287104 -0.12959
v -0.705715 -0.0669473 -0.112703
v -0.760284 -0.105331 -0.0722852
v -0.762491 -0.105331 -0.0706775
v -0.680675 0.0226154 -0.129017
v -0.670553 0.0567345 -0.134127
v -0.670857 0.0439398 -0.134326
v -0.671086 0.0287921 -0.134389
v -0.671162 0.0226154 -0.134389
v -0.661039 0.0287921 -0.139461
v -0.661039 0.0226154 -0.139461
v -0.671162 -0.0478289 -0.134389
v 0.0135049 0.0226154 -0.0881383
v 0.0135049 0.0226154 -0.195819
v 0.0134288 0.735293 -0.0881383
v 0.0135049 -0.620648 -0.0706775
v 0.0135049 -0.598294 -0.0708769
v -0.00963191 0.737647 -0.0864682
v -0.0479903 0.726323 -0.0947312
v -0.0671695 0.726028 -0.0944446
v -0.124631 0.663526 -0.130164
v -0.14381 0.662055 -0.129403
v -0.14381 0.676467 -0.119819
v -0.162913 0.674703 -0.118336
v -0.161391 0.659114 -0.128618
v -0.201272 0.694703 -0.099031
v -0.220451 0.691615 -0.0971491
v -0.219614 0.640289 -0.128618
v -0.239554 0.641907 -0.123508
v -0.257135 0.642495 -0.119296
v -0.258809 0.675144 -0.0986945
v -0.277912 0.636613 -0.117888
v -0.29047 0.633671 -0.116006
v -0.316195 0.617641 -0.118
v -0.328524 0.614553 -0.115968
v -0.335145 0.604111 -0.120156
v -0.392607 0.604258 -0.100975
v -0.345192 0.574845 -0.134227
v -0.358054 0.571022 -0.131983
v -0.368252 0.558227 -0.135623
v -0.380962 0.554256 -0.133354
v -0.392759 0.540579 -0.136507
v -0.40311 0.536903 -0.134439
v -0.429671 0.583816 -0.099031
v -0.443599 0.577051 -0.0970743
v -0.488503 0.540873 -0.0983081
v -0.424268 0.519402 -0.135261
v -0.457755 0.49646 -0.133342
v -0.470617 0.4894 -0.131385
v -0.490406 0.490283 -0.122387
v -0.504409 0.485136 -0.118324
v -0.537212 0.498813 -0.0961894
v -0.464909 0.559403 -0.0979467
v -0.509585 0.471164 -0.122499
v -0.508595 0.451458 -0.131497
v -0.528459 0.451605 -0.121664
v -0.560349 0.4694 -0.0984203
v -0.573972 0.458517 -0.0953419
v -0.57831 0.445869 -0.0978345
v -0.563393 0.390867 -0.127173
v -0.578767 0.392779 -0.117601
v -0.598783 0.411897 -0.0987942
v -0.585388 0.373807 -0.120592
v -0.595739 0.367336 -0.116168
v -0.598935 0.354542 -0.118324
v -0.61507 0.387043 -0.0971117
v -0.637294 0.277774 -0.118336
v -0.640186 0.238066 -0.127945
v -0.655255 0.23939 -0.117838
v -0.64285 0.258655 -0.120617
v -0.690493 0.231889 -0.0962393
v -0.643611 0.220271 -0.129428
v -0.659365 0.161886 -0.128693
v -0.662714 0.14365 -0.129379
v -0.664845 0.124532 -0.130587
v -0.657158 0.105413 -0.137779
v -0.658832 0.0861476 -0.138788
v -0.669868 0.0670291 -0.133641
v -0.670933 -0.0669473 -0.134301
v -0.670629 -0.0769478 -0.134164
v -0.696125 -0.0669473 -0.119034
v -0.726644 -0.12445 -0.0948434
v -0.750695 -0.105331 -0.0790277
v -0.737604 -0.12445 -0.087029
v -0.749629 -0.12445 -0.0784295
v -0.759295 -0.12445 -0.0712882
v -0.760284 -0.123126 -0.0706775
v -0.632575 0.0971775 -0.153457
v -0.632727 0.0861476 -0.153544
v -0.622681 0.0861476 -0.158604
v -0.584399 0.0861476 -0.17776
v -0.562784 0.0226154 -0.188566
v -0.565752 -0.0862129 -0.18707
v -0.632803 -0.0862129 -0.153544
v -0.642317 -0.0862129 -0.148696
v 0.0135049 -0.507702 -0.197975
v 0.0134288 0.526755 -0.197988
v 0.0134288 0.54205 -0.195657
v 0.0134288 0.546315 -0.194897
v 0.0134288 0.556021 -0.191843
v 0.0134288 0.565286 -0.187257
v 0.0134288 0.592346 -0.173735
v 0.0134288 0.603964 -0.167902
v 0.0134288 0.618818 -0.160387
v 0.0134288 0.630583 -0.154305
v 0.0134288 0.638083 -0.150317
v 0.0134288 0.641613 -0.14831
v 0.0134288 0.654261 -0.140907
v 0.0134288 0.658231 -0.138526
v 0.0134288 0.726323 -0.0947188
v 0.0135049 -0.757124 -0.0706775
v -0.00963191 0.726323 -0.0947312
v -0.00963191 0.658967 -0.139037
v -0.0288111 0.658525 -0.138601
v -0.0671695 0.666614 -0.131672
v -0.0862726 0.665732 -0.131198
v -0.105528 0.664849 -0.130687
v -0.105528 0.655143 -0.13632
v -0.124631 0.653966 -0.135573
v -0.14381 0.652496 -0.1347
v -0.154009 0.651613 -0.134239
v -0.166719 0.649849 -0.13323
v -0.182169 0.647496 -0.131821
v -0.225398 0.63073 -0.13323
v -0.239554 0.628083 -0.131809
v -0.260407 0.6222 -0.13065
v -0.277912 0.622642 -0.126213
v -0.296939 0.623524 -0.120305
v -0.31452 0.601758 -0.127958
v -0.335374 0.586905 -0.130301
v -0.358054 0.533373 -0.151762
v -0.375026 0.526902 -0.15008
v -0.374265 0.54705 -0.139661
v -0.319772 0.590875 -0.132594
v -0.306985 0.594111 -0.134227
v -0.38218 0.516607 -0.152984
v -0.392759 0.526755 -0.143786
v -0.410492 0.526167 -0.13718
v -0.392759 0.512343 -0.15099
v -0.41034 0.487489 -0.155701
v -0.423278 0.480429 -0.153968
v -0.465138 0.483665 -0.136258
v -0.477924 0.477929 -0.133728
v -0.489873 0.470576 -0.131821
v -0.497103 0.458664 -0.133728
v -0.502735 0.445869 -0.136246
v -0.515597 0.438516 -0.133354
v -0.526861 0.431604 -0.130326
v -0.533254 0.417338 -0.132619
v -0.545127 0.411309 -0.128868
v -0.550911 0.396014 -0.131809
v -0.555706 0.383219 -0.134202
v -0.568036 0.37366 -0.130675
v -0.582648 0.353071 -0.128332
v -0.587443 0.335276 -0.130774
v -0.604567 0.335423 -0.120667
v -0.623747 0.297039 -0.120667
v -0.621007 0.27645 -0.128332
v -0.625725 0.258655 -0.130774
v -0.629531 0.243507 -0.132769
v -0.632651 0.230713 -0.134339
v -0.634021 0.220271 -0.135137
v -0.64597 0.201153 -0.130961
v -0.648406 0.182034 -0.132395
v -0.65183 0.154827 -0.134351
v -0.653124 0.14365 -0.135149
v -0.655331 0.124532 -0.136483
v -0.64011 0.104237 -0.148111
v -0.632651 -0.0984193 -0.153457
v -0.669792 -0.0897424 -0.133653
v -0.678316 -0.0844481 -0.128793
v -0.69506 -0.0862129 -0.118249
v -0.640186 -0.105037 -0.148983
v -0.659061 -0.105331 -0.138526
v -0.717055 -0.12445 -0.1011
v -0.725198 -0.143715 -0.0939585
v -0.737604 -0.143715 -0.0849851
v -0.748107 -0.143715 -0.0772705
v -0.758458 -0.134303 -0.0706775
v -0.631053 0.109825 -0.152585
v -0.619637 0.124532 -0.157022
v -0.601675 0.122767 -0.167304
v -0.593988 0.115119 -0.172476
v -0.594217 0.105413 -0.172601
v -0.584399 0.105413 -0.177548
v -0.556163 0.0861476 -0.191856
v -0.556163 -0.0862129 -0.191856
v -0.594293 -0.105331 -0.172601
v 0.0135049 -0.511526 -0.197975
v 0.0134288 0.522931 -0.197988
v -0.526861 0.105413 -0.197975
v -0.507758 0.182034 -0.197975
v -0.4694 0.258655 -0.197975
v -0.431117 0.316158 -0.197975
v -0.354553 0.392779 -0.197975
v -0.335374 0.411897 -0.197975
v -0.277912 0.450134 -0.197975
v -0.239554 0.4694 -0.197975
v -0.162913 0.507636 -0.197975
v -0.0479903 0.526755 -0.197975
v -0.0288111 0.546021 -0.195046
v 0.00954727 0.546021 -0.195046
v 0.00954727 0.556168 -0.191856
v 0.00954727 0.565727 -0.187083
v -0.00963191 0.632789 -0.153544
v 0.00954727 0.632495 -0.15342
v -0.00963191 0.642348 -0.148597
v 0.00954727 0.642054 -0.14826
v 0.00954727 0.658378 -0.138701
v 0.00954727 -0.757713 -0.0706775
v 0.0135049 -0.725947 -0.0942452
v -0.0288111 0.642201 -0.148185
v -0.0412928 0.632495 -0.153445
v -0.047762 0.640142 -0.148634
v -0.0479903 0.65779 -0.138053
v -0.0671695 0.657055 -0.137492
v -0.0862726 0.656172 -0.136931
v -0.0671695 0.641907 -0.146465
v -0.0671695 0.631171 -0.152697
v -0.0862726 0.629848 -0.152036
v -0.124631 0.641907 -0.142228
v -0.14381 0.641907 -0.140446
v -0.14381 0.6247 -0.149457
v -0.162837 0.621171 -0.149182
v -0.161391 0.642789 -0.137978
v -0.182169 0.637936 -0.137442
v -0.219614 0.623671 -0.138352
v -0.239554 0.618671 -0.137268
v -0.201272 0.634701 -0.13561
v -0.255156 0.615582 -0.135523
v -0.267942 0.612935 -0.134052
v -0.277912 0.610582 -0.132881
v -0.297091 0.606023 -0.13045
v -0.335374 0.526755 -0.160698
v -0.352802 0.526902 -0.156236
v -0.36947 0.520578 -0.154866
v -0.319696 0.552638 -0.151762
v -0.297091 0.546021 -0.160698
v -0.277912 0.601023 -0.137841
v -0.258809 0.586905 -0.149743
v -0.268627 0.574992 -0.15337
v -0.375026 0.509107 -0.15833
v -0.372971 0.487489 -0.168189
v -0.393672 0.469547 -0.169535
v -0.40075 0.45837 -0.17199
v -0.411862 0.4694 -0.163166
v -0.435988 0.474694 -0.151501
v -0.442762 0.461899 -0.154155
v -0.455624 0.455575 -0.1516
v -0.462017 0.442781 -0.154155
v -0.474727 0.436457 -0.151588
v -0.480892 0.423662 -0.154143
v -0.493754 0.416162 -0.151326
v -0.49893 0.403367 -0.153657
v -0.526861 0.392779 -0.144559
v -0.538201 0.404544 -0.134987
v -0.545127 0.390867 -0.136595
v -0.516434 0.381896 -0.152909
v -0.526861 0.37469 -0.150292
v -0.54604 0.37366 -0.141642
v -0.55837 0.37366 -0.135535
v -0.571993 0.358512 -0.132756
v -0.601904 0.314687 -0.128332
v -0.575266 0.345865 -0.134364
v -0.613624 0.269097 -0.134364
v -0.622986 0.238066 -0.137405
v -0.584399 0.220271 -0.161147
v -0.571993 0.204535 -0.171068
v -0.574885 0.19174 -0.172476
v -0.600381 0.201153 -0.156872
v -0.609971 0.201153 -0.15155
v -0.60472 0.181005 -0.157508
v -0.629226 0.124532 -0.15155
v -0.594065 -0.115185 -0.172476
v -0.631814 -0.111214 -0.153021
v -0.668574 -0.105331 -0.132955
v -0.680219 -0.105331 -0.125839
v -0.693766 -0.105331 -0.117451
v -0.701986 -0.12445 -0.110671
v -0.703355 -0.105331 -0.111407
v -0.64186 -0.12445 -0.146092
v -0.657386 -0.12445 -0.137467
v -0.666976 -0.12445 -0.132033
v -0.715685 -0.143715 -0.100028
v -0.690037 -0.154304 -0.115121
v -0.688667 -0.167099 -0.114248
v -0.723067 -0.162834 -0.0925003
v -0.746128 -0.166069 -0.0758372
v -0.74727 -0.153275 -0.0766722
v -0.756707 -0.144598 -0.0706775
v -0.603502 0.162769 -0.160761
v -0.603502 0.14365 -0.16344
v -0.588052 0.162769 -0.169348
v -0.590411 0.14365 -0.170656
v -0.592466 0.127914 -0.171666
v -0.585388 0.122767 -0.175866
v -0.565143 0.124532 -0.185687
v -0.555554 0.11409 -0.191582
v -0.555934 0.101295 -0.191781
v -0.54604 0.0861476 -0.195046
v -0.553042 0.0226154 -0.192853
v -0.54604 -0.0862129 -0.195034
v -0.556011 -0.0988605 -0.191769
v -0.584399 -0.105331 -0.177523
v 0.0135049 -0.52682 -0.197963
v -0.0479142 -0.52682 -0.197963
v -0.143734 -0.507702 -0.197963
v -0.201272 -0.488436 -0.197963
v -0.277912 -0.450199 -0.197963
v -0.33545 -0.411815 -0.197963
v -0.526861 0.0226154 -0.197975
v -0.526861 0.124532 -0.197851
v -0.507758 0.201153 -0.197377
v -0.526861 0.14365 -0.19729
v -0.4694 0.277774 -0.19724
v -0.450221 0.297039 -0.197739
v -0.488503 0.23939 -0.197377
v -0.431117 0.335276 -0.197228
v -0.411862 0.354542 -0.197265
v -0.373656 0.392779 -0.197265
v -0.354553 0.411897 -0.197215
v -0.316195 0.431016 -0.197714
v -0.297091 0.450134 -0.197228
v -0.258809 0.4694 -0.197302
v -0.182169 0.507636 -0.197302
v -0.105528 0.526755 -0.19714
v -0.0862726 0.526755 -0.197701
v -0.0671695 0.526755 -0.197963
v -0.0671695 0.544844 -0.194772
v -0.0484469 0.547785 -0.194261
v -0.0424344 0.556021 -0.191781
v -0.0288111 0.556168 -0.191856
v -0.0288111 0.632642 -0.153532
v -0.0479903 0.594405 -0.1727
v -0.0479903 0.603964 -0.167914
v -0.0288111 0.622642 -0.15858
v -0.00963191 -0.758742 -0.0706775
v 0.00954727 -0.726094 -0.0943823
v 0.0135049 -0.716387 -0.100963
v -0.0600153 0.594258 -0.172613
v -0.0671695 0.621612 -0.157994
v -0.0540028 0.631907 -0.153071
v -0.0862726 0.620436 -0.157171
v -0.105528 0.618818 -0.156212
v -0.14381 0.615141 -0.154305
v -0.156444 0.613818 -0.153644
v -0.16923 0.6122 -0.152909
v -0.182169 0.622642 -0.14563
v -0.201272 0.622642 -0.142203
v -0.220984 0.602347 -0.149394
v -0.239554 0.603523 -0.145356
v -0.260407 0.605288 -0.139798
v -0.316195 0.526755 -0.165409
v -0.306453 0.517196 -0.172401
v -0.316195 0.514549 -0.171279
v -0.336668 0.507489 -0.169497
v -0.354553 0.507636 -0.164761
v -0.276238 0.565286 -0.156299
v -0.277912 0.546021 -0.165397
v -0.239554 0.591023 -0.1518
v -0.258809 0.565139 -0.160611
v -0.354553 0.493812 -0.170694
v -0.378831 0.476018 -0.171292
v -0.407372 0.445722 -0.174133
v -0.420158 0.439251 -0.17199
v -0.41308 0.451311 -0.170133
v -0.387964 0.463223 -0.173772
v -0.374569 0.431163 -0.189102
v -0.381419 0.419692 -0.19117
v -0.392759 0.431016 -0.18383
v -0.431117 0.450134 -0.163502
v -0.450221 0.431016 -0.163502
v -0.468791 0.430427 -0.156361
v -0.4694 0.411897 -0.163378
v -0.487818 0.410573 -0.155975
v -0.458516 0.40072 -0.17199
v -0.469552 0.393661 -0.16951
v -0.488503 0.392779 -0.161596
v -0.502887 0.392779 -0.155339
v -0.512477 0.392779 -0.151114
v -0.476021 0.378807 -0.171167
v -0.484165 0.354542 -0.174644
v -0.507758 0.354542 -0.1645
v -0.520544 0.369101 -0.154741
v -0.53333 0.358512 -0.151874
v -0.544366 0.353071 -0.147911
v -0.539571 0.335276 -0.154816
v -0.517728 0.307481 -0.172675
v -0.526861 0.258655 -0.180315
v -0.54604 0.220271 -0.180303
v -0.54604 0.201153 -0.184752
v -0.565448 0.199388 -0.175504
v -0.536375 0.191299 -0.191582
v -0.565143 0.182034 -0.178545
v -0.580898 0.14365 -0.175504
v -0.585693 0.182034 -0.167977
v -0.563545 -0.105331 -0.187768
v -0.555173 -0.111655 -0.19142
v -0.56522 -0.12445 -0.1853
v -0.585388 -0.122832 -0.175816
v -0.592466 -0.127979 -0.171678
v -0.601675 -0.122832 -0.167678
v -0.620931 -0.12445 -0.157483
v -0.63052 -0.12445 -0.152336
v -0.680219 -0.12445 -0.124057
v -0.692396 -0.12445 -0.116591
v -0.65556 -0.143715 -0.13637
v -0.665073 -0.143715 -0.131061
v -0.680219 -0.143715 -0.12215
v -0.681436 -0.16151 -0.119408
v -0.677174 -0.181952 -0.119034
v -0.686764 -0.181952 -0.113052
v -0.699398 -0.181952 -0.104926
v -0.711118 -0.181952 -0.0972737
v -0.709596 -0.194159 -0.0962766
v -0.720784 -0.181952 -0.0908303
v -0.73456 -0.181952 -0.0812462
v -0.744149 -0.181952 -0.0743416
v -0.748944 -0.181805 -0.0706775
v -0.753587 -0.161657 -0.0706775
v -0.565143 0.14365 -0.183331
v -0.55426 0.124532 -0.191008
v -0.551825 0.14365 -0.189862
v -0.547867 0.106737 -0.194261
v -0.539876 0.162769 -0.19314
v -0.542311 0.14365 -0.194112
v -0.54467 0.124532 -0.19466
v -0.54604 0.0226154 -0.195046
v -0.526861 -0.105331 -0.197963
v -0.526861 -0.12445 -0.197639
v -0.547715 -0.105331 -0.194249
v 0.0135049 -0.54638 -0.194884
v 0.00954727 -0.545939 -0.195046
v -0.0288111 -0.545939 -0.195046
v -0.0670934 -0.52682 -0.197888
v -0.162913 -0.507702 -0.197589
v -0.220375 -0.488436 -0.19729
v -0.258733 -0.469318 -0.19729
v -0.297015 -0.450199 -0.19719
v -0.316195 -0.431081 -0.197689
v -0.354553 -0.411815 -0.197178
v -0.411938 -0.35446 -0.197178
v -0.354553 -0.392697 -0.197963
v -0.411938 -0.335194 -0.197963
v -0.450221 -0.277839 -0.197963
v -0.488579 -0.220336 -0.197963
v -0.507758 -0.162834 -0.197963
v -0.526861 0.162769 -0.196318
v -0.528764 0.183799 -0.19456
v -0.524426 0.201153 -0.194199
v -0.507758 0.220271 -0.195832
v -0.488503 0.258655 -0.195832
v -0.450221 0.316158 -0.19648
v -0.431955 0.355277 -0.194274
v -0.412852 0.374542 -0.194286
v -0.374569 0.412779 -0.194261
v -0.335374 0.431016 -0.196467
v -0.317488 0.451605 -0.194623
v -0.297091 0.466752 -0.194049
v -0.258809 0.486018 -0.194124
v -0.182169 0.523667 -0.194124
v -0.162913 0.528226 -0.194361
v -0.14381 0.526755 -0.195707
v -0.124631 0.526755 -0.196467
v -0.220451 0.505136 -0.194124
v -0.0862726 0.543226 -0.194523
v -0.0552206 0.555286 -0.191507
v -0.0669412 -0.758742 -0.0706775
v -0.00963191 -0.737565 -0.0864308
v -0.00963191 -0.726388 -0.0947188
v 0.00954727 -0.716534 -0.10095
v 0.0135049 -0.701387 -0.110547
v -0.0667128 0.585875 -0.176252
v -0.0727254 0.593376 -0.172164
v -0.0667128 0.601758 -0.168376
v -0.0862726 0.603523 -0.165846
v -0.105528 0.603523 -0.163926
v -0.105528 0.580581 -0.17538
v -0.14381 0.576757 -0.17346
v -0.156444 0.53705 -0.191968
v -0.162913 0.54455 -0.187519
v -0.16923 0.573963 -0.172065
v -0.182169 0.600729 -0.156698
v -0.182169 0.610288 -0.151899
v -0.182169 0.562492 -0.175866
v -0.214971 0.595287 -0.153968
v -0.220984 0.585875 -0.157707
v -0.227757 0.593081 -0.152909
v -0.268094 0.536314 -0.172401
v -0.210709 0.517196 -0.191569
v -0.248991 0.498077 -0.191569
v -0.28735 0.478812 -0.191569
v -0.297091 0.488518 -0.185737
v -0.316195 0.488518 -0.181861
v -0.316195 0.504989 -0.175255
v -0.331036 0.501019 -0.173685
v -0.343898 0.497342 -0.172177
v -0.227757 0.554697 -0.172065
v -0.239554 0.565139 -0.164711
v -0.239554 0.552344 -0.170968
v -0.260484 0.545726 -0.169597
v -0.366197 0.480282 -0.172974
v -0.372971 0.469547 -0.175317
v -0.41308 0.432192 -0.176763
v -0.426551 0.426604 -0.174133
v -0.439337 0.420133 -0.17199
v -0.432183 0.432192 -0.17012
v -0.373656 0.450134 -0.182409
v -0.368709 0.424839 -0.192728
v -0.359728 0.437486 -0.190547
v -0.393596 0.412779 -0.189538
v -0.387888 0.407044 -0.192778
v -0.419853 0.381455 -0.19117
v -0.412852 0.393661 -0.189538
v -0.411862 0.411897 -0.183905
v -0.451362 0.412927 -0.17012
v -0.431117 0.392779 -0.183892
v -0.438957 0.362336 -0.191158
v -0.463159 0.388072 -0.173909
v -0.445654 0.407338 -0.174133
v -0.469552 0.372778 -0.175629
v -0.4694 0.354542 -0.180938
v -0.488503 0.316158 -0.18368
v -0.497331 0.343659 -0.172077
v -0.501441 0.330864 -0.173909
v -0.536831 0.345718 -0.153507
v -0.514151 0.320128 -0.171043
v -0.507758 0.297039 -0.180166
v -0.51027 0.258655 -0.188354
v -0.529449 0.220271 -0.188354
v -0.534015 0.201153 -0.19056
v -0.544975 0.183799 -0.188279
v -0.517424 0.230271 -0.191669
v -0.519783 0.220271 -0.192654
v -0.543986 -0.12445 -0.194461
v -0.553499 -0.12445 -0.190697
v -0.580822 -0.143715 -0.175367
v -0.574429 -0.190188 -0.172252
v -0.576255 -0.177393 -0.173111
v -0.603578 -0.143715 -0.164063
v -0.587748 -0.162834 -0.169497
v -0.603578 -0.162834 -0.161596
v -0.618723 -0.143715 -0.156236
v -0.628237 -0.143715 -0.151127
v -0.64186 -0.143715 -0.143798
v -0.653353 -0.162834 -0.135161
v -0.662866 -0.162834 -0.129989
v -0.659441 -0.18107 -0.129279
v -0.660963 -0.201218 -0.124842
v -0.674282 -0.201218 -0.117252
v -0.683872 -0.201218 -0.11127
v -0.707922 -0.206953 -0.0951425
v -0.731515 -0.201218 -0.0792022
v -0.741105 -0.201218 -0.0720484
v -0.742932 -0.201218 -0.0706775
v -0.526861 -0.143715 -0.196667
v -0.507758 -0.181952 -0.197639
v -0.507758 -0.201218 -0.196679
v 0.0135049 -0.556086 -0.191831
v 0.00954727 -0.556086 -0.191856
v -0.00963191 -0.556086 -0.191868
v -0.0288111 -0.556086 -0.191868
v -0.0418256 -0.555939 -0.191781
v -0.0481425 -0.547704 -0.194249
v -0.0670934 -0.544615 -0.194698
v -0.0862726 -0.52682 -0.197464
v -0.182092 -0.507702 -0.196567
v -0.105452 -0.52682 -0.196717
v -0.124555 -0.52682 -0.195869
v -0.162913 -0.524614 -0.194411
v -0.220375 -0.504908 -0.194112
v -0.258733 -0.485936 -0.194112
v -0.279739 -0.47123 -0.194884
v -0.33545 -0.431081 -0.19638
v -0.297015 -0.466671 -0.194012
v -0.31726 -0.451523 -0.194585
v -0.353716 -0.431081 -0.193738
v -0.374341 -0.412551 -0.194162
v -0.431117 -0.353577 -0.19375
v -0.431117 -0.335194 -0.196393
v -0.450221 -0.296957 -0.19719
v -0.431117 -0.316076 -0.197689
v -0.412623 -0.374167 -0.194162
v -0.469324 -0.258573 -0.197689
v -0.488579 -0.239455 -0.19719
v -0.507758 0.237772 -0.193713
v -0.488427 0.276009 -0.193613
v -0.470694 0.298069 -0.19466
v -0.450144 0.334394 -0.193825
v -0.443751 0.349541 -0.192741
v -0.42617 0.368807 -0.192778
v -0.353868 0.431163 -0.193825
v -0.335374 0.445869 -0.193277
v -0.311933 0.462782 -0.192741
v -0.274487 0.482047 -0.192841
v -0.236205 0.501166 -0.192841
v -0.197847 0.520284 -0.192841
v -0.182169 0.533226 -0.190236
v -0.16923 0.535579 -0.19122
v -0.14381 0.538373 -0.192529
v -0.124631 0.539991 -0.193277
v -0.105528 0.541756 -0.193962
v -0.0671695 0.565139 -0.186135
v -0.0671695 0.554403 -0.191083
v -0.0869575 -0.757566 -0.0706775
v -0.0862726 -0.737565 -0.0859323
v -0.0862726 -0.726094 -0.0945318
v -0.0670934 -0.737565 -0.0864308
v -0.0670934 -0.726388 -0.0947188
v -0.00963191 -0.716829 -0.100876
v -0.0670934 -0.716829 -0.100876
v -0.0670934 -0.701387 -0.11046
v 0.0135049 -0.693886 -0.115121
v -0.0862726 0.565139 -0.184602
v -0.0862726 0.582493 -0.176277
v -0.0862726 0.592052 -0.171541
v -0.220984 0.56411 -0.168562
v -0.182169 0.546021 -0.184067
v -0.255384 0.539256 -0.173685
v -0.203098 0.526755 -0.189151
v -0.297091 0.476312 -0.190585
v -0.317488 0.469252 -0.189064
v -0.336668 0.489989 -0.176701
v -0.335374 0.4694 -0.184827
v -0.354553 0.484253 -0.174445
v -0.201272 0.546021 -0.180801
v -0.239554 0.542785 -0.175255
v -0.354553 0.4694 -0.180028
v -0.353868 0.449105 -0.187768
v -0.347018 0.441898 -0.19208
v -0.431955 0.374542 -0.189538
v -0.450144 0.355277 -0.188715
v -0.460952 0.327482 -0.192055
v -0.456461 0.340276 -0.190323
v -0.474271 0.316158 -0.1897
v -0.477924 0.305128 -0.191245
v -0.488427 0.298069 -0.188678
v -0.507758 0.314687 -0.175417
v -0.494668 0.281303 -0.190198
v -0.498245 0.268508 -0.191669
v -0.505855 0.276009 -0.186235
v -0.514151 0.242919 -0.190236
v -0.50068 0.258655 -0.192654
v -0.525035 -0.181952 -0.194461
v -0.540865 -0.143715 -0.193489
v -0.550531 -0.143715 -0.189388
v -0.583333 -0.183129 -0.168986
v -0.566894 -0.183129 -0.176576
v -0.54604 -0.181952 -0.185886
v -0.531428 -0.201218 -0.189413
v -0.51925 -0.216071 -0.192429
v -0.516815 -0.228719 -0.19142
v -0.572298 -0.201218 -0.171292
v -0.584399 -0.201218 -0.165559
v -0.605252 -0.183129 -0.158019
v -0.612863 -0.190335 -0.153108
v -0.625878 -0.162834 -0.149855
v -0.651983 -0.174158 -0.134389
v -0.647721 -0.201218 -0.132158
v -0.644448 -0.220336 -0.130425
v -0.662409 -0.220925 -0.120193
v -0.671999 -0.214895 -0.115856
v -0.679153 -0.220925 -0.110161
v -0.669868 -0.22769 -0.114523
v -0.692624 -0.239455 -0.0976227
v -0.705639 -0.220336 -0.0936095
v -0.715609 -0.239455 -0.081645
v -0.725198 -0.239455 -0.0744538
v -0.717359 -0.278133 -0.0706775
v -0.509356 -0.22166 -0.194648
v 0.0135049 -0.59447 -0.1727
v -0.0479142 -0.59447 -0.1727
v -0.0479142 -0.584323 -0.177735
v -0.0546117 -0.555204 -0.191457
v -0.060472 -0.594323 -0.172613
v -0.0862726 -0.542703 -0.194274
v -0.202489 -0.50932 -0.194598
v -0.105452 -0.540792 -0.193526
v -0.124555 -0.53888 -0.192691
v -0.138863 -0.537409 -0.19203
v -0.151649 -0.535938 -0.191445
v -0.182092 -0.521526 -0.193389
v -0.236129 -0.501231 -0.192828
v -0.196933 -0.519026 -0.192354
v -0.20972 -0.51682 -0.191445
v -0.274564 -0.481965 -0.192828
v -0.311628 -0.4627 -0.192691
v -0.33545 -0.445493 -0.193202
v -0.368481 -0.424757 -0.192666
v -0.387508 -0.406521 -0.192679
v -0.406611 -0.387402 -0.192679
v -0.445502 -0.335194 -0.193202
v -0.483936 -0.277839 -0.193214
v -0.469476 -0.296075 -0.193763
v -0.489949 -0.25975 -0.194585
v -0.424801 -0.368284 -0.192679
v -0.469324 -0.277839 -0.196393
v -0.50479 -0.239455 -0.194012
v -0.481958 0.292333 -0.192753
v -0.464681 0.316158 -0.193302
v -0.324643 0.458958 -0.191345
v -0.105528 0.551315 -0.1896
v -0.105985 -0.755213 -0.0706775
v -0.0998198 -0.747712 -0.0771084
v -0.105908 -0.73933 -0.0828788
v -0.105452 -0.72477 -0.0936719
v -0.0862726 -0.716534 -0.100639
v -0.0862726 -0.700946 -0.110223
v -0.0670934 -0.666385 -0.131597
v 0.0135049 -0.644914 -0.144534
v -0.335374 0.455428 -0.190011
v -0.521838 -0.201218 -0.193489
v -0.538354 -0.159157 -0.192429
v -0.545355 -0.164452 -0.188715
v -0.601371 -0.201218 -0.157121
v -0.534624 -0.181952 -0.190797
v -0.51438 -0.239455 -0.190448
v -0.526861 -0.239455 -0.184902
v -0.55875 -0.220336 -0.173909
v -0.556391 -0.23166 -0.172837
v -0.568416 -0.220336 -0.169422
v -0.584399 -0.220336 -0.161658
v -0.61096 -0.201218 -0.152136
v -0.622681 -0.201218 -0.145792
v -0.632803 -0.231219 -0.134414
v -0.640262 -0.238278 -0.12893
v -0.657995 -0.239455 -0.11891
v -0.65419 -0.258573 -0.116654
v -0.690569 -0.251073 -0.0963016
v -0.702214 -0.239455 -0.0912166
v -0.707998 -0.284751 -0.0759992
v -0.710205 -0.271956 -0.0775945
v -0.71089 -0.297104 -0.0706775
v 0.0135049 -0.60403 -0.167865
v 0.00954727 -0.60403 -0.167877
v -0.0479142 -0.60403 -0.167877
v -0.0670934 -0.554174 -0.190946
v -0.0669412 -0.585941 -0.176202
v -0.0670934 -0.565204 -0.185936
v -0.0669412 -0.601824 -0.168538
v -0.073182 -0.593441 -0.172227
v -0.0862726 -0.565204 -0.184204
v -0.105452 -0.565204 -0.182459
v -0.124555 -0.548439 -0.188341
v -0.143734 -0.565204 -0.178932
v -0.144647 -0.544615 -0.188204
v -0.162913 -0.534174 -0.190684
v -0.157205 -0.575646 -0.172837
v -0.169991 -0.574175 -0.172177
v -0.182092 -0.562704 -0.175629
v -0.182092 -0.531085 -0.189313
v -0.277912 -0.507702 -0.181898
v -0.220375 -0.514467 -0.190485
v -0.239554 -0.52682 -0.181898
v -0.260484 -0.528732 -0.176963
v -0.277912 -0.52432 -0.175255
v -0.182092 -0.545939 -0.182932
v -0.201272 -0.545939 -0.180166
v -0.221288 -0.547556 -0.176477
v -0.220375 -0.52682 -0.185413
v -0.28735 -0.47873 -0.191557
v -0.297015 -0.47623 -0.190572
v -0.31726 -0.469171 -0.189002
v -0.324414 -0.458876 -0.19127
v -0.346638 -0.441817 -0.191981
v -0.381038 -0.419316 -0.191083
v -0.359424 -0.437405 -0.190547
v -0.374341 -0.431081 -0.189052
v -0.419473 -0.381079 -0.191083
v -0.441773 -0.346518 -0.191981
v -0.463159 -0.311517 -0.192691
v -0.493526 -0.277839 -0.190024
v -0.497179 -0.266662 -0.19127
v -0.501061 -0.254014 -0.192691
v -0.431117 -0.374167 -0.189114
v -0.437587 -0.359313 -0.19056
v -0.124555 -0.752418 -0.0706775
v -0.124555 -0.745948 -0.075725
v -0.11253 -0.74683 -0.076398
v -0.115041 -0.689769 -0.114984
v -0.143734 -0.744036 -0.0745161
v -0.162913 -0.74183 -0.0730579
v -0.124555 -0.722564 -0.0922137
v -0.166643 -0.650208 -0.133354
v -0.105452 -0.690357 -0.115358
v -0.0862726 -0.691386 -0.115981
v -0.0862726 -0.665797 -0.131273
v -0.0670934 -0.63109 -0.152622
v -0.0479142 -0.631237 -0.152697
v 0.00954727 -0.631237 -0.152709
v 0.0135049 -0.631237 -0.152709
v -0.597489 -0.220336 -0.155102
v -0.507606 -0.25975 -0.188977
v -0.526861 -0.258573 -0.180926
v -0.553499 -0.244455 -0.171354
v -0.56385 -0.23872 -0.167615
v -0.594902 -0.231955 -0.153781
v -0.607003 -0.220336 -0.150155
v -0.630064 -0.244014 -0.132993
v -0.64186 -0.258573 -0.123371
v -0.651983 -0.269603 -0.115308
v -0.672684 -0.292545 -0.0970743
v -0.670096 -0.30534 -0.0955164
v -0.679534 -0.298134 -0.091416
v -0.685166 -0.277839 -0.0929739
v -0.696201 -0.296957 -0.0809595
v -0.705715 -0.296957 -0.0744663
v -0.702366 -0.317546 -0.0706775
v 0.0135049 -0.621677 -0.15828
v 0.00954727 -0.621677 -0.158293
v -0.0479142 -0.621677 -0.158293
v -0.0670934 -0.62153 -0.158131
v -0.0862726 -0.582705 -0.17614
v -0.0862726 -0.620648 -0.157495
v -0.0862726 -0.603441 -0.166307
v -0.0862726 -0.592264 -0.171666
v -0.124555 -0.578881 -0.174395
v -0.124555 -0.565204 -0.180701
v -0.143734 -0.57697 -0.173485
v -0.105452 -0.590352 -0.170756
v -0.143734 -0.586529 -0.168936
v -0.164511 -0.605353 -0.157757
v -0.163294 -0.582852 -0.168737
v -0.182092 -0.584323 -0.165671
v -0.182092 -0.572263 -0.171317
v -0.172046 -0.613001 -0.153233
v -0.201272 -0.559616 -0.174233
v -0.306453 -0.517114 -0.172401
v -0.239554 -0.542998 -0.175255
v -0.255308 -0.539468 -0.173672
v -0.277912 -0.533879 -0.171417
v -0.215504 -0.557116 -0.173161
v -0.22829 -0.55491 -0.172177
v -0.297015 -0.488436 -0.185724
v -0.316195 -0.488436 -0.181636
v -0.33545 -0.469318 -0.184615
v -0.33545 -0.4552 -0.189999
v -0.392683 -0.431081 -0.184091
v -0.393368 -0.412551 -0.189613
v -0.412623 -0.393432 -0.189613
v -0.353716 -0.448876 -0.187731
v -0.373656 -0.450199 -0.182035
v -0.431117 -0.392697 -0.184191
v -0.507758 -0.277839 -0.184777
v -0.449003 -0.353577 -0.187893
v -0.488579 -0.316076 -0.182671
v -0.450221 -0.373578 -0.182521
v -0.143886 -0.749183 -0.0706775
v -0.0862726 -0.656238 -0.136944
v -0.153856 -0.651532 -0.134214
v -0.124555 -0.66315 -0.12984
v -0.105452 -0.641825 -0.143886
v -0.0862726 -0.641825 -0.145406
v -0.162913 -0.745212 -0.0706775
v -0.180342 -0.740947 -0.0706775
v -0.182092 -0.740506 -0.0706775
v -0.193204 -0.728447 -0.0769215
v -0.182092 -0.660944 -0.123695
v -0.143734 -0.720211 -0.0906309
v -0.182092 -0.648149 -0.132158
v -0.182092 -0.63859 -0.137916
v -0.161315 -0.643002 -0.13829
v -0.0862726 -0.630207 -0.152161
v -0.518261 -0.308575 -0.172937
v -0.52747 -0.277104 -0.176215
v -0.540408 -0.258573 -0.174383
v -0.585008 -0.238867 -0.157072
v -0.626639 -0.258573 -0.131273
v -0.636076 -0.296957 -0.116965
v -0.649091 -0.282398 -0.113688
v -0.658071 -0.316076 -0.0998286
v -0.692853 -0.31284 -0.0787037
v -0.65457 -0.331959 -0.0977099
v -0.667737 -0.316076 -0.0939585
v -0.699322 -0.317988 -0.0726965
v -0.699702 -0.322988 -0.0706775
v -0.105452 -0.619177 -0.156561
v -0.105452 -0.628737 -0.151376
v -0.124555 -0.627119 -0.150591
v -0.124555 -0.61756 -0.155601
v -0.143734 -0.615795 -0.154641
v -0.105452 -0.603441 -0.16445
v -0.124555 -0.603441 -0.162593
v -0.143734 -0.603441 -0.160723
v -0.182092 -0.601824 -0.157221
v -0.201272 -0.584323 -0.162667
v -0.201272 -0.569175 -0.169834
v -0.164511 -0.621383 -0.149718
v -0.182092 -0.622707 -0.146665
v -0.182092 -0.611383 -0.152448
v -0.221288 -0.564175 -0.169011
v -0.316195 -0.514173 -0.171092
v -0.335602 -0.489319 -0.176377
v -0.298842 -0.52682 -0.169996
v -0.316195 -0.52682 -0.165684
v -0.239554 -0.552557 -0.171205
v -0.260484 -0.545939 -0.169958
v -0.239554 -0.565204 -0.165397
v -0.354553 -0.469318 -0.17943
v -0.392911 -0.450935 -0.176364
v -0.408285 -0.444905 -0.17432
v -0.420919 -0.440199 -0.172289
v -0.41346 -0.432699 -0.177212
v -0.411938 -0.411815 -0.184478
v -0.432716 -0.41358 -0.177224
v -0.44535 -0.408139 -0.174345
v -0.45121 -0.393285 -0.176626
v -0.507758 -0.296957 -0.180103
v -0.514532 -0.32137 -0.171354
v -0.469324 -0.35446 -0.180303
v -0.490253 -0.336812 -0.176938
v -0.501898 -0.331371 -0.173872
v -0.480588 -0.366078 -0.173062
v -0.484621 -0.35446 -0.17457
v -0.143734 -0.652267 -0.134626
v -0.143734 -0.641825 -0.14067
v -0.124555 -0.641825 -0.142303
v -0.200587 -0.735359 -0.0706775
v -0.20599 -0.726829 -0.0758247
v -0.231563 -0.690063 -0.0960772
v -0.201272 -0.645061 -0.130463
v -0.244349 -0.688445 -0.0949805
v -0.201272 -0.635354 -0.135934
v -0.201272 -0.622707 -0.142951
v -0.143734 -0.625354 -0.149743
v -0.527394 -0.353725 -0.156947
v -0.534244 -0.359607 -0.152198
v -0.526861 -0.335194 -0.161994
v -0.54604 -0.373578 -0.142851
v -0.572678 -0.359754 -0.133068
v -0.549998 -0.258573 -0.169609
v -0.63014 -0.32137 -0.113912
v -0.614157 -0.270339 -0.134638
v -0.617049 -0.258573 -0.136096
v -0.621387 -0.277104 -0.129329
v -0.64049 -0.315488 -0.109874
v -0.651374 -0.344754 -0.0957781
v -0.689732 -0.325488 -0.0766224
v -0.643763 -0.337106 -0.102371
v -0.687297 -0.335194 -0.0749897
v -0.693309 -0.33593 -0.0706775
v -0.201272 -0.598588 -0.155688
v -0.221669 -0.586088 -0.158318
v -0.201272 -0.608147 -0.150728
v -0.216189 -0.595941 -0.154355
v -0.329285 -0.500349 -0.173411
v -0.371906 -0.468877 -0.174732
v -0.33545 -0.52682 -0.160324
v -0.345192 -0.536674 -0.153345
v -0.277912 -0.545939 -0.166194
v -0.297015 -0.545939 -0.16182
v -0.31551 -0.546527 -0.156934
v -0.33545 -0.549174 -0.150429
v -0.33545 -0.539615 -0.154753
v -0.258733 -0.565204 -0.161471
v -0.239554 -0.581823 -0.157059
v -0.392911 -0.468877 -0.168712
v -0.411938 -0.469318 -0.162991
v -0.41346 -0.450935 -0.17022
v -0.431117 -0.450199 -0.164786
v -0.432716 -0.432699 -0.170843
v -0.427388 -0.427404 -0.17442
v -0.440174 -0.420933 -0.172289
v -0.45121 -0.41358 -0.170407
v -0.463007 -0.387402 -0.17371
v -0.458136 -0.400197 -0.17179
v -0.508063 -0.315488 -0.175417
v -0.508063 -0.336812 -0.170071
v -0.507758 -0.35446 -0.165497
v -0.521381 -0.370343 -0.15519
v -0.497712 -0.344165 -0.172276
v -0.517348 -0.383138 -0.15327
v -0.509585 -0.37549 -0.158629
v -0.220375 -0.729476 -0.0706775
v -0.220375 -0.72477 -0.074217
v -0.219842 -0.640355 -0.129067
v -0.213068 -0.633148 -0.134613
v -0.220375 -0.657561 -0.118897
v -0.258733 -0.676533 -0.0994423
v -0.239554 -0.654179 -0.116704
v -0.250894 -0.65212 -0.115383
v -0.258733 -0.686092 -0.0933728
v -0.228975 -0.593588 -0.153071
v -0.527394 -0.37549 -0.151014
v -0.556696 -0.384608 -0.134638
v -0.569101 -0.373578 -0.131323
v -0.61096 -0.359754 -0.113837
v -0.614157 -0.34696 -0.115507
v -0.626639 -0.335194 -0.112167
v -0.638816 -0.35446 -0.099704
v -0.634706 -0.367696 -0.0972737
v -0.648329 -0.35446 -0.0940084
v -0.657919 -0.373578 -0.0807975
v -0.670477 -0.363872 -0.076585
v -0.673749 -0.351077 -0.0787411
v -0.685394 -0.351371 -0.0706775
v -0.357978 -0.532262 -0.151525
v -0.392683 -0.511084 -0.150603
v -0.392683 -0.501525 -0.154741
v -0.352802 -0.544174 -0.147724
v -0.276923 -0.565793 -0.156984
v -0.297015 -0.559469 -0.155264
v -0.308736 -0.556675 -0.153806
v -0.321522 -0.553292 -0.152211
v -0.33545 -0.565204 -0.142378
v -0.352802 -0.565204 -0.137355
v -0.368937 -0.558733 -0.135747
v -0.258733 -0.577852 -0.154965
v -0.269845 -0.575499 -0.153644
v -0.410036 -0.487848 -0.155539
v -0.423963 -0.480936 -0.154193
v -0.402425 -0.498143 -0.153333
v -0.450221 -0.431081 -0.164861
v -0.430585 -0.469318 -0.156885
v -0.443904 -0.462847 -0.154654
v -0.450221 -0.450199 -0.157346
v -0.469324 -0.411815 -0.16364
v -0.499615 -0.404021 -0.153906
v -0.504105 -0.392697 -0.155663
v -0.513695 -0.392697 -0.1517
v -0.526861 -0.392697 -0.145942
v -0.239554 -0.723152 -0.0706775
v -0.264974 -0.707858 -0.0758372
v -0.258657 -0.700504 -0.082829
v -0.239554 -0.641825 -0.12382
v -0.239554 -0.627854 -0.131684
v -0.219842 -0.623589 -0.138427
v -0.273955 -0.673444 -0.0975728
v -0.25782 -0.659473 -0.109562
v -0.263604 -0.649473 -0.113899
v -0.260103 -0.622119 -0.130276
v -0.277912 -0.710211 -0.0706775
v -0.277912 -0.705357 -0.074217
v -0.277912 -0.695798 -0.0810343
v -0.258733 -0.587411 -0.149768
v -0.260103 -0.605206 -0.139698
v -0.594293 -0.383579 -0.115183
v -0.597413 -0.373578 -0.116729
v -0.545812 -0.391667 -0.13748
v -0.552053 -0.397403 -0.132345
v -0.56385 -0.391667 -0.128406
v -0.583866 -0.391079 -0.118112
v -0.606927 -0.373578 -0.111394
v -0.642774 -0.392991 -0.0823803
v -0.653733 -0.386961 -0.0781678
v -0.649699 -0.399609 -0.0755755
v -0.660963 -0.392991 -0.0706775
v -0.67276 -0.373725 -0.0706775
v -0.680447 -0.360342 -0.0706775
v -0.682959 -0.355931 -0.0706775
v -0.373808 -0.526232 -0.149482
v -0.410036 -0.50579 -0.147462
v -0.415211 -0.493731 -0.151276
v -0.392683 -0.52682 -0.143437
v -0.374798 -0.547262 -0.139474
v -0.282631 -0.572558 -0.152149
v -0.297015 -0.569028 -0.150404
v -0.31551 -0.563881 -0.148335
v -0.297015 -0.584323 -0.142253
v -0.31452 -0.58447 -0.137554
v -0.33545 -0.577411 -0.135647
v -0.345344 -0.574911 -0.134252
v -0.35813 -0.571528 -0.13242
v -0.374798 -0.565204 -0.130587
v -0.381571 -0.554616 -0.133641
v -0.276923 -0.582852 -0.148023
v -0.431422 -0.50829 -0.138763
v -0.430585 -0.487848 -0.148497
v -0.436749 -0.475495 -0.151775
v -0.410873 -0.526673 -0.137504
v -0.425257 -0.520202 -0.135548
v -0.462854 -0.443876 -0.154654
v -0.469324 -0.430787 -0.157047
v -0.481425 -0.424169 -0.154367
v -0.45844 -0.496966 -0.133616
v -0.480055 -0.518291 -0.115445
v -0.478 -0.477995 -0.133703
v -0.45669 -0.456523 -0.151924
v -0.506693 -0.410933 -0.148173
v -0.527318 -0.412109 -0.138564
v -0.539191 -0.405786 -0.13551
v -0.260103 -0.71624 -0.0706775
v -0.279358 -0.679915 -0.0915158
v -0.286817 -0.670209 -0.0955787
v -0.312313 -0.654179 -0.09766
v -0.33545 -0.638884 -0.100016
v -0.297015 -0.658003 -0.100016
v -0.317793 -0.64359 -0.102521
v -0.297244 -0.640943 -0.110185
v -0.291079 -0.634031 -0.115968
v -0.277912 -0.646384 -0.112192
v -0.277912 -0.622707 -0.125689
v -0.267257 -0.612706 -0.133903
v -0.298385 -0.701534 -0.0706775
v -0.293134 -0.692563 -0.0785417
v -0.277912 -0.600794 -0.137978
v -0.589879 -0.396373 -0.112641
v -0.632651 -0.421963 -0.0768841
v -0.636076 -0.411815 -0.0788907
v -0.545812 -0.412109 -0.129765
v -0.5656 -0.411815 -0.119745
v -0.577092 -0.405344 -0.116292
v -0.628237 -0.434757 -0.0743292
v -0.635315 -0.432993 -0.0706775
v -0.644143 -0.419757 -0.0706775
v -0.403871 -0.537556 -0.134663
v -0.297015 -0.596529 -0.13556
v -0.306985 -0.594029 -0.134252
v -0.319772 -0.590941 -0.132432
v -0.329437 -0.614912 -0.116006
v -0.342223 -0.611677 -0.114174
v -0.367643 -0.595647 -0.116006
v -0.380277 -0.592411 -0.114174
v -0.392683 -0.588882 -0.112379
v -0.392683 -0.579323 -0.117414
v -0.403871 -0.575793 -0.115532
v -0.392683 -0.565204 -0.12463
v -0.438043 -0.515055 -0.13313
v -0.451362 -0.50829 -0.131136
v -0.416657 -0.532997 -0.132395
v -0.451971 -0.546821 -0.112304
v -0.45943 -0.536085 -0.114834
v -0.469324 -0.532115 -0.112965
v -0.475641 -0.436963 -0.151825
v -0.518261 -0.480054 -0.115445
v -0.508519 -0.451376 -0.131335
v -0.492841 -0.511967 -0.112703
v -0.487209 -0.525497 -0.108889
v -0.506464 -0.48726 -0.117464
v -0.499234 -0.499172 -0.115457
v -0.533939 -0.41858 -0.132993
v -0.354553 -0.667709 -0.0747031
v -0.325099 -0.65109 -0.0955912
v -0.316803 -0.692563 -0.0706775
v -0.388801 -0.615942 -0.09766
v -0.394205 -0.605206 -0.102496
v -0.37396 -0.602559 -0.110185
v -0.335602 -0.621824 -0.110185
v -0.316195 -0.627707 -0.112404
v -0.303865 -0.630795 -0.114174
v -0.277912 -0.610353 -0.132631
v -0.302723 -0.699475 -0.0706775
v -0.298538 -0.699034 -0.0723475
v -0.615451 -0.443728 -0.0779933
v -0.536755 -0.460053 -0.115108
v -0.554641 -0.439316 -0.114448
v -0.572222 -0.418139 -0.113575
v -0.57557 -0.499025 -0.077096
v -0.593151 -0.477848 -0.0761737
v -0.597946 -0.465053 -0.0789031
v -0.622224 -0.450199 -0.071338
v -0.62329 -0.450199 -0.0706775
v -0.411938 -0.600059 -0.0995295
v -0.410873 -0.582999 -0.109238
v -0.416657 -0.571234 -0.113239
v -0.431422 -0.546821 -0.119969
v -0.469324 -0.545939 -0.105911
v -0.451362 -0.566528 -0.102159
v -0.487133 -0.545203 -0.0989562
v -0.511944 -0.492701 -0.112703
v -0.525644 -0.48726 -0.108939
v -0.531123 -0.472847 -0.112528
v -0.525644 -0.467553 -0.11714
v -0.506464 -0.506378 -0.109051
v -0.507073 -0.526232 -0.0995544
v -0.500147 -0.538291 -0.0968624
v -0.355086 -0.673444 -0.0706775
v -0.393368 -0.654179 -0.0706775
v -0.420767 -0.631825 -0.0764105
v -0.355999 -0.641678 -0.0915656
v -0.373656 -0.629325 -0.0938713
v -0.401588 -0.612706 -0.0955787
v -0.54429 -0.467553 -0.107942
v -0.551216 -0.492407 -0.0934475
v -0.556163 -0.479759 -0.0961645
v -0.564459 -0.506378 -0.0799999
v -0.557533 -0.519173 -0.0777814
v -0.570243 -0.511673 -0.0739428
v -0.581354 -0.504761 -0.0706775
v -0.593836 -0.48873 -0.0706775
v -0.608068 -0.4702 -0.0706775
v -0.604035 -0.470641 -0.0729458
v -0.424268 -0.596088 -0.0970494
v -0.411938 -0.609618 -0.0938339
v -0.430889 -0.602853 -0.0904315
v -0.430889 -0.584617 -0.100589
v -0.469324 -0.560057 -0.0983455
v -0.47975 -0.556233 -0.0961645
v -0.492537 -0.551086 -0.0934475
v -0.526252 -0.506967 -0.0995544
v -0.538354 -0.500202 -0.0968624
v -0.51301 -0.532115 -0.0936968
v -0.526252 -0.526232 -0.0901323
v -0.532189 -0.512996 -0.0937466
v -0.507073 -0.545203 -0.0897834
v -0.413156 -0.644031 -0.0706775
v -0.43127 -0.633737 -0.0706775
v -0.431117 -0.628737 -0.0742918
v -0.431117 -0.619177 -0.0806106
v -0.545203 -0.486966 -0.0990185
v -0.545355 -0.526085 -0.0805981
v -0.538354 -0.538291 -0.0777814
v -0.551216 -0.531968 -0.0740176
v -0.563545 -0.525203 -0.0706775
v -0.568188 -0.520055 -0.0706775
v -0.577092 -0.509761 -0.0706775
v -0.443523 -0.615059 -0.0779559
v -0.450068 -0.603883 -0.0817198
v -0.470541 -0.585646 -0.0833649
v -0.487133 -0.563587 -0.0888113
v -0.498854 -0.575352 -0.0769963
v -0.506236 -0.564028 -0.0797755
v -0.518794 -0.556969 -0.0774948
v -0.525872 -0.545203 -0.0803862
v -0.449383 -0.622266 -0.0706775
v -0.544366 -0.544321 -0.0706775
v -0.558979 -0.529762 -0.0706775
v -0.451286 -0.620942 -0.0706775
v -0.470541 -0.603883 -0.0725594
v -0.464833 -0.597706 -0.0788907
v -0.488579 -0.579176 -0.0792646
v -0.488579 -0.588735 -0.0734942
v -0.488655 -0.593147 -0.0706775
v -0.504181 -0.580793 -0.0706775
v -0.51164 -0.569763 -0.0736063
v -0.529449 -0.558145 -0.0706775
v -0.470161 -0.607118 -0.0706775
v -0.474499 -0.603883 -0.0706775
v -0.509661 -0.57594 -0.0706775
v -0.51887 -0.567704 -0.0706775
f 1 2 3
f 1 3 4
f 1 4 70
f 1 70 135
f 1 135 218
f 1 218 310
f 1 310 421
f 1 421 551
f 1 551 550
f 1 550 686
f 1 686 800
f 1 800 864
f 1 864 939
f 1 939 1007
f 1 1007 1072
f 1 1072 1127
f 1 1127 1181
f 1 1181 1180
f 1 1180 1179
f 1 1179 1178
f 1 1178 1236
f 1 1236 1235
f 1 1235 1283
f 1 1283 1312
f 1 1312 1311
f 1 1311 1310
f 1 1310 1337
f 1 1337 1336
f 1 1336 1335
f 1 1335 1348
f 1 1348 1347
f 1 1347 1357
f 1 1357 1361
f 1 1361 1360
f 1 1360 1355
f 1 1355 1354
f 1 1354 1359
f 1 1359 1358
f 1 1358 1349
f 1 1349 1346
f 1 1346 1328
f 1 1328 1327
f 1 1327 1299
f 1 1299 1298
f 1 1298 1265
f 1 1265 1273
f 1 1273 1225
f 1 1225 1163
f 1 1163 1213
f 1 1213 1153
f 1 1153 1105
f 1 1105 1049
f 1 1049 987
f 1 987 986
f 1 986 985
f 1 985 979
f 1 979 908
f 1 908 834
f 1 834 736
f 1 736 599
f 1 599 468
f 1 468 341
f 1 341 242
f 1 242 147
f 1 147 76
f 1 76 6
f 1 6 2
f 2 5 3
f 2 6 75
f 2 75 7
f 2 7 8
f 2 8 9
f 2 9 10
f 2 10 11
f 2 11 12
f 2 12 13
f 2 13 14
f 2 14 15
f 2 15 16
f 2 16 17
f 2 17 18
f 2 18 19
f 2 19 20
f 2 20 21
f 2 21 22
f 2 22 23
f 2 23 24
f 2 24 25
f 2 25 26
f 2 26 27
f 2 27 28
f 2 28 29
f 2 29 30
f 2 30 31
f 2 31 32
f 2 32 33
f 2 33 34
f 2 34 35
f 2 35 36
f 2 36 37
f 2 37 38
f 2 38 39
f 2 39 40
f 2 40 41
f 2 41 42
f 2 42 43
f 2 43 44
f 2 44 45
f 2 45 46
f 2 46 47
f 2 47 48
f 2 48 49
f 2 49 50
f 2 50 51
f 2 51 52
f 2 52 53
f 2 53 54
f 2 54 55
f 2 55 56
f 2 56 57
f 2 57 58
f 2 58 59
f 2 59 60
f 2 60 61
f 2 61 62
f 2 62 63
f 2 63 64
f 2 64 65
f 2 65 66
f 2 66 67
f 2 67 5
f 3 68 69
f 3 69 4
f 3 5 68
f 4 69 70
f 5 67 71
f 5 71 72
f 5 72 73
f 5 73 68
f 6 74 75
f 6 76 74
f 7 75 149
f 7 149 77
f 7 77 78
f 7 78 8
f 8 78 9
f 9 78 79
f 9 79 10
f 10 79 11
f 11 79 12
f 12 79 80
f 12 80 13
f 13 80 81
f 13 81 82
f 13 82 14
f 14 82 83
f 14 83 84
f 14 84 15
f 15 84 85
f 15 85 86
f 15 86 16
f 16 86 17
f 17 86 87
f 17 87 18
f 18 87 88
f 18 88 19
f 19 88 20
f 20 88 89
f 20 89 21
f 21 89 90
f 21 90 91
f 21 91 22
f 22 91 92
f 22 92 93
f 22 93 23
f 23 93 24
f 24 93 25
f 25 93 94
f 25 94 26
f 26 94 95
f 26 95 27
f 27 95 96
f 27 96 28
f 28 96 29
f 29 96 97
f 29 97 98
f 29 98 30
f 30 98 99
f 30 99 31
f 31 99 100
f 31 100 32
f 32 100 33
f 33 100 101
f 33 101 34
f 34 101 35
f 35 102 103
f 35 103 36
f 35 101 102
f 36 103 37
f 37 103 38
f 38 103 39
f 39 103 40
f 40 103 41
f 41 104 105
f 41 105 42
f 41 103 104
f 42 105 43
f 43 105 44
f 44 105 106
f 44 106 107
f 44 107 45
f 45 107 46
f 46 107 108
f 46 108 109
f 46 109 47
f 47 109 48
f 48 109 110
f 48 110 111
f 48 111 49
f 49 111 50
f 50 111 51
f 51 111 52
f 52 111 112
f 52 112 113
f 52 113 114
f 52 114 53
f 53 114 54
f 54 115 55
f 54 114 115
f 55 115 116
f 55 116 117
f 55 117 118
f 55 118 119
f 55 119 56
f 56 120 121
f 56 121 57
f 56 119 120
f 57 121 58
f 58 122 59
f 58 121 122
f 59 122 123
f 59 123 60
f 60 123 61
f 61 124 125
f 61 125 126
f 61 126 62
f 61 123 124
f 62 126 127
f 62 127 63
f 63 127 128
f 63 128 64
f 64 128 65
f 65 128 66
f 66 128 129
f 66 129 71
f 66 71 67
f 68 130 131
f 68 131 69
f 68 73 132
f 68 132 130
f 69 131 133
f 69 133 70
f 70 134 135
f 70 133 134
f 71 136 72
f 71 129 137
f 71 137 136
f 72 136 137
f 72 137 138
f 72 138 139
f 72 139 73
f 73 139 140
f 73 140 141
f 73 141 142
f 73 142 143
f 73 143 132
f 74 144 145
f 74 145 146
f 74 146 75
f 74 76 147
f 74 147 148
f 74 148 144
f 75 146 149
f 77 149 243
f 77 243 150
f 77 150 151
f 77 151 78
f 78 151 79
f 79 151 80
f 80 151 152
f 80 152 153
f 80 153 154
f 80 154 81
f 81 154 82
f 82 84 83
f 82 154 84
f 84 154 153
f 84 153 155
f 84 155 85
f 85 87 86
f 85 155 156
f 85 156 157
f 85 157 87
f 87 157 158
f 87 158 89
f 87 89 88
f 89 158 159
f 89 159 160
f 89 160 161
f 89 161 162
f 89 162 90
f 90 162 91
f 91 162 92
f 92 162 163
f 92 163 164
f 92 164 94
f 92 94 93
f 94 165 166
f 94 166 96
f 94 96 95
f 94 164 165
f 96 166 167
f 96 167 168
f 96 168 97
f 97 168 99
f 97 99 98
f 99 168 169
f 99 169 170
f 99 170 171
f 99 171 172
f 99 172 173
f 99 173 100
f 100 173 174
f 100 174 175
f 100 175 176
f 100 176 101
f 101 176 102
f 102 176 103
f 103 177 178
f 103 178 179
f 103 179 180
f 103 180 181
f 103 181 182
f 103 182 183
f 103 183 104
f 103 176 184
f 103 184 177
f 104 183 105
f 105 183 182
f 105 182 185
f 105 185 186
f 105 186 187
f 105 187 188
f 105 188 106
f 106 188 189
f 106 189 107
f 107 189 190
f 107 190 108
f 108 190 109
f 109 191 192
f 109 192 193
f 109 193 110
f 109 190 191
f 110 193 194
f 110 194 112
f 110 112 111
f 112 194 195
f 112 195 196
f 112 196 197
f 112 197 113
f 113 197 196
f 113 196 198
f 113 198 114
f 114 198 116
f 114 116 115
f 116 198 118
f 116 118 117
f 118 199 200
f 118 200 120
f 118 120 119
f 118 198 201
f 118 201 199
f 120 200 121
f 121 200 202
f 121 202 122
f 122 202 203
f 122 203 123
f 123 203 124
f 124 203 125
f 125 128 127
f 125 127 126
f 125 203 204
f 125 204 205
f 125 205 128
f 128 205 206
f 128 206 207
f 128 207 208
f 128 208 209
f 128 209 137
f 128 137 129
f 130 210 211
f 130 211 131
f 130 132 210
f 131 211 212
f 131 212 133
f 132 143 210
f 133 212 213
f 133 213 214
f 133 214 134
f 134 214 213
f 134 213 215
f 134 215 216
f 134 216 135
f 135 216 217
f 135 217 218
f 137 209 208
f 137 208 219
f 137 219 138
f 138 219 220
f 138 220 139
f 139 220 140
f 140 220 221
f 140 221 141
f 141 221 222
f 141 222 223
f 141 223 142
f 142 223 224
f 142 224 143
f 143 224 225
f 143 225 226
f 143 226 210
f 144 148 147
f 144 147 242
f 144 242 342
f 144 342 470
f 144 470 603
f 144 603 744
f 144 744 841
f 144 841 922
f 144 922 940
f 144 940 865
f 144 865 802
f 144 802 690
f 144 690 563
f 144 563 436
f 144 436 320
f 144 320 227
f 144 227 145
f 145 227 228
f 145 228 229
f 145 229 230
f 145 230 231
f 145 231 232
f 145 232 233
f 145 233 234
f 145 234 235
f 145 235 236
f 145 236 237
f 145 237 238
f 145 238 239
f 145 239 240
f 145 240 241
f 145 241 146
f 146 241 149
f 149 241 243
f 150 243 244
f 150 244 151
f 151 244 245
f 151 245 246
f 151 246 247
f 151 247 248
f 151 248 152
f 152 248 249
f 152 249 250
f 152 250 153
f 153 156 155
f 153 250 251
f 153 251 252
f 153 252 156
f 156 252 253
f 156 253 254
f 156 254 157
f 157 254 158
f 158 254 159
f 159 254 255
f 159 255 160
f 160 255 256
f 160 256 161
f 161 163 162
f 161 256 257
f 161 257 163
f 163 257 258
f 163 258 259
f 163 259 164
f 164 259 165
f 165 259 260
f 165 260 167
f 165 167 166
f 167 260 261
f 167 261 169
f 167 169 168
f 169 262 263
f 169 263 264
f 169 264 171
f 169 171 170
f 169 261 265
f 169 265 266
f 169 266 262
f 171 264 172
f 172 264 173
f 173 264 263
f 173 263 267
f 173 267 268
f 173 268 174
f 174 268 269
f 174 269 184
f 174 184 175
f 175 184 176
f 177 184 178
f 178 184 269
f 178 269 268
f 178 268 267
f 178 267 270
f 178 270 179
f 179 271 272
f 179 272 273
f 179 273 274
f 179 274 180
f 179 270 271
f 180 274 181
f 181 274 275
f 181 275 185
f 181 185 182
f 185 275 276
f 185 276 186
f 186 276 277
f 186 277 278
f 186 278 187
f 187 278 279
f 187 279 188
f 188 279 280
f 188 280 281
f 188 281 282
f 188 282 191
f 188 191 189
f 189 191 190
f 191 282 283
f 191 283 284
f 191 284 192
f 192 284 194
f 192 194 193
f 194 284 285
f 194 285 286
f 194 286 287
f 194 287 196
f 194 196 195
f 196 287 198
f 198 288 289
f 198 289 290
f 198 290 201
f 198 287 288
f 199 201 291
f 199 291 292
f 199 292 203
f 199 203 200
f 200 203 202
f 201 290 291
f 203 292 293
f 203 293 294
f 203 294 204
f 204 294 295
f 204 295 205
f 205 296 297
f 205 297 298
f 205 298 206
f 205 295 296
f 206 298 207
f 207 298 299
f 207 299 219
f 207 219 208
f 210 226 300
f 210 300 211
f 211 301 302
f 211 302 303
f 211 303 212
f 211 300 304
f 211 304 305
f 211 305 301
f 212 303 306
f 212 306 213
f 213 306 307
f 213 307 215
f 215 307 216
f 216 307 308
f 216 308 309
f 216 309 217
f 217 309 310
f 217 310 218
f 219 221 220
f 219 299 297
f 219 297 296
f 219 296 311
f 219 311 312
f 219 312 313
f 219 313 314
f 219 314 315
f 219 315 316
f 219 316 221
f 221 316 222
f 222 317 223
f 222 316 317
f 223 318 224
f 223 317 318
f 224 318 319
f 224 319 225
f 225 319 300
f 225 300 226
f 227 320 321
f 227 321 228
f 228 321 442
f 228 442 322
f 228 322 323
f 228 323 324
f 228 324 325
f 228 325 326
f 228 326 327
f 228 327 328
f 228 328 329
f 228 329 330
f 228 330 331
f 228 331 332
f 228 332 229
f 229 332 333
f 229 333 230
f 230 333 334
f 230 334 231
f 231 334 232
f 232 334 335
f 232 335 233
f 233 335 336
f 233 336 234
f 234 336 235
f 235 337 236
f 235 336 337
f 236 337 237
f 237 337 338
f 237 338 339
f 237 339 238
f 238 339 239
f 239 339 340
f 239 340 240
f 240 340 241
f 241 340 244
f 241 244 243
f 242 341 342
f 244 340 339
f 244 339 338
f 244 338 343
f 244 343 344
f 244 344 245
f 245 345 346
f 245 346 246
f 245 344 345
f 246 346 347
f 246 347 247
f 247 347 248
f 248 347 345
f 248 345 348
f 248 348 349
f 248 349 350
f 248 350 249
f 249 350 351
f 249 351 250
f 250 352 251
f 250 351 352
f 251 352 252
f 252 352 353
f 252 353 354
f 252 354 355
f 252 355 356
f 252 356 357
f 252 357 253
f 253 357 254
f 254 357 255
f 255 358 359
f 255 359 256
f 255 357 360
f 255 360 358
f 256 359 257
f 257 359 361
f 257 361 362
f 257 362 258
f 258 362 363
f 258 363 364
f 258 364 259
f 259 364 260
f 260 265 261
f 260 364 265
f 262 365 366
f 262 366 367
f 262 367 263
f 262 266 368
f 262 368 369
f 262 369 365
f 263 367 267
f 265 364 266
f 266 364 363
f 266 363 370
f 266 370 371
f 266 371 372
f 266 372 368
f 267 373 374
f 267 374 375
f 267 375 376
f 267 376 377
f 267 377 271
f 267 271 270
f 267 367 373
f 271 377 272
f 272 378 273
f 272 377 378
f 273 378 274
f 274 378 377
f 274 377 379
f 274 379 380
f 274 380 381
f 274 381 382
f 274 382 276
f 274 276 275
f 276 382 383
f 276 383 277
f 277 383 384
f 277 384 278
f 278 384 385
f 278 385 386
f 278 386 387
f 278 387 280
f 278 280 279
f 280 387 282
f 280 282 281
f 282 387 283
f 283 387 388
f 283 388 386
f 283 386 389
f 283 389 390
f 283 390 391
f 283 391 392
f 283 392 284
f 284 392 393
f 284 393 286
f 284 286 285
f 286 291 290
f 286 290 394
f 286 394 287
f 286 393 395
f 286 395 291
f 287 394 288
f 288 394 289
f 289 394 290
f 291 396 397
f 291 397 292
f 291 395 396
f 292 398 399
f 292 399 400
f 292 400 401
f 292 401 402
f 292 402 293
f 292 397 398
f 293 295 294
f 293 402 403
f 293 403 296
f 293 296 295
f 296 403 312
f 296 312 404
f 296 404 311
f 297 299 298
f 300 319 405
f 300 405 406
f 300 406 304
f 301 303 302
f 301 305 407
f 301 407 408
f 301 408 409
f 301 409 303
f 303 409 410
f 303 410 411
f 303 411 306
f 304 406 305
f 305 406 412
f 305 412 413
f 305 413 414
f 305 414 407
f 306 411 410
f 306 410 415
f 306 415 307
f 307 415 416
f 307 416 417
f 307 417 418
f 307 418 419
f 307 419 308
f 308 419 420
f 308 420 309
f 309 420 421
f 309 421 310
f 311 404 312
f 312 403 422
f 312 422 423
f 312 423 313
f 313 423 424
f 313 424 425
f 313 425 426
f 313 426 314
f 314 426 427
f 314 427 428
f 314 428 429
f 314 429 316
f 314 316 315
f 316 429 430
f 316 430 317
f 317 430 431
f 317 431 432
f 317 432 318
f 318 432 433
f 318 433 434
f 318 434 319
f 319 435 405
f 319 434 435
f 320 436 437
f 320 437 438
f 320 438 439
f 320 439 440
f 320 440 441
f 320 441 442
f 320 442 321
f 322 442 559
f 322 559 431
f 322 431 443
f 322 443 323
f 323 444 324
f 323 443 445
f 323 445 444
f 324 446 447
f 324 447 325
f 324 444 448
f 324 448 446
f 325 447 449
f 325 449 450
f 325 450 451
f 325 451 326
f 326 451 327
f 327 451 452
f 327 452 453
f 327 453 328
f 328 454 455
f 328 455 329
f 328 453 454
f 329 455 456
f 329 456 330
f 330 456 457
f 330 457 458
f 330 458 459
f 330 459 331
f 331 459 332
f 332 460 461
f 332 461 462
f 332 462 463
f 332 463 334
f 332 334 333
f 332 459 460
f 334 463 335
f 335 463 336
f 336 464 338
f 336 338 337
f 336 463 465
f 336 465 466
f 336 466 467
f 336 467 464
f 338 464 344
f 338 344 343
f 341 468 469
f 341 469 342
f 342 469 470
f 344 466 471
f 344 471 472
f 344 472 473
f 344 473 345
f 344 464 466
f 345 349 348
f 345 347 346
f 345 473 349
f 349 473 350
f 350 473 472
f 350 472 351
f 351 472 474
f 351 474 352
f 352 474 353
f 353 474 475
f 353 475 354
f 354 475 476
f 354 476 477
f 354 477 355
f 355 477 478
f 355 478 479
f 355 479 356
f 356 479 357
f 357 479 480
f 357 480 358
f 357 358 360
f 358 480 481
f 358 481 482
f 358 482 359
f 359 482 361
f 361 482 483
f 361 483 362
f 362 483 371
f 362 371 370
f 362 370 363
f 365 484 485
f 365 485 486
f 365 486 487
f 365 487 366
f 365 369 484
f 366 487 367
f 367 487 488
f 367 488 373
f 368 372 369
f 369 372 489
f 369 489 490
f 369 490 484
f 371 483 482
f 371 482 491
f 371 491 492
f 371 492 372
f 372 492 490
f 372 490 489
f 373 488 493
f 373 493 374
f 374 493 494
f 374 494 375
f 375 494 376
f 376 495 496
f 376 496 497
f 376 497 377
f 376 494 498
f 376 498 499
f 376 499 500
f 376 500 501
f 376 501 495
f 377 497 379
f 379 497 502
f 379 502 380
f 380 502 381
f 381 502 503
f 381 503 504
f 381 504 382
f 382 504 383
f 383 504 505
f 383 505 506
f 383 506 384
f 384 506 385
f 385 506 507
f 385 507 508
f 385 508 509
f 385 509 510
f 385 510 389
f 385 389 511
f 385 511 386
f 386 511 389
f 386 388 387
f 389 512 513
f 389 513 514
f 389 514 515
f 389 515 390
f 389 510 509
f 389 509 508
f 389 508 512
f 390 515 516
f 390 516 391
f 391 516 517
f 391 517 392
f 392 517 393
f 393 517 395
f 395 517 518
f 395 518 519
f 395 519 520
f 395 520 396
f 396 520 398
f 396 398 397
f 398 520 521
f 398 521 399
f 399 522 523
f 399 523 400
f 399 521 522
f 400 523 522
f 400 522 524
f 400 524 525
f 400 525 526
f 400 526 426
f 400 426 425
f 400 425 424
f 400 424 527
f 400 527 402
f 400 402 401
f 402 527 403
f 403 527 422
f 405 435 434
f 405 434 528
f 405 528 529
f 405 529 530
f 405 530 531
f 405 531 532
f 405 532 533
f 405 533 534
f 405 534 406
f 406 534 535
f 406 535 412
f 407 414 536
f 407 536 408
f 408 536 537
f 408 537 410
f 408 410 409
f 410 537 416
f 410 416 415
f 412 535 538
f 412 538 413
f 413 538 539
f 413 539 414
f 414 539 540
f 414 540 536
f 416 540 541
f 416 541 417
f 416 537 536
f 416 536 540
f 417 542 543
f 417 543 544
f 417 544 418
f 417 541 542
f 418 544 545
f 418 545 546
f 418 546 547
f 418 547 548
f 418 548 419
f 419 548 549
f 419 549 550
f 419 550 551
f 419 551 421
f 419 421 420
f 422 527 423
f 423 527 424
f 426 526 427
f 427 526 552
f 427 552 428
f 428 553 429
f 428 552 524
f 428 524 554
f 428 554 553
f 429 555 430
f 429 553 524
f 429 524 556
f 429 556 557
f 429 557 558
f 429 558 555
f 430 555 431
f 431 559 432
f 431 555 558
f 431 558 443
f 432 559 433
f 433 559 560
f 433 560 561
f 433 561 562
f 433 562 434
f 434 562 529
f 434 529 528
f 436 563 564
f 436 564 565
f 436 565 437
f 437 565 566
f 437 566 438
f 438 567 439
f 438 566 567
f 439 567 568
f 439 568 569
f 439 569 440
f 440 570 571
f 440 571 441
f 440 569 570
f 441 571 572
f 441 572 573
f 441 573 574
f 441 574 442
f 442 560 559
f 442 574 575
f 442 575 576
f 442 576 577
f 442 577 578
f 442 578 560
f 443 558 445
f 444 445 579
f 444 579 580
f 444 580 581
f 444 581 582
f 444 582 583
f 444 583 448
f 445 558 579
f 446 448 583
f 446 583 584
f 446 584 449
f 446 449 447
f 449 585 450
f 449 584 585
f 450 585 586
f 450 586 451
f 451 587 452
f 451 586 587
f 452 587 588
f 452 588 454
f 452 454 453
f 454 589 590
f 454 590 591
f 454 591 455
f 454 588 589
f 455 591 456
f 456 592 593
f 456 593 594
f 456 594 595
f 456 595 457
f 456 591 596
f 456 596 592
f 457 595 597
f 457 597 460
f 457 460 458
f 458 460 459
f 460 597 598
f 460 598 462
f 460 462 461
f 462 598 471
f 462 471 465
f 462 465 463
f 464 467 466
f 465 471 466
f 468 599 739
f 468 739 600
f 468 600 469
f 469 600 601
f 469 601 470
f 470 601 602
f 470 602 603
f 471 604 605
f 471 605 606
f 471 606 472
f 471 598 604
f 472 606 474
f 474 606 607
f 474 607 475
f 475 607 476
f 476 607 608
f 476 608 609
f 476 609 610
f 476 610 611
f 476 611 477
f 477 611 612
f 477 612 613
f 477 613 478
f 478 614 615
f 478 615 479
f 478 613 616
f 478 616 614
f 479 615 481
f 479 481 480
f 481 617 618
f 481 618 619
f 481 619 491
f 481 491 482
f 481 615 617
f 484 490 485
f 485 490 620
f 485 620 621
f 485 621 622
f 485 622 623
f 485 623 624
f 485 624 625
f 485 625 626
f 485 626 627
f 485 627 486
f 486 627 487
f 487 627 628
f 487 628 488
f 488 628 493
f 490 492 620
f 491 619 629
f 491 629 630
f 491 630 492
f 492 630 631
f 492 631 632
f 492 632 620
f 493 628 494
f 494 628 633
f 494 633 634
f 494 634 498
f 495 635 636
f 495 636 637
f 495 637 496
f 495 501 635
f 496 637 497
f 497 637 638
f 497 638 503
f 497 503 502
f 498 639 499
f 498 634 639
f 499 640 500
f 499 639 641
f 499 641 640
f 500 642 501
f 500 640 643
f 500 643 644
f 500 644 645
f 500 645 642
f 501 642 646
f 501 646 635
f 503 647 505
f 503 505 504
f 503 638 647
f 505 507 506
f 505 647 507
f 507 648 649
f 507 649 650
f 507 650 508
f 507 647 637
f 507 637 651
f 507 651 648
f 508 650 512
f 512 650 652
f 512 652 653
f 512 653 513
f 513 653 654
f 513 654 655
f 513 655 514
f 514 655 654
f 514 654 656
f 514 656 515
f 515 656 516
f 516 657 517
f 516 656 658
f 516 658 659
f 516 659 519
f 516 519 657
f 517 657 518
f 518 657 519
f 519 659 520
f 520 659 660
f 520 660 661
f 520 661 521
f 521 661 522
f 522 661 662
f 522 662 524
f 524 580 556
f 524 553 554
f 524 552 663
f 524 663 525
f 524 662 664
f 524 664 665
f 524 665 581
f 524 581 580
f 525 663 552
f 525 552 526
f 529 562 666
f 529 666 667
f 529 667 530
f 530 668 531
f 530 667 669
f 530 669 670
f 530 670 668
f 531 668 532
f 532 671 533
f 532 668 672
f 532 672 673
f 532 673 671
f 533 671 674
f 533 674 534
f 534 674 535
f 535 674 675
f 535 675 676
f 535 676 538
f 538 676 677
f 538 677 678
f 538 678 539
f 539 678 541
f 539 541 540
f 541 678 542
f 542 678 679
f 542 679 680
f 542 680 681
f 542 681 682
f 542 682 543
f 543 682 683
f 543 683 546
f 543 546 544
f 544 546 545
f 546 683 547
f 547 683 548
f 548 683 549
f 549 683 684
f 549 684 685
f 549 685 686
f 549 686 550
f 556 580 557
f 557 580 579
f 557 579 558
f 560 578 688
f 560 688 561
f 561 687 666
f 561 666 562
f 561 688 689
f 561 689 687
f 563 690 691
f 563 691 564
f 564 691 692
f 564 692 693
f 564 693 565
f 565 693 694
f 565 694 695
f 565 695 696
f 565 696 566
f 566 696 697
f 566 697 567
f 567 698 568
f 567 697 699
f 567 699 700
f 567 700 701
f 567 701 698
f 568 698 702
f 568 702 703
f 568 703 569
f 569 703 704
f 569 704 570
f 570 705 572
f 570 572 571
f 570 704 706
f 570 706 707
f 570 707 705
f 572 705 708
f 572 708 709
f 572 709 573
f 573 710 711
f 573 711 712
f 573 712 713
f 573 713 575
f 573 575 574
f 573 709 714
f 573 714 710
f 575 713 576
f 576 713 577
f 577 713 715
f 577 715 716
f 577 716 688
f 577 688 578
f 581 665 717
f 581 717 583
f 581 583 582
f 583 718 719
f 583 719 584
f 583 717 718
f 584 719 720
f 584 720 585
f 585 720 721
f 585 721 722
f 585 722 586
f 586 722 643
f 586 643 587
f 587 643 640
f 587 640 723
f 587 723 588
f 588 723 589
f 589 723 724
f 589 724 725
f 589 725 590
f 590 725 726
f 590 726 591
f 591 726 727
f 591 727 728
f 591 728 596
f 592 596 728
f 592 728 729
f 592 729 730
f 592 730 611
f 592 611 593
f 593 611 731
f 593 731 732
f 593 732 733
f 593 733 594
f 594 733 597
f 594 597 595
f 597 733 598
f 598 734 604
f 598 733 735
f 598 735 734
f 599 736 737
f 599 737 738
f 599 738 739
f 600 739 740
f 600 740 601
f 601 740 742
f 601 742 741
f 601 741 602
f 602 741 603
f 603 741 742
f 603 742 743
f 603 743 744
f 604 734 745
f 604 745 605
f 605 607 606
f 605 745 746
f 605 746 747
f 605 747 607
f 607 747 609
f 607 609 608
f 609 747 746
f 609 746 731
f 609 731 611
f 609 611 610
f 611 730 612
f 612 730 613
f 613 730 616
f 614 618 615
f 614 616 618
f 615 618 617
f 616 748 618
f 616 730 749
f 616 749 748
f 618 748 629
f 618 629 619
f 620 750 751
f 620 751 621
f 620 632 631
f 620 631 750
f 621 751 728
f 621 728 727
f 621 727 726
f 621 726 622
f 622 726 623
f 623 752 625
f 623 625 624
f 623 726 725
f 623 725 752
f 625 627 626
f 625 752 725
f 625 725 753
f 625 753 627
f 627 754 628
f 627 753 754
f 628 754 755
f 628 755 756
f 628 756 633
f 629 748 749
f 629 749 757
f 629 757 729
f 629 729 631
f 629 631 630
f 631 729 758
f 631 758 750
f 633 756 634
f 634 756 759
f 634 759 639
f 635 646 648
f 635 648 636
f 636 648 637
f 637 648 651
f 637 647 638
f 639 759 760
f 639 760 641
f 640 641 761
f 640 761 724
f 640 724 723
f 641 760 761
f 642 645 646
f 643 722 644
f 644 722 649
f 644 649 762
f 644 762 645
f 645 648 646
f 645 762 648
f 648 762 649
f 649 763 650
f 649 722 721
f 649 721 764
f 649 764 763
f 650 763 653
f 650 653 652
f 653 763 765
f 653 765 764
f 653 764 766
f 653 766 654
f 654 766 767
f 654 767 768
f 654 768 656
f 656 768 769
f 656 769 658
f 658 769 659
f 659 769 768
f 659 768 770
f 659 770 771
f 659 771 772
f 659 772 660
f 660 772 771
f 660 771 773
f 660 773 661
f 661 773 664
f 661 664 662
f 664 773 771
f 664 771 774
f 664 774 665
f 665 774 717
f 666 687 775
f 666 775 776
f 666 776 667
f 667 776 777
f 667 777 669
f 668 670 778
f 668 778 672
f 669 778 670
f 669 777 779
f 669 779 780
f 669 780 781
f 669 781 782
f 669 782 783
f 669 783 784
f 669 784 785
f 669 785 778
f 671 673 674
f 672 778 673
f 673 778 786
f 673 786 787
f 673 787 674
f 674 787 788
f 674 788 789
f 674 789 677
f 674 677 675
f 675 677 676
f 677 789 678
f 678 789 679
f 679 789 787
f 679 787 790
f 679 790 680
f 680 790 791
f 680 791 792
f 680 792 681
f 681 792 793
f 681 793 683
f 681 683 682
f 683 793 794
f 683 794 795
f 683 795 796
f 683 796 797
f 683 797 684
f 684 797 798
f 684 798 685
f 685 798 799
f 685 799 686
f 686 799 800
f 687 689 775
f 688 716 689
f 689 716 801
f 689 801 775
f 690 802 691
f 691 802 692
f 692 802 803
f 692 803 693
f 693 803 804
f 693 804 694
f 694 805 696
f 694 696 695
f 694 804 806
f 694 806 805
f 696 807 699
f 696 699 697
f 696 805 807
f 698 808 702
f 698 701 808
f 699 807 700
f 700 807 701
f 701 807 809
f 701 809 810
f 701 810 811
f 701 811 812
f 701 812 813
f 701 813 702
f 701 702 808
f 702 814 703
f 702 813 815
f 702 815 816
f 702 816 814
f 703 817 706
f 703 706 704
f 703 814 817
f 705 707 708
f 706 817 818
f 706 818 707
f 707 818 819
f 707 819 708
f 708 819 820
f 708 820 709
f 709 820 821
f 709 821 822
f 709 822 714
f 710 823 824
f 710 824 825
f 710 825 826
f 710 826 711
f 710 714 827
f 710 827 823
f 711 826 828
f 711 828 716
f 711 716 712
f 712 716 713
f 713 716 715
f 714 822 827
f 716 829 801
f 716 828 826
f 716 826 829
f 717 774 718
f 718 774 771
f 718 771 830
f 718 830 719
f 719 830 831
f 719 831 720
f 720 831 721
f 721 831 764
f 724 761 832
f 724 832 725
f 725 832 753
f 728 751 729
f 729 757 749
f 729 749 730
f 729 751 758
f 731 833 733
f 731 733 732
f 731 746 833
f 733 833 735
f 734 735 833
f 734 833 745
f 736 834 835
f 736 835 737
f 737 835 836
f 737 836 738
f 738 837 838
f 738 838 742
f 738 742 740
f 738 740 739
f 738 836 837
f 742 838 743
f 743 839 840
f 743 840 744
f 743 838 839
f 744 840 841
f 745 833 746
f 750 758 751
f 753 832 754
f 754 832 755
f 755 832 842
f 755 842 760
f 755 760 759
f 755 759 756
f 760 842 761
f 761 842 832
f 763 764 765
f 764 831 830
f 764 830 767
f 764 767 766
f 767 830 768
f 768 830 770
f 770 830 771
f 775 801 843
f 775 843 776
f 776 843 844
f 776 844 777
f 777 844 845
f 777 845 779
f 778 785 846
f 778 846 787
f 778 787 786
f 779 845 780
f 780 845 781
f 781 843 782
f 781 845 847
f 781 847 843
f 782 843 829
f 782 829 783
f 783 829 848
f 783 848 849
f 783 849 784
f 784 849 850
f 784 850 851
f 784 851 852
f 784 852 785
f 785 852 853
f 785 853 846
f 787 846 854
f 787 854 855
f 787 855 790
f 787 789 788
f 790 855 791
f 791 856 857
f 791 857 858
f 791 858 792
f 791 855 854
f 791 854 856
f 792 858 795
f 792 795 793
f 793 795 794
f 795 858 859
f 795 859 860
f 795 860 796
f 796 860 797
f 797 860 861
f 797 861 862
f 797 862 863
f 797 863 798
f 798 863 799
f 799 863 800
f 800 863 862
f 800 862 864
f 801 829 843
f 802 865 866
f 802 866 867
f 802 867 803
f 803 806 804
f 803 867 806
f 805 868 807
f 805 806 869
f 805 869 870
f 805 870 868
f 806 867 871
f 806 871 872
f 806 872 869
f 807 868 809
f 809 868 810
f 810 868 873
f 810 873 874
f 810 874 875
f 810 875 876
f 810 876 811
f 811 877 812
f 811 876 877
f 812 878 813
f 812 877 879
f 812 879 880
f 812 880 881
f 812 881 878
f 813 878 882
f 813 882 815
f 814 883 817
f 814 816 884
f 814 884 885
f 814 885 886
f 814 886 887
f 814 887 883
f 815 882 888
f 815 888 889
f 815 889 816
f 816 889 890
f 816 890 891
f 816 891 884
f 817 892 818
f 817 883 892
f 818 892 893
f 818 893 894
f 818 894 895
f 818 895 819
f 819 896 820
f 819 895 896
f 820 897 821
f 820 896 898
f 820 898 899
f 820 899 897
f 821 900 822
f 821 897 900
f 822 900 827
f 823 827 901
f 823 901 902
f 823 902 824
f 824 902 903
f 824 903 904
f 824 904 905
f 824 905 826
f 824 826 825
f 826 905 829
f 827 900 906
f 827 906 907
f 827 907 901
f 829 905 848
f 834 908 909
f 834 909 910
f 834 910 835
f 835 910 836
f 836 910 909
f 836 909 837
f 837 911 838
f 837 909 912
f 837 912 913
f 837 913 914
f 837 914 915
f 837 915 911
f 838 911 916
f 838 916 839
f 839 916 917
f 839 917 840
f 840 917 918
f 840 918 919
f 840 919 920
f 840 920 841
f 841 920 921
f 841 921 922
f 843 847 844
f 844 847 845
f 846 853 923
f 846 923 854
f 848 905 924
f 848 924 925
f 848 925 849
f 849 851 850
f 849 925 851
f 851 925 926
f 851 926 927
f 851 927 853
f 851 853 852
f 853 927 928
f 853 928 923
f 854 923 929
f 854 929 856
f 856 929 923
f 856 923 930
f 856 930 857
f 857 930 931
f 857 931 859
f 857 859 858
f 859 931 932
f 859 932 860
f 860 932 933
f 860 933 934
f 860 934 935
f 860 935 936
f 860 936 937
f 860 937 862
f 860 862 861
f 862 937 938
f 862 938 864
f 864 938 939
f 865 940 941
f 865 941 866
f 866 941 942
f 866 942 867
f 867 942 943
f 867 943 871
f 868 870 873
f 869 872 870
f 870 872 944
f 870 944 873
f 871 943 945
f 871 945 946
f 871 946 872
f 872 946 947
f 872 947 944
f 873 944 874
f 874 944 948
f 874 948 949
f 874 949 875
f 875 949 876
f 876 949 948
f 876 948 950
f 876 950 879
f 876 879 877
f 878 888 882
f 878 881 888
f 879 950 948
f 879 948 947
f 879 947 951
f 879 951 952
f 879 952 953
f 879 953 954
f 879 954 880
f 880 955 956
f 880 956 881
f 880 954 953
f 880 953 957
f 880 957 955
f 881 956 958
f 881 958 888
f 883 959 892
f 883 887 959
f 884 891 885
f 885 891 960
f 885 960 961
f 885 961 886
f 886 961 962
f 886 962 887
f 887 962 959
f 888 958 889
f 889 958 890
f 890 958 963
f 890 963 964
f 890 964 891
f 891 964 960
f 892 959 965
f 892 965 893
f 893 965 959
f 893 959 966
f 893 966 894
f 894 967 895
f 894 966 967
f 895 967 968
f 895 968 896
f 896 968 898
f 897 899 969
f 897 969 970
f 897 970 971
f 897 971 900
f 898 968 972
f 898 972 899
f 899 972 973
f 899 973 969
f 900 971 974
f 900 974 906
f 901 907 902
f 902 907 903
f 903 975 904
f 903 907 976
f 903 976 977
f 903 977 975
f 904 924 905
f 904 975 924
f 906 974 978
f 906 978 907
f 907 978 976
f 908 979 909
f 909 979 912
f 911 980 916
f 911 915 981
f 911 981 982
f 911 982 983
f 911 983 984
f 911 984 980
f 912 979 985
f 912 985 913
f 913 985 986
f 913 986 987
f 913 987 988
f 913 988 989
f 913 989 990
f 913 990 914
f 914 990 989
f 914 989 915
f 915 991 992
f 915 992 993
f 915 993 981
f 915 989 991
f 916 980 918
f 916 918 917
f 918 980 919
f 919 984 994
f 919 994 943
f 919 943 942
f 919 942 920
f 919 980 984
f 920 942 921
f 921 942 941
f 921 941 922
f 922 941 940
f 923 928 930
f 924 975 925
f 925 975 995
f 925 995 996
f 925 996 997
f 925 997 926
f 926 997 998
f 926 998 927
f 927 998 928
f 928 998 999
f 928 999 930
f 930 999 931
f 931 999 1000
f 931 1000 1001
f 931 1001 932
f 932 1001 1002
f 932 1002 934
f 932 934 933
f 934 1003 937
f 934 937 935
f 934 1002 1004
f 934 1004 1005
f 934 1005 1003
f 935 937 936
f 937 1003 938
f 938 1003 1006
f 938 1006 939
f 939 1006 1007
f 943 994 945
f 944 947 948
f 945 1008 946
f 945 994 1009
f 945 1009 1010
f 945 1010 1008
f 946 1008 1011
f 946 1011 1012
f 946 1012 1013
f 946 1013 952
f 946 952 951
f 946 951 947
f 952 1013 1014
f 952 1014 1015
f 952 1015 953
f 953 1015 1014
f 953 1014 1012
f 953 1012 957
f 955 1016 1017
f 955 1017 1018
f 955 1018 956
f 955 957 1016
f 956 1018 958
f 957 1012 1019
f 957 1019 1020
f 957 1020 1021
f 957 1021 1016
f 958 1018 1022
f 958 1022 963
f 959 1023 1024
f 959 1024 967
f 959 967 966
f 959 962 1025
f 959 1025 1026
f 959 1026 1023
f 960 964 1027
f 960 1027 1028
f 960 1028 961
f 961 1028 962
f 962 1028 1025
f 963 1022 964
f 964 1022 1029
f 964 1029 1027
f 967 1024 1030
f 967 1030 973
f 967 973 972
f 967 972 968
f 969 973 1031
f 969 1031 1032
f 969 1032 1033
f 969 1033 1034
f 969 1034 1035
f 969 1035 970
f 970 1035 971
f 971 1035 974
f 973 1030 1031
f 974 1035 1036
f 974 1036 1037
f 974 1037 1038
f 974 1038 978
f 975 1039 1040
f 975 1040 995
f 975 977 1039
f 976 978 1041
f 976 1041 977
f 977 1041 1042
f 977 1042 1043
f 977 1043 1039
f 978 1038 1044
f 978 1044 1045
f 978 1045 1041
f 981 1046 982
f 981 993 1047
f 981 1047 1048
f 981 1048 1046
f 982 1046 983
f 983 1048 994
f 983 994 984
f 983 1046 1048
f 987 1049 1050
f 987 1050 988
f 988 1050 1053
f 988 1053 1051
f 988 1051 989
f 989 1051 991
f 991 1052 992
f 991 1051 1053
f 991 1053 1052
f 992 1052 1054
f 992 1054 1055
f 992 1055 1020
f 992 1020 993
f 993 1020 1019
f 993 1019 1056
f 993 1056 1047
f 994 1048 1009
f 995 1040 1057
f 995 1057 1058
f 995 1058 1059
f 995 1059 1060
f 995 1060 1061
f 995 1061 996
f 996 1062 997
f 996 1061 1062
f 997 1062 998
f 998 1063 1064
f 998 1064 1065
f 998 1065 999
f 998 1062 1061
f 998 1061 1063
f 999 1065 1066
f 999 1066 1063
f 999 1063 1000
f 1000 1063 1067
f 1000 1067 1001
f 1001 1067 1004
f 1001 1004 1002
f 1003 1005 1004
f 1003 1004 1068
f 1003 1068 1069
f 1003 1069 1006
f 1004 1067 1070
f 1004 1070 1068
f 1006 1069 1071
f 1006 1071 1072
f 1006 1072 1007
f 1008 1010 1056
f 1008 1056 1011
f 1009 1048 1047
f 1009 1047 1010
f 1010 1047 1056
f 1011 1056 1012
f 1012 1014 1013
f 1012 1056 1019
f 1016 1073 1017
f 1016 1021 1073
f 1017 1073 1074
f 1017 1074 1029
f 1017 1029 1022
f 1017 1022 1018
f 1020 1055 1075
f 1020 1075 1076
f 1020 1076 1073
f 1020 1073 1021
f 1023 1077 1024
f 1023 1026 1077
f 1024 1078 1031
f 1024 1031 1030
f 1024 1077 1079
f 1024 1079 1080
f 1024 1080 1078
f 1025 1028 1081
f 1025 1081 1082
f 1025 1082 1026
f 1026 1082 1083
f 1026 1083 1084
f 1026 1084 1085
f 1026 1085 1080
f 1026 1080 1079
f 1026 1079 1077
f 1027 1029 1086
f 1027 1086 1028
f 1028 1086 1081
f 1029 1074 1087
f 1029 1087 1086
f 1031 1078 1088
f 1031 1088 1089
f 1031 1089 1032
f 1032 1089 1090
f 1032 1090 1033
f 1033 1090 1091
f 1033 1091 1092
f 1033 1092 1093
f 1033 1093 1034
f 1034 1093 1036
f 1034 1036 1035
f 1036 1093 1094
f 1036 1094 1037
f 1037 1094 1095
f 1037 1095 1038
f 1038 1096 1044
f 1038 1095 1097
f 1038 1097 1096
f 1039 1043 1098
f 1039 1098 1040
f 1040 1098 1099
f 1040 1099 1100
f 1040 1100 1101
f 1040 1101 1057
f 1041 1045 1102
f 1041 1102 1042
f 1042 1102 1043
f 1043 1102 1099
f 1043 1099 1098
f 1044 1096 1103
f 1044 1103 1104
f 1044 1104 1100
f 1044 1100 1102
f 1044 1102 1045
f 1049 1105 1106
f 1049 1106 1050
f 1050 1106 1053
f 1052 1107 1108
f 1052 1108 1054
f 1052 1053 1109
f 1052 1109 1110
f 1052 1110 1111
f 1052 1111 1112
f 1052 1112 1107
f 1053 1106 1113
f 1053 1113 1110
f 1053 1110 1109
f 1054 1108 1055
f 1055 1108 1114
f 1055 1114 1076
f 1055 1076 1075
f 1057 1101 1058
f 1058 1101 1115
f 1058 1115 1060
f 1058 1060 1059
f 1060 1115 1116
f 1060 1116 1117
f 1060 1117 1061
f 1061 1117 1118
f 1061 1118 1119
f 1061 1119 1063
f 1063 1119 1120
f 1063 1120 1067
f 1063 1066 1064
f 1064 1066 1065
f 1067 1120 1070
f 1068 1070 1118
f 1068 1118 1121
f 1068 1121 1122
f 1068 1122 1123
f 1068 1123 1124
f 1068 1124 1125
f 1068 1125 1126
f 1068 1126 1069
f 1069 1126 1071
f 1070 1120 1118
f 1071 1126 1072
f 1072 1126 1125
f 1072 1125 1127
f 1073 1076 1074
f 1074 1076 1087
f 1076 1114 1087
f 1078 1080 1088
f 1080 1128 1129
f 1080 1129 1130
f 1080 1130 1088
f 1080 1085 1084
f 1080 1084 1131
f 1080 1131 1128
f 1081 1086 1082
f 1082 1086 1132
f 1082 1132 1133
f 1082 1133 1134
f 1082 1134 1083
f 1083 1134 1135
f 1083 1135 1084
f 1084 1135 1136
f 1084 1136 1137
f 1084 1137 1138
f 1084 1138 1131
f 1086 1087 1139
f 1086 1139 1140
f 1086 1140 1132
f 1087 1114 1139
f 1088 1130 1089
f 1089 1141 1142
f 1089 1142 1091
f 1089 1091 1090
f 1089 1130 1143
f 1089 1143 1141
f 1091 1144 1092
f 1091 1142 1145
f 1091 1145 1146
f 1091 1146 1147
f 1091 1147 1144
f 1092 1144 1094
f 1092 1094 1093
f 1094 1144 1095
f 1095 1144 1148
f 1095 1148 1149
f 1095 1149 1150
f 1095 1150 1097
f 1096 1097 1103
f 1097 1150 1103
f 1099 1102 1100
f 1100 1104 1103
f 1100 1103 1101
f 1101 1103 1115
f 1103 1150 1149
f 1103 1149 1151
f 1103 1151 1152
f 1103 1152 1115
f 1105 1153 1106
f 1106 1153 1154
f 1106 1154 1155
f 1106 1155 1113
f 1107 1112 1156
f 1107 1156 1157
f 1107 1157 1108
f 1108 1157 1158
f 1108 1158 1114
f 1110 1159 1160
f 1110 1160 1112
f 1110 1112 1111
f 1110 1113 1159
f 1112 1160 1161
f 1112 1161 1162
f 1112 1162 1156
f 1113 1155 1154
f 1113 1154 1163
f 1113 1163 1164
f 1113 1164 1165
f 1113 1165 1159
f 1114 1166 1139
f 1114 1158 1157
f 1114 1157 1167
f 1114 1167 1166
f 1115 1152 1116
f 1116 1168 1169
f 1116 1169 1118
f 1116 1118 1117
f 1116 1152 1170
f 1116 1170 1171
f 1116 1171 1172
f 1116 1172 1173
f 1116 1173 1168
f 1118 1169 1168
f 1118 1168 1174
f 1118 1174 1121
f 1118 1120 1119
f 1121 1174 1168
f 1121 1168 1122
f 1122 1168 1175
f 1122 1175 1176
f 1122 1176 1124
f 1122 1124 1123
f 1124 1176 1125
f 1125 1176 1177
f 1125 1177 1178
f 1125 1178 1179
f 1125 1179 1180
f 1125 1180 1181
f 1125 1181 1127
f 1128 1131 1182
f 1128 1182 1129
f 1129 1183 1184
f 1129 1184 1143
f 1129 1143 1130
f 1129 1182 1185
f 1129 1185 1183
f 1131 1138 1186
f 1131 1186 1185
f 1131 1185 1182
f 1132 1140 1187
f 1132 1187 1133
f 1133 1187 1134
f 1134 1187 1188
f 1134 1188 1189
f 1134 1189 1135
f 1135 1189 1136
f 1136 1189 1190
f 1136 1190 1191
f 1136 1191 1192
f 1136 1192 1193
f 1136 1193 1194
f 1136 1194 1137
f 1137 1194 1195
f 1137 1195 1138
f 1138 1196 1186
f 1138 1195 1196
f 1139 1166 1197
f 1139 1197 1140
f 1140 1197 1187
f 1141 1143 1184
f 1141 1184 1142
f 1142 1198 1199
f 1142 1199 1200
f 1142 1200 1145
f 1142 1184 1201
f 1142 1201 1202
f 1142 1202 1198
f 1144 1147 1203
f 1144 1203 1204
f 1144 1204 1205
f 1144 1205 1149
f 1144 1149 1148
f 1145 1200 1146
f 1146 1200 1206
f 1146 1206 1207
f 1146 1207 1208
f 1146 1208 1209
f 1146 1209 1147
f 1147 1209 1203
f 1149 1210 1211
f 1149 1211 1152
f 1149 1152 1151
f 1149 1205 1210
f 1152 1212 1170
f 1152 1211 1212
f 1153 1213 1154
f 1154 1213 1163
f 1156 1162 1157
f 1157 1162 1167
f 1159 1165 1214
f 1159 1214 1215
f 1159 1215 1216
f 1159 1216 1217
f 1159 1217 1218
f 1159 1218 1219
f 1159 1219 1220
f 1159 1220 1221
f 1159 1221 1222
f 1159 1222 1160
f 1160 1222 1161
f 1161 1222 1223
f 1161 1223 1162
f 1162 1224 1167
f 1162 1223 1224
f 1163 1225 1164
f 1164 1225 1165
f 1165 1226 1214
f 1165 1225 1226
f 1166 1167 1227
f 1166 1227 1197
f 1167 1224 1227
f 1168 1173 1228
f 1168 1228 1229
f 1168 1229 1230
f 1168 1230 1175
f 1170 1212 1171
f 1171 1212 1231
f 1171 1231 1232
f 1171 1232 1233
f 1171 1233 1172
f 1172 1233 1173
f 1173 1233 1228
f 1175 1177 1176
f 1175 1230 1177
f 1177 1230 1229
f 1177 1229 1234
f 1177 1234 1235
f 1177 1235 1236
f 1177 1236 1178
f 1183 1185 1201
f 1183 1201 1184
f 1185 1186 1237
f 1185 1237 1201
f 1186 1196 1237
f 1187 1197 1190
f 1187 1190 1188
f 1188 1190 1189
f 1190 1197 1227
f 1190 1227 1238
f 1190 1238 1191
f 1191 1238 1239
f 1191 1239 1240
f 1191 1240 1192
f 1192 1240 1193
f 1193 1240 1241
f 1193 1241 1242
f 1193 1242 1243
f 1193 1243 1244
f 1193 1244 1194
f 1194 1244 1245
f 1194 1245 1195
f 1195 1245 1246
f 1195 1246 1247
f 1195 1247 1248
f 1195 1248 1196
f 1196 1248 1237
f 1198 1249 1199
f 1198 1202 1249
f 1199 1249 1250
f 1199 1250 1206
f 1199 1206 1200
f 1201 1237 1251
f 1201 1251 1202
f 1202 1251 1252
f 1202 1252 1253
f 1202 1253 1254
f 1202 1254 1249
f 1203 1255 1204
f 1203 1209 1208
f 1203 1208 1256
f 1203 1256 1255
f 1204 1255 1205
f 1205 1211 1210
f 1205 1255 1257
f 1205 1257 1211
f 1206 1250 1207
f 1207 1258 1208
f 1207 1250 1249
f 1207 1249 1254
f 1207 1254 1259
f 1207 1259 1258
f 1208 1260 1256
f 1208 1258 1261
f 1208 1261 1260
f 1211 1262 1212
f 1211 1257 1262
f 1212 1262 1231
f 1214 1226 1215
f 1215 1263 1264
f 1215 1264 1216
f 1215 1226 1265
f 1215 1265 1263
f 1216 1264 1217
f 1217 1219 1218
f 1217 1264 1266
f 1217 1266 1267
f 1217 1267 1219
f 1219 1267 1268
f 1219 1268 1269
f 1219 1269 1220
f 1220 1269 1270
f 1220 1270 1271
f 1220 1271 1221
f 1221 1223 1222
f 1221 1271 1241
f 1221 1241 1240
f 1221 1240 1239
f 1221 1239 1238
f 1221 1238 1223
f 1223 1238 1272
f 1223 1272 1224
f 1224 1272 1227
f 1225 1273 1274
f 1225 1274 1226
f 1226 1274 1273
f 1226 1273 1265
f 1227 1272 1238
f 1228 1233 1275
f 1228 1275 1234
f 1228 1234 1229
f 1231 1262 1276
f 1231 1276 1277
f 1231 1277 1232
f 1232 1277 1233
f 1233 1277 1278
f 1233 1278 1279
f 1233 1279 1280
f 1233 1280 1281
f 1233 1281 1275
f 1234 1275 1282
f 1234 1282 1283
f 1234 1283 1235
f 1237 1248 1247
f 1237 1247 1251
f 1241 1271 1270
f 1241 1270 1242
f 1242 1270 1269
f 1242 1269 1268
f 1242 1268 1243
f 1243 1268 1244
f 1244 1268 1267
f 1244 1267 1245
f 1245 1267 1284
f 1245 1284 1285
f 1245 1285 1247
f 1245 1247 1246
f 1247 1285 1286
f 1247 1286 1251
f 1251 1287 1252
f 1251 1286 1287
f 1252 1288 1254
f 1252 1254 1253
f 1252 1287 1286
f 1252 1286 1289
f 1252 1289 1288
f 1254 1288 1290
f 1254 1290 1259
f 1255 1256 1257
f 1256 1260 1261
f 1256 1261 1258
f 1256 1258 1291
f 1256 1291 1292
f 1256 1292 1293
f 1256 1293 1294
f 1256 1294 1257
f 1257 1294 1262
f 1258 1295 1291
f 1258 1259 1296
f 1258 1296 1295
f 1259 1290 1297
f 1259 1297 1296
f 1262 1294 1276
f 1263 1265 1298
f 1263 1298 1299
f 1263 1299 1300
f 1263 1300 1301
f 1263 1301 1264
f 1264 1301 1302
f 1264 1302 1303
f 1264 1303 1266
f 1266 1303 1267
f 1267 1303 1284
f 1275 1281 1282
f 1276 1294 1293
f 1276 1293 1304
f 1276 1304 1277
f 1277 1304 1305
f 1277 1305 1306
f 1277 1306 1279
f 1277 1279 1278
f 1279 1306 1305
f 1279 1305 1307
f 1279 1307 1308
f 1279 1308 1309
f 1279 1309 1310
f 1279 1310 1311
f 1279 1311 1312
f 1279 1312 1313
f 1279 1313 1282
f 1279 1282 1280
f 1280 1282 1281
f 1282 1313 1312
f 1282 1312 1283
f 1284 1314 1285
f 1284 1303 1315
f 1284 1315 1316
f 1284 1316 1314
f 1285 1314 1317
f 1285 1317 1286
f 1286 1317 1289
f 1288 1289 1318
f 1288 1318 1319
f 1288 1319 1290
f 1289 1317 1314
f 1289 1314 1318
f 1290 1319 1320
f 1290 1320 1297
f 1291 1295 1292
f 1292 1295 1321
f 1292 1321 1322
f 1292 1322 1293
f 1293 1322 1304
f 1295 1296 1321
f 1296 1297 1323
f 1296 1323 1324
f 1296 1324 1325
f 1296 1325 1321
f 1297 1320 1326
f 1297 1326 1323
f 1299 1327 1300
f 1300 1327 1328
f 1300 1328 1329
f 1300 1329 1330
f 1300 1330 1315
f 1300 1315 1303
f 1300 1303 1301
f 1301 1303 1302
f 1304 1322 1331
f 1304 1331 1305
f 1305 1322 1307
f 1305 1331 1322
f 1307 1322 1308
f 1308 1332 1333
f 1308 1333 1334
f 1308 1334 1335
f 1308 1335 1336
f 1308 1336 1309
f 1308 1322 1325
f 1308 1325 1332
f 1309 1337 1310
f 1309 1336 1337
f 1314 1319 1318
f 1314 1316 1319
f 1315 1330 1316
f 1316 1330 1338
f 1316 1338 1339
f 1316 1339 1319
f 1319 1340 1341
f 1319 1341 1320
f 1319 1339 1340
f 1320 1341 1342
f 1320 1342 1343
f 1320 1343 1326
f 1321 1325 1322
f 1323 1326 1333
f 1323 1333 1324
f 1324 1333 1332
f 1324 1332 1325
f 1326 1343 1344
f 1326 1344 1345
f 1326 1345 1333
f 1328 1346 1329
f 1329 1346 1330
f 1330 1346 1338
f 1333 1345 1344
f 1333 1344 1347
f 1333 1347 1334
f 1334 1348 1335
f 1334 1347 1348
f 1338 1346 1349
f 1338 1349 1350
f 1338 1350 1351
f 1338 1351 1339
f 1339 1351 1340
f 1340 1351 1352
f 1340 1352 1341
f 1341 1352 1342
f 1342 1353 1354
f 1342 1354 1355
f 1342 1355 1356
f 1342 1356 1344
f 1342 1344 1343
f 1342 1352 1351
f 1342 1351 1350
f 1342 1350 1353
f 1344 1357 1347
f 1344 1356 1357
f 1349 1358 1350
f 1350 1358 1359
f 1350 1359 1353
f 1353 1359 1354
f 1355 1360 1356
f 1356 1360 1361
f 1356 1361 1357
o convex_1
v 0.0135049 0.602351 -0.0728962
v 0.353278 0.441528 -0.0728962
v 0.0135049 0.802708 0.0975387
v 0.0135049 0.755717 -0.0728962
v 0.391616 0.423763 -0.0728962
v 0.0135049 0.853867 0.140822
v 0.0135049 0.846245 0.13442
v 0.0135049 0.831988 0.122382
v 0.0135049 0.756649 -0.0722083
v 0.028758 0.755717 -0.0728962
v 0.434655 0.404791 -0.0728962
v 0.0135049 0.86571 0.150558
v 0.0135049 0.768767 -0.0631336
v 0.0479274 0.771289 -0.06107
v 0.0479274 0.758349 -0.0706473
v 0.0479274 0.755278 -0.0728962
v 0.0479274 0.793716 -0.0443757
v 0.0479274 0.780885 -0.0539531
v 0.434655 0.40512 -0.0726316
v 0.434655 0.612934 -0.0728962
v 0.0135049 0.875251 0.157569
v 0.434655 0.410877 -0.0682398
v 0.0135049 0.793716 -0.0444022
v 0.0670968 0.780227 -0.0535298
v 0.0670968 0.770631 -0.0605408
v 0.0670968 0.753688 -0.0728962
v 0.0670968 0.793058 -0.0439524
v 0.0479274 0.803311 -0.0370736
v 0.414785 0.627409 -0.0728962
v 0.434655 0.620446 -0.068081
v 0.434655 0.758513 0.1672
v 0.434655 0.775347 0.177941
v 0.0135049 0.891207 0.166961
v 0.434655 0.434126 -0.0522863
v 0.434655 0.565504 0.0367674
v 0.434655 0.742996 0.156802
v 0.0135049 0.801337 -0.0385817
v 0.0862662 0.778911 -0.052498
v 0.0862662 0.769315 -0.0595884
v 0.0866785 0.751166 -0.0728962
v 0.0862662 0.791522 -0.0429206
v 0.0670968 0.802653 -0.0365974
v 0.0135049 0.803311 -0.0370736
v 0.0135049 0.811262 -0.0294541
v 0.0479274 0.813291 -0.0274963
v 0.0670968 0.822886 -0.0181305
v 0.0670968 0.813291 -0.0269936
v 0.411981 0.629438 -0.0728962
v 0.434655 0.622749 -0.0665465
v 0.434655 0.794648 0.188444
v 0.0135049 0.90168 0.172041
v 0.117308 0.766848 -0.0577629
v 0.105394 0.767835 -0.0585037
v 0.105394 0.756868 -0.0666788
v 0.0953768 0.749905 -0.0728962
v 0.105394 0.789658 -0.0415977
v 0.130088 0.765751 -0.0569427
v 0.0862662 0.801063 -0.035301
v 0.0862662 0.822064 -0.017522
v 0.0862662 0.812468 -0.0257237
v 0.0135049 0.813291 -0.0274963
v 0.0135049 0.822886 -0.0181305
v 0.0670968 0.842078 0.0010242
v 0.0862662 0.851673 0.010628
v 0.0862662 0.842023 0.00105065
v 0.0862662 0.832427 -0.00794467
v 0.39545 0.640076 -0.0728962
v 0.412064 0.642653 -0.063795
v 0.434655 0.657183 -0.0434762
v 0.434655 0.796293 0.189212
v 0.0135049 0.903325 0.172755
v 0.422906 0.80534 0.191434
v 0.124069 0.758349 -0.0631865
v 0.105394 0.748424 -0.0728962
v 0.105394 0.799254 -0.0337136
v 0.124564 0.787739 -0.0400897
v 0.143733 0.764435 -0.0559373
v 0.143733 0.754894 -0.0630278
v 0.124523 0.745079 -0.0728962
v 0.105394 0.820309 -0.0161463
v 0.105394 0.8412 0.00168561
v 0.105394 0.831605 -0.00656891
v 0.028758 0.842078 0.0010242
v 0.0135049 0.849699 0.00864376
v 0.0670968 0.918733 0.0776432
v 0.0862662 0.890001 0.0489375
v 0.105394 0.870316 0.0302854
v 0.105394 0.86072 0.0207081
v 0.105394 0.851125 0.0112894
v 0.393595 0.641118 -0.0728962
v 0.382465 0.670288 -0.0571808
v 0.392812 0.667218 -0.0549849
v 0.405756 0.653674 -0.0590063
v 0.422865 0.671549 -0.0389256
v 0.418536 0.649507 -0.0561225
v 0.434655 0.677307 -0.0295334
v 0.434655 0.802105 0.191434
v 0.124564 0.890988 0.182306
v 0.0670968 0.910179 0.18138
v 0.0135049 0.910892 0.17511
v 0.434655 0.805066 0.192492
v 0.41194 0.817348 0.193498
v 0.37422 0.832592 0.193683
v 0.368201 0.825573 0.191143
v 0.143733 0.890988 0.184608
v 0.169993 0.804298 -0.0187391
v 0.150824 0.785107 -0.0378938
v 0.144145 0.77765 -0.045143
v 0.162903 0.77425 -0.0446667
v 0.162903 0.762242 -0.0542441
v 0.162903 0.752701 -0.0614668
v 0.162903 0.737019 -0.0728962
v 0.143733 0.741296 -0.0728962
v 0.139941 0.742064 -0.0728962
v 0.124564 0.82985 -0.00495505
v 0.124564 0.839391 0.00327303
v 0.124564 0.849644 0.0128504
v 0.0135049 0.918733 0.0776432
v 0.0135049 0.926355 0.0852627
v 0.0135049 0.935895 0.0948401
v 0.0135049 0.937869 0.0968244
v 0.028758 0.937869 0.0968508
v 0.0862662 0.918733 0.0776961
v 0.0862662 0.909137 0.0680658
v 0.124564 0.888027 0.0509218
v 0.105394 0.899048 0.0590176
v 0.124564 0.85924 0.0221897
v 0.373931 0.651536 -0.0728962
v 0.369685 0.673688 -0.0594561
v 0.363254 0.708561 -0.0379996
v 0.393018 0.6812 -0.0449049
v 0.41194 0.674894 -0.0413067
v 0.434655 0.690905 -0.0199561
v 0.434655 0.683832 -0.0249829
v 0.0862662 0.910179 0.183576
v 0.148062 0.917581 0.192175
v 0.0135049 0.915114 0.175772
v 0.434655 0.813126 0.194371
v 0.429997 0.812742 0.193921
v 0.392812 0.833524 0.195535
v 0.333902 0.85096 0.194212
v 0.316134 0.855073 0.193551
v 0.354473 0.83791 0.193021
v 0.326564 0.843394 0.191513
v 0.316134 0.845477 0.190958
v 0.162903 0.890988 0.186751
v 0.143733 0.827766 -0.00331472
v 0.182072 0.802982 -0.0176543
v 0.162903 0.783791 -0.036862
v 0.182072 0.793387 -0.025512
v 0.182072 0.781598 -0.0350894
v 0.182072 0.772002 -0.0427354
v 0.209486 0.746944 -0.0572337
v 0.178568 0.733181 -0.0728962
v 0.143733 0.847725 0.0147288
v 0.162903 0.845751 0.0166337
v 0.177743 0.844216 0.0181153
v 0.143733 0.837362 0.00515146
v 0.162903 0.825683 -0.00154212
v 0.0135049 0.944669 0.104444
v 0.0479274 0.937869 0.0969566
v 0.105394 0.917965 0.078675
v 0.105394 0.90837 0.0685685
v 0.0670968 0.93754 0.097671
v 0.0862662 0.927013 0.0872734
v 0.162903 0.884189 0.0547316
v 0.178444 0.863462 0.0371378
v 0.124564 0.897568 0.0604991
v 0.143733 0.857321 0.0240945
v 0.358719 0.659212 -0.0728962
v 0.354473 0.677526 -0.0620489
v 0.354473 0.687067 -0.0556463
v 0.325245 0.727862 -0.0381319
v 0.355916 0.701049 -0.0456986
v 0.403448 0.709603 -0.0196386
v 0.373643 0.705491 -0.0357508
v 0.386793 0.691947 -0.0398516
v 0.350474 0.711796 -0.0402749
v 0.335304 0.725285 -0.036227
v 0.355916 0.718321 -0.033449
v 0.354473 0.732907 -0.0228928
v 0.366758 0.729672 -0.0203529
v 0.373313 0.719199 -0.0254855
v 0.41194 0.684435 -0.0344544
v 0.434655 0.696608 -0.0156436
v 0.105394 0.910179 0.185666
v 0.162903 0.914511 0.192942
v 0.2012 0.910179 0.195111
v 0.148062 0.921749 0.192175
v 0.0135049 0.929316 0.177676
v 0.2012 0.897184 0.192519
v 0.22037 0.893346 0.193551
v 0.434655 0.833524 0.195482
v 0.43111 0.833524 0.195879
v 0.41194 0.833524 0.196619
v 0.354473 0.85266 0.196223
v 0.297006 0.871851 0.195561
v 0.238014 0.889233 0.194212
v 0.27829 0.870864 0.193709
v 0.22037 0.88375 0.190984
v 0.238014 0.8724 0.18982
v 0.182484 0.892304 0.189212
v 0.181371 0.815703 -0.0067012
v 0.187308 0.822941 0.000865457
v 0.2012 0.811646 -0.00601332
v 0.2012 0.800515 -0.0155907
v 0.2012 0.790919 -0.0234748
v 0.2012 0.779185 -0.0330522
v 0.2012 0.769589 -0.0408305
v 0.22037 0.745518 -0.0561225
v 0.22037 0.735922 -0.0630542
v 0.201406 0.727369 -0.0728962
v 0.202355 0.739432 -0.0640067
v 0.18401 0.73181 -0.0728962
v 0.162903 0.855347 0.0259994
v 0.190482 0.842845 0.0194117
v 0.162903 0.835278 0.00705635
v 0.2012 0.861159 0.0394395
v 0.174569 0.824367 -0.000404471
v 0.0135049 0.946368 0.106402
v 0.028758 0.946039 0.106428
v 0.105394 0.925751 0.0882788
v 0.124564 0.924381 0.0901837
v 0.143733 0.922845 0.0921415
v 0.124564 0.91632 0.0805799
v 0.124564 0.906725 0.0700765
v 0.0479274 0.945107 0.106534
v 0.028758 0.955635 0.119445
v 0.0670968 0.943956 0.107248
v 0.0862662 0.936608 0.0992319
v 0.191265 0.881337 0.0575889
v 0.184834 0.8724 0.0473501
v 0.191224 0.862146 0.0384077
v 0.143733 0.90486 0.0720343
v 0.143733 0.895649 0.0624569
v 0.320422 0.678349 -0.0728962
v 0.336953 0.682077 -0.0648798
v 0.306117 0.708726 -0.0573131
v 0.293337 0.711741 -0.0594296
v 0.312465 0.730768 -0.0402484
v 0.317783 0.737348 -0.033449
v 0.316134 0.751933 -0.022787
v 0.329038 0.748918 -0.0204587
v 0.335386 0.738719 -0.0259353
v 0.317825 0.680158 -0.0725522
v 0.392812 0.734552 -0.0049815
v 0.411445 0.718266 -0.00934688
v 0.434655 0.712948 -0.00307662
v 0.432594 0.699459 -0.0144001
v 0.341817 0.745737 -0.0179453
v 0.354473 0.742502 -0.0154055
v 0.369932 0.750563 -0.00257394
v 0.382712 0.746999 0.000230489
v 0.182484 0.909192 0.193524
v 0.258667 0.890988 0.196223
v 0.22037 0.910179 0.195614
v 0.182072 0.924984 0.193789
v 0.162903 0.923668 0.192942
v 0.277837 0.890988 0.196937
v 0.0135049 0.944285 0.174978
v 0.0862662 0.929316 0.184846
v 0.0670968 0.929316 0.182968
v 0.434655 0.845477 0.192942
v 0.43111 0.846354 0.193392
v 0.392812 0.85266 0.196461
v 0.373643 0.85266 0.197149
v 0.316134 0.871851 0.196725
v 0.182526 0.833633 0.00949038
v 0.2012 0.841584 0.0205493
v 0.2012 0.831988 0.0120038
v 0.2012 0.821187 0.00242641
v 0.22037 0.829411 0.0143055
v 0.22037 0.818555 0.00472815
v 0.249268 0.804847 -3.40783e-05
v 0.22037 0.788068 -0.021226
v 0.22107 0.774908 -0.0319939
v 0.215175 0.767725 -0.0393489
v 0.239498 0.742283 -0.0537414
v 0.239498 0.732687 -0.060726
v 0.22107 0.758404 -0.0455134
v 0.227914 0.765861 -0.0378144
v 0.239498 0.754456 -0.0441641
v 0.22037 0.722324 -0.0726316
v 0.217896 0.722708 -0.0728962
v 0.193491 0.729397 -0.0728962
v 0.2012 0.851564 0.0301267
v 0.2012 0.870755 0.0490169
v 0.22037 0.858582 0.0420058
v 0.22037 0.848986 0.0325872
v 0.0135049 0.95399 0.116111
v 0.0135049 0.955964 0.118784
v 0.105394 0.935347 0.101137
v 0.124564 0.933922 0.103068
v 0.144558 0.933593 0.106746
v 0.162903 0.929754 0.10537
v 0.162903 0.921146 0.0942051
v 0.181083 0.925697 0.1041
v 0.143733 0.914456 0.0825641
v 0.028758 0.960625 0.129022
v 0.0479274 0.954703 0.121297
v 0.0862662 0.942749 0.108809
v 0.151483 0.938692 0.115344
v 0.2012 0.880296 0.0585942
v 0.162903 0.902941 0.0740715
v 0.162903 0.89373 0.0644941
v 0.318443 0.679336 -0.0728962
v 0.298614 0.701159 -0.0648533
v 0.314691 0.6812 -0.0728962
v 0.297295 0.689809 -0.0728962
v 0.277837 0.715141 -0.0618372
v 0.279032 0.698582 -0.0728962
v 0.297006 0.734003 -0.042656
v 0.297006 0.743599 -0.0355127
v 0.277837 0.724737 -0.0550907
v 0.301664 0.7646 -0.0176543
v 0.316134 0.761474 -0.0151938
v 0.335304 0.768822 -0.00201834
v 0.345115 0.766574 -8.69876e-05
v 0.392812 0.744092 0.00247932
v 0.434655 0.719692 0.00232058
v 0.385763 0.767944 0.0180095
v 0.357895 0.763339 0.00247932
v 0.373643 0.77118 0.0153638
v 0.2012 0.925039 0.194212
v 0.162903 0.933264 0.189079
v 0.335304 0.871851 0.197387
v 0.297006 0.890988 0.19654
v 0.0670968 0.945765 0.177253
v 0.0135049 0.95388 0.169104
v 0.434655 0.855018 0.18474
v 0.416351 0.859624 0.189741
v 0.403572 0.862859 0.19199
v 0.392812 0.865546 0.193418
v 0.410745 0.852989 0.194318
v 0.372447 0.87218 0.194318
v 0.354473 0.871851 0.196434
v 0.22037 0.839007 0.0230098
v 0.239498 0.826505 0.0168189
v 0.262048 0.802873 0.0016327
v 0.245022 0.784394 -0.0181305
v 0.259327 0.736855 -0.0518365
v 0.253349 0.729891 -0.0587418
v 0.258667 0.751111 -0.0413332
v 0.284474 0.746121 -0.0374176
v 0.242342 0.714209 -0.0728962
v 0.238385 0.715689 -0.0728962
v 0.221029 0.721721 -0.0728962
v 0.239498 0.763996 -0.0363593
v 0.258667 0.77255 -0.0241098
v 0.258667 0.760652 -0.0336872
v 0.22037 0.72194 -0.0728962
v 0.22037 0.868178 0.0515832
v 0.277837 0.82985 0.0324284
v 0.264068 0.822557 0.0205758
v 0.251288 0.824641 0.0184592
v 0.0135049 0.960954 0.128361
v 0.162903 0.937924 0.116693
v 0.174074 0.920049 0.0954486
v 0.162903 0.912537 0.0846278
v 0.182072 0.936499 0.119339
v 0.2012 0.924655 0.108651
v 0.186854 0.918788 0.0968773
v 0.177208 0.901516 0.075606
v 0.028758 0.964573 0.143706
v 0.0479274 0.963531 0.143706
v 0.0670968 0.96227 0.143706
v 0.105394 0.96046 0.146695
v 0.0479274 0.959693 0.130874
v 0.0670968 0.95876 0.132779
v 0.0780213 0.958212 0.133864
v 0.105394 0.949878 0.124551
v 0.124564 0.947575 0.124551
v 0.22037 0.877718 0.0611606
v 0.184216 0.891427 0.0665842
v 0.189987 0.900255 0.0770082
v 0.2012 0.889453 0.0681452
v 0.22037 0.886985 0.0707379
v 0.283155 0.696608 -0.0728962
v 0.273838 0.700885 -0.0728962
v 0.25875 0.707519 -0.0728962
v 0.266129 0.727204 -0.0568369
v 0.259327 0.719911 -0.0640067
v 0.288885 0.767012 -0.0195857
v 0.277837 0.778637 -0.01358
v 0.277837 0.790535 -0.0040026
v 0.292307 0.787684 -0.00170085
v 0.316134 0.773044 -0.00561647
v 0.316134 0.782639 0.0026116
v 0.360492 0.78401 0.0205229
v 0.421999 0.747547 0.0189355
v 0.434655 0.73521 0.0152051
v 0.398542 0.764216 0.021052
v 0.373643 0.780775 0.0232479
v 0.387494 0.788013 0.0360266
v 0.277837 0.906615 0.194529
v 0.22037 0.923503 0.193656
v 0.2012 0.934634 0.188021
v 0.182072 0.934579 0.188841
v 0.105394 0.946039 0.178629
v 0.0862662 0.945985 0.17802
v 0.335304 0.887862 0.194556
v 0.028758 0.954319 0.169237
v 0.0479274 0.954922 0.169343
v 0.0135049 0.96205 0.159527
v 0.434655 0.864285 0.174925
v 0.43111 0.865217 0.176089
v 0.392812 0.884682 0.176512
v 0.392812 0.875087 0.186116
v 0.378012 0.878815 0.189741
v 0.365233 0.881995 0.19199
v 0.354473 0.884298 0.193259
v 0.277837 0.810659 0.0136176
v 0.277837 0.800131 0.00404027
v 0.258667 0.782091 -0.016305
v 0.277837 0.868178 0.0707115
v 0.308838 0.863023 0.0758706
v 0.277837 0.839446 0.0420058
v 0.251329 0.88216 0.075897
v 0.297006 0.82667 0.0356297
v 0.308796 0.824696 0.0375875
v 0.277837 0.8202 0.0228511
v 0.0135049 0.964134 0.14069
v 0.144558 0.943901 0.122858
v 0.162903 0.943133 0.126271
v 0.182072 0.941543 0.128916
v 0.197531 0.940118 0.131668
v 0.202849 0.935128 0.124974
v 0.22037 0.921639 0.112407
v 0.249351 0.900693 0.0956867
v 0.2012 0.917033 0.0990732
v 0.2012 0.907438 0.0879878
v 0.2012 0.899048 0.0784104
v 0.124564 0.959638 0.149129
v 0.0135049 0.964902 0.143706
v 0.0670968 0.961557 0.159659
v 0.0862662 0.961063 0.159342
v 0.105394 0.96046 0.158813
v 0.124564 0.959638 0.157702
v 0.0908009 0.957554 0.135398
v 0.105394 0.956787 0.137118
v 0.124564 0.95569 0.139552
v 0.239498 0.884024 0.0739127
v 0.22037 0.896526 0.0812413
v 0.239498 0.89362 0.0844426
v 0.297996 0.794538 0.00626265
v 0.305086 0.784997 0.000547973
v 0.335304 0.789493 0.0157871
v 0.347712 0.786807 0.0181153
v 0.307271 0.805066 0.018909
v 0.373643 0.791577 0.0328253
v 0.335304 0.810001 0.0337513
v 0.349444 0.806875 0.0364763
v 0.362223 0.803969 0.0391485
v 0.434655 0.743434 0.0222426
v 0.41194 0.760213 0.0246237
v 0.400274 0.784339 0.039466
v 0.434655 0.774469 0.0495196
v 0.434655 0.754072 0.0315818
v 0.373643 0.801173 0.0419264
v 0.400768 0.803969 0.0583032
v 0.425874 0.807149 0.0743096
v 0.434655 0.804682 0.0766643
v 0.297006 0.903819 0.193471
v 0.239498 0.921146 0.192439
v 0.22037 0.933099 0.185957
v 0.2012 0.942804 0.178444
v 0.182072 0.943901 0.179264
v 0.162903 0.944888 0.179502
v 0.249804 0.919884 0.191699
v 0.143733 0.945656 0.179502
v 0.124564 0.946039 0.179184
v 0.0670968 0.955306 0.169237
v 0.0862662 0.95558 0.168919
v 0.028758 0.961996 0.159659
v 0.434655 0.86593 0.162861
v 0.40353 0.881995 0.173364
v 0.371293 0.889946 0.181275
v 0.364573 0.900803 0.172808
v 0.354473 0.893894 0.184926
v 0.335304 0.897458 0.188921
v 0.323142 0.899487 0.190931
v 0.310363 0.901625 0.19236
v 0.321576 0.822393 0.0397305
v 0.297006 0.807095 0.0170041
v 0.264109 0.880021 0.0780136
v 0.321576 0.860885 0.0780136
v 0.25673 0.890385 0.0868501
v 0.321576 0.841694 0.0588853
v 0.144145 0.954758 0.1445
v 0.210311 0.938802 0.134393
v 0.138044 0.95876 0.151431
v 0.182072 0.94763 0.143706
v 0.22037 0.92959 0.124551
v 0.23047 0.919939 0.114683
v 0.22037 0.90486 0.0908187
v 0.307106 0.881612 0.0955544
v 0.297006 0.883257 0.0935437
v 0.277837 0.886437 0.089972
v 0.0479274 0.961886 0.159739
v 0.105394 0.955635 0.168417
v 0.124564 0.95558 0.167279
v 0.138044 0.95876 0.155691
v 0.335304 0.819596 0.0424027
v 0.349691 0.826341 0.0551284
v 0.434655 0.794812 0.0675896
v 0.349691 0.845477 0.0742302
v 0.362471 0.842297 0.0774315
v 0.387989 0.826341 0.0742302
v 0.400768 0.842297 0.0965862
v 0.41194 0.820309 0.0802359
v 0.41194 0.810714 0.0707115
v 0.425874 0.826286 0.0934379
v 0.434655 0.814387 0.0861887
v 0.262584 0.918185 0.190587
v 0.22037 0.941214 0.17638
v 0.277837 0.916211 0.188656
v 0.277837 0.924381 0.179079
v 0.434655 0.86582 0.159289
v 0.43111 0.867794 0.162861
v 0.413012 0.87717 0.162861
v 0.392812 0.887259 0.162861
v 0.364573 0.900803 0.170454
v 0.307395 0.919994 0.172888
v 0.354473 0.902503 0.175348
v 0.335304 0.905683 0.179343
v 0.297006 0.913359 0.184952
v 0.335304 0.829466 0.05198
v 0.277837 0.877773 0.0803947
v 0.335304 0.867136 0.0902366
v 0.335304 0.858198 0.0806592
v 0.335304 0.848657 0.0710819
v 0.202849 0.942969 0.141933
v 0.22037 0.941159 0.147172
v 0.232943 0.939734 0.151246
v 0.22037 0.937266 0.137594
v 0.292183 0.921255 0.150399
v 0.268726 0.919884 0.133864
v 0.22037 0.943462 0.162861
v 0.258667 0.921529 0.131324
v 0.237931 0.923832 0.124366
v 0.243249 0.917801 0.117858
v 0.345445 0.881612 0.114683
v 0.358183 0.879473 0.11791
v 0.319886 0.879418 0.0987293
v 0.2012 0.946972 0.162861
v 0.233397 0.939789 0.174105
v 0.349691 0.864339 0.0934114
v 0.356081 0.853483 0.0854215
v 0.373643 0.849096 0.0898133
v 0.41194 0.8395 0.0994436
v 0.362471 0.861433 0.0966392
v 0.373643 0.858637 0.0994436
v 0.434655 0.833414 0.105396
v 0.434655 0.823928 0.095819
v 0.297006 0.921584 0.175375
v 0.434655 0.863901 0.148389
v 0.402623 0.881557 0.152939
v 0.372035 0.896855 0.163601
v 0.362429 0.900035 0.157675
v 0.307395 0.919994 0.170295
v 0.258667 0.933702 0.162861
v 0.244404 0.93765 0.162861
v 0.239415 0.934634 0.144394
v 0.234798 0.940172 0.162861
v 0.277837 0.928164 0.162861
v 0.304921 0.919172 0.157516
v 0.349691 0.902119 0.150399
v 0.281506 0.917746 0.137621
v 0.326193 0.900748 0.133864
v 0.370386 0.88364 0.130689
v 0.383165 0.881392 0.134155
v 0.375498 0.877609 0.124392
v 0.373643 0.867136 0.109021
v 0.335304 0.876677 0.102565
v 0.387618 0.864285 0.112593
v 0.394214 0.853373 0.104603
v 0.41194 0.848767 0.109021
v 0.425585 0.845258 0.112619
v 0.434655 0.84279 0.115265
v 0.434655 0.861762 0.141933
v 0.434655 0.860666 0.139023
v 0.410167 0.874977 0.145426
v 0.392812 0.883969 0.148256
v 0.375498 0.888246 0.141801
v 0.297913 0.922133 0.163496
v 0.355421 0.896526 0.143891
v 0.338973 0.898555 0.137621
v 0.392812 0.879638 0.138679
v 0.423854 0.863352 0.132673
v 0.41194 0.866094 0.129128
v 0.393513 0.869713 0.123334
v 0.400397 0.861214 0.116138
v 0.41194 0.858308 0.119551
v 0.434655 0.850193 0.123652
v 0.434655 0.851673 0.125424
f 1362 1363 1364
f 1362 1364 1369
f 1362 1369 1368
f 1362 1368 1367
f 1362 1367 1373
f 1362 1373 1382
f 1362 1382 1394
f 1362 1394 1412
f 1362 1412 1432
f 1362 1432 1461
f 1362 1461 1498
f 1362 1498 1551
f 1362 1551 1621
f 1362 1621 1690
f 1362 1690 1765
f 1362 1765 1795
f 1362 1795 1783
f 1362 1783 1717
f 1362 1717 1652
f 1362 1652 1651
f 1362 1651 1581
f 1362 1581 1521
f 1362 1521 1482
f 1362 1482 1481
f 1362 1481 1480
f 1362 1480 1479
f 1362 1479 1445
f 1362 1445 1423
f 1362 1423 1422
f 1362 1422 1405
f 1362 1405 1404
f 1362 1404 1398
f 1362 1398 1384
f 1362 1384 1374
f 1362 1374 1370
f 1362 1370 1365
f 1362 1365 1371
f 1362 1371 1377
f 1362 1377 1387
f 1362 1387 1401
f 1362 1401 1416
f 1362 1416 1435
f 1362 1435 1440
f 1362 1440 1475
f 1362 1475 1474
f 1362 1474 1473
f 1362 1473 1515
f 1362 1515 1575
f 1362 1575 1646
f 1362 1646 1573
f 1362 1573 1645
f 1362 1645 1712
f 1362 1712 1708
f 1362 1708 1707
f 1362 1707 1706
f 1362 1706 1741
f 1362 1741 1740
f 1362 1740 1672
f 1362 1672 1739
f 1362 1739 1670
f 1362 1670 1669
f 1362 1669 1667
f 1362 1667 1597
f 1362 1597 1531
f 1362 1531 1489
f 1362 1489 1451
f 1362 1451 1428
f 1362 1428 1409
f 1362 1409 1390
f 1362 1390 1381
f 1362 1381 1372
f 1362 1372 1366
f 1362 1366 1363
f 1363 1366 1367
f 1363 1367 1368
f 1363 1368 1369
f 1363 1369 1364
f 1365 1370 1371
f 1366 1372 1373
f 1366 1373 1367
f 1370 1374 1371
f 1371 1375 1376
f 1371 1376 1377
f 1371 1374 1378
f 1371 1378 1379
f 1371 1379 1375
f 1372 1380 1373
f 1372 1381 1391
f 1372 1391 1410
f 1372 1410 1430
f 1372 1430 1457
f 1372 1457 1495
f 1372 1495 1494
f 1372 1494 1546
f 1372 1546 1609
f 1372 1609 1681
f 1372 1681 1752
f 1372 1752 1815
f 1372 1815 1819
f 1372 1819 1818
f 1372 1818 1866
f 1372 1866 1823
f 1372 1823 1874
f 1372 1874 1915
f 1372 1915 1914
f 1372 1914 1940
f 1372 1940 1955
f 1372 1955 1956
f 1372 1956 1942
f 1372 1942 1941
f 1372 1941 1917
f 1372 1917 1879
f 1372 1879 1836
f 1372 1836 1766
f 1372 1766 1691
f 1372 1691 1624
f 1372 1624 1554
f 1372 1554 1499
f 1372 1499 1462
f 1372 1462 1458
f 1372 1458 1431
f 1372 1431 1411
f 1372 1411 1393
f 1372 1393 1392
f 1372 1392 1397
f 1372 1397 1396
f 1372 1396 1395
f 1372 1395 1383
f 1372 1383 1380
f 1373 1380 1383
f 1373 1383 1382
f 1374 1384 1378
f 1375 1379 1385
f 1375 1385 1376
f 1376 1385 1377
f 1377 1385 1386
f 1377 1386 1387
f 1378 1388 1385
f 1378 1385 1379
f 1378 1384 1389
f 1378 1389 1388
f 1381 1390 1391
f 1382 1392 1393
f 1382 1393 1394
f 1382 1383 1395
f 1382 1395 1396
f 1382 1396 1397
f 1382 1397 1392
f 1384 1398 1389
f 1385 1388 1399
f 1385 1399 1400
f 1385 1400 1401
f 1385 1401 1386
f 1386 1401 1387
f 1388 1402 1399
f 1388 1389 1403
f 1388 1403 1402
f 1389 1398 1404
f 1389 1404 1405
f 1389 1405 1406
f 1389 1406 1407
f 1389 1407 1408
f 1389 1408 1403
f 1390 1409 1391
f 1391 1409 1410
f 1393 1411 1394
f 1394 1411 1412
f 1399 1402 1413
f 1399 1413 1414
f 1399 1414 1415
f 1399 1415 1400
f 1400 1415 1416
f 1400 1416 1401
f 1402 1417 1418
f 1402 1418 1413
f 1402 1403 1419
f 1402 1419 1417
f 1403 1408 1420
f 1403 1420 1421
f 1403 1421 1419
f 1405 1422 1406
f 1406 1422 1423
f 1406 1423 1407
f 1407 1420 1408
f 1407 1423 1444
f 1407 1444 1424
f 1407 1424 1425
f 1407 1425 1426
f 1407 1426 1427
f 1407 1427 1420
f 1409 1428 1429
f 1409 1429 1430
f 1409 1430 1410
f 1411 1431 1412
f 1412 1431 1433
f 1412 1433 1432
f 1413 1418 1415
f 1413 1415 1414
f 1415 1418 1434
f 1415 1434 1435
f 1415 1435 1416
f 1417 1419 1436
f 1417 1436 1437
f 1417 1437 1438
f 1417 1438 1418
f 1418 1438 1439
f 1418 1439 1440
f 1418 1440 1434
f 1419 1421 1441
f 1419 1441 1436
f 1420 1427 1442
f 1420 1442 1443
f 1420 1443 1421
f 1421 1443 1441
f 1423 1445 1444
f 1424 1444 1479
f 1424 1479 1446
f 1424 1446 1447
f 1424 1447 1425
f 1425 1447 1448
f 1425 1448 1449
f 1425 1449 1426
f 1426 1442 1427
f 1426 1449 1450
f 1426 1450 1442
f 1428 1451 1452
f 1428 1452 1453
f 1428 1453 1454
f 1428 1454 1429
f 1429 1454 1455
f 1429 1455 1456
f 1429 1456 1430
f 1430 1456 1455
f 1430 1455 1457
f 1431 1458 1433
f 1432 1459 1460
f 1432 1460 1461
f 1432 1433 1459
f 1433 1458 1462
f 1433 1462 1463
f 1433 1463 1464
f 1433 1464 1465
f 1433 1465 1466
f 1433 1466 1459
f 1434 1440 1435
f 1436 1441 1467
f 1436 1467 1437
f 1437 1467 1468
f 1437 1468 1469
f 1437 1469 1438
f 1438 1470 1471
f 1438 1471 1472
f 1438 1472 1439
f 1438 1469 1470
f 1439 1472 1473
f 1439 1473 1474
f 1439 1474 1475
f 1439 1475 1440
f 1441 1443 1476
f 1441 1476 1467
f 1442 1477 1476
f 1442 1476 1443
f 1442 1450 1478
f 1442 1478 1477
f 1444 1445 1479
f 1446 1479 1480
f 1446 1480 1481
f 1446 1481 1482
f 1446 1482 1483
f 1446 1483 1484
f 1446 1484 1485
f 1446 1485 1447
f 1447 1485 1448
f 1448 1486 1488
f 1448 1488 1449
f 1448 1485 1487
f 1448 1487 1486
f 1449 1488 1450
f 1450 1488 1478
f 1451 1489 1452
f 1452 1489 1490
f 1452 1490 1491
f 1452 1491 1453
f 1453 1491 1492
f 1453 1492 1493
f 1453 1493 1454
f 1454 1493 1455
f 1455 1493 1494
f 1455 1494 1495
f 1455 1495 1457
f 1459 1466 1460
f 1460 1496 1497
f 1460 1497 1498
f 1460 1498 1461
f 1460 1466 1496
f 1462 1499 1500
f 1462 1500 1463
f 1463 1500 1501
f 1463 1501 1464
f 1464 1501 1502
f 1464 1502 1503
f 1464 1503 1504
f 1464 1504 1465
f 1465 1504 1505
f 1465 1505 1506
f 1465 1506 1507
f 1465 1507 1466
f 1466 1507 1496
f 1467 1476 1508
f 1467 1508 1509
f 1467 1509 1510
f 1467 1510 1468
f 1468 1510 1470
f 1468 1470 1469
f 1470 1510 1511
f 1470 1511 1512
f 1470 1512 1471
f 1471 1512 1513
f 1471 1513 1514
f 1471 1514 1472
f 1472 1514 1515
f 1472 1515 1473
f 1476 1477 1508
f 1477 1478 1516
f 1477 1516 1517
f 1477 1517 1518
f 1477 1518 1519
f 1477 1519 1520
f 1477 1520 1508
f 1478 1488 1516
f 1482 1521 1483
f 1483 1521 1522
f 1483 1522 1484
f 1484 1523 1524
f 1484 1524 1487
f 1484 1487 1485
f 1484 1522 1525
f 1484 1525 1526
f 1484 1526 1523
f 1486 1527 1528
f 1486 1528 1488
f 1486 1487 1529
f 1486 1529 1527
f 1487 1524 1529
f 1488 1528 1530
f 1488 1530 1516
f 1489 1531 1532
f 1489 1532 1533
f 1489 1533 1490
f 1490 1533 1534
f 1490 1534 1535
f 1490 1535 1491
f 1491 1536 1537
f 1491 1537 1538
f 1491 1538 1492
f 1491 1535 1539
f 1491 1539 1534
f 1491 1534 1540
f 1491 1540 1541
f 1491 1541 1542
f 1491 1542 1543
f 1491 1543 1544
f 1491 1544 1536
f 1492 1538 1545
f 1492 1545 1493
f 1493 1545 1494
f 1494 1545 1537
f 1494 1537 1536
f 1494 1536 1546
f 1496 1547 1497
f 1496 1507 1547
f 1497 1548 1549
f 1497 1549 1550
f 1497 1550 1551
f 1497 1551 1498
f 1497 1547 1552
f 1497 1552 1553
f 1497 1553 1548
f 1499 1554 1555
f 1499 1555 1556
f 1499 1556 1501
f 1499 1501 1500
f 1501 1556 1557
f 1501 1557 1558
f 1501 1558 1502
f 1502 1558 1559
f 1502 1559 1560
f 1502 1560 1503
f 1503 1560 1553
f 1503 1553 1561
f 1503 1561 1562
f 1503 1562 1506
f 1503 1506 1505
f 1503 1505 1504
f 1506 1562 1507
f 1507 1562 1561
f 1507 1561 1563
f 1507 1563 1547
f 1508 1520 1509
f 1509 1520 1564
f 1509 1564 1565
f 1509 1565 1566
f 1509 1566 1567
f 1509 1567 1568
f 1509 1568 1511
f 1509 1511 1510
f 1511 1568 1569
f 1511 1569 1512
f 1512 1569 1570
f 1512 1570 1514
f 1512 1514 1513
f 1514 1571 1572
f 1514 1572 1573
f 1514 1573 1574
f 1514 1574 1515
f 1514 1570 1571
f 1515 1574 1575
f 1516 1530 1576
f 1516 1576 1517
f 1517 1576 1518
f 1518 1577 1578
f 1518 1578 1519
f 1518 1576 1579
f 1518 1579 1577
f 1519 1578 1520
f 1520 1578 1580
f 1520 1580 1564
f 1521 1581 1522
f 1522 1581 1582
f 1522 1582 1525
f 1523 1526 1525
f 1523 1525 1583
f 1523 1583 1584
f 1523 1584 1585
f 1523 1585 1586
f 1523 1586 1587
f 1523 1587 1524
f 1524 1587 1529
f 1525 1582 1588
f 1525 1588 1589
f 1525 1589 1590
f 1525 1590 1591
f 1525 1591 1583
f 1527 1592 1593
f 1527 1593 1528
f 1527 1529 1592
f 1528 1594 1576
f 1528 1576 1530
f 1528 1593 1594
f 1529 1587 1595
f 1529 1595 1596
f 1529 1596 1592
f 1531 1597 1598
f 1531 1598 1534
f 1531 1534 1532
f 1532 1534 1533
f 1534 1599 1600
f 1534 1600 1601
f 1534 1601 1602
f 1534 1602 1603
f 1534 1603 1604
f 1534 1604 1605
f 1534 1605 1540
f 1534 1539 1535
f 1534 1598 1606
f 1534 1606 1599
f 1536 1544 1543
f 1536 1543 1607
f 1536 1607 1608
f 1536 1608 1609
f 1536 1609 1610
f 1536 1610 1546
f 1537 1545 1538
f 1540 1605 1542
f 1540 1542 1541
f 1542 1605 1611
f 1542 1611 1612
f 1542 1612 1543
f 1543 1612 1613
f 1543 1613 1614
f 1543 1614 1607
f 1546 1610 1609
f 1547 1563 1552
f 1548 1615 1616
f 1548 1616 1549
f 1548 1553 1559
f 1548 1559 1615
f 1549 1617 1618
f 1549 1618 1619
f 1549 1619 1550
f 1549 1616 1620
f 1549 1620 1617
f 1550 1619 1621
f 1550 1621 1622
f 1550 1622 1623
f 1550 1623 1551
f 1551 1623 1621
f 1552 1563 1553
f 1553 1563 1561
f 1553 1560 1559
f 1554 1624 1625
f 1554 1625 1626
f 1554 1626 1555
f 1555 1626 1556
f 1556 1626 1627
f 1556 1627 1557
f 1557 1627 1628
f 1557 1628 1616
f 1557 1616 1558
f 1558 1616 1559
f 1559 1616 1615
f 1564 1580 1565
f 1565 1580 1629
f 1565 1629 1577
f 1565 1577 1630
f 1565 1630 1631
f 1565 1631 1632
f 1565 1632 1566
f 1566 1632 1633
f 1566 1633 1634
f 1566 1634 1635
f 1566 1635 1567
f 1567 1635 1636
f 1567 1636 1637
f 1567 1637 1638
f 1567 1638 1568
f 1568 1638 1569
f 1569 1638 1570
f 1570 1638 1571
f 1571 1639 1640
f 1571 1640 1572
f 1571 1638 1641
f 1571 1641 1642
f 1571 1642 1643
f 1571 1643 1639
f 1572 1640 1644
f 1572 1644 1645
f 1572 1645 1573
f 1573 1646 1574
f 1574 1646 1575
f 1576 1594 1579
f 1577 1629 1578
f 1577 1579 1647
f 1577 1647 1630
f 1578 1629 1580
f 1579 1594 1648
f 1579 1648 1713
f 1579 1713 1649
f 1579 1649 1650
f 1579 1650 1647
f 1581 1651 1582
f 1582 1651 1652
f 1582 1652 1588
f 1583 1591 1653
f 1583 1653 1584
f 1584 1653 1654
f 1584 1654 1655
f 1584 1655 1656
f 1584 1656 1585
f 1585 1657 1586
f 1585 1656 1658
f 1585 1658 1657
f 1586 1657 1659
f 1586 1659 1595
f 1586 1595 1587
f 1588 1652 1589
f 1589 1652 1717
f 1589 1717 1660
f 1589 1660 1729
f 1589 1729 1661
f 1589 1661 1590
f 1590 1662 1591
f 1590 1661 1662
f 1591 1662 1663
f 1591 1663 1653
f 1592 1664 1648
f 1592 1648 1593
f 1592 1596 1664
f 1593 1648 1594
f 1595 1665 1666
f 1595 1666 1596
f 1595 1659 1665
f 1596 1666 1664
f 1597 1667 1606
f 1597 1606 1598
f 1599 1668 1600
f 1599 1606 1669
f 1599 1669 1670
f 1599 1670 1668
f 1600 1671 1601
f 1600 1668 1672
f 1600 1672 1671
f 1601 1673 1674
f 1601 1674 1602
f 1601 1671 1675
f 1601 1675 1673
f 1602 1674 1603
f 1603 1674 1676
f 1603 1676 1677
f 1603 1677 1604
f 1604 1611 1605
f 1604 1677 1678
f 1604 1678 1679
f 1604 1679 1611
f 1606 1667 1669
f 1607 1614 1680
f 1607 1680 1608
f 1608 1680 1609
f 1609 1680 1682
f 1609 1682 1681
f 1611 1679 1683
f 1611 1683 1612
f 1612 1683 1613
f 1613 1683 1684
f 1613 1684 1682
f 1613 1682 1614
f 1614 1682 1680
f 1616 1628 1620
f 1617 1685 1618
f 1617 1620 1685
f 1618 1685 1686
f 1618 1686 1621
f 1618 1621 1619
f 1620 1628 1687
f 1620 1687 1688
f 1620 1688 1685
f 1621 1686 1689
f 1621 1689 1690
f 1621 1623 1622
f 1624 1691 1692
f 1624 1692 1693
f 1624 1693 1694
f 1624 1694 1625
f 1625 1694 1695
f 1625 1695 1626
f 1626 1695 1696
f 1626 1696 1697
f 1626 1697 1687
f 1626 1687 1627
f 1627 1687 1628
f 1630 1698 1633
f 1630 1633 1631
f 1630 1647 1650
f 1630 1650 1698
f 1631 1633 1632
f 1633 1698 1699
f 1633 1699 1635
f 1633 1635 1634
f 1635 1700 1701
f 1635 1701 1636
f 1635 1699 1700
f 1636 1701 1642
f 1636 1642 1637
f 1637 1642 1638
f 1638 1642 1641
f 1639 1702 1703
f 1639 1703 1640
f 1639 1643 1704
f 1639 1704 1705
f 1639 1705 1702
f 1640 1703 1706
f 1640 1706 1707
f 1640 1707 1708
f 1640 1708 1644
f 1642 1701 1709
f 1642 1709 1643
f 1643 1709 1775
f 1643 1775 1710
f 1643 1710 1711
f 1643 1711 1704
f 1644 1708 1712
f 1644 1712 1645
f 1648 1664 1734
f 1648 1734 1713
f 1649 1713 1778
f 1649 1778 1714
f 1649 1714 1715
f 1649 1715 1716
f 1649 1716 1650
f 1650 1716 1698
f 1653 1663 1654
f 1654 1663 1655
f 1655 1663 1718
f 1655 1718 1656
f 1656 1718 1658
f 1657 1719 1720
f 1657 1720 1659
f 1657 1658 1719
f 1658 1718 1721
f 1658 1721 1722
f 1658 1722 1723
f 1658 1723 1719
f 1659 1720 1724
f 1659 1724 1665
f 1660 1717 1725
f 1660 1725 1726
f 1660 1726 1727
f 1660 1727 1728
f 1660 1728 1729
f 1661 1729 1730
f 1661 1730 1731
f 1661 1731 1732
f 1661 1732 1662
f 1662 1732 1733
f 1662 1733 1663
f 1663 1733 1718
f 1664 1666 1735
f 1664 1735 1724
f 1664 1724 1736
f 1664 1736 1737
f 1664 1737 1738
f 1664 1738 1734
f 1665 1724 1735
f 1665 1735 1666
f 1668 1670 1739
f 1668 1739 1672
f 1671 1672 1740
f 1671 1740 1741
f 1671 1741 1675
f 1673 1675 1742
f 1673 1742 1703
f 1673 1703 1702
f 1673 1702 1705
f 1673 1705 1674
f 1674 1705 1676
f 1675 1741 1743
f 1675 1743 1742
f 1676 1744 1745
f 1676 1745 1746
f 1676 1746 1747
f 1676 1747 1748
f 1676 1748 1677
f 1676 1705 1704
f 1676 1704 1744
f 1677 1748 1678
f 1678 1748 1749
f 1678 1749 1750
f 1678 1750 1679
f 1679 1750 1683
f 1681 1751 1752
f 1681 1682 1753
f 1681 1753 1751
f 1682 1684 1754
f 1682 1754 1755
f 1682 1755 1753
f 1683 1750 1684
f 1684 1750 1754
f 1685 1756 1757
f 1685 1757 1758
f 1685 1758 1759
f 1685 1759 1686
f 1685 1688 1756
f 1686 1759 1760
f 1686 1760 1761
f 1686 1761 1689
f 1687 1697 1688
f 1688 1697 1762
f 1688 1762 1756
f 1689 1761 1690
f 1690 1761 1760
f 1690 1760 1763
f 1690 1763 1764
f 1690 1764 1765
f 1691 1766 1767
f 1691 1767 1768
f 1691 1768 1692
f 1692 1768 1769
f 1692 1769 1770
f 1692 1770 1693
f 1693 1770 1771
f 1693 1771 1694
f 1694 1771 1772
f 1694 1772 1696
f 1694 1696 1695
f 1696 1772 1762
f 1696 1762 1697
f 1698 1716 1699
f 1699 1716 1700
f 1700 1716 1773
f 1700 1773 1774
f 1700 1774 1746
f 1700 1746 1710
f 1700 1710 1775
f 1700 1775 1709
f 1700 1709 1701
f 1703 1742 1743
f 1703 1743 1741
f 1703 1741 1706
f 1704 1711 1745
f 1704 1745 1744
f 1710 1746 1745
f 1710 1745 1711
f 1713 1776 1777
f 1713 1777 1778
f 1713 1734 1779
f 1713 1779 1776
f 1714 1778 1780
f 1714 1780 1715
f 1715 1780 1781
f 1715 1781 1782
f 1715 1782 1773
f 1715 1773 1716
f 1717 1783 1725
f 1718 1733 1784
f 1718 1784 1785
f 1718 1785 1721
f 1719 1723 1720
f 1720 1723 1736
f 1720 1736 1724
f 1721 1785 1786
f 1721 1786 1787
f 1721 1787 1788
f 1721 1788 1722
f 1722 1789 1790
f 1722 1790 1791
f 1722 1791 1723
f 1722 1788 1789
f 1723 1791 1792
f 1723 1792 1793
f 1723 1793 1736
f 1725 1794 1726
f 1725 1783 1795
f 1725 1795 1796
f 1725 1796 1797
f 1725 1797 1798
f 1725 1798 1799
f 1725 1799 1794
f 1726 1794 1728
f 1726 1728 1727
f 1728 1794 1731
f 1728 1731 1730
f 1728 1730 1729
f 1731 1794 1800
f 1731 1800 1801
f 1731 1801 1732
f 1732 1801 1733
f 1733 1801 1802
f 1733 1802 1784
f 1734 1738 1803
f 1734 1803 1779
f 1736 1793 1737
f 1737 1793 1738
f 1738 1793 1804
f 1738 1804 1805
f 1738 1805 1803
f 1746 1774 1747
f 1747 1774 1806
f 1747 1806 1807
f 1747 1807 1748
f 1748 1807 1749
f 1749 1808 1809
f 1749 1809 1750
f 1749 1807 1810
f 1749 1810 1808
f 1750 1811 1754
f 1750 1809 1812
f 1750 1812 1813
f 1750 1813 1814
f 1750 1814 1811
f 1751 1815 1752
f 1751 1753 1816
f 1751 1816 1817
f 1751 1817 1818
f 1751 1818 1819
f 1751 1819 1815
f 1753 1755 1817
f 1753 1817 1816
f 1754 1811 1755
f 1755 1811 1814
f 1755 1814 1820
f 1755 1820 1821
f 1755 1821 1822
f 1755 1822 1823
f 1755 1823 1817
f 1756 1824 1825
f 1756 1825 1757
f 1756 1762 1824
f 1757 1825 1758
f 1758 1826 1827
f 1758 1827 1828
f 1758 1828 1829
f 1758 1829 1759
f 1758 1825 1830
f 1758 1830 1826
f 1759 1829 1831
f 1759 1831 1832
f 1759 1832 1760
f 1760 1832 1764
f 1760 1764 1763
f 1762 1772 1824
f 1764 1832 1833
f 1764 1833 1765
f 1765 1834 1835
f 1765 1835 1795
f 1765 1833 1834
f 1766 1836 1837
f 1766 1837 1767
f 1767 1837 1768
f 1768 1838 1770
f 1768 1770 1769
f 1768 1837 1839
f 1768 1839 1838
f 1770 1838 1840
f 1770 1840 1771
f 1771 1840 1841
f 1771 1841 1842
f 1771 1842 1772
f 1772 1842 1843
f 1772 1843 1824
f 1773 1782 1781
f 1773 1781 1844
f 1773 1844 1845
f 1773 1845 1774
f 1774 1845 1806
f 1776 1779 1777
f 1777 1779 1846
f 1777 1846 1847
f 1777 1847 1781
f 1777 1781 1780
f 1777 1780 1778
f 1779 1803 1805
f 1779 1805 1848
f 1779 1848 1846
f 1781 1849 1844
f 1781 1847 1849
f 1784 1802 1785
f 1785 1802 1786
f 1786 1802 1850
f 1786 1850 1787
f 1787 1851 1788
f 1787 1850 1852
f 1787 1852 1853
f 1787 1853 1851
f 1788 1851 1854
f 1788 1854 1789
f 1789 1855 1790
f 1789 1854 1855
f 1790 1856 1791
f 1790 1855 1857
f 1790 1857 1858
f 1790 1858 1859
f 1790 1859 1848
f 1790 1848 1805
f 1790 1805 1804
f 1790 1804 1856
f 1791 1856 1792
f 1792 1856 1804
f 1792 1804 1793
f 1794 1799 1863
f 1794 1863 1852
f 1794 1852 1802
f 1794 1802 1801
f 1794 1801 1800
f 1795 1835 1860
f 1795 1860 1796
f 1796 1860 1861
f 1796 1861 1862
f 1796 1862 1797
f 1797 1862 1798
f 1798 1862 1799
f 1799 1862 1827
f 1799 1827 1863
f 1802 1852 1850
f 1806 1845 1810
f 1806 1810 1807
f 1808 1810 1812
f 1808 1812 1809
f 1810 1845 1844
f 1810 1844 1812
f 1812 1844 1864
f 1812 1864 1813
f 1813 1864 1814
f 1814 1864 1865
f 1814 1865 1820
f 1817 1823 1866
f 1817 1866 1818
f 1820 1865 1867
f 1820 1867 1868
f 1820 1868 1869
f 1820 1869 1821
f 1821 1869 1870
f 1821 1870 1871
f 1821 1871 1872
f 1821 1872 1822
f 1822 1872 1871
f 1822 1871 1873
f 1822 1873 1874
f 1822 1874 1823
f 1824 1843 1875
f 1824 1875 1830
f 1824 1830 1825
f 1826 1876 1827
f 1826 1830 1875
f 1826 1875 1877
f 1826 1877 1878
f 1826 1878 1876
f 1827 1876 1863
f 1827 1862 1828
f 1828 1862 1829
f 1829 1862 1861
f 1829 1861 1831
f 1831 1861 1834
f 1831 1834 1832
f 1832 1834 1833
f 1834 1861 1860
f 1834 1860 1835
f 1836 1879 1880
f 1836 1880 1837
f 1837 1881 1882
f 1837 1882 1839
f 1837 1880 1881
f 1838 1839 1840
f 1839 1883 1921
f 1839 1921 1884
f 1839 1884 1885
f 1839 1885 1840
f 1839 1882 1883
f 1840 1885 1841
f 1841 1885 1886
f 1841 1886 1916
f 1841 1916 1887
f 1841 1887 1877
f 1841 1877 1842
f 1842 1877 1843
f 1843 1877 1875
f 1844 1849 1888
f 1844 1888 1864
f 1846 1848 1889
f 1846 1889 1847
f 1847 1889 1858
f 1847 1858 1857
f 1847 1857 1890
f 1847 1890 1891
f 1847 1891 1892
f 1847 1892 1849
f 1848 1859 1889
f 1849 1892 1888
f 1851 1853 1893
f 1851 1893 1894
f 1851 1894 1895
f 1851 1895 1896
f 1851 1896 1897
f 1851 1897 1898
f 1851 1898 1854
f 1852 1899 1895
f 1852 1895 1894
f 1852 1894 1893
f 1852 1893 1853
f 1852 1863 1899
f 1854 1898 1900
f 1854 1900 1901
f 1854 1901 1855
f 1855 1901 1902
f 1855 1902 1857
f 1857 1903 1904
f 1857 1904 1905
f 1857 1905 1890
f 1857 1902 1903
f 1858 1889 1859
f 1863 1906 1899
f 1863 1876 1907
f 1863 1907 1906
f 1864 1888 1865
f 1865 1888 1892
f 1865 1892 1867
f 1867 1892 1891
f 1867 1891 1908
f 1867 1908 1909
f 1867 1909 1868
f 1868 1909 1869
f 1869 1909 1910
f 1869 1910 1870
f 1870 1911 1871
f 1870 1910 1912
f 1870 1912 1913
f 1870 1913 1911
f 1871 1911 1873
f 1873 1911 1914
f 1873 1914 1915
f 1873 1915 1874
f 1876 1878 1907
f 1877 1887 1916
f 1877 1916 1878
f 1878 1916 1907
f 1879 1917 1918
f 1879 1918 1881
f 1879 1881 1880
f 1881 1918 1882
f 1882 1918 1919
f 1882 1919 1883
f 1883 1919 1920
f 1883 1920 1921
f 1884 1916 1885
f 1884 1921 1922
f 1884 1922 1923
f 1884 1923 1907
f 1884 1907 1916
f 1885 1916 1886
f 1890 1908 1891
f 1890 1905 1908
f 1895 1924 1896
f 1895 1899 1925
f 1895 1925 1923
f 1895 1923 1922
f 1895 1922 1926
f 1895 1926 1927
f 1895 1927 1897
f 1895 1897 1924
f 1896 1924 1897
f 1897 1927 1928
f 1897 1928 1929
f 1897 1929 1898
f 1898 1929 1930
f 1898 1930 1902
f 1898 1902 1901
f 1898 1901 1900
f 1899 1907 1925
f 1899 1906 1907
f 1902 1930 1903
f 1903 1930 1904
f 1904 1931 1932
f 1904 1932 1933
f 1904 1933 1934
f 1904 1934 1935
f 1904 1935 1905
f 1904 1930 1931
f 1905 1935 1908
f 1907 1923 1925
f 1908 1935 1934
f 1908 1934 1936
f 1908 1936 1912
f 1908 1912 1909
f 1909 1912 1910
f 1911 1913 1937
f 1911 1937 1938
f 1911 1938 1939
f 1911 1939 1914
f 1912 1936 1913
f 1913 1936 1937
f 1914 1939 1940
f 1917 1941 1918
f 1918 1941 1942
f 1918 1942 1943
f 1918 1943 1944
f 1918 1944 1920
f 1918 1920 1919
f 1920 1928 1927
f 1920 1927 1921
f 1920 1944 1945
f 1920 1945 1928
f 1921 1927 1946
f 1921 1946 1926
f 1921 1926 1922
f 1926 1946 1927
f 1928 1945 1932
f 1928 1932 1947
f 1928 1947 1948
f 1928 1948 1930
f 1928 1930 1929
f 1930 1948 1932
f 1930 1932 1931
f 1932 1949 1950
f 1932 1950 1951
f 1932 1951 1952
f 1932 1952 1933
f 1932 1948 1947
f 1932 1945 1949
f 1933 1952 1936
f 1933 1936 1934
f 1936 1952 1951
f 1936 1951 1953
f 1936 1953 1938
f 1936 1938 1937
f 1938 1953 1939
f 1939 1953 1954
f 1939 1954 1955
f 1939 1955 1940
f 1942 1956 1950
f 1942 1950 1943
f 1943 1950 1944
f 1944 1950 1949
f 1944 1949 1945
f 1950 1956 1955
f 1950 1955 1954
f 1950 1954 1953
f 1950 1953 1951
o convex_2
v 0.0135049 -0.77008 -0.061017
v 0.0135049 -0.726015 -0.0942415
v 0.0479589 -0.715708 -0.100959
v 0.0862817 -0.766495 -0.061017
v 0.0135049 -0.6225 -0.061017
v 0.0135049 -0.716306 -0.100959
v 0.0670838 -0.715111 -0.100516
v 0.0479589 -0.701368 -0.110532
v 0.0670838 -0.700771 -0.110103
v 0.105407 -0.764403 -0.061017
v 0.105407 -0.745583 -0.0754974
v 0.105407 -0.756785 -0.0669432
v 0.59915 -0.000662732 -0.061017
v 0.0135049 0.755609 -0.0728963
v 0.0135049 -0.701518 -0.110545
v 0.028761 -0.701518 -0.110599
v 0.0881795 -0.697783 -0.110304
v 0.0862817 -0.713916 -0.099551
v 0.0479589 -0.691809 -0.11623
v 0.0670838 -0.691211 -0.115828
v 0.028761 -0.691958 -0.116351
v 0.028761 -0.631313 -0.152713
v 0.0958441 -0.689717 -0.114983
v 0.120517 -0.762013 -0.061017
v 0.124604 -0.744238 -0.0745589
v 0.599369 -0.00051336 -0.061017
v 0.028834 0.755609 -0.0728963
v 0.0135049 0.737685 -0.0864382
v 0.0135049 -0.6939 -0.115131
v 0.105407 -0.68897 -0.114474
v 0.0479589 -0.641769 -0.145888
v 0.0479589 -0.630715 -0.152418
v 0.0881795 -0.682099 -0.119944
v 0.0135049 -0.631313 -0.152713
v 0.0135049 -0.621753 -0.158291
v 0.028761 -0.621753 -0.158264
v 0.0862817 -0.654764 -0.136047
v 0.105407 -0.663129 -0.129866
v 0.105407 -0.679411 -0.12032
v 0.124604 -0.677618 -0.119515
v 0.123655 -0.75813 -0.0636583
v 0.143729 -0.756935 -0.061017
v 0.143729 -0.732288 -0.0796136
v 0.143729 -0.741998 -0.0727622
v 0.143729 -0.754246 -0.0631891
v 0.124604 -0.687178 -0.113267
v 0.143729 -0.684937 -0.111806
v 0.759083 -0.00051336 -0.061017
v 0.0480319 0.755311 -0.0728963
v 0.028834 0.737685 -0.0864248
v 0.0135049 0.726332 -0.0947242
v 0.0479589 -0.621155 -0.157929
v 0.0670838 -0.62967 -0.151801
v 0.0862817 -0.664324 -0.130456
v 0.0135049 -0.603978 -0.167864
v 0.028761 -0.603978 -0.167837
v 0.105407 -0.653569 -0.135377
v 0.124604 -0.661785 -0.129088
v 0.143729 -0.675378 -0.118134
v 0.134386 -0.651478 -0.134156
v 0.141977 -0.659096 -0.128391
v 0.162927 -0.752155 -0.061017
v 0.162927 -0.729749 -0.0777901
v 0.162927 -0.696439 -0.100597
v 0.220375 -0.736919 -0.061017
v 0.203294 -0.74155 -0.061017
v 0.191031 -0.744836 -0.061017
v 0.179278 -0.747973 -0.061017
v 0.162927 -0.682249 -0.11017
v 0.759229 -0.0287447 -0.061017
v 0.754996 -0.00051336 -0.0652136
v 0.746747 0.0478833 -0.0728963
v 0.746309 0.0670029 -0.0728963
v 0.744192 0.086272 -0.0728963
v 0.742075 0.0980724 -0.0728963
v 0.732586 0.145872 -0.0728963
v 0.729155 0.162751 -0.0728963
v 0.724994 0.18202 -0.0728963
v 0.719885 0.203081 -0.0728963
v 0.714848 0.223097 -0.0728963
v 0.71368 0.227578 -0.0728963
v 0.710468 0.239528 -0.0728963
v 0.705432 0.257154 -0.0728963
v 0.704994 0.258648 -0.0728963
v 0.702804 0.264772 -0.0728963
v 0.697767 0.278514 -0.0728963
v 0.696672 0.281203 -0.0728963
v 0.689591 0.297036 -0.0728963
v 0.679664 0.3175 -0.0728963
v 0.660101 0.356785 -0.0728963
v 0.651342 0.373814 -0.0728963
v 0.639516 0.395622 -0.0728963
v 0.629005 0.411754 -0.0728963
v 0.627326 0.414294 -0.0728963
v 0.60696 0.441778 -0.0728963
v 0.585062 0.470906 -0.0728963
v 0.569148 0.491071 -0.0728963
v 0.55944 0.501975 -0.0728963
v 0.54871 0.513178 -0.0728963
v 0.540534 0.521394 -0.0728963
v 0.521409 0.540513 -0.0728963
v 0.493379 0.568296 -0.0728963
v 0.482649 0.578454 -0.0728963
v 0.47148 0.588312 -0.0728963
v 0.469436 0.589955 -0.0728963
v 0.452647 0.601756 -0.0728963
v 0.411916 0.62939 -0.0728963
v 0.395419 0.639995 -0.0728963
v 0.374031 0.651347 -0.0728963
v 0.356877 0.660011 -0.0728963
v 0.314831 0.681073 -0.0728963
v 0.297385 0.689736 -0.0728963
v 0.279136 0.698549 -0.0728963
v 0.258844 0.707362 -0.0728963
v 0.250376 0.710947 -0.0728963
v 0.24242 0.714084 -0.0728963
v 0.238478 0.715578 -0.0728963
v 0.221032 0.721702 -0.0728963
v 0.217893 0.722598 -0.0728963
v 0.201469 0.727229 -0.0728963
v 0.178621 0.733054 -0.0728963
v 0.162927 0.736938 -0.0728963
v 0.144751 0.740971 -0.0728963
v 0.140007 0.742016 -0.0728963
v 0.124604 0.745004 -0.0728963
v 0.10548 0.74829 -0.0728963
v 0.0867196 0.751128 -0.0728963
v 0.0671568 0.753668 -0.0728963
v 0.0480319 0.737685 -0.0859018
v 0.028834 0.726332 -0.0947108
v 0.0135049 0.658219 -0.138527
v 0.0670838 -0.62011 -0.157218
v 0.0478129 -0.601737 -0.168373
v 0.0135049 -0.594418 -0.172704
v 0.028761 -0.594418 -0.172704
v 0.0413163 -0.594268 -0.17261
v 0.124604 -0.652225 -0.134599
v 0.0862817 -0.628325 -0.151091
v 0.162927 -0.672689 -0.116324
v 0.14716 -0.649686 -0.133084
v 0.105407 -0.626682 -0.150286
v 0.124604 -0.625039 -0.149415
v 0.139423 -0.614135 -0.153799
v 0.152197 -0.612791 -0.153169
v 0.162927 -0.622649 -0.145969
v 0.220375 -0.734977 -0.062398
v 0.182052 -0.693452 -0.0985856
v 0.180884 -0.678514 -0.10891
v 0.232492 -0.733035 -0.061017
v 0.173731 -0.671046 -0.115238
v 0.75901 -0.0560799 -0.061017
v 0.754996 -0.0287447 -0.065227
v 0.750105 -0.00051336 -0.0698125
v 0.744776 0.0478833 -0.0747868
v 0.744484 0.0670029 -0.0745589
v 0.743243 0.086272 -0.0737142
v 0.73171 0.105392 -0.079265
v 0.718498 0.124511 -0.0860091
v 0.72733 0.149456 -0.0761276
v 0.725943 0.162751 -0.0751622
v 0.716381 0.162751 -0.0817991
v 0.723754 0.18202 -0.073741
v 0.714191 0.18202 -0.0802035
v 0.711855 0.201139 -0.0785946
v 0.708497 0.228176 -0.0763555
v 0.707037 0.239528 -0.0753633
v 0.70441 0.258648 -0.0733656
v 0.692219 0.274182 -0.0783533
v 0.689518 0.286879 -0.0765164
v 0.673605 0.312571 -0.0786482
v 0.643677 0.356188 -0.084065
v 0.639151 0.373664 -0.0812225
v 0.648641 0.373664 -0.074827
v 0.63521 0.388602 -0.0786214
v 0.631706 0.401448 -0.0762885
v 0.62791 0.411904 -0.0736874
v 0.614187 0.422957 -0.0774147
v 0.585062 0.450442 -0.0831264
v 0.579149 0.465528 -0.0795332
v 0.574258 0.478225 -0.0763421
v 0.569805 0.488532 -0.0737946
v 0.555863 0.49839 -0.0767711
v 0.486809 0.563367 -0.0787823
v 0.491992 0.568595 -0.0734996
v 0.479218 0.574869 -0.0767711
v 0.469363 0.58876 -0.0736874
v 0.458779 0.593242 -0.0762885
v 0.401477 0.63178 -0.0763421
v 0.388703 0.635215 -0.0786482
v 0.373739 0.648659 -0.0748538
v 0.297093 0.687047 -0.0748538
v 0.28702 0.689587 -0.0765164
v 0.274246 0.692425 -0.0786214
v 0.258771 0.69601 -0.0810348
v 0.258771 0.70557 -0.0743041
v 0.246726 0.70796 -0.0760337
v 0.233952 0.71035 -0.0776829
v 0.220448 0.71274 -0.079265
v 0.20125 0.701835 -0.0909298
v 0.20125 0.715428 -0.0813432
v 0.20125 0.724988 -0.0745589
v 0.187162 0.72693 -0.075846
v 0.174388 0.728573 -0.0769991
v 0.162927 0.729917 -0.0779912
v 0.143729 0.732009 -0.0794929
v 0.124604 0.73395 -0.0807801
v 0.10548 0.745303 -0.0752427
v 0.0895665 0.746348 -0.0760873
v 0.0671568 0.737685 -0.0844538
v 0.0480319 0.725884 -0.0944024
v 0.0762082 0.689736 -0.114957
v 0.0671568 0.66509 -0.130791
v 0.0671568 0.65553 -0.13657
v 0.0480319 0.631033 -0.152525
v 0.0135049 0.654186 -0.140901
v 0.0670838 -0.603529 -0.166054
v 0.0862817 -0.618616 -0.15636
v 0.0540905 -0.593372 -0.172235
v 0.0135049 -0.556029 -0.191837
v 0.0478129 -0.586053 -0.176136
v 0.0221914 -0.55588 -0.19177
v 0.105407 -0.617122 -0.155475
v 0.162927 -0.637586 -0.137348
v 0.124604 -0.615479 -0.15455
v 0.105407 -0.603529 -0.162501
v 0.124604 -0.603529 -0.16061
v 0.14497 -0.605322 -0.157674
v 0.150883 -0.574252 -0.172208
v 0.162927 -0.58426 -0.165638
v 0.162927 -0.601588 -0.157111
v 0.162927 -0.611147 -0.152311
v 0.182052 -0.608011 -0.150648
v 0.182052 -0.622649 -0.142402
v 0.239427 -0.730795 -0.061017
v 0.20125 -0.666415 -0.112449
v 0.220375 -0.663278 -0.110384
v 0.20125 -0.656855 -0.118241
v 0.192928 -0.632657 -0.134371
v 0.758718 -0.074602 -0.061017
v 0.754996 -0.0478644 -0.0650661
v 0.744776 -0.0287447 -0.0748002
v 0.74682 -0.00051336 -0.0728963
v 0.676014 0.0670029 -0.119435
v 0.734849 0.0670029 -0.0809141
v 0.744776 -0.00051336 -0.0748002
v 0.687694 -0.0287447 -0.113562
v 0.733681 0.086272 -0.0804181
v 0.706672 0.124511 -0.0943354
v 0.704483 0.143631 -0.0929141
v 0.70222 0.162751 -0.0913722
v 0.698132 0.182766 -0.0908091
v 0.697402 0.239528 -0.0817588
v 0.6893 0.189787 -0.0955152
v 0.694847 0.258648 -0.0800695
v 0.678642 0.25805 -0.0903801
v 0.666817 0.277917 -0.0934907
v 0.654262 0.293302 -0.0974996
v 0.660831 0.298679 -0.0917342
v 0.651196 0.306148 -0.0956761
v 0.629516 0.354395 -0.0940136
v 0.622508 0.375158 -0.0916806
v 0.612727 0.382477 -0.0956225
v 0.609442 0.392784 -0.0936247
v 0.591485 0.417879 -0.0943354
v 0.574258 0.439836 -0.0955018
v 0.569732 0.450292 -0.0929544
v 0.555863 0.460002 -0.0959309
v 0.54944 0.472848 -0.0927398
v 0.530315 0.491967 -0.0927398
v 0.479218 0.53663 -0.0959309
v 0.439946 0.574271 -0.0955286
v 0.469363 0.579201 -0.0791175
v 0.459728 0.5556 -0.0957834
v 0.417901 0.591449 -0.0943354
v 0.392791 0.609374 -0.0936516
v 0.382717 0.612809 -0.0956359
v 0.373739 0.639099 -0.0812359
v 0.317897 0.662849 -0.084065
v 0.297093 0.677488 -0.0812359
v 0.267968 0.670318 -0.0956761
v 0.260377 0.679878 -0.0915599
v 0.255194 0.673305 -0.0976069
v 0.239573 0.685853 -0.0931689
v 0.225485 0.688242 -0.0947912
v 0.21271 0.690334 -0.0962393
v 0.20125 0.692126 -0.0974728
v 0.182052 0.704673 -0.0928069
v 0.181322 0.71976 -0.0821209
v 0.162927 0.718416 -0.0862102
v 0.149715 0.708258 -0.095408
v 0.10548 0.735593 -0.0819063
v 0.0671568 0.72454 -0.0935845
v 0.10548 0.677936 -0.11985
v 0.0863546 0.679429 -0.120615
v 0.0863546 0.663895 -0.130174
v 0.0863546 0.654335 -0.135846
v 0.0671568 0.629689 -0.151815
v 0.0671568 0.620129 -0.157298
v 0.0480319 0.621324 -0.158022
v 0.0320458 0.63178 -0.152994
v 0.0135049 0.638053 -0.150313
v 0.0670838 -0.592327 -0.171698
v 0.0862817 -0.603529 -0.164311
v 0.0135049 -0.549158 -0.194022
v 0.0349657 -0.555133 -0.191408
v 0.0479589 -0.565141 -0.18579
v 0.028615 -0.547664 -0.19425
v 0.0479589 -0.544378 -0.194679
v 0.200082 -0.623545 -0.138393
v 0.0862817 -0.590385 -0.170813
v 0.105407 -0.588443 -0.169875
v 0.124604 -0.586501 -0.168923
v 0.14424 -0.582916 -0.168708
v 0.138109 -0.575597 -0.172825
v 0.118984 -0.537357 -0.191984
v 0.131758 -0.535864 -0.191368
v 0.143729 -0.533922 -0.190563
v 0.162927 -0.562751 -0.175506
v 0.162927 -0.572311 -0.171377
v 0.182052 -0.569174 -0.169888
v 0.182052 -0.58426 -0.162568
v 0.202856 -0.586202 -0.158223
v 0.182052 -0.598451 -0.155542
v 0.197527 -0.595911 -0.154255
v 0.210301 -0.593671 -0.153182
v 0.202856 -0.602783 -0.149683
v 0.220375 -0.618467 -0.137361
v 0.249354 -0.726762 -0.061017
v 0.238332 -0.659245 -0.108762
v 0.243952 -0.649536 -0.113817
v 0.252055 -0.671942 -0.0967756
v 0.231105 -0.651777 -0.115238
v 0.238332 -0.642665 -0.11926
v 0.757551 -0.0920786 -0.061017
v 0.744338 -0.0478644 -0.0746527
v 0.687694 -0.0478644 -0.113549
v 0.676233 0.0478833 -0.119622
v 0.66105 0.0670029 -0.12886
v 0.66105 0.086272 -0.127895
v 0.675284 0.086272 -0.118644
v 0.678131 -0.0287447 -0.119636
v 0.677766 -0.00962507 -0.119622
v 0.678131 -0.0478644 -0.119636
v 0.66105 0.124511 -0.123444
v 0.66251 0.143482 -0.120051
v 0.669883 0.149755 -0.114514
v 0.694993 0.143631 -0.0991487
v 0.66105 0.105392 -0.125897
v 0.692657 0.162751 -0.0977007
v 0.685358 0.220259 -0.0929544
v 0.68273 0.239528 -0.091332
v 0.656378 0.18202 -0.118268
v 0.673094 0.239528 -0.0974057
v 0.67127 0.251179 -0.0962527
v 0.669153 0.264025 -0.0949789
v 0.657254 0.277917 -0.0992694
v 0.630027 0.282248 -0.113763
v 0.643677 0.298679 -0.102005
v 0.639151 0.316156 -0.0998057
v 0.632728 0.269552 -0.115278
v 0.635283 0.331691 -0.0976605
v 0.631998 0.344387 -0.0956761
v 0.616085 0.369781 -0.0976471
v 0.605208 0.375158 -0.101803
v 0.578711 0.370378 -0.116981
v 0.574769 0.383075 -0.114957
v 0.599807 0.392784 -0.0988672
v 0.595792 0.405033 -0.0968426
v 0.578711 0.42714 -0.0979689
v 0.536008 0.440135 -0.114782
v 0.56017 0.450292 -0.0980761
v 0.46586 0.504066 -0.118014
v 0.446662 0.523335 -0.118
v 0.523234 0.446558 -0.118
v 0.440165 0.536032 -0.114782
v 0.427391 0.541111 -0.117437
v 0.412427 0.546936 -0.120346
v 0.371987 0.563367 -0.12752
v 0.385053 0.575914 -0.115761
v 0.373739 0.579798 -0.118014
v 0.405127 0.595781 -0.0968828
v 0.36279 0.593092 -0.114474
v 0.350015 0.596528 -0.116793
v 0.344541 0.632078 -0.0956761
v 0.354614 0.629539 -0.0940136
v 0.375345 0.622519 -0.0917074
v 0.306291 0.651198 -0.0956761
v 0.311766 0.615647 -0.116793
v 0.273443 0.634767 -0.11678
v 0.239573 0.676293 -0.0994303
v 0.258771 0.637904 -0.118644
v 0.20125 0.680176 -0.104847
v 0.181395 0.678533 -0.109593
v 0.182052 0.694964 -0.0992694
v 0.162927 0.706765 -0.094456
v 0.162927 0.697354 -0.100557
v 0.143729 0.649854 -0.133178
v 0.131904 0.651049 -0.133929
v 0.125188 0.659414 -0.12941
v 0.136941 0.709304 -0.0961186
v 0.10548 0.711993 -0.0977946
v 0.10548 0.721552 -0.0914929
v 0.0863546 0.723046 -0.0925387
v 0.10548 0.66255 -0.129437
v 0.10548 0.652991 -0.135068
v 0.125188 0.64358 -0.138889
v 0.0863546 0.618635 -0.15644
v 0.0671568 0.603548 -0.166362
v 0.10548 0.626701 -0.150219
v 0.124604 0.625207 -0.149401
v 0.0268631 0.624311 -0.157325
v 0.0564994 0.593839 -0.172409
v 0.0491998 0.601756 -0.168547
v 0.0135049 0.632377 -0.15337
v 0.0670838 -0.582767 -0.176069
v 0.124604 -0.576941 -0.173455
v 0.0135049 -0.54632 -0.19488
v 0.0479589 -0.553938 -0.190871
v 0.0670838 -0.542436 -0.194223
v 0.105407 -0.538702 -0.192614
v 0.0479589 -0.526752 -0.197857
v 0.0670838 -0.526752 -0.197401
v 0.0862817 -0.526752 -0.19665
v 0.105407 -0.526752 -0.195806
v 0.143729 -0.524362 -0.194357
v 0.162927 -0.521225 -0.193271
v 0.177234 -0.518835 -0.192279
v 0.162927 -0.530785 -0.189195
v 0.209133 -0.554983 -0.172194
v 0.202126 -0.564095 -0.16899
v 0.220375 -0.565141 -0.165128
v 0.220375 -0.58187 -0.156869
v 0.220375 -0.59143 -0.152083
v 0.2495 -0.613239 -0.13421
v 0.220375 -0.603529 -0.145741
v 0.239646 -0.615031 -0.135323
v 0.239646 -0.624591 -0.129692
v 0.255778 -0.724073 -0.061017
v 0.257019 -0.620857 -0.127882
v 0.258698 -0.63684 -0.117879
v 0.258698 -0.646399 -0.111752
v 0.755945 -0.105373 -0.061017
v 0.75412 -0.105373 -0.0624918
v 0.743243 -0.066984 -0.0740762
v 0.687183 -0.066984 -0.1132
v 0.67762 -0.066984 -0.119448
v 0.66105 0.0478833 -0.129048
v 0.651123 0.0670029 -0.133982
v 0.6128 0.105392 -0.153129
v 0.650831 0.086272 -0.133794
v 0.64959 0.105392 -0.13303
v 0.66105 0.0287636 -0.129062
v 0.66105 -0.0478644 -0.129062
v 0.66105 -0.066984 -0.128887
v 0.647619 0.124511 -0.131824
v 0.645429 0.143631 -0.130603
v 0.658787 0.162751 -0.119743
v 0.643166 0.162751 -0.12933
v 0.639954 0.180227 -0.128552
v 0.641852 0.201139 -0.123792
v 0.653678 0.201139 -0.116512
v 0.625282 0.220259 -0.129973
v 0.613749 0.231462 -0.134465
v 0.623238 0.276722 -0.118858
v 0.595792 0.27239 -0.135149
v 0.567689 0.277917 -0.149361
v 0.55579 0.287626 -0.15337
v 0.621413 0.315409 -0.109781
v 0.608274 0.258648 -0.131421
v 0.619954 0.354395 -0.0997923
v 0.573674 0.323625 -0.13354
v 0.591485 0.359474 -0.11371
v 0.549221 0.373664 -0.130939
v 0.564185 0.354097 -0.129343
v 0.553308 0.360221 -0.13299
v 0.536592 0.383374 -0.13421
v 0.544257 0.390992 -0.127868
v 0.58477 0.411605 -0.100221
v 0.546666 0.411754 -0.119555
v 0.540607 0.427289 -0.117182
v 0.528563 0.432666 -0.121272
v 0.509438 0.451786 -0.121955
v 0.451917 0.509294 -0.121955
v 0.43177 0.508249 -0.131073
v 0.432646 0.528563 -0.121553
v 0.508124 0.43177 -0.130952
v 0.412281 0.526771 -0.130322
v 0.398192 0.533194 -0.132615
v 0.392207 0.545144 -0.128981
v 0.364322 0.555749 -0.134197
v 0.355636 0.585773 -0.121138
v 0.335416 0.600113 -0.119019
v 0.334394 0.582786 -0.128981
v 0.297093 0.619232 -0.119019
v 0.279063 0.624162 -0.121312
v 0.257749 0.621174 -0.128673
v 0.239062 0.659563 -0.109714
v 0.239573 0.625357 -0.130148
v 0.220448 0.628792 -0.132051
v 0.200958 0.640443 -0.128954
v 0.182052 0.644775 -0.130067
v 0.174461 0.671214 -0.115359
v 0.162927 0.647613 -0.13177
v 0.162927 0.638053 -0.137629
v 0.143729 0.640294 -0.138916
v 0.143729 0.623564 -0.148503
v 0.124604 0.615647 -0.154697
v 0.0863546 0.603548 -0.164592
v 0.0437251 0.594287 -0.172623
v 0.028834 0.603996 -0.167904
v 0.0671568 0.592794 -0.17194
v 0.0671568 0.56516 -0.184516
v 0.0480319 0.554405 -0.191099
v 0.0371555 0.55545 -0.191569
v 0.030002 0.563517 -0.187962
v 0.0135049 0.618784 -0.160396
v 0.0135049 -0.526752 -0.197978
v 0.028761 -0.526752 -0.197978
v 0.0862817 -0.540494 -0.193459
v 0.124604 -0.507632 -0.197978
v 0.143729 -0.507632 -0.197549
v 0.162927 -0.507632 -0.196463
v 0.183001 -0.509276 -0.194545
v 0.20125 -0.504496 -0.194022
v 0.190009 -0.516595 -0.191368
v 0.220375 -0.552444 -0.171122
v 0.20125 -0.514055 -0.190349
v 0.220375 -0.542884 -0.175077
v 0.241033 -0.545722 -0.169566
v 0.239646 -0.565141 -0.160717
v 0.239646 -0.586949 -0.149817
v 0.262347 -0.609952 -0.132601
v 0.277895 -0.606218 -0.130523
v 0.257019 -0.603679 -0.137146
v 0.287896 -0.594119 -0.13421
v 0.263442 -0.720488 -0.061017
v 0.278041 -0.623695 -0.120414
v 0.271618 -0.633852 -0.116056
v 0.75266 -0.124492 -0.061017
v 0.727111 -0.148093 -0.0760605
v 0.696161 -0.124492 -0.100691
v 0.684117 -0.105373 -0.11143
v 0.685869 -0.0862531 -0.112409
v 0.676379 -0.0862531 -0.11867
v 0.66105 -0.0862531 -0.127935
v 0.650831 -0.0862531 -0.133794
v 0.603237 0.105392 -0.157915
v 0.574404 0.124511 -0.172275
v 0.584332 0.124511 -0.167099
v 0.602216 0.124511 -0.157701
v 0.622654 0.105392 -0.147926
v 0.639954 0.105392 -0.138501
v 0.622654 0.124511 -0.146438
v 0.638056 0.124511 -0.137562
v 0.57455 -0.00051336 -0.172288
v 0.564915 0.086272 -0.177088
v 0.651196 -0.066984 -0.133969
v 0.584405 -0.105373 -0.167341
v 0.57455 -0.00962507 -0.172288
v 0.612727 -0.105373 -0.153129
v 0.635867 0.143631 -0.136235
v 0.633604 0.162751 -0.134894
v 0.632363 0.172759 -0.134183
v 0.630684 0.185605 -0.133205
v 0.628421 0.201139 -0.131837
v 0.615647 0.220259 -0.135645
v 0.603529 0.220259 -0.142496
v 0.574112 0.247295 -0.152914
v 0.571849 0.258648 -0.151654
v 0.558053 0.277917 -0.154644
v 0.54579 0.295244 -0.156105
v 0.552068 0.300472 -0.151493
v 0.546009 0.277917 -0.160918
v 0.570316 0.335276 -0.131824
v 0.539658 0.373664 -0.135725
v 0.557177 0.347524 -0.134907
v 0.546593 0.354097 -0.138206
v 0.526884 0.373664 -0.141893
v 0.526227 0.390992 -0.13665
v 0.526227 0.411754 -0.129705
v 0.514694 0.418028 -0.133003
v 0.489218 0.45089 -0.13114
v 0.450895 0.489279 -0.13114
v 0.418996 0.51512 -0.133218
v 0.438632 0.496 -0.133312
v 0.410748 0.487337 -0.147993
v 0.496153 0.438492 -0.133312
v 0.501919 0.425795 -0.135832
v 0.406222 0.520348 -0.135524
v 0.391258 0.506158 -0.147444
v 0.383885 0.498689 -0.153517
v 0.373739 0.526771 -0.1444
v 0.385491 0.538123 -0.134961
v 0.354614 0.558587 -0.135658
v 0.354614 0.568147 -0.130885
v 0.371987 0.545144 -0.136556
v 0.362936 0.516464 -0.152901
v 0.355709 0.52707 -0.15038
v 0.354614 0.54604 -0.141893
v 0.340161 0.57233 -0.13291
v 0.296071 0.602055 -0.128981
v 0.316218 0.587864 -0.131113
v 0.277895 0.607133 -0.131113
v 0.250741 0.613706 -0.134519
v 0.239573 0.615797 -0.135752
v 0.207163 0.631033 -0.133392
v 0.220448 0.619232 -0.13775
v 0.194388 0.633124 -0.134666
v 0.182052 0.635066 -0.135859
v 0.182052 0.622668 -0.143113
v 0.161029 0.620726 -0.147832
v 0.153438 0.613108 -0.153289
v 0.143729 0.614004 -0.153785
v 0.028834 0.584279 -0.177772
v 0.0135049 0.603996 -0.167904
v 0.143729 0.603548 -0.159055
v 0.0863546 0.590852 -0.171015
v 0.152927 0.57457 -0.172409
v 0.10548 0.56516 -0.181044
v 0.133729 0.536331 -0.191555
v 0.0863546 0.540961 -0.19354
v 0.0671568 0.542903 -0.19425
v 0.0480319 0.544845 -0.194679
v 0.030002 0.547832 -0.194264
v 0.0243813 0.555899 -0.19177
v 0.0135049 0.556048 -0.191837
v 0.0135049 0.526771 -0.197978
v 0.182052 -0.488513 -0.197978
v 0.20125 -0.488513 -0.197213
v 0.239646 -0.485525 -0.194036
v 0.216433 -0.500911 -0.192722
v 0.248332 -0.536013 -0.172288
v 0.258698 -0.533474 -0.171189
v 0.241033 -0.528545 -0.176766
v 0.221835 -0.507483 -0.189021
v 0.258698 -0.546021 -0.16533
v 0.277895 -0.546021 -0.160717
v 0.262347 -0.571713 -0.151774
v 0.30067 -0.590833 -0.132561
v 0.295341 -0.601588 -0.128096
v 0.297093 -0.618019 -0.118161
v 0.277895 -0.55827 -0.154603
v 0.287896 -0.55573 -0.153356
v 0.30067 -0.552444 -0.151721
v 0.277895 -0.713467 -0.061017
v 0.284392 -0.630715 -0.113978
v 0.752003 -0.12748 -0.061017
v 0.725505 -0.162881 -0.0749209
v 0.694263 -0.143761 -0.099323
v 0.682219 -0.124492 -0.110277
v 0.674627 -0.105373 -0.117477
v 0.66105 -0.105373 -0.125951
v 0.64959 -0.105373 -0.133017
v 0.640027 -0.105373 -0.138474
v 0.622727 -0.105373 -0.147899
v 0.574477 0.105392 -0.172288
v 0.564842 0.124511 -0.176539
v 0.572798 0.143631 -0.171551
v 0.546009 0.086272 -0.186501
v 0.536008 0.086272 -0.191435
v 0.546009 0.105392 -0.185964
v 0.584332 0.143631 -0.165477
v 0.611851 0.124511 -0.152565
v 0.600099 0.143631 -0.156775
v 0.622654 0.143631 -0.14385
v 0.555863 -0.00051336 -0.181607
v 0.546009 0.0670029 -0.186514
v 0.584405 -0.124492 -0.16663
v 0.574477 -0.105373 -0.172288
v 0.546009 -0.066984 -0.186501
v 0.602143 -0.124492 -0.157566
v 0.604843 0.18202 -0.14857
v 0.593967 0.191579 -0.153289
v 0.601632 0.199347 -0.147618
v 0.618786 0.201139 -0.137482
v 0.588857 0.220259 -0.150541
v 0.576594 0.234599 -0.154255
v 0.591777 0.204425 -0.152136
v 0.562214 0.258648 -0.156923
v 0.546009 0.258648 -0.165504
v 0.539293 0.311227 -0.154657
v 0.535424 0.324073 -0.15278
v 0.526884 0.278813 -0.169566
v 0.533892 0.258648 -0.171444
v 0.507832 0.37471 -0.150286
v 0.525716 0.353648 -0.148463
v 0.514402 0.359623 -0.151989
v 0.507686 0.392784 -0.144548
v 0.519365 0.405331 -0.135135
v 0.508124 0.411754 -0.138045
v 0.479656 0.403091 -0.153571
v 0.476955 0.457761 -0.133312
v 0.460969 0.422658 -0.153745
v 0.396587 0.492863 -0.151184
v 0.403448 0.480167 -0.153745
v 0.44907 0.429828 -0.155636
v 0.489218 0.43177 -0.138769
v 0.473743 0.415787 -0.151198
v 0.373739 0.512282 -0.150997
v 0.391258 0.487337 -0.155502
v 0.373739 0.488532 -0.161415
v 0.359651 0.475686 -0.171242
v 0.353811 0.487337 -0.168078
v 0.350161 0.520796 -0.154831
v 0.340088 0.533642 -0.152056
v 0.334394 0.544546 -0.148208
v 0.327314 0.537227 -0.153651
v 0.316218 0.549625 -0.150259
v 0.289064 0.594735 -0.134519
v 0.301838 0.55321 -0.152069
v 0.257749 0.603996 -0.137696
v 0.239573 0.587864 -0.150259
v 0.239573 0.603548 -0.142322
v 0.224171 0.591449 -0.152069
v 0.211396 0.594138 -0.153383
v 0.218842 0.601606 -0.147806
v 0.20125 0.605341 -0.149173
v 0.200958 0.623863 -0.138822
v 0.182052 0.608478 -0.150956
v 0.166212 0.611166 -0.152297
v 0.161029 0.604295 -0.156548
v 0.162927 0.584279 -0.166188
v 0.0135049 0.584279 -0.177759
v 0.162927 0.573076 -0.171698
v 0.162927 0.563517 -0.175882
v 0.10548 0.53902 -0.192762
v 0.162927 0.54604 -0.18343
v 0.143729 0.534688 -0.190898
v 0.191761 0.517211 -0.191622
v 0.182052 0.518854 -0.192226
v 0.162927 0.521842 -0.193432
v 0.143729 0.524978 -0.194398
v 0.10548 0.526771 -0.19594
v 0.0863546 0.526771 -0.196717
v 0.0671568 0.526771 -0.197428
v 0.0480319 0.526771 -0.19787
v 0.0135049 0.546339 -0.194894
v 0.0135049 0.542007 -0.195645
v 0.028834 0.526771 -0.197978
v 0.258698 -0.450124 -0.197978
v 0.239646 -0.469393 -0.197213
v 0.260231 -0.471036 -0.194813
v 0.277895 -0.466107 -0.193915
v 0.254756 -0.481791 -0.192722
v 0.229207 -0.497774 -0.191448
v 0.286655 -0.516894 -0.172275
v 0.279355 -0.526603 -0.169566
v 0.260231 -0.488363 -0.189021
v 0.297093 -0.526752 -0.165236
v 0.295341 -0.546021 -0.156279
v 0.317678 -0.58441 -0.131019
v 0.335416 -0.5986 -0.117853
v 0.316364 -0.604426 -0.120333
v 0.312349 -0.539747 -0.154912
v 0.312349 -0.577987 -0.135765
v 0.310014 -0.614732 -0.116096
v 0.299429 -0.702713 -0.061017
v 0.322788 -0.611596 -0.113978
v 0.373812 -0.662083 -0.0633634
v 0.748207 -0.143612 -0.061017
v 0.680175 -0.162881 -0.105973
v 0.739302 -0.163329 -0.0642617
v 0.735579 -0.182001 -0.0633365
v 0.722732 -0.182001 -0.0729097
v 0.674627 -0.220389 -0.0989074
v 0.677328 -0.20112 -0.100798
v 0.681562 -0.182001 -0.101576
v 0.678715 -0.143911 -0.109915
v 0.670102 -0.150633 -0.114635
v 0.66105 -0.124492 -0.123551
v 0.647619 -0.124492 -0.13181
v 0.637983 -0.124492 -0.137508
v 0.622727 -0.124492 -0.146291
v 0.611778 -0.124492 -0.152498
v 0.534841 0.105392 -0.190938
v 0.563163 0.143631 -0.175573
v 0.516957 0.171265 -0.191488
v 0.526884 0.18202 -0.18587
v 0.560024 0.162751 -0.174393
v 0.547907 0.183663 -0.176699
v 0.557542 0.178285 -0.17328
v 0.555425 0.191131 -0.172369
v 0.569659 0.162751 -0.170049
v 0.546009 0.124511 -0.184516
v 0.536008 0.0670029 -0.191461
v 0.526446 0.086272 -0.194787
v 0.525205 0.105392 -0.194505
v 0.595281 0.18202 -0.154013
v 0.59769 0.162751 -0.155408
v 0.546009 -0.00051336 -0.186514
v 0.536081 -0.0478644 -0.191448
v 0.536081 -0.00051336 -0.191448
v 0.584405 -0.143761 -0.164337
v 0.571411 -0.143761 -0.170787
v 0.573674 -0.124492 -0.171926
v 0.536081 -0.066984 -0.191435
v 0.564842 -0.105373 -0.176941
v 0.599734 -0.143761 -0.156413
v 0.565207 0.201139 -0.166027
v 0.565207 0.220259 -0.162822
v 0.579222 0.220259 -0.155622
v 0.536227 0.24864 -0.172382
v 0.518562 0.346777 -0.153839
v 0.526884 0.296887 -0.164418
v 0.520387 0.273137 -0.173589
v 0.5163 0.285983 -0.172074
v 0.507686 0.335276 -0.161817
v 0.524256 0.258648 -0.17497
v 0.497175 0.38173 -0.152834
v 0.488561 0.354395 -0.164525
v 0.489875 0.37471 -0.158103
v 0.483525 0.392784 -0.15526
v 0.469363 0.392784 -0.161347
v 0.450165 0.392933 -0.16907
v 0.450238 0.411904 -0.162206
v 0.468122 0.41041 -0.155529
v 0.392791 0.469263 -0.162192
v 0.411916 0.450292 -0.162206
v 0.373958 0.469412 -0.169111
v 0.36768 0.462989 -0.173656
v 0.353811 0.469412 -0.175211
v 0.346876 0.480167 -0.172945
v 0.324613 0.497345 -0.172141
v 0.335416 0.507651 -0.164766
v 0.317459 0.507801 -0.169727
v 0.301181 0.514224 -0.171229
v 0.316218 0.526771 -0.161455
v 0.277895 0.54604 -0.161602
v 0.295706 0.525128 -0.167368
v 0.239573 0.56516 -0.161602
v 0.223733 0.552762 -0.171229
v 0.21855 0.563218 -0.167207
v 0.218842 0.584727 -0.156507
v 0.182052 0.599067 -0.155837
v 0.210958 0.5556 -0.172449
v 0.20125 0.584279 -0.159993
v 0.182052 0.584279 -0.163171
v 0.182052 0.54604 -0.180695
v 0.199352 0.524978 -0.187131
v 0.204535 0.514373 -0.190523
v 0.220448 0.501079 -0.192681
v 0.199352 0.507801 -0.193633
v 0.182052 0.507651 -0.195417
v 0.162927 0.507651 -0.19661
v 0.143729 0.507651 -0.197589
v 0.124604 0.507651 -0.197978
v 0.277895 -0.450124 -0.197106
v 0.316218 -0.411885 -0.197978
v 0.297093 -0.431004 -0.197616
v 0.316218 -0.431004 -0.196221
v 0.29775 -0.45117 -0.194451
v 0.316218 -0.444896 -0.193044
v 0.291619 -0.462373 -0.192574
v 0.267603 -0.478505 -0.191448
v 0.277895 -0.488513 -0.185361
v 0.297093 -0.504496 -0.174997
v 0.297093 -0.514055 -0.171135
v 0.317678 -0.528545 -0.158934
v 0.316656 -0.507334 -0.16907
v 0.347533 -0.595314 -0.115828
v 0.325051 -0.536013 -0.153075
v 0.325051 -0.574252 -0.133902
v 0.335416 -0.58426 -0.125522
v 0.370746 -0.667013 -0.061017
v 0.335416 -0.60816 -0.111873
v 0.373666 -0.604426 -0.101294
v 0.379944 -0.611446 -0.094684
v 0.39936 -0.630715 -0.0756583
v 0.414179 -0.645204 -0.061017
v 0.403229 -0.650731 -0.061017
v 0.744192 -0.160192 -0.061017
v 0.666014 -0.182001 -0.112114
v 0.668642 -0.162881 -0.113696
v 0.741564 -0.170648 -0.061017
v 0.738572 -0.182001 -0.061017
v 0.737185 -0.186631 -0.061017
v 0.732805 -0.200822 -0.061017
v 0.708862 -0.210381 -0.0765834
v 0.672291 -0.235028 -0.0972314
v 0.659298 -0.218896 -0.109097
v 0.663021 -0.20112 -0.110371
v 0.659079 -0.162881 -0.119689
v 0.645283 -0.143761 -0.130577
v 0.640903 -0.164674 -0.130201
v 0.635721 -0.143761 -0.136127
v 0.622727 -0.143761 -0.143609
v 0.609296 -0.143761 -0.151184
v 0.522869 0.124511 -0.193781
v 0.52046 0.143631 -0.192869
v 0.518635 0.158419 -0.192132
v 0.532432 0.124511 -0.189987
v 0.546009 0.143631 -0.182599
v 0.509438 0.163946 -0.194451
v 0.505277 0.18202 -0.194036
v 0.51484 0.18202 -0.190764
v 0.526519 0.0670029 -0.194787
v 0.507686 0.105392 -0.197696
v 0.507686 0.086272 -0.197978
v 0.507686 0.124511 -0.196985
v 0.507686 0.143631 -0.196047
v 0.526519 -0.066984 -0.194787
v 0.59696 -0.162881 -0.154818
v 0.594916 -0.175428 -0.153772
v 0.585646 -0.181851 -0.157352
v 0.568346 -0.162881 -0.169191
v 0.561776 -0.143761 -0.175265
v 0.564185 -0.124492 -0.176337
v 0.556666 -0.175428 -0.172932
v 0.558637 -0.162881 -0.173911
v 0.535133 -0.0862531 -0.191086
v 0.525424 -0.0862531 -0.194492
v 0.606522 -0.162881 -0.149803
v 0.510533 0.201139 -0.18933
v 0.488561 0.277917 -0.183739
v 0.456443 0.300621 -0.190442
v 0.450092 0.317052 -0.189035
v 0.469363 0.316156 -0.18213
v 0.477977 0.343491 -0.17206
v 0.507686 0.258648 -0.180708
v 0.468122 0.372619 -0.167958
v 0.456589 0.378295 -0.171175
v 0.437829 0.399506 -0.171484
v 0.443815 0.38666 -0.173656
v 0.431333 0.412053 -0.169258
v 0.380455 0.457014 -0.171484
v 0.39301 0.450442 -0.169258
v 0.373958 0.450442 -0.175908
v 0.354687 0.430874 -0.188579
v 0.354614 0.450292 -0.182009
v 0.335416 0.469263 -0.179917
v 0.317459 0.490025 -0.176699
v 0.340453 0.437297 -0.190509
v 0.33454 0.448948 -0.187707
v 0.311839 0.501378 -0.173736
v 0.297093 0.488532 -0.18221
v 0.295706 0.507801 -0.174983
v 0.288407 0.517659 -0.172637
v 0.277895 0.529908 -0.169419
v 0.257384 0.544397 -0.167381
v 0.239573 0.549027 -0.169419
v 0.250084 0.536779 -0.172637
v 0.239573 0.539468 -0.173696
v 0.21855 0.546189 -0.17497
v 0.220448 0.526771 -0.182599
v 0.220448 0.510639 -0.189021
v 0.230959 0.49854 -0.191783
v 0.269209 0.47942 -0.191783
v 0.258771 0.481959 -0.192668
v 0.238186 0.488681 -0.193741
v 0.220448 0.488532 -0.195873
v 0.20125 0.488532 -0.197307
v 0.182052 0.488532 -0.197978
v 0.335416 -0.411885 -0.197106
v 0.354614 -0.373645 -0.197978
v 0.354614 -0.392616 -0.197173
v 0.355052 -0.412482 -0.194089
v 0.334175 -0.430706 -0.193607
v 0.34892 -0.424133 -0.192561
v 0.326949 -0.441311 -0.191864
v 0.304466 -0.45819 -0.191086
v 0.29775 -0.468945 -0.188659
v 0.297093 -0.488513 -0.181285
v 0.277895 -0.475667 -0.190375
v 0.310598 -0.500612 -0.173441
v 0.335416 -0.523018 -0.156145
v 0.335416 -0.507632 -0.163278
v 0.323372 -0.496579 -0.171819
v 0.354249 -0.584709 -0.119073
v 0.360308 -0.591281 -0.113683
v 0.335416 -0.532578 -0.151372
v 0.354249 -0.546469 -0.138219
v 0.392791 -0.597853 -0.0982772
v 0.411843 -0.626981 -0.0734728
v 0.431041 -0.635495 -0.061017
v 0.656378 -0.182001 -0.118054
v 0.72441 -0.226066 -0.061017
v 0.703899 -0.287458 -0.061017
v 0.689591 -0.26789 -0.0765834
v 0.658568 -0.258629 -0.100758
v 0.662583 -0.240704 -0.102206
v 0.687767 -0.277898 -0.0753365
v 0.654992 -0.277898 -0.0984247
v 0.651707 -0.211427 -0.115131
v 0.646816 -0.239509 -0.112315
v 0.64959 -0.224124 -0.113844
v 0.641852 -0.20112 -0.123055
v 0.641852 -0.182001 -0.126742
v 0.632217 -0.172142 -0.134089
v 0.624625 -0.164674 -0.139533
v 0.621267 -0.182001 -0.138755
v 0.488561 0.18202 -0.197227
v 0.469582 0.257005 -0.193607
v 0.488707 0.218765 -0.193607
v 0.50097 0.201139 -0.192547
v 0.488561 0.201139 -0.195712
v 0.450238 0.277917 -0.195698
v 0.488561 0.162751 -0.197951
v 0.488561 0.143631 -0.197978
v 0.507686 -0.066984 -0.197978
v 0.507686 -0.0862531 -0.197669
v 0.602216 -0.181851 -0.148972
v 0.592726 -0.188125 -0.152686
v 0.55433 -0.188125 -0.171859
v 0.546009 -0.143761 -0.18166
v 0.546009 -0.124492 -0.183752
v 0.546009 -0.162881 -0.17914
v 0.546009 -0.105373 -0.185227
v 0.54725 -0.181851 -0.175935
v 0.53287 -0.105373 -0.190308
v 0.52338 -0.105373 -0.193768
v 0.505715 -0.162881 -0.19429
v 0.507686 -0.124492 -0.196114
v 0.507686 -0.105373 -0.196959
v 0.505934 0.218765 -0.187949
v 0.460093 0.287775 -0.191703
v 0.443669 0.311227 -0.192614
v 0.439508 0.324073 -0.191233
v 0.450238 0.335276 -0.184516
v 0.450238 0.354395 -0.179716
v 0.460896 0.365748 -0.172865
v 0.491408 0.239528 -0.189356
v 0.462648 0.277917 -0.192547
v 0.47221 0.277917 -0.189343
v 0.450165 0.372619 -0.175117
v 0.431333 0.392933 -0.175908
v 0.425055 0.405929 -0.173669
v 0.431114 0.373664 -0.181888
v 0.411697 0.373664 -0.188525
v 0.373739 0.431023 -0.182492
v 0.361111 0.418327 -0.190697
v 0.348336 0.424451 -0.192547
v 0.316218 0.455222 -0.18996
v 0.305269 0.458807 -0.191314
v 0.298188 0.469263 -0.189155
v 0.327679 0.441778 -0.192038
v 0.281983 0.475686 -0.190496
v 0.276582 0.486889 -0.187345
v 0.277895 0.507651 -0.178778
v 0.262858 0.533493 -0.171229
v 0.258771 0.507651 -0.182599
v 0.292495 0.462989 -0.192668
v 0.276582 0.469263 -0.19362
v 0.258771 0.469263 -0.195859
v 0.239573 0.469263 -0.197307
v 0.258771 0.450292 -0.197978
v 0.373666 -0.354526 -0.197978
v 0.373666 -0.373645 -0.197093
v 0.37425 -0.393213 -0.194076
v 0.361695 -0.419204 -0.190979
v 0.368264 -0.406358 -0.192655
v 0.355052 -0.430706 -0.188538
v 0.33965 -0.436979 -0.190282
v 0.316218 -0.469393 -0.18406
v 0.316218 -0.454456 -0.189625
v 0.316656 -0.489558 -0.176257
v 0.347533 -0.518985 -0.154121
v 0.335416 -0.492098 -0.169982
v 0.352716 -0.48672 -0.166804
v 0.354249 -0.507931 -0.157003
v 0.354614 -0.450124 -0.181097
v 0.352716 -0.468497 -0.174407
v 0.345052 -0.478953 -0.172463
v 0.375199 -0.584709 -0.11202
v 0.369943 -0.578584 -0.116901
v 0.392791 -0.58426 -0.105946
v 0.432573 -0.528545 -0.120977
v 0.432573 -0.546469 -0.112034
v 0.423011 -0.613986 -0.077227
v 0.431552 -0.566037 -0.101696
v 0.425347 -0.577389 -0.0975264
v 0.430092 -0.621305 -0.0700538
v 0.43907 -0.630267 -0.061017
v 0.700614 -0.297017 -0.061017
v 0.697548 -0.297017 -0.0633231
v 0.641195 -0.259674 -0.111055
v 0.684117 -0.297017 -0.0728963
v 0.652656 -0.289848 -0.0966951
v 0.641852 -0.277898 -0.106362
v 0.642655 -0.218896 -0.119019
v 0.637181 -0.239509 -0.117786
v 0.618056 -0.20112 -0.136892
v 0.627545 -0.20112 -0.131448
v 0.63083 -0.182001 -0.133231
v 0.450238 0.258648 -0.197227
v 0.469363 0.239528 -0.195712
v 0.431114 0.277917 -0.197951
v 0.450092 0.295244 -0.193513
v 0.479291 0.249685 -0.191703
v 0.431114 0.296887 -0.197119
v 0.411916 0.335276 -0.196288
v 0.432354 0.317052 -0.194465
v 0.431114 0.258648 -0.197978
v 0.488561 -0.143761 -0.197951
v 0.469436 -0.182001 -0.197978
v 0.488561 -0.162881 -0.197468
v 0.603456 -0.20112 -0.144655
v 0.59039 -0.20112 -0.151466
v 0.565207 -0.20112 -0.164069
v 0.551703 -0.20112 -0.170653
v 0.542067 -0.20112 -0.174889
v 0.526884 -0.182001 -0.18406
v 0.526884 -0.162881 -0.186474
v 0.51703 -0.152276 -0.191488
v 0.526008 -0.144956 -0.188981
v 0.530534 -0.124492 -0.189437
v 0.518927 -0.13943 -0.192199
v 0.526884 -0.20112 -0.181084
v 0.520971 -0.124492 -0.192923
v 0.502503 -0.182001 -0.193218
v 0.490094 -0.202017 -0.194532
v 0.488561 -0.182001 -0.196409
v 0.426223 0.335276 -0.193111
v 0.422573 0.346479 -0.191971
v 0.4298 0.353499 -0.187587
v 0.411916 0.392784 -0.182478
v 0.418047 0.359175 -0.190429
v 0.405273 0.367391 -0.192547
v 0.399214 0.380087 -0.190697
v 0.373812 0.411904 -0.188686
v 0.367534 0.40563 -0.192547
v 0.354687 0.411904 -0.194022
v 0.33454 0.430874 -0.193714
v 0.316218 0.445662 -0.193191
v 0.298188 0.451487 -0.194532
v 0.316218 0.431023 -0.196382
v 0.277895 0.450292 -0.197173
v 0.297093 0.431023 -0.197656
v 0.316218 0.411904 -0.197978
v 0.411843 -0.297017 -0.197978
v 0.431041 -0.277898 -0.197951
v 0.392791 -0.335257 -0.19775
v 0.411843 -0.316137 -0.197428
v 0.431041 -0.297017 -0.197066
v 0.392791 -0.354526 -0.19653
v 0.392645 -0.372899 -0.193741
v 0.386367 -0.387089 -0.192547
v 0.381038 -0.399786 -0.190965
v 0.37425 -0.412482 -0.189195
v 0.400309 -0.438772 -0.171792
v 0.373666 -0.431004 -0.182894
v 0.360308 -0.514504 -0.152002
v 0.404908 -0.518985 -0.134961
v 0.357826 -0.474173 -0.170478
v 0.373155 -0.468497 -0.168051
v 0.392791 -0.469393 -0.161267
v 0.417682 -0.514504 -0.132843
v 0.374688 -0.489708 -0.158291
v 0.381768 -0.496878 -0.152767
v 0.387535 -0.44385 -0.17375
v 0.379068 -0.456547 -0.171149
v 0.439946 -0.536013 -0.114769
v 0.431917 -0.507931 -0.130925
v 0.446881 -0.560361 -0.0987867
v 0.435785 -0.609803 -0.0746929
v 0.445348 -0.596957 -0.0784337
v 0.458122 -0.592625 -0.0759667
v 0.449654 -0.623097 -0.061017
v 0.699008 -0.301648 -0.061017
v 0.622727 -0.239509 -0.125736
v 0.631633 -0.266695 -0.114635
v 0.693533 -0.315241 -0.061017
v 0.693168 -0.316137 -0.061017
v 0.671999 -0.309266 -0.0775488
v 0.652875 -0.347655 -0.0775622
v 0.633531 -0.328087 -0.0966683
v 0.636524 -0.316137 -0.0985588
v 0.642582 -0.296569 -0.100758
v 0.622727 -0.316137 -0.10663
v 0.622508 -0.298362 -0.111618
v 0.629078 -0.277898 -0.113348
v 0.615136 -0.21561 -0.135243
v 0.392791 0.335276 -0.197978
v 0.411916 0.316156 -0.197616
v 0.392791 0.354395 -0.197093
v 0.411697 0.353499 -0.19366
v 0.469436 -0.20112 -0.197951
v 0.469436 -0.220389 -0.197106
v 0.612508 -0.228456 -0.133768
v 0.604989 -0.221286 -0.139318
v 0.577616 -0.216356 -0.15467
v 0.545571 -0.221435 -0.169151
v 0.535862 -0.228605 -0.172168
v 0.538855 -0.215759 -0.173455
v 0.506956 -0.202017 -0.188726
v 0.497467 -0.209037 -0.191327
v 0.499949 -0.196191 -0.192279
v 0.515278 -0.162881 -0.190831
v 0.528417 -0.221435 -0.176565
v 0.507686 -0.220389 -0.185066
v 0.48513 -0.220389 -0.193928
v 0.392864 0.392784 -0.188686
v 0.392864 0.373664 -0.194022
v 0.335416 0.411904 -0.197093
v 0.373739 0.373664 -0.197093
v 0.354614 0.373664 -0.197978
v 0.450238 -0.258629 -0.197106
v 0.446881 -0.297017 -0.193875
v 0.431989 -0.316735 -0.19429
v 0.411843 -0.335257 -0.195631
v 0.466079 -0.258629 -0.193928
v 0.410894 -0.352584 -0.193003
v 0.398922 -0.378873 -0.19055
v 0.392645 -0.393213 -0.188941
v 0.421551 -0.344966 -0.191622
v 0.438705 -0.399935 -0.171792
v 0.426004 -0.406806 -0.173937
v 0.392791 -0.411885 -0.183336
v 0.419653 -0.419652 -0.171792
v 0.431041 -0.431004 -0.162863
v 0.423084 -0.461327 -0.15392
v 0.438851 -0.496579 -0.133486
v 0.415711 -0.474173 -0.151345
v 0.393375 -0.450124 -0.169271
v 0.402937 -0.479401 -0.153477
v 0.41031 -0.48687 -0.147672
v 0.426077 -0.501657 -0.135725
v 0.450238 -0.531383 -0.112503
v 0.45199 -0.547814 -0.103278
v 0.450238 -0.507632 -0.123953
v 0.450238 -0.521823 -0.117289
v 0.479218 -0.57485 -0.0767711
v 0.469436 -0.578734 -0.0788628
v 0.469436 -0.588443 -0.0733119
v 0.461772 -0.614284 -0.061017
v 0.452574 -0.621006 -0.061017
v 0.62426 -0.259674 -0.120199
v 0.688643 -0.325846 -0.061017
v 0.64959 -0.360501 -0.0754572
v 0.616888 -0.354526 -0.09817
v 0.623238 -0.334809 -0.10065
v 0.633531 -0.385446 -0.0774952
v 0.610172 -0.316137 -0.113468
v 0.603311 -0.33675 -0.111511
v 0.593602 -0.34407 -0.114782
v 0.615866 -0.292984 -0.116391
v 0.612727 -0.30583 -0.114796
v 0.619443 -0.277898 -0.118282
v 0.600391 -0.239509 -0.137415
v 0.609953 -0.239509 -0.132481
v 0.584405 -0.239509 -0.145513
v 0.558491 -0.254745 -0.154684
v 0.562287 -0.239509 -0.156574
v 0.566886 -0.221734 -0.158666
v 0.546009 -0.239509 -0.164606
v 0.509292 -0.259824 -0.176565
v 0.507686 -0.316137 -0.164606
v 0.497467 -0.305233 -0.172168
v 0.494693 -0.220389 -0.190241
v 0.481481 -0.235028 -0.192614
v 0.462356 -0.273267 -0.192614
v 0.459144 -0.286113 -0.191341
v 0.45637 -0.297017 -0.190255
v 0.443158 -0.31076 -0.192547
v 0.425055 -0.335257 -0.192668
v 0.431041 -0.373645 -0.181271
v 0.410894 -0.372899 -0.188109
v 0.431917 -0.393213 -0.175908
v 0.438997 -0.323456 -0.191086
v 0.43469 -0.335257 -0.189625
v 0.429216 -0.352584 -0.187157
v 0.468268 -0.410092 -0.155435
v 0.450238 -0.411885 -0.162648
v 0.431917 -0.412632 -0.169741
v 0.443523 -0.387238 -0.173522
v 0.450092 -0.393213 -0.169151
v 0.469436 -0.392616 -0.160959
v 0.449216 -0.430108 -0.155944
v 0.455056 -0.435784 -0.151359
v 0.435931 -0.455053 -0.151372
v 0.430165 -0.468497 -0.148288
v 0.445494 -0.483733 -0.136047
v 0.458268 -0.47731 -0.133486
v 0.451187 -0.489409 -0.131408
v 0.459947 -0.517491 -0.115077
v 0.469436 -0.488513 -0.124087
v 0.467611 -0.50584 -0.116981
v 0.491919 -0.568576 -0.0735667
v 0.513745 -0.571116 -0.061017
v 0.503817 -0.580377 -0.061017
v 0.488123 -0.583962 -0.066836
v 0.51119 -0.549457 -0.0735801
v 0.483233 -0.597405 -0.061017
v 0.465933 -0.611147 -0.061017
v 0.683095 -0.3369 -0.061017
v 0.674554 -0.35363 -0.061017
v 0.646232 -0.373645 -0.073084
v 0.613895 -0.365579 -0.0963197
v 0.603456 -0.354526 -0.105906
v 0.663313 -0.374542 -0.061017
v 0.629881 -0.398143 -0.0750147
v 0.616231 -0.411885 -0.0786482
v 0.623165 -0.392168 -0.0815711
v 0.665649 -0.370359 -0.061017
v 0.590609 -0.354526 -0.113133
v 0.577032 -0.367969 -0.116257
v 0.535789 -0.381861 -0.133754
v 0.539293 -0.369164 -0.135524
v 0.552651 -0.354526 -0.132628
v 0.543089 -0.354526 -0.137415
v 0.558491 -0.331373 -0.135524
v 0.60061 -0.316137 -0.118282
v 0.547761 -0.260122 -0.158679
v 0.520168 -0.331373 -0.154684
v 0.469436 -0.297017 -0.185066
v 0.509438 -0.33675 -0.158666
v 0.504766 -0.354526 -0.156534
v 0.49462 -0.316137 -0.17088
v 0.481408 -0.330029 -0.173455
v 0.485057 -0.316137 -0.174916
v 0.469436 -0.316137 -0.181191
v 0.4498 -0.316735 -0.188646
v 0.450238 -0.335257 -0.184127
v 0.450238 -0.354526 -0.179327
v 0.496883 -0.381413 -0.15274
v 0.492503 -0.392616 -0.150729
v 0.486663 -0.410092 -0.147082
v 0.528125 -0.43205 -0.120266
v 0.495642 -0.437577 -0.13299
v 0.482941 -0.445344 -0.1359
v 0.461188 -0.422938 -0.153893
v 0.450092 -0.37245 -0.174889
v 0.460677 -0.365281 -0.172758
v 0.456224 -0.377977 -0.171055
v 0.467976 -0.37245 -0.167756
v 0.489729 -0.374392 -0.157902
v 0.477393 -0.458041 -0.133473
v 0.464546 -0.464613 -0.136034
v 0.470385 -0.470289 -0.131408
v 0.486736 -0.48672 -0.116981
v 0.498343 -0.479102 -0.115077
v 0.491919 -0.491948 -0.111886
v 0.488561 -0.469393 -0.123913
v 0.523672 -0.561406 -0.061017
v 0.493306 -0.58919 -0.061017
v 0.561703 -0.523317 -0.061017
v 0.549367 -0.511068 -0.0735667
v 0.603748 -0.3726 -0.0997789
v 0.610245 -0.378276 -0.0941879
v 0.652948 -0.392616 -0.061017
v 0.648714 -0.399786 -0.061017
v 0.625793 -0.411885 -0.0721455
v 0.613165 -0.421445 -0.0766907
v 0.576959 -0.424432 -0.0970839
v 0.593675 -0.401877 -0.0956627
v 0.603748 -0.394408 -0.0924717
v 0.573309 -0.380666 -0.114139
v 0.560097 -0.392616 -0.11745
v 0.566229 -0.373944 -0.120119
v 0.546009 -0.392616 -0.124892
v 0.552724 -0.416814 -0.113428
v 0.546228 -0.410989 -0.118724
v 0.53214 -0.392616 -0.131984
v 0.522577 -0.392616 -0.136704
v 0.507467 -0.374392 -0.14975
v 0.500897 -0.368716 -0.15463
v 0.528417 -0.374691 -0.139412
v 0.514329 -0.354526 -0.151788
v 0.488561 -0.354526 -0.164029
v 0.488123 -0.336004 -0.16903
v 0.477758 -0.342875 -0.171953
v 0.470531 -0.336004 -0.176311
v 0.464254 -0.354526 -0.174112
v 0.518635 -0.403968 -0.134733
v 0.535205 -0.439071 -0.114434
v 0.509657 -0.452066 -0.121312
v 0.473889 -0.354526 -0.170344
v 0.517249 -0.459684 -0.114957
v 0.503014 -0.469393 -0.117249
v 0.512577 -0.469393 -0.112637
v 0.55579 -0.498222 -0.0767309
v 0.570973 -0.513458 -0.061017
v 0.586157 -0.394408 -0.10238
v 0.642509 -0.410242 -0.061017
v 0.639735 -0.414872 -0.061017
v 0.633969 -0.424432 -0.061017
v 0.627326 -0.435187 -0.061017
v 0.617472 -0.449676 -0.061017
v 0.61134 -0.45834 -0.061017
v 0.605135 -0.467003 -0.061017
v 0.578711 -0.50345 -0.061017
v 0.559805 -0.44624 -0.0984784
v 0.565791 -0.430855 -0.101066
v 0.580974 -0.411885 -0.099323
v 0.563966 -0.410989 -0.109178
v 0.556666 -0.403968 -0.11556
v 0.539877 -0.426374 -0.11674
v 0.546228 -0.43205 -0.111484
v 0.547542 -0.451618 -0.10289
v 0.528125 -0.452066 -0.112771
v 0.542213 -0.465958 -0.0991085
v 0.554914 -0.458937 -0.0954348
f 1957 1958 1959
f 1957 1959 1960
f 1957 1960 1966
f 1957 1966 1980
f 1957 1980 1998
f 1957 1998 2018
f 1957 2018 2024
f 1957 2024 2023
f 1957 2023 2022
f 1957 2022 2021
f 1957 2021 2105
f 1957 2105 2190
f 1957 2190 2284
f 1957 2284 2394
f 1957 2394 2492
f 1957 2492 2601
f 1957 2601 2713
f 1957 2713 2820
f 1957 2820 2826
f 1957 2826 2825
f 1957 2825 2930
f 1957 2930 3028
f 1957 3028 3113
f 1957 3113 3181
f 1957 3181 3180
f 1957 3180 3239
f 1957 3239 3238
f 1957 3238 3290
f 1957 3290 3235
f 1957 3235 3234
f 1957 3234 3289
f 1957 3289 3291
f 1957 3291 3327
f 1957 3327 3336
f 1957 3336 3335
f 1957 3335 3334
f 1957 3334 3333
f 1957 3333 3332
f 1957 3332 3331
f 1957 3331 3330
f 1957 3330 3329
f 1957 3329 3296
f 1957 3296 3295
f 1957 3295 3245
f 1957 3245 3249
f 1957 3249 3241
f 1957 3241 3240
f 1957 3240 3183
f 1957 3183 3118
f 1957 3118 3117
f 1957 3117 3114
f 1957 3114 3029
f 1957 3029 2933
f 1957 2933 2932
f 1957 2932 2833
f 1957 2833 2832
f 1957 2832 2831
f 1957 2831 2830
f 1957 2830 2827
f 1957 2827 2716
f 1957 2716 2603
f 1957 2603 2495
f 1957 2495 2398
f 1957 2398 2290
f 1957 2290 2195
f 1957 2195 2107
f 1957 2107 2026
f 1957 2026 2004
f 1957 2004 1982
f 1957 1982 1969
f 1957 1969 1961
f 1957 1961 1970
f 1957 1970 1984
f 1957 1984 2007
f 1957 2007 2087
f 1957 2087 2171
f 1957 2171 2257
f 1957 2257 2370
f 1957 2370 2472
f 1957 2472 2571
f 1957 2571 2679
f 1957 2679 2582
f 1957 2582 2693
f 1957 2693 2694
f 1957 2694 2583
f 1957 2583 2473
f 1957 2473 2373
f 1957 2373 2260
f 1957 2260 2175
f 1957 2175 2090
f 1957 2090 2011
f 1957 2011 1991
f 1957 1991 1990
f 1957 1990 1985
f 1957 1985 1971
f 1957 1971 1962
f 1957 1962 1958
f 1958 1962 1959
f 1959 1963 1960
f 1959 1962 1964
f 1959 1964 1965
f 1959 1965 1963
f 1960 1963 1967
f 1960 1967 1968
f 1960 1968 1966
f 1961 1969 1970
f 1962 1971 1972
f 1962 1972 1964
f 1963 1965 1973
f 1963 1973 1974
f 1963 1974 1967
f 1964 1975 1976
f 1964 1976 1965
f 1964 1972 1977
f 1964 1977 1978
f 1964 1978 1975
f 1965 1976 1979
f 1965 1979 1973
f 1966 1968 1981
f 1966 1981 1980
f 1967 1981 1968
f 1967 1974 1981
f 1969 1982 1970
f 1970 1982 2004
f 1970 2004 1983
f 1970 1983 1984
f 1971 1985 1972
f 1972 1985 1977
f 1973 1979 1974
f 1974 1979 1986
f 1974 1986 1981
f 1975 1987 1976
f 1975 1978 1987
f 1976 1987 1988
f 1976 1988 1989
f 1976 1989 1979
f 1977 1985 1990
f 1977 1990 1978
f 1978 1990 1991
f 1978 1991 1992
f 1978 1992 1988
f 1978 1988 1987
f 1979 1989 1993
f 1979 1993 1994
f 1979 1994 1995
f 1979 1995 1996
f 1979 1996 1986
f 1980 1981 1997
f 1980 1997 1998
f 1981 1999 2000
f 1981 2000 2001
f 1981 2001 1997
f 1981 1986 2002
f 1981 2002 2003
f 1981 2003 1999
f 1983 2004 2005
f 1983 2005 2006
f 1983 2006 1984
f 1984 2006 2086
f 1984 2086 2007
f 1986 1996 2002
f 1988 1992 2008
f 1988 2008 2009
f 1988 2009 1993
f 1988 1993 2010
f 1988 2010 1989
f 1989 2010 1993
f 1991 2011 2012
f 1991 2012 1992
f 1992 2012 2008
f 1993 2013 1994
f 1993 2009 2013
f 1994 2014 1995
f 1994 2013 2093
f 1994 2093 2014
f 1995 2014 1996
f 1996 2015 2002
f 1996 2014 2016
f 1996 2016 2017
f 1996 2017 2015
f 1997 2001 1998
f 1998 2001 2018
f 1999 2019 2000
f 1999 2003 2020
f 1999 2020 2019
f 2000 2021 2022
f 2000 2022 2023
f 2000 2023 2024
f 2000 2024 2018
f 2000 2018 2001
f 2000 2019 2021
f 2002 2015 2003
f 2003 2015 2025
f 2003 2025 2020
f 2004 2026 2027
f 2004 2027 2028
f 2004 2028 2029
f 2004 2029 2030
f 2004 2030 2031
f 2004 2031 2032
f 2004 2032 2033
f 2004 2033 2034
f 2004 2034 2035
f 2004 2035 2036
f 2004 2036 2037
f 2004 2037 2038
f 2004 2038 2039
f 2004 2039 2040
f 2004 2040 2041
f 2004 2041 2042
f 2004 2042 2043
f 2004 2043 2044
f 2004 2044 2045
f 2004 2045 2046
f 2004 2046 2047
f 2004 2047 2048
f 2004 2048 2049
f 2004 2049 2050
f 2004 2050 2051
f 2004 2051 2052
f 2004 2052 2053
f 2004 2053 2054
f 2004 2054 2055
f 2004 2055 2056
f 2004 2056 2057
f 2004 2057 2058
f 2004 2058 2059
f 2004 2059 2060
f 2004 2060 2061
f 2004 2061 2062
f 2004 2062 2063
f 2004 2063 2064
f 2004 2064 2065
f 2004 2065 2066
f 2004 2066 2067
f 2004 2067 2068
f 2004 2068 2069
f 2004 2069 2070
f 2004 2070 2071
f 2004 2071 2072
f 2004 2072 2073
f 2004 2073 2074
f 2004 2074 2075
f 2004 2075 2076
f 2004 2076 2077
f 2004 2077 2078
f 2004 2078 2079
f 2004 2079 2080
f 2004 2080 2081
f 2004 2081 2082
f 2004 2082 2083
f 2004 2083 2084
f 2004 2084 2005
f 2005 2084 2085
f 2005 2085 2006
f 2006 2085 2086
f 2007 2086 2087
f 2008 2088 2009
f 2008 2012 2089
f 2008 2089 2088
f 2009 2088 2013
f 2011 2090 2091
f 2011 2091 2012
f 2012 2091 2092
f 2012 2092 2089
f 2013 2088 2094
f 2013 2094 2093
f 2014 2093 2016
f 2015 2017 2095
f 2015 2095 2025
f 2016 2096 2017
f 2016 2093 2094
f 2016 2094 2097
f 2016 2097 2098
f 2016 2098 2099
f 2016 2099 2100
f 2016 2100 2101
f 2016 2101 2096
f 2017 2096 2095
f 2019 2102 2021
f 2019 2020 2102
f 2020 2103 2102
f 2020 2025 2104
f 2020 2104 2103
f 2021 2102 2105
f 2025 2095 2106
f 2025 2106 2104
f 2026 2107 2108
f 2026 2108 2027
f 2027 2108 2109
f 2027 2109 2110
f 2027 2110 2028
f 2028 2110 2029
f 2029 2110 2111
f 2029 2111 2030
f 2030 2111 2112
f 2030 2112 2031
f 2031 2112 2113
f 2031 2113 2114
f 2031 2114 2032
f 2032 2114 2115
f 2032 2115 2033
f 2033 2115 2114
f 2033 2114 2116
f 2033 2116 2034
f 2034 2116 2117
f 2034 2117 2118
f 2034 2118 2035
f 2035 2118 2119
f 2035 2119 2120
f 2035 2120 2121
f 2035 2121 2036
f 2036 2121 2122
f 2036 2122 2037
f 2037 2122 2038
f 2038 2122 2123
f 2038 2123 2039
f 2039 2123 2040
f 2040 2123 2041
f 2041 2123 2124
f 2041 2124 2042
f 2042 2124 2125
f 2042 2125 2043
f 2043 2125 2044
f 2044 2125 2045
f 2045 2125 2126
f 2045 2126 2046
f 2046 2126 2127
f 2046 2127 2128
f 2046 2128 2129
f 2046 2129 2047
f 2047 2129 2130
f 2047 2130 2131
f 2047 2131 2048
f 2048 2131 2049
f 2049 2131 2050
f 2050 2131 2132
f 2050 2132 2133
f 2050 2133 2051
f 2051 2133 2134
f 2051 2134 2135
f 2051 2135 2052
f 2052 2135 2136
f 2052 2136 2053
f 2053 2136 2137
f 2053 2137 2138
f 2053 2138 2054
f 2054 2138 2055
f 2055 2138 2056
f 2056 2138 2057
f 2057 2138 2139
f 2057 2139 2140
f 2057 2140 2058
f 2058 2140 2059
f 2059 2140 2141
f 2059 2141 2060
f 2060 2141 2142
f 2060 2142 2143
f 2060 2143 2061
f 2061 2143 2062
f 2062 2143 2063
f 2063 2143 2144
f 2063 2144 2064
f 2064 2144 2145
f 2064 2145 2065
f 2065 2145 2146
f 2065 2146 2066
f 2066 2146 2067
f 2067 2146 2147
f 2067 2147 2068
f 2068 2147 2148
f 2068 2148 2069
f 2069 2148 2149
f 2069 2149 2150
f 2069 2150 2151
f 2069 2151 2070
f 2070 2151 2071
f 2071 2151 2152
f 2071 2152 2072
f 2072 2152 2073
f 2073 2152 2153
f 2073 2153 2074
f 2074 2153 2154
f 2074 2154 2155
f 2074 2155 2156
f 2074 2156 2075
f 2075 2156 2157
f 2075 2157 2076
f 2076 2157 2158
f 2076 2158 2077
f 2077 2158 2159
f 2077 2159 2078
f 2078 2159 2160
f 2078 2160 2079
f 2079 2160 2080
f 2080 2160 2161
f 2080 2161 2162
f 2080 2162 2081
f 2081 2162 2163
f 2081 2163 2082
f 2082 2163 2083
f 2083 2163 2164
f 2083 2164 2084
f 2084 2164 2165
f 2084 2165 2085
f 2085 2165 2166
f 2085 2166 2086
f 2086 2166 2087
f 2087 2167 2168
f 2087 2168 2169
f 2087 2169 2170
f 2087 2170 2171
f 2087 2166 2167
f 2088 2089 2172
f 2088 2172 2173
f 2088 2173 2094
f 2089 2092 2174
f 2089 2174 2172
f 2090 2175 2091
f 2091 2175 2092
f 2092 2176 2174
f 2092 2175 2177
f 2092 2177 2176
f 2094 2173 2178
f 2094 2178 2097
f 2095 2096 2179
f 2095 2179 2106
f 2096 2101 2179
f 2097 2178 2098
f 2098 2178 2180
f 2098 2180 2099
f 2099 2180 2181
f 2099 2181 2182
f 2099 2182 2183
f 2099 2183 2100
f 2100 2183 2184
f 2100 2184 2185
f 2100 2185 2186
f 2100 2186 2187
f 2100 2187 2101
f 2101 2187 2188
f 2101 2188 2189
f 2101 2189 2179
f 2102 2190 2105
f 2102 2103 2104
f 2102 2104 2190
f 2104 2106 2191
f 2104 2191 2192
f 2104 2192 2190
f 2106 2193 2191
f 2106 2179 2194
f 2106 2194 2193
f 2107 2195 2196
f 2107 2196 2108
f 2108 2196 2197
f 2108 2197 2198
f 2108 2198 2109
f 2109 2198 2110
f 2110 2199 2200
f 2110 2200 2111
f 2110 2198 2201
f 2110 2201 2202
f 2110 2202 2199
f 2111 2200 2203
f 2111 2203 2112
f 2112 2203 2204
f 2112 2204 2114
f 2112 2114 2113
f 2114 2204 2116
f 2116 2204 2117
f 2117 2204 2205
f 2117 2205 2118
f 2118 2205 2119
f 2119 2205 2206
f 2119 2206 2207
f 2119 2207 2120
f 2120 2207 2121
f 2121 2208 2122
f 2121 2207 2209
f 2121 2209 2208
f 2122 2208 2210
f 2122 2210 2123
f 2123 2210 2124
f 2124 2210 2211
f 2124 2211 2212
f 2124 2212 2213
f 2124 2213 2125
f 2125 2213 2214
f 2125 2214 2126
f 2126 2214 2215
f 2126 2215 2127
f 2127 2215 2216
f 2127 2216 2128
f 2128 2217 2218
f 2128 2218 2130
f 2128 2130 2129
f 2128 2216 2217
f 2130 2218 2131
f 2131 2218 2219
f 2131 2219 2220
f 2131 2220 2221
f 2131 2221 2133
f 2131 2133 2132
f 2133 2221 2134
f 2134 2221 2135
f 2135 2221 2136
f 2136 2221 2222
f 2136 2222 2137
f 2137 2222 2138
f 2138 2222 2223
f 2138 2223 2224
f 2138 2224 2225
f 2138 2225 2139
f 2139 2226 2141
f 2139 2141 2140
f 2139 2225 2226
f 2141 2227 2228
f 2141 2228 2142
f 2141 2226 2229
f 2141 2229 2227
f 2142 2228 2143
f 2143 2228 2227
f 2143 2227 2230
f 2143 2230 2144
f 2144 2230 2231
f 2144 2231 2232
f 2144 2232 2145
f 2145 2233 2146
f 2145 2232 2233
f 2146 2233 2234
f 2146 2234 2147
f 2147 2234 2235
f 2147 2235 2148
f 2148 2235 2236
f 2148 2236 2149
f 2149 2236 2237
f 2149 2237 2150
f 2150 2152 2151
f 2150 2237 2238
f 2150 2238 2239
f 2150 2239 2152
f 2152 2239 2153
f 2153 2239 2154
f 2154 2239 2240
f 2154 2240 2241
f 2154 2241 2155
f 2155 2241 2242
f 2155 2242 2243
f 2155 2243 2156
f 2156 2243 2157
f 2157 2243 2244
f 2157 2244 2158
f 2158 2244 2159
f 2159 2244 2243
f 2159 2243 2160
f 2160 2245 2161
f 2160 2243 2245
f 2161 2245 2246
f 2161 2246 2162
f 2162 2247 2163
f 2162 2246 2247
f 2163 2247 2248
f 2163 2248 2165
f 2163 2165 2164
f 2165 2248 2166
f 2166 2248 2167
f 2167 2249 2250
f 2167 2250 2168
f 2167 2248 2249
f 2168 2250 2251
f 2168 2251 2169
f 2169 2251 2252
f 2169 2252 2170
f 2170 2253 2254
f 2170 2254 2255
f 2170 2255 2256
f 2170 2256 2171
f 2170 2252 2253
f 2171 2256 2257
f 2172 2174 2258
f 2172 2258 2259
f 2172 2259 2178
f 2172 2178 2173
f 2174 2176 2258
f 2175 2260 2177
f 2176 2177 2261
f 2176 2261 2262
f 2176 2262 2258
f 2177 2260 2263
f 2177 2263 2264
f 2177 2264 2261
f 2178 2259 2180
f 2179 2189 2265
f 2179 2265 2194
f 2180 2259 2181
f 2181 2259 2258
f 2181 2258 2266
f 2181 2266 2182
f 2182 2266 2267
f 2182 2267 2268
f 2182 2268 2269
f 2182 2269 2183
f 2183 2269 2184
f 2184 2269 2270
f 2184 2270 2271
f 2184 2271 2272
f 2184 2272 2273
f 2184 2273 2274
f 2184 2274 2275
f 2184 2275 2185
f 2185 2275 2276
f 2185 2276 2277
f 2185 2277 2186
f 2186 2277 2278
f 2186 2278 2279
f 2186 2279 2187
f 2187 2279 2280
f 2187 2280 2188
f 2188 2280 2281
f 2188 2281 2282
f 2188 2282 2189
f 2189 2282 2283
f 2189 2283 2265
f 2190 2192 2285
f 2190 2285 2286
f 2190 2286 2287
f 2190 2287 2284
f 2191 2193 2288
f 2191 2288 2192
f 2192 2288 2286
f 2192 2286 2285
f 2193 2289 2288
f 2193 2194 2265
f 2193 2265 2283
f 2193 2283 2289
f 2195 2290 2291
f 2195 2291 2197
f 2195 2197 2196
f 2197 2291 2292
f 2197 2292 2202
f 2197 2202 2201
f 2197 2201 2198
f 2199 2202 2293
f 2199 2293 2294
f 2199 2294 2295
f 2199 2295 2296
f 2199 2296 2203
f 2199 2203 2200
f 2202 2297 2298
f 2202 2298 2293
f 2202 2292 2299
f 2202 2299 2297
f 2203 2296 2204
f 2204 2300 2301
f 2204 2301 2302
f 2204 2302 2303
f 2204 2303 2205
f 2204 2296 2295
f 2204 2295 2304
f 2204 2304 2300
f 2205 2303 2305
f 2205 2305 2206
f 2206 2305 2209
f 2206 2209 2207
f 2208 2209 2306
f 2208 2306 2307
f 2208 2307 2210
f 2209 2305 2308
f 2209 2308 2306
f 2210 2307 2309
f 2210 2309 2211
f 2211 2309 2310
f 2211 2310 2311
f 2211 2311 2212
f 2212 2311 2312
f 2212 2312 2213
f 2213 2313 2314
f 2213 2314 2315
f 2213 2315 2215
f 2213 2215 2214
f 2213 2312 2316
f 2213 2316 2313
f 2215 2315 2317
f 2215 2317 2318
f 2215 2318 2216
f 2216 2318 2319
f 2216 2319 2218
f 2216 2218 2217
f 2218 2319 2320
f 2218 2320 2321
f 2218 2321 2322
f 2218 2322 2323
f 2218 2323 2324
f 2218 2324 2219
f 2219 2324 2220
f 2220 2325 2221
f 2220 2324 2325
f 2221 2325 2326
f 2221 2326 2327
f 2221 2327 2223
f 2221 2223 2222
f 2223 2328 2329
f 2223 2329 2226
f 2223 2226 2224
f 2223 2327 2326
f 2223 2326 2330
f 2223 2330 2328
f 2224 2226 2225
f 2226 2329 2229
f 2227 2229 2331
f 2227 2331 2332
f 2227 2332 2333
f 2227 2333 2334
f 2227 2334 2335
f 2227 2335 2336
f 2227 2336 2337
f 2227 2337 2230
f 2229 2329 2331
f 2230 2337 2231
f 2231 2337 2232
f 2232 2337 2336
f 2232 2336 2338
f 2232 2338 2339
f 2232 2339 2340
f 2232 2340 2341
f 2232 2341 2342
f 2232 2342 2233
f 2233 2342 2341
f 2233 2341 2234
f 2234 2341 2340
f 2234 2340 2343
f 2234 2343 2235
f 2235 2343 2236
f 2236 2238 2237
f 2236 2343 2344
f 2236 2344 2345
f 2236 2345 2238
f 2238 2346 2239
f 2238 2345 2347
f 2238 2347 2346
f 2239 2346 2240
f 2240 2346 2241
f 2241 2346 2242
f 2242 2346 2348
f 2242 2348 2349
f 2242 2349 2350
f 2242 2350 2243
f 2243 2350 2351
f 2243 2351 2245
f 2245 2351 2246
f 2246 2351 2352
f 2246 2352 2353
f 2246 2353 2354
f 2246 2354 2355
f 2246 2355 2249
f 2246 2249 2356
f 2246 2356 2357
f 2246 2357 2358
f 2246 2358 2247
f 2247 2358 2359
f 2247 2359 2248
f 2248 2359 2357
f 2248 2357 2249
f 2249 2355 2360
f 2249 2360 2250
f 2249 2357 2356
f 2250 2360 2251
f 2251 2360 2252
f 2252 2360 2361
f 2252 2361 2253
f 2253 2362 2254
f 2253 2361 2362
f 2254 2363 2364
f 2254 2364 2255
f 2254 2362 2365
f 2254 2365 2366
f 2254 2366 2363
f 2255 2367 2256
f 2255 2364 2368
f 2255 2368 2369
f 2255 2369 2367
f 2256 2367 2257
f 2257 2367 2370
f 2258 2262 2371
f 2258 2371 2372
f 2258 2372 2270
f 2258 2270 2266
f 2260 2373 2263
f 2261 2374 2262
f 2261 2264 2375
f 2261 2375 2374
f 2262 2374 2376
f 2262 2376 2371
f 2263 2373 2264
f 2264 2373 2377
f 2264 2377 2378
f 2264 2378 2379
f 2264 2379 2380
f 2264 2380 2375
f 2266 2270 2267
f 2267 2270 2268
f 2268 2270 2269
f 2270 2372 2271
f 2271 2376 2381
f 2271 2381 2272
f 2271 2372 2371
f 2271 2371 2376
f 2272 2381 2382
f 2272 2382 2273
f 2273 2382 2383
f 2273 2383 2384
f 2273 2384 2274
f 2274 2385 2275
f 2274 2384 2383
f 2274 2383 2385
f 2275 2385 2276
f 2276 2385 2386
f 2276 2386 2278
f 2276 2278 2277
f 2278 2281 2280
f 2278 2280 2279
f 2278 2386 2385
f 2278 2385 2387
f 2278 2387 2281
f 2281 2387 2388
f 2281 2388 2389
f 2281 2389 2390
f 2281 2390 2391
f 2281 2391 2282
f 2282 2391 2283
f 2283 2391 2392
f 2283 2392 2393
f 2283 2393 2289
f 2284 2287 2394
f 2286 2288 2289
f 2286 2289 2395
f 2286 2395 2396
f 2286 2396 2397
f 2286 2397 2287
f 2287 2397 2394
f 2289 2393 2390
f 2289 2390 2395
f 2290 2398 2399
f 2290 2399 2400
f 2290 2400 2291
f 2291 2400 2401
f 2291 2401 2292
f 2292 2401 2402
f 2292 2402 2299
f 2293 2298 2294
f 2294 2403 2404
f 2294 2404 2405
f 2294 2405 2406
f 2294 2406 2295
f 2294 2298 2297
f 2294 2297 2403
f 2295 2406 2407
f 2295 2407 2304
f 2297 2299 2409
f 2297 2409 2408
f 2297 2408 2403
f 2299 2402 2410
f 2299 2410 2409
f 2300 2411 2301
f 2300 2304 2411
f 2301 2411 2412
f 2301 2412 2413
f 2301 2413 2302
f 2302 2413 2303
f 2303 2413 2305
f 2304 2407 2411
f 2305 2413 2308
f 2306 2308 2307
f 2307 2308 2309
f 2308 2413 2414
f 2308 2414 2415
f 2308 2415 2416
f 2308 2416 2417
f 2308 2417 2309
f 2309 2417 2416
f 2309 2416 2310
f 2310 2416 2418
f 2310 2418 2311
f 2311 2418 2312
f 2312 2418 2419
f 2312 2419 2316
f 2313 2316 2420
f 2313 2420 2421
f 2313 2421 2422
f 2313 2422 2314
f 2314 2422 2423
f 2314 2423 2424
f 2314 2424 2315
f 2315 2424 2317
f 2316 2425 2421
f 2316 2421 2420
f 2316 2419 2425
f 2317 2426 2319
f 2317 2319 2318
f 2317 2424 2426
f 2319 2426 2423
f 2319 2423 2427
f 2319 2427 2428
f 2319 2428 2320
f 2320 2428 2321
f 2321 2429 2322
f 2321 2428 2430
f 2321 2430 2431
f 2321 2431 2429
f 2322 2429 2432
f 2322 2432 2433
f 2322 2433 2324
f 2322 2324 2323
f 2324 2433 2434
f 2324 2434 2325
f 2325 2434 2435
f 2325 2435 2436
f 2325 2436 2326
f 2326 2436 2437
f 2326 2437 2330
f 2328 2330 2438
f 2328 2438 2329
f 2329 2438 2439
f 2329 2439 2440
f 2329 2440 2441
f 2329 2441 2331
f 2330 2437 2442
f 2330 2442 2438
f 2331 2441 2332
f 2332 2441 2443
f 2332 2443 2444
f 2332 2444 2333
f 2333 2444 2445
f 2333 2445 2334
f 2334 2446 2447
f 2334 2447 2336
f 2334 2336 2335
f 2334 2445 2446
f 2336 2447 2338
f 2338 2447 2339
f 2339 2448 2344
f 2339 2344 2343
f 2339 2343 2340
f 2339 2447 2449
f 2339 2449 2448
f 2344 2448 2450
f 2344 2450 2345
f 2345 2450 2451
f 2345 2451 2452
f 2345 2452 2347
f 2346 2347 2453
f 2346 2453 2348
f 2347 2452 2454
f 2347 2454 2455
f 2347 2455 2453
f 2348 2453 2456
f 2348 2456 2457
f 2348 2457 2349
f 2349 2458 2350
f 2349 2457 2458
f 2350 2352 2351
f 2350 2458 2352
f 2352 2458 2353
f 2353 2459 2460
f 2353 2460 2461
f 2353 2461 2354
f 2353 2458 2459
f 2354 2461 2362
f 2354 2362 2361
f 2354 2361 2360
f 2354 2360 2355
f 2357 2359 2358
f 2362 2461 2462
f 2362 2462 2366
f 2362 2366 2365
f 2363 2463 2364
f 2363 2366 2463
f 2364 2464 2368
f 2364 2463 2464
f 2366 2462 2463
f 2367 2369 2465
f 2367 2465 2466
f 2367 2466 2370
f 2368 2464 2467
f 2368 2467 2468
f 2368 2468 2469
f 2368 2469 2470
f 2368 2470 2471
f 2368 2471 2465
f 2368 2465 2369
f 2370 2466 2472
f 2373 2473 2474
f 2373 2474 2377
f 2374 2375 2475
f 2374 2475 2376
f 2375 2380 2381
f 2375 2381 2475
f 2376 2475 2381
f 2377 2474 2476
f 2377 2476 2477
f 2377 2477 2378
f 2378 2477 2379
f 2379 2477 2380
f 2380 2477 2381
f 2381 2477 2478
f 2381 2478 2479
f 2381 2479 2480
f 2381 2480 2382
f 2382 2480 2383
f 2383 2481 2385
f 2383 2480 2481
f 2385 2482 2387
f 2385 2481 2483
f 2385 2483 2484
f 2385 2484 2482
f 2387 2482 2485
f 2387 2485 2486
f 2387 2486 2388
f 2388 2486 2487
f 2388 2487 2389
f 2389 2487 2390
f 2390 2488 2489
f 2390 2489 2395
f 2390 2393 2392
f 2390 2392 2391
f 2390 2487 2490
f 2390 2490 2491
f 2390 2491 2488
f 2394 2397 2492
f 2395 2489 2493
f 2395 2493 2396
f 2396 2494 2397
f 2396 2493 2494
f 2397 2494 2492
f 2398 2495 2399
f 2399 2495 2496
f 2399 2496 2497
f 2399 2497 2498
f 2399 2498 2499
f 2399 2499 2400
f 2400 2499 2401
f 2401 2499 2500
f 2401 2500 2402
f 2402 2500 2501
f 2402 2501 2502
f 2402 2502 2410
f 2403 2408 2503
f 2403 2503 2405
f 2403 2405 2404
f 2405 2503 2504
f 2405 2504 2505
f 2405 2505 2506
f 2405 2506 2507
f 2405 2507 2406
f 2406 2507 2508
f 2406 2508 2407
f 2407 2508 2509
f 2407 2509 2510
f 2407 2510 2411
f 2408 2511 2512
f 2408 2512 2503
f 2408 2409 2515
f 2408 2515 2511
f 2409 2410 2513
f 2409 2513 2514
f 2409 2514 2515
f 2410 2502 2516
f 2410 2516 2513
f 2411 2510 2412
f 2412 2414 2413
f 2412 2510 2414
f 2414 2510 2517
f 2414 2517 2518
f 2414 2518 2519
f 2414 2519 2415
f 2415 2519 2520
f 2415 2520 2416
f 2416 2520 2521
f 2416 2521 2418
f 2418 2521 2522
f 2418 2522 2419
f 2419 2522 2523
f 2419 2523 2524
f 2419 2524 2525
f 2419 2525 2425
f 2421 2425 2525
f 2421 2525 2422
f 2422 2525 2526
f 2422 2526 2423
f 2423 2527 2528
f 2423 2528 2427
f 2423 2426 2424
f 2423 2526 2529
f 2423 2529 2527
f 2427 2530 2428
f 2427 2528 2530
f 2428 2530 2430
f 2429 2431 2531
f 2429 2531 2432
f 2430 2530 2532
f 2430 2532 2431
f 2431 2532 2533
f 2431 2533 2531
f 2432 2531 2534
f 2432 2534 2535
f 2432 2535 2536
f 2432 2536 2433
f 2433 2536 2435
f 2433 2435 2434
f 2435 2536 2436
f 2436 2536 2437
f 2437 2536 2537
f 2437 2537 2442
f 2438 2538 2539
f 2438 2539 2439
f 2438 2442 2538
f 2439 2539 2440
f 2440 2540 2441
f 2440 2539 2541
f 2440 2541 2542
f 2440 2542 2540
f 2441 2540 2443
f 2442 2543 2538
f 2442 2537 2544
f 2442 2544 2543
f 2443 2540 2444
f 2444 2540 2545
f 2444 2545 2546
f 2444 2546 2547
f 2444 2547 2548
f 2444 2548 2549
f 2444 2549 2445
f 2445 2549 2446
f 2446 2550 2551
f 2446 2551 2447
f 2446 2549 2552
f 2446 2552 2553
f 2446 2553 2554
f 2446 2554 2555
f 2446 2555 2550
f 2447 2551 2556
f 2447 2556 2449
f 2448 2449 2557
f 2448 2557 2451
f 2448 2451 2450
f 2449 2558 2559
f 2449 2559 2557
f 2449 2556 2558
f 2451 2557 2559
f 2451 2559 2452
f 2452 2559 2560
f 2452 2560 2561
f 2452 2561 2454
f 2453 2455 2562
f 2453 2562 2456
f 2454 2561 2563
f 2454 2563 2455
f 2455 2563 2562
f 2456 2562 2564
f 2456 2564 2457
f 2457 2564 2565
f 2457 2565 2460
f 2457 2460 2458
f 2458 2460 2459
f 2460 2565 2566
f 2460 2566 2567
f 2460 2567 2568
f 2460 2568 2461
f 2461 2568 2462
f 2462 2568 2569
f 2462 2569 2463
f 2463 2569 2464
f 2464 2569 2467
f 2465 2471 2570
f 2465 2570 2466
f 2466 2570 2571
f 2466 2571 2472
f 2467 2569 2572
f 2467 2572 2573
f 2467 2573 2574
f 2467 2574 2575
f 2467 2575 2468
f 2468 2575 2576
f 2468 2576 2469
f 2469 2576 2470
f 2470 2576 2577
f 2470 2577 2578
f 2470 2578 2579
f 2470 2579 2580
f 2470 2580 2581
f 2470 2581 2471
f 2471 2581 2582
f 2471 2582 2570
f 2473 2583 2695
f 2473 2695 2802
f 2473 2802 2908
f 2473 2908 3001
f 2473 3001 3084
f 2473 3084 3151
f 2473 3151 3128
f 2473 3128 3048
f 2473 3048 2954
f 2473 2954 2854
f 2473 2854 2955
f 2473 2955 3050
f 2473 3050 3085
f 2473 3085 3002
f 2473 3002 2910
f 2473 2910 2804
f 2473 2804 2696
f 2473 2696 2584
f 2473 2584 2476
f 2473 2476 2474
f 2476 2584 2477
f 2477 2584 2585
f 2477 2585 2478
f 2478 2585 2479
f 2479 2585 2480
f 2480 2585 2586
f 2480 2586 2587
f 2480 2587 2481
f 2481 2587 2483
f 2482 2484 2588
f 2482 2588 2589
f 2482 2589 2485
f 2483 2587 2484
f 2484 2590 2588
f 2484 2587 2591
f 2484 2591 2590
f 2485 2589 2592
f 2485 2592 2486
f 2486 2592 2593
f 2486 2593 2594
f 2486 2594 2490
f 2486 2490 2487
f 2488 2491 2489
f 2489 2491 2595
f 2489 2595 2596
f 2489 2596 2597
f 2489 2597 2493
f 2490 2594 2491
f 2491 2594 2598
f 2491 2598 2593
f 2491 2593 2599
f 2491 2599 2600
f 2491 2600 2595
f 2492 2494 2601
f 2493 2597 2494
f 2494 2597 2602
f 2494 2602 2601
f 2495 2603 2604
f 2495 2604 2496
f 2496 2604 2605
f 2496 2605 2497
f 2497 2605 2606
f 2497 2606 2498
f 2498 2607 2500
f 2498 2500 2499
f 2498 2606 2607
f 2500 2607 2608
f 2500 2608 2609
f 2500 2609 2501
f 2501 2609 2502
f 2502 2609 2610
f 2502 2610 2611
f 2502 2611 2516
f 2503 2612 2504
f 2503 2512 2612
f 2504 2613 2614
f 2504 2614 2505
f 2504 2612 2615
f 2504 2615 2616
f 2504 2616 2617
f 2504 2617 2613
f 2505 2614 2506
f 2506 2614 2618
f 2506 2618 2619
f 2506 2619 2507
f 2507 2619 2508
f 2508 2619 2509
f 2509 2619 2620
f 2509 2620 2621
f 2509 2621 2510
f 2510 2621 2517
f 2511 2622 2512
f 2511 2515 2622
f 2512 2615 2612
f 2512 2622 2623
f 2512 2623 2615
f 2513 2516 2514
f 2514 2516 2624
f 2514 2624 2625
f 2514 2625 2626
f 2514 2626 2515
f 2515 2626 2622
f 2516 2611 2627
f 2516 2627 2624
f 2517 2621 2518
f 2518 2621 2620
f 2518 2620 2519
f 2519 2628 2520
f 2519 2620 2628
f 2520 2628 2629
f 2520 2629 2630
f 2520 2630 2631
f 2520 2631 2521
f 2521 2631 2522
f 2522 2631 2630
f 2522 2630 2523
f 2523 2632 2633
f 2523 2633 2524
f 2523 2630 2634
f 2523 2634 2632
f 2524 2633 2635
f 2524 2635 2525
f 2525 2635 2526
f 2526 2635 2636
f 2526 2636 2529
f 2527 2637 2528
f 2527 2529 2637
f 2528 2637 2638
f 2528 2638 2532
f 2528 2532 2530
f 2529 2639 2637
f 2529 2636 2640
f 2529 2640 2639
f 2531 2533 2638
f 2531 2638 2534
f 2532 2638 2533
f 2534 2641 2535
f 2534 2638 2642
f 2534 2642 2643
f 2534 2643 2641
f 2535 2644 2645
f 2535 2645 2536
f 2535 2641 2644
f 2536 2645 2537
f 2537 2645 2646
f 2537 2646 2647
f 2537 2647 2544
f 2538 2648 2539
f 2538 2543 2649
f 2538 2649 2648
f 2539 2648 2542
f 2539 2542 2541
f 2540 2542 2650
f 2540 2650 2547
f 2540 2547 2546
f 2540 2546 2545
f 2542 2651 2650
f 2542 2648 2649
f 2542 2649 2652
f 2542 2652 2651
f 2543 2544 2653
f 2543 2653 2649
f 2544 2654 2653
f 2544 2647 2654
f 2547 2553 2655
f 2547 2655 2548
f 2547 2650 2656
f 2547 2656 2657
f 2547 2657 2553
f 2548 2552 2549
f 2548 2655 2553
f 2548 2553 2552
f 2550 2556 2551
f 2550 2555 2556
f 2553 2657 2658
f 2553 2658 2659
f 2553 2659 2660
f 2553 2660 2554
f 2554 2661 2555
f 2554 2660 2661
f 2555 2661 2556
f 2556 2661 2662
f 2556 2662 2663
f 2556 2663 2664
f 2556 2664 2665
f 2556 2665 2559
f 2556 2559 2558
f 2559 2665 2666
f 2559 2666 2667
f 2559 2667 2560
f 2560 2667 2668
f 2560 2668 2669
f 2560 2669 2670
f 2560 2670 2671
f 2560 2671 2672
f 2560 2672 2561
f 2561 2672 2563
f 2562 2563 2564
f 2563 2672 2673
f 2563 2673 2566
f 2563 2566 2674
f 2563 2674 2564
f 2564 2674 2566
f 2564 2566 2565
f 2566 2673 2675
f 2566 2675 2676
f 2566 2676 2567
f 2567 2676 2568
f 2568 2676 2677
f 2568 2677 2678
f 2568 2678 2574
f 2568 2574 2572
f 2568 2572 2569
f 2570 2582 2679
f 2570 2679 2571
f 2572 2574 2573
f 2574 2678 2680
f 2574 2680 2681
f 2574 2681 2576
f 2574 2576 2575
f 2576 2682 2577
f 2576 2681 2683
f 2576 2683 2684
f 2576 2684 2685
f 2576 2685 2686
f 2576 2686 2687
f 2576 2687 2688
f 2576 2688 2682
f 2577 2682 2688
f 2577 2688 2578
f 2578 2688 2689
f 2578 2689 2579
f 2579 2689 2690
f 2579 2690 2691
f 2579 2691 2692
f 2579 2692 2693
f 2579 2693 2580
f 2580 2693 2582
f 2580 2582 2581
f 2583 2694 2695
f 2584 2696 2697
f 2584 2697 2585
f 2585 2697 2586
f 2586 2697 2698
f 2586 2698 2699
f 2586 2699 2700
f 2586 2700 2587
f 2587 2700 2701
f 2587 2701 2591
f 2588 2590 2702
f 2588 2702 2589
f 2589 2702 2703
f 2589 2703 2592
f 2590 2591 2701
f 2590 2701 2704
f 2590 2704 2702
f 2592 2703 2705
f 2592 2705 2593
f 2593 2705 2706
f 2593 2706 2599
f 2593 2598 2594
f 2595 2707 2708
f 2595 2708 2709
f 2595 2709 2596
f 2595 2600 2710
f 2595 2710 2711
f 2595 2711 2707
f 2596 2709 2597
f 2597 2712 2602
f 2597 2709 2712
f 2599 2706 2600
f 2600 2706 2710
f 2601 2602 2714
f 2601 2714 2715
f 2601 2715 2713
f 2602 2712 2714
f 2603 2716 2604
f 2604 2717 2605
f 2604 2716 2718
f 2604 2718 2719
f 2604 2719 2720
f 2604 2720 2721
f 2604 2721 2722
f 2604 2722 2723
f 2604 2723 2717
f 2605 2717 2724
f 2605 2724 2606
f 2606 2724 2725
f 2606 2725 2607
f 2607 2725 2608
f 2608 2725 2726
f 2608 2726 2609
f 2609 2726 2727
f 2609 2727 2728
f 2609 2728 2729
f 2609 2729 2610
f 2610 2729 2730
f 2610 2730 2611
f 2611 2730 2627
f 2613 2617 2731
f 2613 2731 2614
f 2614 2732 2733
f 2614 2733 2734
f 2614 2734 2735
f 2614 2735 2736
f 2614 2736 2737
f 2614 2737 2738
f 2614 2738 2739
f 2614 2739 2629
f 2614 2629 2618
f 2614 2731 2740
f 2614 2740 2732
f 2615 2623 2741
f 2615 2741 2616
f 2616 2741 2742
f 2616 2742 2743
f 2616 2743 2731
f 2616 2731 2617
f 2618 2629 2744
f 2618 2744 2745
f 2618 2745 2620
f 2618 2620 2619
f 2620 2745 2628
f 2622 2746 2623
f 2622 2626 2747
f 2622 2747 2746
f 2623 2746 2747
f 2623 2747 2748
f 2623 2748 2741
f 2624 2627 2749
f 2624 2749 2750
f 2624 2750 2751
f 2624 2751 2625
f 2625 2752 2626
f 2625 2751 2753
f 2625 2753 2752
f 2626 2752 2747
f 2627 2730 2754
f 2627 2754 2749
f 2628 2745 2744
f 2628 2744 2629
f 2629 2755 2756
f 2629 2756 2634
f 2629 2634 2630
f 2629 2739 2755
f 2632 2634 2633
f 2633 2636 2635
f 2633 2634 2757
f 2633 2757 2636
f 2634 2756 2636
f 2634 2636 2757
f 2636 2756 2758
f 2636 2758 2640
f 2637 2639 2638
f 2638 2759 2643
f 2638 2643 2642
f 2638 2639 2760
f 2638 2760 2759
f 2639 2640 2761
f 2639 2761 2762
f 2639 2762 2763
f 2639 2763 2643
f 2639 2643 2759
f 2639 2759 2760
f 2640 2764 2761
f 2640 2758 2764
f 2641 2765 2644
f 2641 2643 2765
f 2643 2763 2766
f 2643 2766 2767
f 2643 2767 2765
f 2644 2765 2768
f 2644 2768 2647
f 2644 2647 2646
f 2644 2646 2645
f 2647 2768 2769
f 2647 2769 2770
f 2647 2770 2771
f 2647 2771 2772
f 2647 2772 2654
f 2649 2654 2771
f 2649 2771 2652
f 2649 2653 2654
f 2650 2651 2656
f 2651 2773 2656
f 2651 2652 2774
f 2651 2774 2773
f 2652 2771 2774
f 2654 2772 2771
f 2656 2773 2775
f 2656 2775 2657
f 2657 2775 2658
f 2658 2775 2776
f 2658 2776 2777
f 2658 2777 2778
f 2658 2778 2779
f 2658 2779 2659
f 2659 2779 2780
f 2659 2780 2660
f 2660 2780 2661
f 2661 2780 2781
f 2661 2781 2782
f 2661 2782 2783
f 2661 2783 2663
f 2661 2663 2662
f 2663 2784 2666
f 2663 2666 2664
f 2663 2783 2785
f 2663 2785 2784
f 2664 2666 2665
f 2666 2784 2786
f 2666 2786 2667
f 2667 2786 2668
f 2668 2786 2670
f 2668 2670 2669
f 2670 2786 2787
f 2670 2787 2788
f 2670 2788 2789
f 2670 2789 2671
f 2671 2790 2676
f 2671 2676 2675
f 2671 2675 2673
f 2671 2673 2672
f 2671 2789 2788
f 2671 2788 2791
f 2671 2791 2792
f 2671 2792 2790
f 2676 2790 2677
f 2677 2790 2678
f 2678 2793 2680
f 2678 2790 2793
f 2680 2793 2791
f 2680 2791 2681
f 2681 2791 2683
f 2683 2794 2685
f 2683 2685 2684
f 2683 2791 2794
f 2685 2794 2791
f 2685 2791 2795
f 2685 2795 2796
f 2685 2796 2797
f 2685 2797 2798
f 2685 2798 2686
f 2686 2798 2687
f 2687 2798 2799
f 2687 2799 2688
f 2688 2799 2800
f 2688 2800 2801
f 2688 2801 2689
f 2689 2801 2690
f 2690 2801 2691
f 2691 2801 2692
f 2692 2801 2802
f 2692 2802 2695
f 2692 2695 2694
f 2692 2694 2693
f 2696 2803 2697
f 2696 2804 2805
f 2696 2805 2803
f 2697 2803 2698
f 2698 2803 2699
f 2699 2803 2806
f 2699 2806 2807
f 2699 2807 2808
f 2699 2808 2809
f 2699 2809 2810
f 2699 2810 2700
f 2700 2810 2704
f 2700 2704 2701
f 2702 2704 2810
f 2702 2810 2811
f 2702 2811 2812
f 2702 2812 2813
f 2702 2813 2703
f 2703 2813 2705
f 2705 2814 2710
f 2705 2710 2706
f 2705 2813 2815
f 2705 2815 2814
f 2707 2816 2708
f 2707 2711 2710
f 2707 2710 2817
f 2707 2817 2818
f 2707 2818 2819
f 2707 2819 2816
f 2708 2816 2714
f 2708 2714 2709
f 2709 2714 2712
f 2710 2814 2817
f 2713 2715 2820
f 2714 2821 2822
f 2714 2822 2823
f 2714 2823 2824
f 2714 2824 2715
f 2714 2816 2821
f 2715 2825 2826
f 2715 2826 2820
f 2715 2824 2825
f 2716 2827 2718
f 2717 2723 2828
f 2717 2828 2829
f 2717 2829 2725
f 2717 2725 2724
f 2718 2830 2719
f 2718 2827 2830
f 2719 2831 2832
f 2719 2832 2833
f 2719 2833 2720
f 2719 2830 2831
f 2720 2833 2834
f 2720 2834 2721
f 2721 2834 2835
f 2721 2835 2836
f 2721 2836 2837
f 2721 2837 2828
f 2721 2828 2722
f 2722 2828 2723
f 2725 2829 2838
f 2725 2838 2727
f 2725 2727 2726
f 2727 2838 2839
f 2727 2839 2728
f 2728 2839 2840
f 2728 2840 2841
f 2728 2841 2842
f 2728 2842 2729
f 2729 2842 2730
f 2730 2842 2843
f 2730 2843 2754
f 2731 2743 2844
f 2731 2844 2845
f 2731 2845 2846
f 2731 2846 2847
f 2731 2847 2848
f 2731 2848 2740
f 2732 2848 2733
f 2732 2740 2848
f 2733 2846 2849
f 2733 2849 2850
f 2733 2850 2851
f 2733 2851 2758
f 2733 2758 2734
f 2733 2848 2846
f 2734 2758 2736
f 2734 2736 2735
f 2736 2738 2737
f 2736 2758 2738
f 2738 2755 2739
f 2738 2758 2755
f 2741 2748 2852
f 2741 2852 2742
f 2742 2853 2743
f 2742 2852 2854
f 2742 2854 2853
f 2743 2853 2855
f 2743 2855 2856
f 2743 2856 2849
f 2743 2849 2844
f 2747 2752 2857
f 2747 2857 2852
f 2747 2852 2748
f 2749 2754 2858
f 2749 2858 2859
f 2749 2859 2860
f 2749 2860 2861
f 2749 2861 2750
f 2750 2862 2863
f 2750 2863 2751
f 2750 2861 2864
f 2750 2864 2865
f 2750 2865 2862
f 2751 2863 2753
f 2752 2753 2866
f 2752 2866 2867
f 2752 2867 2857
f 2753 2863 2866
f 2754 2843 2868
f 2754 2868 2858
f 2755 2758 2756
f 2758 2851 2869
f 2758 2869 2764
f 2761 2870 2871
f 2761 2871 2872
f 2761 2872 2762
f 2761 2764 2870
f 2762 2872 2873
f 2762 2873 2874
f 2762 2874 2766
f 2762 2766 2763
f 2764 2875 2870
f 2764 2869 2875
f 2765 2767 2769
f 2765 2769 2768
f 2766 2874 2876
f 2766 2876 2767
f 2767 2876 2877
f 2767 2877 2769
f 2769 2877 2770
f 2770 2878 2771
f 2770 2877 2879
f 2770 2879 2878
f 2771 2878 2880
f 2771 2880 2882
f 2771 2882 2774
f 2773 2881 2775
f 2773 2774 2881
f 2774 2882 2881
f 2775 2881 2776
f 2776 2881 2883
f 2776 2883 2884
f 2776 2884 2885
f 2776 2885 2777
f 2777 2886 2887
f 2777 2887 2778
f 2777 2885 2888
f 2777 2888 2889
f 2777 2889 2886
f 2778 2887 2779
f 2779 2887 2890
f 2779 2890 2781
f 2779 2781 2780
f 2781 2890 2782
f 2782 2890 2891
f 2782 2891 2892
f 2782 2892 2893
f 2782 2893 2894
f 2782 2894 2785
f 2782 2785 2783
f 2784 2785 2894
f 2784 2894 2895
f 2784 2895 2786
f 2786 2895 2896
f 2786 2896 2787
f 2787 2791 2788
f 2787 2896 2897
f 2787 2897 2898
f 2787 2898 2899
f 2787 2899 2791
f 2790 2792 2793
f 2791 2899 2795
f 2791 2793 2792
f 2795 2899 2900
f 2795 2900 2796
f 2796 2900 2901
f 2796 2901 2902
f 2796 2902 2797
f 2797 2902 2903
f 2797 2903 2904
f 2797 2904 2905
f 2797 2905 2798
f 2798 2905 2906
f 2798 2906 2799
f 2799 2906 2907
f 2799 2907 2800
f 2800 2907 2801
f 2801 2907 2908
f 2801 2908 2802
f 2803 2805 2909
f 2803 2909 2806
f 2804 2910 2911
f 2804 2911 2909
f 2804 2909 2805
f 2806 2909 2912
f 2806 2912 2913
f 2806 2913 2807
f 2807 2913 2808
f 2808 2913 2914
f 2808 2914 2915
f 2808 2915 2809
f 2809 2916 2917
f 2809 2917 2918
f 2809 2918 2919
f 2809 2919 2810
f 2809 2915 2916
f 2810 2919 2811
f 2811 2919 2918
f 2811 2918 2812
f 2812 2918 2920
f 2812 2920 2813
f 2813 2920 2815
f 2814 2921 2817
f 2814 2815 2922
f 2814 2922 2921
f 2815 2920 2923
f 2815 2923 2922
f 2816 2822 2821
f 2816 2819 2924
f 2816 2924 2925
f 2816 2925 2822
f 2817 2921 2926
f 2817 2926 2927
f 2817 2927 2819
f 2817 2819 2818
f 2819 2927 2924
f 2822 2925 2928
f 2822 2928 2929
f 2822 2929 2823
f 2823 2929 2824
f 2824 2929 2825
f 2825 2929 2930
f 2828 2837 2931
f 2828 2931 2838
f 2828 2838 2829
f 2833 2932 2834
f 2834 2932 2933
f 2834 2933 2934
f 2834 2934 2835
f 2835 2935 2936
f 2835 2936 2836
f 2835 2934 2937
f 2835 2937 2938
f 2835 2938 2935
f 2836 2939 2837
f 2836 2936 2935
f 2836 2935 2940
f 2836 2940 2941
f 2836 2941 2939
f 2837 2942 2931
f 2837 2939 2942
f 2838 2931 2943
f 2838 2943 2840
f 2838 2840 2839
f 2840 2943 2944
f 2840 2944 2945
f 2840 2945 2842
f 2840 2842 2841
f 2842 2945 2843
f 2843 2945 2946
f 2843 2946 2868
f 2844 2849 2845
f 2845 2849 2846
f 2846 2848 2847
f 2849 2947 2850
f 2849 2856 2947
f 2850 2948 2949
f 2850 2949 2950
f 2850 2950 2869
f 2850 2869 2851
f 2850 2947 2951
f 2850 2951 2952
f 2850 2952 2948
f 2852 2857 2955
f 2852 2955 2854
f 2853 2854 2953
f 2853 2953 2855
f 2854 2954 2953
f 2855 2953 2947
f 2855 2947 2856
f 2857 2867 2956
f 2857 2956 2955
f 2858 2957 2859
f 2858 2868 2957
f 2859 2957 2860
f 2860 2864 2861
f 2860 2957 2958
f 2860 2958 2959
f 2860 2959 2864
f 2862 2960 2961
f 2862 2961 2863
f 2862 2865 2962
f 2862 2962 2960
f 2863 2961 2963
f 2863 2963 2866
f 2864 2959 2964
f 2864 2964 2865
f 2865 2964 2962
f 2866 2963 2961
f 2866 2961 2965
f 2866 2965 2966
f 2866 2966 2867
f 2867 2966 2967
f 2867 2967 2968
f 2867 2968 2969
f 2867 2969 2956
f 2868 2946 2957
f 2869 2950 2970
f 2869 2970 2875
f 2870 2971 2871
f 2870 2875 2971
f 2871 2971 2972
f 2871 2972 2973
f 2871 2973 2872
f 2872 2973 2873
f 2873 2973 2974
f 2873 2974 2874
f 2874 2974 2975
f 2874 2975 2976
f 2874 2976 2877
f 2874 2877 2876
f 2875 2970 2977
f 2875 2977 2978
f 2875 2978 2979
f 2875 2979 2971
f 2877 2976 2980
f 2877 2980 2879
f 2878 2879 2981
f 2878 2981 2982
f 2878 2982 2881
f 2878 2881 2880
f 2879 2980 2983
f 2879 2983 2984
f 2879 2984 2981
f 2880 2881 2882
f 2881 2982 2883
f 2883 2982 2985
f 2883 2985 2884
f 2884 2888 2885
f 2884 2985 2986
f 2884 2986 2987
f 2884 2987 2888
f 2886 2889 2887
f 2887 2889 2988
f 2887 2988 2989
f 2887 2989 2990
f 2887 2990 2891
f 2887 2891 2890
f 2888 2991 2988
f 2888 2988 2889
f 2888 2987 2991
f 2891 2990 2992
f 2891 2992 2993
f 2891 2993 2892
f 2892 2993 2893
f 2893 2993 2994
f 2893 2994 2898
f 2893 2898 2897
f 2893 2897 2995
f 2893 2995 2894
f 2894 2995 2896
f 2894 2896 2895
f 2896 2995 2897
f 2898 2900 2899
f 2898 2994 2996
f 2898 2996 2900
f 2900 2996 2993
f 2900 2993 2902
f 2900 2902 2901
f 2902 2993 2903
f 2903 2993 2992
f 2903 2992 2997
f 2903 2997 2998
f 2903 2998 2904
f 2904 2998 2905
f 2905 2998 2999
f 2905 2999 2906
f 2906 2999 3000
f 2906 3000 2907
f 2907 3000 3001
f 2907 3001 2908
f 2909 2911 2912
f 2910 3002 2911
f 2911 3002 3003
f 2911 3003 3004
f 2911 3004 2912
f 2912 3005 2914
f 2912 2914 2913
f 2912 3004 3006
f 2912 3006 3005
f 2914 3005 3007
f 2914 3007 3008
f 2914 3008 2915
f 2915 3008 3009
f 2915 3009 3010
f 2915 3010 2916
f 2916 3010 3009
f 2916 3009 2917
f 2917 3009 3011
f 2917 3011 2920
f 2917 2920 2918
f 2920 3011 2923
f 2921 3012 2927
f 2921 2927 2926
f 2921 2922 3012
f 2922 2923 3013
f 2922 3013 3014
f 2922 3014 3015
f 2922 3015 3012
f 2923 3016 3017
f 2923 3017 3018
f 2923 3018 3013
f 2923 3011 3008
f 2923 3008 3007
f 2923 3007 3016
f 2924 3019 2925
f 2924 2927 3020
f 2924 3020 3019
f 2925 3019 3021
f 2925 3021 2928
f 2927 3012 3022
f 2927 3022 3023
f 2927 3023 3020
f 2928 3024 2929
f 2928 3021 3025
f 2928 3025 3026
f 2928 3026 3024
f 2929 3024 2930
f 2930 3024 3027
f 2930 3027 3028
f 2931 2942 2943
f 2933 3029 3030
f 2933 3030 2934
f 2934 3030 2937
f 2935 3031 2940
f 2935 2938 3031
f 2937 3030 3032
f 2937 3032 2938
f 2938 3032 3033
f 2938 3033 3034
f 2938 3034 3031
f 2939 2941 3035
f 2939 3035 2942
f 2940 3031 3036
f 2940 3036 3037
f 2940 3037 3038
f 2940 3038 3035
f 2940 3035 2941
f 2942 3038 3039
f 2942 3039 2943
f 2942 3035 3038
f 2943 3039 2944
f 2944 3039 2946
f 2944 2946 2945
f 2946 3039 3038
f 2946 3038 3037
f 2946 3037 2957
f 2947 3040 3041
f 2947 3041 2951
f 2947 2953 3042
f 2947 3042 3040
f 2948 2952 3043
f 2948 3043 2978
f 2948 2978 2949
f 2949 2978 2950
f 2950 3044 2977
f 2950 2977 2970
f 2950 2978 3044
f 2951 3041 2952
f 2952 3045 3046
f 2952 3046 3047
f 2952 3047 3043
f 2952 3041 3040
f 2952 3040 3045
f 2953 2954 3042
f 2954 3048 3042
f 2955 2956 3049
f 2955 3049 3050
f 2956 2969 3051
f 2956 3051 3049
f 2957 3037 3052
f 2957 3052 3053
f 2957 3053 2958
f 2958 3053 3054
f 2958 3054 2959
f 2959 3054 3055
f 2959 3055 3056
f 2959 3056 2964
f 2960 2962 3057
f 2960 3057 3058
f 2960 3058 3059
f 2960 3059 3060
f 2960 3060 2961
f 2961 3061 2965
f 2961 3060 3062
f 2961 3062 3061
f 2962 2964 3057
f 2964 3056 3063
f 2964 3063 3057
f 2965 3061 3064
f 2965 3064 2966
f 2966 3064 2967
f 2967 3065 3066
f 2967 3066 3067
f 2967 3067 2968
f 2967 3064 3062
f 2967 3062 3059
f 2967 3059 3065
f 2968 3067 3051
f 2968 3051 2969
f 2971 3043 2972
f 2971 2979 2978
f 2971 2978 3043
f 2972 3043 3047
f 2972 3047 3068
f 2972 3068 3069
f 2972 3069 2973
f 2973 3069 3070
f 2973 3070 2974
f 2974 3070 2975
f 2975 3070 2976
f 2976 3070 2980
f 2977 3044 2978
f 2980 3070 2983
f 2981 2984 3071
f 2981 3071 2982
f 2982 3071 2985
f 2983 3070 3072
f 2983 3072 3073
f 2983 3073 2984
f 2984 3074 3071
f 2984 3073 3074
f 2985 3071 3075
f 2985 3075 2986
f 2986 3075 3147
f 2986 3147 3074
f 2986 3074 3076
f 2986 3076 2987
f 2987 3076 3077
f 2987 3077 3078
f 2987 3078 2991
f 2988 2991 2989
f 2989 2997 2992
f 2989 2992 2990
f 2989 2991 2997
f 2991 3078 3079
f 2991 3079 2997
f 2993 2996 2994
f 2997 3079 2998
f 2998 3079 3080
f 2998 3080 2999
f 2999 3080 3081
f 2999 3081 3082
f 2999 3082 3000
f 3000 3082 3001
f 3001 3082 3083
f 3001 3083 3084
f 3002 3085 3086
f 3002 3086 3087
f 3002 3087 3003
f 3003 3087 3088
f 3003 3088 3089
f 3003 3089 3090
f 3003 3090 3004
f 3004 3090 3091
f 3004 3091 3092
f 3004 3092 3006
f 3005 3006 3093
f 3005 3093 3094
f 3005 3094 3095
f 3005 3095 3096
f 3005 3096 3007
f 3006 3092 3093
f 3007 3096 3016
f 3008 3011 3009
f 3012 3097 3102
f 3012 3102 3098
f 3012 3098 3022
f 3012 3015 3097
f 3013 3018 3099
f 3013 3099 3100
f 3013 3100 3014
f 3014 3100 3101
f 3014 3101 3015
f 3015 3102 3097
f 3015 3101 3103
f 3015 3103 3104
f 3015 3104 3102
f 3016 3096 3105
f 3016 3105 3017
f 3017 3106 3099
f 3017 3099 3018
f 3017 3105 3106
f 3019 3020 3023
f 3019 3023 3021
f 3021 3023 3025
f 3022 3107 3023
f 3022 3098 3102
f 3022 3102 3108
f 3022 3108 3107
f 3023 3107 3109
f 3023 3109 3025
f 3024 3110 3027
f 3024 3026 3111
f 3024 3111 3110
f 3025 3109 3112
f 3025 3112 3111
f 3025 3111 3026
f 3027 3110 3028
f 3028 3110 3112
f 3028 3112 3113
f 3029 3114 3030
f 3030 3114 3032
f 3031 3115 3036
f 3031 3034 3116
f 3031 3116 3115
f 3032 3114 3117
f 3032 3117 3118
f 3032 3118 3033
f 3033 3118 3119
f 3033 3119 3120
f 3033 3120 3121
f 3033 3121 3122
f 3033 3122 3123
f 3033 3123 3034
f 3034 3123 3124
f 3034 3124 3125
f 3034 3125 3126
f 3034 3126 3116
f 3036 3115 3037
f 3037 3115 3127
f 3037 3127 3052
f 3040 3042 3045
f 3042 3128 3129
f 3042 3129 3045
f 3042 3048 3128
f 3045 3129 3130
f 3045 3130 3046
f 3046 3130 3131
f 3046 3131 3047
f 3047 3131 3068
f 3049 3051 3132
f 3049 3132 3050
f 3050 3132 3086
f 3050 3086 3085
f 3051 3067 3133
f 3051 3133 3132
f 3052 3127 3134
f 3052 3134 3135
f 3052 3135 3053
f 3053 3135 3136
f 3053 3136 3054
f 3054 3136 3055
f 3055 3136 3137
f 3055 3137 3138
f 3055 3138 3139
f 3055 3139 3056
f 3056 3139 3063
f 3057 3063 3140
f 3057 3140 3141
f 3057 3141 3142
f 3057 3142 3065
f 3057 3065 3058
f 3058 3065 3143
f 3058 3143 3059
f 3059 3062 3060
f 3059 3143 3065
f 3061 3062 3064
f 3063 3139 3144
f 3063 3144 3145
f 3063 3145 3141
f 3063 3141 3140
f 3065 3142 3146
f 3065 3146 3066
f 3066 3146 3133
f 3066 3133 3067
f 3068 3131 3069
f 3069 3131 3073
f 3069 3073 3072
f 3069 3072 3070
f 3071 3074 3147
f 3071 3147 3075
f 3073 3131 3148
f 3073 3148 3076
f 3073 3076 3074
f 3076 3148 3077
f 3077 3149 3078
f 3077 3148 3150
f 3077 3150 3149
f 3078 3081 3079
f 3078 3149 3081
f 3079 3081 3080
f 3081 3149 3082
f 3082 3149 3083
f 3083 3149 3084
f 3084 3149 3151
f 3086 3089 3088
f 3086 3088 3087
f 3086 3132 3133
f 3086 3133 3152
f 3086 3152 3089
f 3089 3153 3154
f 3089 3154 3155
f 3089 3155 3090
f 3089 3152 3156
f 3089 3156 3153
f 3090 3155 3091
f 3091 3155 3154
f 3091 3154 3157
f 3091 3157 3092
f 3092 3158 3159
f 3092 3159 3093
f 3092 3157 3160
f 3092 3160 3158
f 3093 3159 3161
f 3093 3161 3162
f 3093 3162 3163
f 3093 3163 3094
f 3094 3163 3095
f 3095 3105 3096
f 3095 3163 3164
f 3095 3164 3165
f 3095 3165 3166
f 3095 3166 3167
f 3095 3167 3168
f 3095 3168 3101
f 3095 3101 3169
f 3095 3169 3105
f 3099 3106 3100
f 3100 3106 3105
f 3100 3105 3169
f 3100 3169 3101
f 3101 3168 3170
f 3101 3170 3103
f 3102 3104 3171
f 3102 3171 3172
f 3102 3172 3108
f 3103 3170 3104
f 3104 3170 3171
f 3107 3173 3174
f 3107 3174 3109
f 3107 3108 3175
f 3107 3175 3176
f 3107 3176 3173
f 3108 3172 3167
f 3108 3167 3175
f 3109 3174 3177
f 3109 3177 3178
f 3109 3178 3112
f 3110 3111 3112
f 3112 3179 3180
f 3112 3180 3181
f 3112 3181 3113
f 3112 3178 3177
f 3112 3177 3179
f 3115 3134 3127
f 3115 3116 3134
f 3116 3126 3182
f 3116 3182 3134
f 3118 3183 3119
f 3119 3183 3120
f 3120 3184 3121
f 3120 3183 3184
f 3121 3185 3186
f 3121 3186 3122
f 3121 3184 3187
f 3121 3187 3185
f 3122 3186 3124
f 3122 3124 3123
f 3124 3188 3125
f 3124 3186 3189
f 3124 3189 3190
f 3124 3190 3188
f 3125 3191 3126
f 3125 3188 3192
f 3125 3192 3191
f 3126 3193 3194
f 3126 3194 3195
f 3126 3195 3182
f 3126 3191 3193
f 3128 3151 3150
f 3128 3150 3130
f 3128 3130 3129
f 3130 3150 3148
f 3130 3148 3131
f 3133 3146 3156
f 3133 3156 3152
f 3134 3182 3195
f 3134 3195 3136
f 3134 3136 3135
f 3136 3195 3194
f 3136 3194 3191
f 3136 3191 3196
f 3136 3196 3197
f 3136 3197 3198
f 3136 3198 3199
f 3136 3199 3137
f 3137 3199 3200
f 3137 3200 3138
f 3138 3201 3145
f 3138 3145 3144
f 3138 3144 3139
f 3138 3200 3202
f 3138 3202 3203
f 3138 3203 3201
f 3141 3145 3204
f 3141 3204 3205
f 3141 3205 3146
f 3141 3146 3142
f 3145 3201 3205
f 3145 3205 3204
f 3146 3205 3156
f 3149 3150 3151
f 3153 3156 3206
f 3153 3206 3207
f 3153 3207 3208
f 3153 3208 3209
f 3153 3209 3154
f 3154 3209 3210
f 3154 3210 3157
f 3156 3205 3206
f 3157 3210 3160
f 3158 3211 3159
f 3158 3160 3212
f 3158 3212 3211
f 3159 3213 3161
f 3159 3211 3213
f 3160 3210 3214
f 3160 3214 3215
f 3160 3215 3216
f 3160 3216 3211
f 3160 3211 3212
f 3161 3217 3218
f 3161 3218 3219
f 3161 3219 3164
f 3161 3164 3162
f 3161 3213 3220
f 3161 3220 3221
f 3161 3221 3222
f 3161 3222 3217
f 3162 3164 3163
f 3164 3219 3165
f 3165 3223 3224
f 3165 3224 3225
f 3165 3225 3226
f 3165 3226 3166
f 3165 3219 3223
f 3166 3226 3167
f 3167 3226 3227
f 3167 3227 3228
f 3167 3228 3229
f 3167 3229 3175
f 3167 3172 3168
f 3168 3172 3171
f 3168 3171 3170
f 3173 3176 3230
f 3173 3230 3177
f 3173 3177 3174
f 3175 3229 3231
f 3175 3231 3232
f 3175 3232 3230
f 3175 3230 3176
f 3177 3233 3234
f 3177 3234 3235
f 3177 3235 3236
f 3177 3236 3179
f 3177 3230 3237
f 3177 3237 3233
f 3179 3238 3239
f 3179 3239 3180
f 3179 3236 3238
f 3183 3240 3184
f 3184 3240 3241
f 3184 3241 3242
f 3184 3242 3187
f 3185 3243 3244
f 3185 3244 3186
f 3185 3187 3243
f 3186 3244 3189
f 3187 3245 3246
f 3187 3246 3247
f 3187 3247 3248
f 3187 3248 3243
f 3187 3242 3241
f 3187 3241 3249
f 3187 3249 3245
f 3188 3190 3192
f 3189 3244 3190
f 3190 3244 3250
f 3190 3250 3251
f 3190 3251 3252
f 3190 3252 3253
f 3190 3253 3254
f 3190 3254 3255
f 3190 3255 3256
f 3190 3256 3257
f 3190 3257 3192
f 3191 3192 3196
f 3191 3194 3193
f 3192 3257 3197
f 3192 3197 3196
f 3197 3258 3198
f 3197 3257 3259
f 3197 3259 3258
f 3198 3258 3200
f 3198 3200 3199
f 3200 3258 3202
f 3201 3203 3260
f 3201 3260 3205
f 3202 3261 3262
f 3202 3262 3263
f 3202 3263 3203
f 3202 3258 3261
f 3203 3263 3264
f 3203 3264 3265
f 3203 3265 3266
f 3203 3266 3260
f 3205 3260 3207
f 3205 3207 3206
f 3207 3260 3208
f 3208 3260 3266
f 3208 3266 3209
f 3209 3266 3267
f 3209 3267 3268
f 3209 3268 3214
f 3209 3214 3210
f 3211 3220 3213
f 3211 3216 3215
f 3211 3215 3214
f 3211 3214 3220
f 3214 3268 3269
f 3214 3269 3220
f 3217 3222 3270
f 3217 3270 3271
f 3217 3271 3272
f 3217 3272 3273
f 3217 3273 3274
f 3217 3274 3275
f 3217 3275 3276
f 3217 3276 3218
f 3218 3276 3223
f 3218 3223 3219
f 3220 3269 3277
f 3220 3277 3278
f 3220 3278 3279
f 3220 3279 3221
f 3221 3279 3280
f 3221 3280 3281
f 3221 3281 3270
f 3221 3270 3222
f 3223 3276 3224
f 3224 3276 3282
f 3224 3282 3283
f 3224 3283 3225
f 3225 3283 3228
f 3225 3228 3227
f 3225 3227 3226
f 3228 3283 3284
f 3228 3284 3229
f 3229 3284 3231
f 3230 3232 3285
f 3230 3285 3286
f 3230 3286 3287
f 3230 3287 3237
f 3231 3285 3232
f 3231 3284 3288
f 3231 3288 3285
f 3233 3237 3289
f 3233 3289 3234
f 3235 3290 3236
f 3236 3290 3238
f 3237 3291 3289
f 3237 3287 3286
f 3237 3286 3292
f 3237 3292 3291
f 3243 3293 3244
f 3243 3248 3294
f 3243 3294 3293
f 3244 3293 3250
f 3245 3295 3246
f 3246 3295 3296
f 3246 3296 3297
f 3246 3297 3247
f 3247 3297 3298
f 3247 3298 3299
f 3247 3299 3300
f 3247 3300 3301
f 3247 3301 3248
f 3248 3301 3294
f 3250 3293 3302
f 3250 3302 3251
f 3251 3302 3303
f 3251 3303 3304
f 3251 3304 3252
f 3252 3304 3303
f 3252 3303 3305
f 3252 3305 3306
f 3252 3306 3307
f 3252 3307 3308
f 3252 3308 3309
f 3252 3309 3270
f 3252 3270 3310
f 3252 3310 3311
f 3252 3311 3312
f 3252 3312 3253
f 3253 3311 3262
f 3253 3262 3313
f 3253 3313 3255
f 3253 3255 3254
f 3253 3312 3311
f 3255 3313 3259
f 3255 3259 3256
f 3256 3259 3257
f 3258 3259 3261
f 3259 3313 3261
f 3261 3313 3262
f 3262 3314 3315
f 3262 3315 3263
f 3262 3311 3314
f 3263 3315 3264
f 3264 3267 3266
f 3264 3266 3265
f 3264 3315 3316
f 3264 3316 3317
f 3264 3317 3267
f 3267 3317 3268
f 3268 3317 3316
f 3268 3316 3318
f 3268 3318 3269
f 3269 3318 3278
f 3269 3278 3277
f 3270 3281 3311
f 3270 3311 3310
f 3270 3309 3319
f 3270 3319 3271
f 3271 3319 3272
f 3272 3319 3273
f 3273 3319 3320
f 3273 3320 3321
f 3273 3321 3274
f 3274 3321 3275
f 3275 3321 3282
f 3275 3282 3276
f 3278 3318 3316
f 3278 3316 3322
f 3278 3322 3279
f 3279 3322 3280
f 3280 3322 3281
f 3281 3322 3314
f 3281 3314 3311
f 3282 3321 3323
f 3282 3323 3288
f 3282 3288 3284
f 3282 3284 3283
f 3285 3288 3286
f 3286 3288 3324
f 3286 3324 3323
f 3286 3323 3325
f 3286 3325 3326
f 3286 3326 3292
f 3288 3323 3324
f 3291 3292 3326
f 3291 3326 3327
f 3293 3294 3301
f 3293 3301 3300
f 3293 3300 3328
f 3293 3328 3302
f 3296 3329 3297
f 3297 3330 3331
f 3297 3331 3332
f 3297 3332 3298
f 3297 3329 3330
f 3298 3332 3333
f 3298 3333 3334
f 3298 3334 3335
f 3298 3335 3336
f 3298 3336 3337
f 3298 3337 3299
f 3299 3337 3338
f 3299 3338 3339
f 3299 3339 3300
f 3300 3339 3340
f 3300 3340 3328
f 3302 3328 3340
f 3302 3340 3341
f 3302 3341 3303
f 3303 3341 3305
f 3305 3341 3306
f 3306 3342 3307
f 3306 3341 3340
f 3306 3340 3339
f 3306 3339 3338
f 3306 3338 3343
f 3306 3343 3342
f 3307 3342 3308
f 3308 3342 3309
f 3309 3342 3319
f 3314 3322 3316
f 3314 3316 3315
f 3319 3342 3320
f 3320 3342 3343
f 3320 3343 3344
f 3320 3344 3345
f 3320 3345 3323
f 3320 3323 3321
f 3323 3345 3344
f 3323 3344 3346
f 3323 3346 3326
f 3323 3326 3325
f 3326 3346 3344
f 3326 3344 3347
f 3326 3347 3327
f 3327 3347 3337
f 3327 3337 3336
f 3337 3343 3338
f 3337 3347 3344
f 3337 3344 3343
o convex_3
v 0.434655 0.404791 -0.0728962
v 0.460177 0.375863 -0.0728962
v 0.434655 0.405127 -0.072631
v 0.434655 0.612946 -0.0728962
v 0.434655 0.434102 -0.0522933
v 0.434655 0.410835 -0.0682294
v 0.650398 0.375863 -0.0728962
v 0.661111 0.375863 0.0741879
v 0.434655 0.5655 0.0367739
v 0.434655 0.620429 -0.0680968
v 0.45275 0.60196 -0.0728962
v 0.639595 0.395772 -0.0728962
v 0.662461 0.375863 -0.0647028
v 0.737812 0.375863 0.130296
v 0.434655 0.742952 0.156812
v 0.434655 0.657129 -0.0434635
v 0.458871 0.650892 -0.0379216
v 0.469719 0.604215 -0.0638277
v 0.469494 0.59011 -0.0728962
v 0.463508 0.615824 -0.0592405
v 0.670113 0.382291 -0.0570927
v 0.629107 0.411987 -0.0728962
v 0.663587 0.375863 -0.0639338
v 0.791916 0.375863 0.169778
v 0.434655 0.758496 0.167206
v 0.800423 0.375863 0.175983
v 0.434655 0.677277 -0.0295426
v 0.469179 0.661494 -0.025194
v 0.484303 0.655354 -0.021959
v 0.469494 0.647006 -0.0353231
v 0.434655 0.683802 -0.0249818
v 0.434655 0.690902 -0.0199703
v 0.439966 0.689319 -0.0188036
v 0.462562 0.672384 -0.0204476
v 0.476291 0.611027 -0.056032
v 0.484258 0.598266 -0.0602746
v 0.47161 0.588383 -0.0728962
v 0.691224 0.385602 -0.039433
v 0.693835 0.375863 -0.0414748
v 0.678801 0.375863 -0.0530357
v 0.671779 0.375863 -0.0582859
v 0.642296 0.411555 -0.0635095
v 0.666692 0.392845 -0.0545206
v 0.708464 0.401577 -0.0187771
v 0.627397 0.414385 -0.0728962
v 0.631853 0.440003 -0.0571192
v 0.434655 0.775334 0.177945
v 0.802314 0.375863 0.177202
v 0.475346 0.668163 -0.0173187
v 0.489885 0.661494 -0.0144815
v 0.497087 0.650556 -0.0185384
v 0.480342 0.633334 -0.0389823
v 0.434655 0.696611 -0.0156482
v 0.443117 0.710475 -0.00117048
v 0.449824 0.699777 -0.00607594
v 0.450319 0.685961 -0.0162846
v 0.470575 0.680923 -0.0101064
v 0.493126 0.628201 -0.0355882
v 0.497042 0.592989 -0.0568275
v 0.500958 0.615488 -0.0398308
v 0.488174 0.584066 -0.0668771
v 0.482773 0.578597 -0.0728962
v 0.701667 0.375863 -0.0353496
v 0.729529 0.404695 -0.00109094
v 0.642296 0.432663 -0.0529827
v 0.653144 0.404887 -0.0587101
v 0.705043 0.411987 -0.016205
v 0.712695 0.427242 -0.00281448
v 0.725478 0.417456 0.00203795
v 0.618214 0.426858 -0.0728962
v 0.618439 0.488648 -0.041846
v 0.631853 0.516664 -0.0187771
v 0.653189 0.481548 -0.0203946
v 0.434655 0.794619 0.188445
v 0.815097 0.375863 0.185263
v 0.478587 0.689463 0.000261377
v 0.506944 0.660871 -0.00541304
v 0.521303 0.654394 -0.00217809
v 0.488669 0.676174 -0.00419331
v 0.500012 0.671952 -0.0010379
v 0.534042 0.649405 0.00150763
v 0.554612 0.631367 0.000632598
v 0.538003 0.614433 -0.0199703
v 0.5078 0.636548 -0.021959
v 0.434655 0.712921 -0.00307964
v 0.434655 0.719686 0.00232963
v 0.434655 0.732782 0.0131481
v 0.444963 0.730815 0.0168339
v 0.450454 0.71863 0.00946242
v 0.469494 0.713641 0.0151634
v 0.455901 0.706397 0.00206447
v 0.465803 0.693636 -0.00289402
v 0.50753 0.603735 -0.0439938
v 0.521438 0.597402 -0.0405467
v 0.534222 0.592029 -0.0369936
v 0.541649 0.579269 -0.0411301
v 0.517207 0.574663 -0.0573578
v 0.504424 0.580228 -0.0606988
v 0.493531 0.568379 -0.0728962
v 0.536742 0.555906 -0.05757
v 0.715441 0.375863 -0.0243985
v 0.733265 0.431176 0.0150308
v 0.737902 0.412322 0.00940939
v 0.750055 0.407189 0.0167808
v 0.724848 0.375863 -0.0167354
v 0.657195 0.431176 -0.0425619
v 0.705043 0.488648 0.0221105
v 0.712695 0.503903 0.0355011
v 0.725478 0.455834 0.021209
v 0.729574 0.443073 0.0180271
v 0.729574 0.481404 0.0371716
v 0.612093 0.435062 -0.0728962
v 0.614343 0.461399 -0.0582329
v 0.614343 0.499729 -0.0390618
v 0.609527 0.51249 -0.0358799
v 0.618304 0.526978 -0.0225954
v 0.627892 0.526978 -0.016152
v 0.631448 0.554562 0.000632598
v 0.636129 0.541802 -0.00276144
v 0.648913 0.532639 0.00198492
v 0.653189 0.519878 -0.00122352
v 0.434655 0.79625 0.189214
v 0.766439 0.44077 0.191601
v 0.816718 0.375863 0.186112
v 0.785209 0.421102 0.191813
v 0.488669 0.685769 0.00323117
v 0.471115 0.699777 0.00461
v 0.480792 0.710139 0.0181597
v 0.52873 0.662406 0.00853436
v 0.54615 0.657081 0.0147126
v 0.557493 0.652811 0.0181066
v 0.502128 0.692725 0.0168339
v 0.507439 0.679964 0.00980713
v 0.54741 0.642593 0.00447742
v 0.577208 0.634629 0.0176028
v 0.561274 0.618654 -0.00360996
v 0.558078 0.596299 -0.0206597
v 0.550786 0.609108 -0.0163641
v 0.545115 0.603063 -0.023603
v 0.570231 0.647438 0.0219514
v 0.593143 0.650604 0.0388951
v 0.434655 0.735181 0.0151899
v 0.43479 0.743576 0.0224287
v 0.475526 0.783442 0.07851
v 0.47386 0.763293 0.0602405
v 0.482458 0.730336 0.0364026
v 0.547275 0.585169 -0.0341829
v 0.554432 0.573656 -0.0375769
v 0.526975 0.570058 -0.0547062
v 0.513336 0.548758 -0.0728962
v 0.549526 0.549525 -0.0539903
v 0.555918 0.536717 -0.05757
v 0.544349 0.544344 -0.0595852
v 0.560869 0.560847 -0.0412096
v 0.733265 0.469506 0.0342018
v 0.742853 0.431176 0.0227734
v 0.746319 0.41995 0.0199893
v 0.803349 0.399514 0.0587291
v 0.783094 0.397067 0.0404861
v 0.798038 0.375863 0.0441983
v 0.78737 0.375863 0.0351829
v 0.774947 0.375863 0.0247887
v 0.756897 0.375863 0.00970107
v 0.737587 0.375863 -0.00626155
v 0.766754 0.422109 0.0380732
v 0.78719 0.42422 0.0561836
v 0.790521 0.411987 0.0533198
v 0.708464 0.516664 0.0387095
v 0.725478 0.494164 0.04038
v 0.742853 0.469506 0.041971
v 0.746319 0.458281 0.0391338
v 0.598274 0.453531 -0.0728962
v 0.60336 0.488935 -0.0517895
v 0.58513 0.509372 -0.0537251
v 0.596744 0.520933 -0.0401225
v 0.603315 0.52717 -0.0325124
v 0.614163 0.537772 -0.0197847
v 0.642296 0.547366 0.00474258
v 0.603045 0.544968 -0.0233909
v 0.579054 0.541658 -0.041077
v 0.58504 0.547271 -0.0340503
v 0.596293 0.558064 -0.0206597
v 0.624156 0.5667 0.00360239
v 0.634734 0.577254 0.0176028
v 0.650713 0.593181 0.0388951
v 0.647517 0.570298 0.0219249
v 0.652874 0.557489 0.0181066
v 0.65697 0.546119 0.0150573
v 0.670158 0.535805 0.0195385
v 0.661696 0.527841 0.00917075
v 0.434655 0.802103 0.191442
v 0.832157 0.375863 0.193483
v 0.434655 0.805077 0.192502
v 0.822749 0.381812 0.192131
v 0.487769 0.699201 0.0134928
v 0.493531 0.705486 0.0219514
v 0.519098 0.729328 0.0564752
v 0.531881 0.724675 0.060267
v 0.498437 0.766603 0.0765213
v 0.520808 0.749573 0.0746917
v 0.526975 0.695411 0.0338571
v 0.540478 0.711914 0.0551494
v 0.574508 0.689559 0.057695
v 0.572392 0.668786 0.0398232
v 0.595528 0.671856 0.0564752
v 0.580359 0.655977 0.0347321
v 0.5096 0.700688 0.0276789
v 0.574012 0.61237 0.000579567
v 0.580449 0.599609 -0.0036895
v 0.570862 0.590015 -0.0164702
v 0.577253 0.577254 -0.0207128
v 0.564785 0.58397 -0.0243985
v 0.602595 0.660295 0.0525509
v 0.615109 0.653387 0.056104
v 0.605026 0.643313 0.0419975
v 0.631538 0.61237 0.0388951
v 0.618754 0.61875 0.0346261
v 0.434655 0.743624 0.0224022
v 0.434655 0.754082 0.0315767
v 0.462742 0.78728 0.0751425
v 0.469764 0.795339 0.086014
v 0.488669 0.790062 0.091715
v 0.488669 0.779316 0.0821427
v 0.488669 0.769721 0.0737902
v 0.484033 0.750532 0.0546987
v 0.56645 0.56646 -0.0345541
v 0.573652 0.554419 -0.0375769
v 0.521483 0.54065 -0.0728962
v 0.548761 0.513354 -0.0728962
v 0.569826 0.526978 -0.0545206
v 0.574373 0.51676 -0.0571457
v 0.560239 0.526978 -0.0600359
v 0.559564 0.50208 -0.0728962
v 0.532511 0.529616 -0.0728962
v 0.800108 0.411987 0.0615398
v 0.810731 0.411987 0.0710855
v 0.814827 0.393757 0.0665513
v 0.8065 0.386753 0.056051
v 0.809066 0.375863 0.0536911
v 0.775082 0.429545 0.0487326
v 0.76977 0.450317 0.0547252
v 0.783364 0.437029 0.0594185
v 0.795247 0.431272 0.066896
v 0.80713 0.425515 0.0744
v 0.704818 0.526978 0.0416528
v 0.729259 0.519062 0.0565018
v 0.718861 0.509276 0.0430316
v 0.691134 0.538348 0.0372777
v 0.737812 0.488791 0.047778
v 0.732815 0.507789 0.0535055
v 0.756582 0.467827 0.0526039
v 0.75001 0.483418 0.0551494
v 0.766709 0.460343 0.0572707
v 0.58513 0.471041 -0.0728962
v 0.579189 0.503999 -0.0603541
v 0.58504 0.52717 -0.0447097
v 0.591792 0.533694 -0.0368345
v 0.58396 0.564781 -0.0243985
v 0.589992 0.570873 -0.0164702
v 0.63793 0.599609 0.0346261
v 0.643376 0.60503 0.0419975
v 0.653459 0.615152 0.0560775
v 0.660346 0.602631 0.0525244
v 0.671914 0.595579 0.0564487
v 0.65607 0.58042 0.0347056
v 0.660841 0.564973 0.0289517
v 0.719897 0.547942 0.065968
v 0.834003 0.375863 0.193934
v 0.434655 0.813137 0.194385
v 0.517027 0.7087 0.0385504
v 0.54786 0.738395 0.0810555
v 0.542594 0.732494 0.0730212
v 0.533547 0.745255 0.0783509
v 0.555377 0.727841 0.0768395
v 0.499697 0.786608 0.0948704
v 0.511221 0.762334 0.080154
v 0.576398 0.710235 0.0756198
v 0.584455 0.676174 0.0530547
v 0.60255 0.67934 0.0677976
v 0.617134 0.674015 0.0737371
v 0.608312 0.666148 0.0610095
v 0.627892 0.647006 0.0608504
v 0.621995 0.641154 0.0523122
v 0.629918 0.668306 0.0784039
v 0.643871 0.662981 0.0847678
v 0.636399 0.655546 0.0736046
v 0.434655 0.774471 0.0495281
v 0.434655 0.793084 0.066074
v 0.434655 0.794811 0.0676119
v 0.463958 0.807092 0.0935446
v 0.476741 0.80335 0.0972038
v 0.571222 0.488696 -0.0728962
v 0.569241 0.491094 -0.0728962
v 0.820319 0.411987 0.0803131
v 0.823155 0.400761 0.0774759
v 0.826035 0.388 0.0744
v 0.818698 0.375863 0.0623088
v 0.779358 0.450317 0.0629717
v 0.82599 0.425467 0.093465
v 0.790071 0.450317 0.0725439
v 0.78665 0.461639 0.0756463
v 0.803304 0.438324 0.0780858
v 0.814782 0.431895 0.0857754
v 0.718411 0.526066 0.051888
v 0.745194 0.533262 0.078457
v 0.749245 0.520502 0.0749038
v 0.742403 0.507789 0.0618315
v 0.746049 0.496179 0.058623
v 0.724668 0.531871 0.060267
v 0.73241 0.542617 0.0729947
v 0.748254 0.557057 0.0948704
v 0.762793 0.473152 0.0607443
v 0.641756 0.641681 0.0672142
v 0.649183 0.649165 0.0783774
v 0.663046 0.64384 0.0847678
v 0.689604 0.632087 0.0959575
v 0.666197 0.608388 0.0608504
v 0.687173 0.610019 0.0787752
v 0.692349 0.597258 0.0745061
v 0.710264 0.576486 0.0755933
v 0.689559 0.574567 0.057695
v 0.67619 0.58445 0.0530282
v 0.668808 0.572408 0.0398232
v 0.727864 0.555378 0.0768395
v 0.852683 0.375863 0.196665
v 0.833507 0.392845 0.196586
v 0.814332 0.411987 0.196347
v 0.680241 0.565308 0.196904
v 0.5078 0.756865 0.196904
v 0.488669 0.776006 0.196665
v 0.469494 0.795195 0.196347
v 0.450319 0.814336 0.195949
v 0.434655 0.833525 0.195472
v 0.557043 0.748277 0.0948704
v 0.54615 0.751923 0.0916089
v 0.512481 0.782338 0.0990599
v 0.534852 0.76526 0.0969386
v 0.522068 0.769577 0.0929347
v 0.488669 0.799657 0.100916
v 0.499697 0.805749 0.113962
v 0.577658 0.730431 0.0938097
v 0.58342 0.717671 0.0869686
v 0.596834 0.692101 0.0746387
v 0.631313 0.688935 0.0965409
v 0.652874 0.691046 0.113882
v 0.651298 0.670417 0.0959575
v 0.662911 0.662838 0.0989538
v 0.434655 0.798985 0.0714302
v 0.434655 0.804694 0.0766804
v 0.434655 0.814384 0.0861731
v 0.450319 0.820093 0.0996963
v 0.463913 0.82609 0.112636
v 0.47035 0.814816 0.10492
v 0.476696 0.822492 0.116401
v 0.488669 0.809251 0.110488
v 0.828961 0.411987 0.0899119
v 0.836748 0.375863 0.0808169
v 0.828646 0.375863 0.071828
v 0.822434 0.438276 0.0973364
v 0.82482 0.461543 0.113962
v 0.827701 0.450317 0.110568
v 0.840844 0.435685 0.117886
v 0.84368 0.422925 0.114174
v 0.838549 0.411987 0.101632
v 0.76995 0.484714 0.0734985
v 0.765989 0.497523 0.0770516
v 0.751675 0.546119 0.0916884
v 0.782734 0.474448 0.079385
v 0.768825 0.521269 0.0934915
v 0.785434 0.497906 0.095984
v 0.80587 0.461735 0.0947113
v 0.753206 0.507789 0.0713772
v 0.724128 0.565308 0.0799684
v 0.737271 0.564205 0.0902566
v 0.730565 0.578069 0.0936506
v 0.725568 0.59083 0.0980788
v 0.709949 0.633526 0.114041
v 0.727549 0.612418 0.115553
v 0.749875 0.578357 0.112344
v 0.755456 0.563437 0.106776
v 0.76743 0.557057 0.113988
v 0.761263 0.546119 0.100996
v 0.764909 0.534078 0.0973098
v 0.681997 0.643696 0.0989538
v 0.691494 0.653147 0.113538
v 0.698471 0.640674 0.109799
v 0.700542 0.624507 0.0998023
v 0.694915 0.619374 0.0915294
v 0.707698 0.611602 0.0968591
v 0.717916 0.583682 0.08673
v 0.71454 0.565308 0.0721727
v 0.871318 0.375863 0.193987
v 0.852683 0.392845 0.196983
v 0.833507 0.411987 0.197885
v 0.814332 0.431176 0.197779
v 0.795202 0.450317 0.197673
v 0.756852 0.488648 0.197434
v 0.699371 0.546119 0.197036
v 0.5078 0.776006 0.197964
v 0.584455 0.680204 0.197434
v 0.488669 0.795195 0.197567
v 0.434655 0.845471 0.192953
v 0.469494 0.814336 0.196135
v 0.591117 0.745063 0.117144
v 0.633473 0.72904 0.133159
v 0.612138 0.727265 0.115738
v 0.54615 0.761518 0.100704
v 0.557043 0.767419 0.113988
v 0.563435 0.755473 0.106776
v 0.578334 0.749909 0.112344
v 0.54615 0.780707 0.119875
v 0.52846 0.777013 0.10439
v 0.488669 0.818798 0.120087
v 0.499562 0.824746 0.133133
v 0.512481 0.80148 0.118231
v 0.590442 0.725106 0.0983705
v 0.640135 0.698194 0.110833
v 0.632573 0.709131 0.11481
v 0.622761 0.722804 0.11961
v 0.653144 0.710571 0.132523
v 0.672319 0.672336 0.113538
v 0.659986 0.67934 0.109719
v 0.679341 0.660151 0.109507
v 0.434655 0.832134 0.104071
v 0.434655 0.842832 0.115288
v 0.434655 0.850172 0.123667
v 0.434655 0.851659 0.125417
v 0.469359 0.833525 0.124621
v 0.488669 0.827769 0.129686
v 0.856824 0.375863 0.105132
v 0.845211 0.375863 0.090946
v 0.802044 0.474496 0.0985561
v 0.80452 0.49781 0.115235
v 0.806455 0.520406 0.132125
v 0.829456 0.468547 0.124621
v 0.8426 0.458904 0.134777
v 0.838144 0.45166 0.124383
v 0.78647 0.556913 0.133159
v 0.845796 0.446143 0.13064
v 0.858849 0.431176 0.138622
v 0.848406 0.430072 0.124383
v 0.861415 0.41971 0.135201
v 0.864251 0.40695 0.131542
v 0.872173 0.375863 0.123958
v 0.871723 0.375863 0.123402
v 0.776477 0.527698 0.104946
v 0.782464 0.507789 0.0989538
v 0.704278 0.646287 0.119663
v 0.729034 0.63343 0.133133
v 0.723633 0.622732 0.119451
v 0.73313 0.622732 0.129023
v 0.762658 0.569866 0.118735
v 0.780438 0.546119 0.120167
v 0.77085 0.546119 0.110568
v 0.710534 0.653051 0.132417
v 0.685102 0.665956 0.119636
v 0.697841 0.659527 0.126027
v 0.875909 0.375863 0.191733
v 0.865016 0.411987 0.193139
v 0.852683 0.411987 0.19632
v 0.833507 0.431176 0.197938
v 0.814332 0.450317 0.197991
v 0.756852 0.507789 0.197991
v 0.718546 0.546119 0.197991
v 0.699371 0.565308 0.197991
v 0.680241 0.58445 0.197964
v 0.661111 0.603639 0.197885
v 0.641936 0.622732 0.197779
v 0.622761 0.641873 0.197673
v 0.526975 0.756865 0.197991
v 0.56528 0.737723 0.197991
v 0.54615 0.756865 0.197673
v 0.50933 0.796826 0.19518
v 0.526975 0.776006 0.197036
v 0.441902 0.843696 0.191972
v 0.434655 0.855017 0.184733
v 0.487454 0.81448 0.19412
v 0.469494 0.827001 0.193139
v 0.480252 0.824507 0.191972
v 0.569826 0.762669 0.118735
v 0.599624 0.751348 0.129924
v 0.623346 0.742521 0.142307
v 0.636759 0.732206 0.143713
v 0.556953 0.786464 0.133133
v 0.612363 0.746646 0.135016
v 0.54615 0.79011 0.129447
v 0.462022 0.84408 0.132815
v 0.474806 0.841009 0.14008
v 0.486869 0.836596 0.145357
v 0.502893 0.826953 0.143713
v 0.534717 0.803542 0.137084
v 0.646347 0.723284 0.143713
v 0.656295 0.713737 0.143713
v 0.691404 0.67224 0.132417
v 0.434655 0.860678 0.139019
v 0.787955 0.521269 0.11261
v 0.784084 0.534078 0.116481
v 0.84404 0.48054 0.152039
v 0.822749 0.496131 0.135625
v 0.826305 0.48337 0.131065
v 0.839719 0.469506 0.138463
v 0.852998 0.450941 0.143289
v 0.847011 0.469506 0.148035
v 0.75136 0.599609 0.129924
v 0.746679 0.61237 0.135016
v 0.750415 0.617311 0.147796
v 0.76761 0.595771 0.150819
v 0.78881 0.560415 0.143713
v 0.806095 0.538492 0.150501
v 0.863305 0.442929 0.151827
v 0.866006 0.431176 0.148194
v 0.880815 0.375863 0.135148
v 0.732185 0.636692 0.143713
v 0.742493 0.623308 0.142334
v 0.723273 0.646287 0.143713
v 0.704142 0.665812 0.143713
v 0.713685 0.656217 0.143713
v 0.882616 0.375863 0.18704
v 0.878655 0.37831 0.190063
v 0.86308 0.423356 0.192157
v 0.853178 0.430312 0.194464
v 0.833507 0.450317 0.196771
v 0.814332 0.469506 0.197726
v 0.795202 0.488648 0.197991
v 0.60363 0.699393 0.197991
v 0.60363 0.718534 0.19762
v 0.584455 0.737723 0.197036
v 0.545745 0.776294 0.194438
v 0.526975 0.791261 0.193854
v 0.503974 0.808196 0.193324
v 0.493036 0.820957 0.189745
v 0.454685 0.840194 0.189612
v 0.469494 0.836548 0.186032
v 0.469494 0.846046 0.176433
v 0.434655 0.864276 0.174922
v 0.516757 0.80431 0.191389
v 0.617359 0.750388 0.147796
v 0.649858 0.726498 0.157262
v 0.630098 0.745447 0.158694
v 0.595753 0.767611 0.150846
v 0.479307 0.843216 0.152861
v 0.43668 0.86015 0.140186
v 0.515902 0.822971 0.158217
v 0.538273 0.805941 0.149864
v 0.688163 0.688167 0.157262
v 0.434655 0.861734 0.14191
v 0.82311 0.516136 0.157607
v 0.839584 0.492533 0.162857
v 0.845526 0.482939 0.162857
v 0.852863 0.469506 0.162857
v 0.860065 0.455498 0.162857
v 0.745419 0.630072 0.158668
v 0.762658 0.607717 0.162857
v 0.784714 0.573512 0.15774
v 0.75208 0.623308 0.164183
v 0.747579 0.63271 0.171448
v 0.864791 0.445904 0.162857
v 0.871723 0.431176 0.162857
v 0.8814 0.402344 0.153418
v 0.886892 0.375863 0.144217
v 0.886352 0.375863 0.143342
v 0.726469 0.649789 0.157289
v 0.888962 0.375863 0.180676
v 0.882751 0.405942 0.175055
v 0.867312 0.430312 0.182506
v 0.859884 0.436117 0.189214
v 0.84395 0.461591 0.192157
v 0.846741 0.450317 0.193589
v 0.885226 0.392845 0.178024
v 0.833732 0.468595 0.194279
v 0.816043 0.490279 0.195207
v 0.795202 0.507789 0.197116
v 0.776027 0.526978 0.197646
v 0.756852 0.546119 0.197964
v 0.737722 0.565308 0.197991
v 0.718546 0.603639 0.19762
v 0.623886 0.719638 0.194836
v 0.603225 0.737915 0.194385
v 0.584455 0.752979 0.193854
v 0.561499 0.770105 0.193324
v 0.539083 0.78728 0.192502
v 0.50933 0.81448 0.186775
v 0.5078 0.826953 0.176142
v 0.486644 0.832518 0.181551
v 0.480252 0.843696 0.173384
v 0.441137 0.862453 0.172774
v 0.434655 0.865955 0.162857
v 0.526975 0.800856 0.188896
v 0.574237 0.765979 0.191389
v 0.551866 0.782866 0.190036
v 0.652469 0.729088 0.170017
v 0.623346 0.752019 0.16421
v 0.632708 0.747558 0.171475
v 0.573382 0.784641 0.158244
v 0.598004 0.769098 0.162857
v 0.607591 0.762573 0.162857
v 0.489705 0.838755 0.162857
v 0.508835 0.828296 0.163918
v 0.434655 0.86394 0.14838
v 0.440912 0.862357 0.152967
v 0.480162 0.843648 0.162857
v 0.517792 0.824219 0.170998
v 0.575273 0.785888 0.170998
v 0.699056 0.679868 0.163653
v 0.718186 0.660727 0.163679
v 0.801234 0.550437 0.162857
v 0.818068 0.525395 0.163547
v 0.824325 0.517959 0.170361
v 0.829006 0.508988 0.163547
v 0.824325 0.517959 0.173172
v 0.845391 0.482795 0.176301
v 0.864611 0.445424 0.17646
v 0.737271 0.64125 0.164369
v 0.769185 0.598122 0.162857
v 0.779628 0.582867 0.163626
v 0.747579 0.63271 0.17288
v 0.785975 0.575431 0.17052
v 0.729079 0.652427 0.17007
v 0.882751 0.405942 0.166198
v 0.87924 0.412179 0.161028
v 0.894499 0.375863 0.163335
v 0.893464 0.375863 0.16063
v 0.848316 0.468595 0.182426
v 0.840304 0.474352 0.189082
v 0.82356 0.497762 0.191389
v 0.827521 0.485002 0.193377
v 0.810506 0.507789 0.193934
v 0.795382 0.526594 0.194464
v 0.777557 0.54751 0.195154
v 0.756852 0.565308 0.196771
v 0.737722 0.58445 0.197249
v 0.719627 0.623835 0.194836
v 0.643016 0.700496 0.194836
v 0.637389 0.713977 0.193245
v 0.618214 0.731727 0.193245
v 0.596564 0.748949 0.192502
v 0.525309 0.813857 0.178184
v 0.517792 0.824219 0.172854
v 0.434655 0.865859 0.159304
v 0.546015 0.795099 0.182744
v 0.540163 0.807188 0.175452
v 0.584455 0.762525 0.188896
v 0.609347 0.744488 0.190036
v 0.652469 0.729088 0.173596
v 0.632708 0.747558 0.172854
v 0.575273 0.785888 0.172854
v 0.807265 0.540314 0.176354
v 0.785975 0.575431 0.173092
v 0.76896 0.597786 0.175903
v 0.729079 0.652427 0.173596
v 0.736371 0.640194 0.176911
v 0.738127 0.623835 0.186934
v 0.750955 0.622732 0.176566
v 0.784939 0.55485 0.191229
v 0.801864 0.532687 0.189135
v 0.80641 0.519926 0.192582
v 0.78908 0.542089 0.193298
v 0.771481 0.565308 0.193589
v 0.738127 0.603687 0.194544
v 0.732005 0.618223 0.193245
v 0.713955 0.637316 0.193245
v 0.694825 0.656505 0.193245
v 0.65652 0.694835 0.193245
v 0.650173 0.707596 0.191097
v 0.630998 0.726738 0.191097
v 0.603495 0.756769 0.182744
v 0.597644 0.768858 0.175452
v 0.622761 0.750868 0.17638
v 0.623886 0.737915 0.186775
v 0.640225 0.73638 0.176911
v 0.643016 0.719638 0.187862
v 0.659761 0.717191 0.177362
v 0.678891 0.69805 0.177362
v 0.717196 0.659719 0.177335
v 0.719627 0.642977 0.187835
v 0.726739 0.630935 0.19107
v 0.744788 0.610067 0.190275
v 0.762478 0.589055 0.188684
v 0.76743 0.576294 0.192157
v 0.749695 0.597306 0.192741
v 0.756402 0.583394 0.193881
v 0.662191 0.700496 0.187835
f 3348 3349 3350
f 3348 3350 3353
f 3348 3353 3352
f 3348 3352 3356
f 3348 3356 3362
f 3348 3362 3372
f 3348 3372 3394
f 3348 3394 3421
f 3348 3421 3469
f 3348 3469 3538
f 3348 3538 3540
f 3348 3540 3616
f 3348 3616 3680
f 3348 3680 3749
f 3348 3749 3823
f 3348 3823 3882
f 3348 3882 3934
f 3348 3934 3986
f 3348 3986 3946
f 3348 3946 3893
f 3348 3893 3842
f 3348 3842 3774
f 3348 3774 3773
f 3348 3773 3772
f 3348 3772 3771
f 3348 3771 3697
f 3348 3697 3696
f 3348 3696 3695
f 3348 3695 3636
f 3348 3636 3635
f 3348 3635 3634
f 3348 3634 3566
f 3348 3566 3565
f 3348 3565 3489
f 3348 3489 3434
f 3348 3434 3433
f 3348 3433 3432
f 3348 3432 3400
f 3348 3400 3379
f 3348 3379 3378
f 3348 3378 3374
f 3348 3374 3363
f 3348 3363 3357
f 3348 3357 3351
f 3348 3351 3358
f 3348 3358 3366
f 3348 3366 3384
f 3348 3384 3409
f 3348 3409 3446
f 3348 3446 3497
f 3348 3497 3575
f 3348 3575 3581
f 3348 3581 3576
f 3348 3576 3580
f 3348 3580 3640
f 3348 3640 3639
f 3348 3639 3601
f 3348 3601 3519
f 3348 3519 3459
f 3348 3459 3417
f 3348 3417 3392
f 3348 3392 3369
f 3348 3369 3359
f 3348 3359 3354
f 3348 3354 3349
f 3349 3352 3353
f 3349 3353 3350
f 3349 3354 3360
f 3349 3360 3370
f 3349 3370 3388
f 3349 3388 3387
f 3349 3387 3386
f 3349 3386 3410
f 3349 3410 3448
f 3349 3448 3452
f 3349 3452 3511
f 3349 3511 3510
f 3349 3510 3509
f 3349 3509 3508
f 3349 3508 3507
f 3349 3507 3586
f 3349 3586 3644
f 3349 3644 3705
f 3349 3705 3704
f 3349 3704 3778
f 3349 3778 3777
f 3349 3777 3792
f 3349 3792 3791
f 3349 3791 3859
f 3349 3859 3908
f 3349 3908 3907
f 3349 3907 3969
f 3349 3969 3968
f 3349 3968 3910
f 3349 3910 3865
f 3349 3865 3805
f 3349 3805 3739
f 3349 3739 3672
f 3349 3672 3615
f 3349 3615 3539
f 3349 3539 3471
f 3349 3471 3422
f 3349 3422 3395
f 3349 3395 3373
f 3349 3373 3371
f 3349 3371 3361
f 3349 3361 3355
f 3349 3355 3356
f 3349 3356 3352
f 3351 3357 3358
f 3354 3359 3360
f 3355 3361 3362
f 3355 3362 3356
f 3357 3363 3364
f 3357 3364 3358
f 3358 3365 3366
f 3358 3364 3367
f 3358 3367 3365
f 3359 3368 3360
f 3359 3369 3368
f 3360 3368 3370
f 3361 3371 3362
f 3362 3371 3373
f 3362 3373 3372
f 3363 3374 3364
f 3364 3375 3376
f 3364 3376 3377
f 3364 3377 3367
f 3364 3374 3378
f 3364 3378 3379
f 3364 3379 3380
f 3364 3380 3381
f 3364 3381 3375
f 3365 3382 3383
f 3365 3383 3366
f 3365 3367 3382
f 3366 3383 3384
f 3367 3377 3382
f 3368 3385 3386
f 3368 3386 3387
f 3368 3387 3388
f 3368 3388 3370
f 3368 3369 3389
f 3368 3389 3390
f 3368 3390 3391
f 3368 3391 3385
f 3369 3392 3393
f 3369 3393 3389
f 3372 3373 3394
f 3373 3395 3394
f 3375 3396 3376
f 3375 3381 3396
f 3376 3396 3397
f 3376 3397 3398
f 3376 3398 3399
f 3376 3399 3377
f 3377 3399 3382
f 3379 3400 3380
f 3380 3400 3401
f 3380 3401 3402
f 3380 3402 3403
f 3380 3403 3381
f 3381 3403 3404
f 3381 3404 3396
f 3382 3399 3405
f 3382 3405 3383
f 3383 3406 3384
f 3383 3405 3407
f 3383 3407 3406
f 3384 3406 3408
f 3384 3408 3409
f 3385 3410 3386
f 3385 3391 3411
f 3385 3411 3410
f 3389 3393 3412
f 3389 3412 3413
f 3389 3413 3390
f 3390 3413 3414
f 3390 3414 3391
f 3391 3414 3415
f 3391 3415 3416
f 3391 3416 3411
f 3392 3417 3393
f 3393 3417 3418
f 3393 3418 3419
f 3393 3419 3468
f 3393 3468 3420
f 3393 3420 3412
f 3394 3395 3422
f 3394 3422 3421
f 3396 3404 3423
f 3396 3423 3397
f 3397 3424 3425
f 3397 3425 3398
f 3397 3423 3426
f 3397 3426 3427
f 3397 3427 3424
f 3398 3425 3428
f 3398 3428 3429
f 3398 3429 3430
f 3398 3430 3431
f 3398 3431 3407
f 3398 3407 3405
f 3398 3405 3399
f 3400 3432 3401
f 3401 3432 3433
f 3401 3433 3434
f 3401 3434 3435
f 3401 3435 3436
f 3401 3436 3437
f 3401 3437 3438
f 3401 3438 3423
f 3401 3423 3439
f 3401 3439 3402
f 3402 3439 3403
f 3403 3439 3404
f 3404 3439 3423
f 3406 3440 3441
f 3406 3441 3442
f 3406 3442 3443
f 3406 3443 3444
f 3406 3444 3445
f 3406 3445 3408
f 3406 3407 3440
f 3407 3431 3430
f 3407 3430 3441
f 3407 3441 3440
f 3408 3445 3444
f 3408 3444 3409
f 3409 3444 3447
f 3409 3447 3446
f 3410 3411 3448
f 3411 3416 3449
f 3411 3449 3450
f 3411 3450 3451
f 3411 3451 3452
f 3411 3452 3448
f 3412 3453 3413
f 3412 3420 3453
f 3413 3453 3414
f 3414 3453 3454
f 3414 3454 3455
f 3414 3455 3415
f 3415 3455 3456
f 3415 3456 3416
f 3416 3457 3449
f 3416 3456 3458
f 3416 3458 3457
f 3417 3459 3460
f 3417 3460 3418
f 3418 3460 3461
f 3418 3461 3419
f 3419 3461 3462
f 3419 3462 3463
f 3419 3463 3464
f 3419 3464 3465
f 3419 3465 3466
f 3419 3466 3467
f 3419 3467 3468
f 3420 3468 3454
f 3420 3454 3453
f 3421 3422 3470
f 3421 3470 3469
f 3422 3471 3472
f 3422 3472 3470
f 3423 3473 3427
f 3423 3427 3426
f 3423 3438 3474
f 3423 3474 3475
f 3423 3475 3473
f 3424 3427 3425
f 3425 3476 3477
f 3425 3477 3478
f 3425 3478 3428
f 3425 3427 3476
f 3427 3473 3479
f 3427 3479 3480
f 3427 3480 3477
f 3427 3477 3476
f 3428 3478 3481
f 3428 3481 3429
f 3429 3482 3483
f 3429 3483 3484
f 3429 3484 3485
f 3429 3485 3486
f 3429 3486 3430
f 3429 3481 3478
f 3429 3478 3487
f 3429 3487 3488
f 3429 3488 3482
f 3430 3486 3441
f 3434 3489 3435
f 3435 3489 3490
f 3435 3490 3491
f 3435 3491 3492
f 3435 3492 3493
f 3435 3493 3475
f 3435 3475 3437
f 3435 3437 3436
f 3437 3475 3438
f 3438 3475 3474
f 3441 3486 3442
f 3442 3486 3494
f 3442 3494 3443
f 3443 3495 3444
f 3443 3494 3495
f 3444 3495 3496
f 3444 3496 3447
f 3446 3447 3497
f 3447 3498 3499
f 3447 3499 3500
f 3447 3500 3497
f 3447 3496 3495
f 3447 3495 3501
f 3447 3501 3498
f 3449 3457 3458
f 3449 3458 3502
f 3449 3502 3503
f 3449 3503 3504
f 3449 3504 3450
f 3450 3504 3451
f 3451 3505 3506
f 3451 3506 3507
f 3451 3507 3508
f 3451 3508 3509
f 3451 3509 3510
f 3451 3510 3511
f 3451 3511 3452
f 3451 3504 3512
f 3451 3512 3513
f 3451 3513 3514
f 3451 3514 3505
f 3454 3468 3515
f 3454 3515 3455
f 3455 3515 3516
f 3455 3516 3456
f 3456 3516 3458
f 3458 3516 3517
f 3458 3517 3518
f 3458 3518 3502
f 3459 3519 3460
f 3460 3519 3461
f 3461 3519 3520
f 3461 3520 3521
f 3461 3521 3462
f 3462 3521 3522
f 3462 3522 3463
f 3463 3522 3523
f 3463 3523 3524
f 3463 3524 3464
f 3464 3524 3465
f 3465 3525 3466
f 3465 3524 3526
f 3465 3526 3527
f 3465 3527 3528
f 3465 3528 3529
f 3465 3529 3530
f 3465 3530 3531
f 3465 3531 3532
f 3465 3532 3533
f 3465 3533 3534
f 3465 3534 3525
f 3466 3525 3467
f 3467 3525 3535
f 3467 3535 3536
f 3467 3536 3537
f 3467 3537 3468
f 3468 3537 3515
f 3469 3470 3538
f 3470 3472 3539
f 3470 3539 3540
f 3470 3540 3538
f 3471 3539 3541
f 3471 3541 3472
f 3472 3541 3539
f 3473 3475 3542
f 3473 3542 3543
f 3473 3543 3479
f 3475 3544 3545
f 3475 3545 3543
f 3475 3543 3542
f 3475 3493 3546
f 3475 3546 3547
f 3475 3547 3544
f 3477 3480 3548
f 3477 3548 3549
f 3477 3549 3550
f 3477 3550 3478
f 3478 3550 3551
f 3478 3551 3552
f 3478 3552 3553
f 3478 3553 3487
f 3479 3554 3548
f 3479 3548 3480
f 3479 3543 3554
f 3482 3555 3483
f 3482 3488 3556
f 3482 3556 3555
f 3483 3555 3557
f 3483 3557 3484
f 3484 3557 3558
f 3484 3558 3559
f 3484 3559 3495
f 3484 3495 3494
f 3484 3494 3486
f 3484 3486 3485
f 3487 3553 3488
f 3488 3560 3561
f 3488 3561 3562
f 3488 3562 3563
f 3488 3563 3564
f 3488 3564 3556
f 3488 3553 3552
f 3488 3552 3560
f 3489 3565 3490
f 3490 3565 3566
f 3490 3566 3567
f 3490 3567 3491
f 3491 3567 3568
f 3491 3568 3569
f 3491 3569 3570
f 3491 3570 3571
f 3491 3571 3572
f 3491 3572 3493
f 3491 3493 3492
f 3493 3572 3571
f 3493 3571 3546
f 3495 3559 3573
f 3495 3573 3574
f 3495 3574 3501
f 3497 3500 3575
f 3498 3501 3499
f 3499 3576 3500
f 3499 3501 3574
f 3499 3574 3577
f 3499 3577 3578
f 3499 3578 3579
f 3499 3579 3580
f 3499 3580 3576
f 3500 3576 3581
f 3500 3581 3575
f 3502 3518 3503
f 3503 3518 3504
f 3504 3518 3512
f 3505 3514 3582
f 3505 3582 3583
f 3505 3583 3584
f 3505 3584 3585
f 3505 3585 3507
f 3505 3507 3506
f 3507 3585 3586
f 3512 3587 3513
f 3512 3518 3587
f 3513 3587 3588
f 3513 3588 3589
f 3513 3589 3590
f 3513 3590 3591
f 3513 3591 3582
f 3513 3582 3514
f 3515 3592 3593
f 3515 3593 3594
f 3515 3594 3516
f 3515 3537 3536
f 3515 3536 3534
f 3515 3534 3595
f 3515 3595 3592
f 3516 3596 3517
f 3516 3594 3593
f 3516 3593 3597
f 3516 3597 3596
f 3517 3598 3518
f 3517 3596 3599
f 3517 3599 3598
f 3518 3598 3600
f 3518 3600 3588
f 3518 3588 3587
f 3519 3601 3521
f 3519 3521 3520
f 3521 3601 3602
f 3521 3602 3578
f 3521 3578 3522
f 3522 3578 3603
f 3522 3603 3604
f 3522 3604 3523
f 3523 3604 3524
f 3524 3604 3526
f 3525 3534 3535
f 3526 3604 3527
f 3527 3574 3528
f 3527 3604 3603
f 3527 3603 3578
f 3527 3578 3577
f 3527 3577 3574
f 3528 3574 3529
f 3529 3605 3558
f 3529 3558 3606
f 3529 3606 3530
f 3529 3574 3605
f 3530 3606 3531
f 3531 3606 3558
f 3531 3558 3556
f 3531 3556 3607
f 3531 3607 3532
f 3532 3607 3563
f 3532 3563 3608
f 3532 3608 3609
f 3532 3609 3610
f 3532 3610 3611
f 3532 3611 3612
f 3532 3612 3533
f 3533 3612 3534
f 3534 3612 3613
f 3534 3613 3614
f 3534 3614 3595
f 3534 3536 3535
f 3539 3615 3616
f 3539 3616 3540
f 3543 3545 3617
f 3543 3617 3554
f 3544 3618 3619
f 3544 3619 3545
f 3544 3547 3620
f 3544 3620 3618
f 3545 3619 3621
f 3545 3621 3617
f 3546 3571 3570
f 3546 3570 3622
f 3546 3622 3623
f 3546 3623 3547
f 3547 3623 3620
f 3548 3554 3549
f 3549 3621 3550
f 3549 3554 3621
f 3550 3621 3624
f 3550 3624 3625
f 3550 3625 3551
f 3551 3625 3552
f 3552 3625 3624
f 3552 3624 3626
f 3552 3626 3627
f 3552 3627 3628
f 3552 3628 3560
f 3554 3617 3621
f 3555 3556 3557
f 3556 3558 3557
f 3556 3564 3607
f 3558 3605 3573
f 3558 3573 3559
f 3560 3628 3561
f 3561 3629 3609
f 3561 3609 3630
f 3561 3630 3562
f 3561 3628 3631
f 3561 3631 3632
f 3561 3632 3633
f 3561 3633 3629
f 3562 3630 3609
f 3562 3609 3608
f 3562 3608 3563
f 3563 3607 3564
f 3566 3634 3567
f 3567 3634 3635
f 3567 3635 3636
f 3567 3636 3637
f 3567 3637 3568
f 3568 3637 3638
f 3568 3638 3569
f 3569 3622 3570
f 3569 3638 3622
f 3573 3605 3574
f 3578 3602 3601
f 3578 3601 3639
f 3578 3639 3640
f 3578 3640 3580
f 3578 3580 3579
f 3582 3591 3583
f 3583 3641 3642
f 3583 3642 3584
f 3583 3591 3641
f 3584 3643 3644
f 3584 3644 3585
f 3584 3642 3643
f 3585 3644 3586
f 3588 3600 3589
f 3589 3600 3645
f 3589 3645 3590
f 3590 3645 3591
f 3591 3646 3641
f 3591 3645 3647
f 3591 3647 3648
f 3591 3648 3649
f 3591 3649 3650
f 3591 3650 3646
f 3592 3651 3593
f 3592 3595 3651
f 3593 3652 3653
f 3593 3653 3654
f 3593 3654 3655
f 3593 3655 3599
f 3593 3599 3597
f 3593 3651 3656
f 3593 3656 3657
f 3593 3657 3658
f 3593 3658 3652
f 3595 3614 3656
f 3595 3656 3651
f 3596 3597 3599
f 3598 3599 3600
f 3599 3655 3659
f 3599 3659 3600
f 3600 3659 3645
f 3609 3629 3660
f 3609 3660 3661
f 3609 3661 3662
f 3609 3662 3663
f 3609 3663 3664
f 3609 3664 3610
f 3610 3664 3611
f 3611 3664 3663
f 3611 3663 3665
f 3611 3665 3666
f 3611 3666 3667
f 3611 3667 3668
f 3611 3668 3669
f 3611 3669 3613
f 3611 3613 3612
f 3613 3669 3670
f 3613 3670 3668
f 3613 3668 3614
f 3614 3671 3656
f 3614 3668 3671
f 3615 3672 3673
f 3615 3673 3674
f 3615 3674 3616
f 3616 3675 3676
f 3616 3676 3677
f 3616 3677 3678
f 3616 3678 3679
f 3616 3679 3680
f 3616 3674 3673
f 3616 3673 3675
f 3618 3621 3619
f 3618 3620 3681
f 3618 3681 3621
f 3620 3623 3682
f 3620 3682 3681
f 3621 3681 3624
f 3622 3683 3684
f 3622 3684 3681
f 3622 3681 3685
f 3622 3685 3623
f 3622 3638 3686
f 3622 3686 3687
f 3622 3687 3683
f 3623 3685 3682
f 3624 3688 3689
f 3624 3689 3690
f 3624 3690 3626
f 3624 3681 3688
f 3626 3690 3691
f 3626 3691 3627
f 3627 3691 3692
f 3627 3692 3631
f 3627 3631 3628
f 3629 3633 3660
f 3631 3693 3632
f 3631 3692 3693
f 3632 3693 3694
f 3632 3694 3662
f 3632 3662 3661
f 3632 3661 3633
f 3633 3661 3660
f 3636 3695 3637
f 3637 3695 3696
f 3637 3696 3697
f 3637 3697 3698
f 3637 3698 3699
f 3637 3699 3700
f 3637 3700 3638
f 3638 3700 3701
f 3638 3701 3702
f 3638 3702 3686
f 3641 3646 3642
f 3642 3646 3703
f 3642 3703 3643
f 3643 3704 3705
f 3643 3705 3644
f 3643 3703 3704
f 3645 3659 3648
f 3645 3648 3647
f 3646 3650 3706
f 3646 3706 3707
f 3646 3707 3708
f 3646 3708 3709
f 3646 3709 3710
f 3646 3710 3711
f 3646 3711 3703
f 3648 3659 3712
f 3648 3712 3713
f 3648 3713 3714
f 3648 3714 3715
f 3648 3715 3649
f 3649 3715 3716
f 3649 3716 3717
f 3649 3717 3718
f 3649 3718 3650
f 3650 3718 3706
f 3652 3714 3713
f 3652 3713 3653
f 3652 3658 3714
f 3653 3719 3655
f 3653 3655 3654
f 3653 3713 3719
f 3655 3719 3659
f 3656 3671 3657
f 3657 3671 3658
f 3658 3720 3721
f 3658 3721 3722
f 3658 3722 3723
f 3658 3723 3724
f 3658 3724 3725
f 3658 3725 3726
f 3658 3726 3727
f 3658 3727 3728
f 3658 3728 3729
f 3658 3729 3730
f 3658 3730 3716
f 3658 3716 3714
f 3658 3671 3720
f 3659 3719 3713
f 3659 3713 3712
f 3662 3694 3663
f 3663 3694 3731
f 3663 3731 3732
f 3663 3732 3733
f 3663 3733 3724
f 3663 3724 3734
f 3663 3734 3735
f 3663 3735 3665
f 3665 3735 3736
f 3665 3736 3666
f 3666 3737 3667
f 3666 3736 3737
f 3667 3737 3722
f 3667 3722 3721
f 3667 3721 3720
f 3667 3720 3671
f 3667 3671 3738
f 3667 3738 3668
f 3668 3670 3669
f 3668 3738 3671
f 3672 3739 3740
f 3672 3740 3741
f 3672 3741 3673
f 3673 3741 3742
f 3673 3742 3743
f 3673 3743 3744
f 3673 3744 3745
f 3673 3745 3675
f 3675 3745 3676
f 3676 3746 3677
f 3676 3745 3747
f 3676 3747 3746
f 3677 3746 3678
f 3678 3746 3679
f 3679 3746 3748
f 3679 3748 3680
f 3680 3748 3750
f 3680 3750 3749
f 3681 3751 3752
f 3681 3752 3753
f 3681 3753 3688
f 3681 3682 3685
f 3681 3684 3754
f 3681 3754 3755
f 3681 3755 3756
f 3681 3756 3757
f 3681 3757 3751
f 3683 3758 3759
f 3683 3759 3754
f 3683 3754 3684
f 3683 3687 3758
f 3686 3702 3687
f 3687 3702 3760
f 3687 3760 3761
f 3687 3761 3762
f 3687 3762 3758
f 3688 3753 3763
f 3688 3763 3689
f 3689 3763 3691
f 3689 3691 3690
f 3691 3764 3692
f 3691 3763 3753
f 3691 3753 3765
f 3691 3765 3764
f 3692 3764 3765
f 3692 3765 3766
f 3692 3766 3752
f 3692 3752 3767
f 3692 3767 3768
f 3692 3768 3769
f 3692 3769 3693
f 3693 3769 3768
f 3693 3768 3694
f 3694 3768 3770
f 3694 3770 3731
f 3697 3771 3698
f 3698 3771 3699
f 3699 3771 3772
f 3699 3772 3773
f 3699 3773 3774
f 3699 3774 3775
f 3699 3775 3776
f 3699 3776 3701
f 3699 3701 3700
f 3701 3760 3702
f 3701 3776 3761
f 3701 3761 3760
f 3703 3711 3777
f 3703 3777 3778
f 3703 3778 3704
f 3706 3718 3779
f 3706 3779 3780
f 3706 3780 3707
f 3707 3781 3782
f 3707 3782 3783
f 3707 3783 3784
f 3707 3784 3708
f 3707 3780 3785
f 3707 3785 3781
f 3708 3784 3709
f 3709 3786 3787
f 3709 3787 3788
f 3709 3788 3710
f 3709 3784 3786
f 3710 3789 3790
f 3710 3790 3791
f 3710 3791 3711
f 3710 3788 3789
f 3711 3791 3792
f 3711 3792 3777
f 3714 3716 3715
f 3716 3730 3793
f 3716 3793 3794
f 3716 3794 3717
f 3717 3794 3779
f 3717 3779 3718
f 3722 3737 3736
f 3722 3736 3723
f 3723 3736 3724
f 3724 3736 3734
f 3724 3733 3732
f 3724 3732 3795
f 3724 3795 3796
f 3724 3796 3797
f 3724 3797 3725
f 3725 3797 3798
f 3725 3798 3799
f 3725 3799 3726
f 3726 3799 3727
f 3727 3799 3728
f 3728 3785 3800
f 3728 3800 3801
f 3728 3801 3729
f 3728 3799 3785
f 3729 3801 3793
f 3729 3793 3730
f 3731 3770 3732
f 3732 3802 3795
f 3732 3770 3768
f 3732 3768 3803
f 3732 3803 3804
f 3732 3804 3802
f 3734 3736 3735
f 3739 3805 3806
f 3739 3806 3807
f 3739 3807 3740
f 3740 3807 3808
f 3740 3808 3741
f 3741 3808 3809
f 3741 3809 3810
f 3741 3810 3811
f 3741 3811 3812
f 3741 3812 3813
f 3741 3813 3746
f 3741 3746 3814
f 3741 3814 3815
f 3741 3815 3816
f 3741 3816 3742
f 3742 3816 3743
f 3743 3816 3744
f 3744 3816 3747
f 3744 3747 3745
f 3746 3747 3816
f 3746 3816 3815
f 3746 3815 3814
f 3746 3813 3812
f 3746 3812 3817
f 3746 3817 3818
f 3746 3818 3819
f 3746 3819 3748
f 3748 3820 3750
f 3748 3819 3821
f 3748 3821 3820
f 3749 3822 3823
f 3749 3750 3824
f 3749 3824 3825
f 3749 3825 3826
f 3749 3826 3822
f 3750 3820 3824
f 3751 3757 3827
f 3751 3827 3828
f 3751 3828 3752
f 3752 3829 3830
f 3752 3830 3767
f 3752 3766 3753
f 3752 3828 3831
f 3752 3831 3832
f 3752 3832 3829
f 3753 3766 3765
f 3754 3759 3758
f 3754 3758 3755
f 3755 3758 3831
f 3755 3831 3827
f 3755 3827 3756
f 3756 3827 3757
f 3758 3833 3831
f 3758 3762 3761
f 3758 3761 3833
f 3761 3776 3834
f 3761 3834 3835
f 3761 3835 3836
f 3761 3836 3837
f 3761 3837 3838
f 3761 3838 3831
f 3761 3831 3833
f 3767 3830 3839
f 3767 3839 3840
f 3767 3840 3841
f 3767 3841 3804
f 3767 3804 3803
f 3767 3803 3768
f 3774 3834 3775
f 3774 3842 3834
f 3775 3834 3776
f 3779 3794 3843
f 3779 3843 3780
f 3780 3843 3844
f 3780 3844 3785
f 3781 3845 3846
f 3781 3846 3847
f 3781 3847 3782
f 3781 3785 3845
f 3782 3848 3783
f 3782 3847 3848
f 3783 3849 3786
f 3783 3786 3784
f 3783 3848 3850
f 3783 3850 3849
f 3785 3799 3851
f 3785 3851 3852
f 3785 3852 3853
f 3785 3853 3854
f 3785 3854 3855
f 3785 3855 3856
f 3785 3856 3845
f 3785 3844 3800
f 3786 3857 3787
f 3786 3849 3857
f 3787 3858 3789
f 3787 3789 3788
f 3787 3857 3858
f 3789 3858 3859
f 3789 3859 3790
f 3790 3859 3791
f 3793 3801 3800
f 3793 3800 3844
f 3793 3844 3843
f 3793 3843 3794
f 3795 3802 3796
f 3796 3860 3861
f 3796 3861 3852
f 3796 3852 3798
f 3796 3798 3797
f 3796 3802 3860
f 3798 3852 3851
f 3798 3851 3799
f 3802 3862 3860
f 3802 3804 3841
f 3802 3841 3863
f 3802 3863 3864
f 3802 3864 3862
f 3805 3865 3866
f 3805 3866 3806
f 3806 3867 3868
f 3806 3868 3807
f 3806 3866 3867
f 3807 3868 3869
f 3807 3869 3808
f 3808 3869 3870
f 3808 3870 3871
f 3808 3871 3809
f 3809 3871 3922
f 3809 3922 3872
f 3809 3872 3818
f 3809 3818 3817
f 3809 3817 3812
f 3809 3812 3811
f 3809 3811 3810
f 3818 3872 3873
f 3818 3873 3819
f 3819 3873 3874
f 3819 3874 3821
f 3820 3821 3875
f 3820 3875 3876
f 3820 3876 3877
f 3820 3877 3824
f 3821 3874 3875
f 3822 3826 3878
f 3822 3878 3879
f 3822 3879 3823
f 3823 3879 3880
f 3823 3880 3881
f 3823 3881 3882
f 3824 3877 3825
f 3825 3877 3826
f 3826 3877 3883
f 3826 3883 3878
f 3827 3831 3828
f 3829 3832 3884
f 3829 3884 3830
f 3830 3885 3839
f 3830 3884 3886
f 3830 3886 3885
f 3831 3887 3884
f 3831 3884 3832
f 3831 3838 3887
f 3834 3842 3835
f 3835 3888 3836
f 3835 3842 3889
f 3835 3889 3888
f 3836 3888 3837
f 3837 3888 3890
f 3837 3890 3891
f 3837 3891 3838
f 3838 3891 3887
f 3839 3885 3840
f 3840 3885 3892
f 3840 3892 3863
f 3840 3863 3841
f 3842 3893 3889
f 3845 3856 3894
f 3845 3894 3895
f 3845 3895 3896
f 3845 3896 3897
f 3845 3897 3898
f 3845 3898 3857
f 3845 3857 3850
f 3845 3850 3848
f 3845 3848 3846
f 3846 3848 3847
f 3849 3850 3857
f 3852 3861 3853
f 3853 3861 3860
f 3853 3860 3899
f 3853 3899 3854
f 3854 3900 3901
f 3854 3901 3856
f 3854 3856 3855
f 3854 3899 3902
f 3854 3902 3903
f 3854 3903 3900
f 3856 3901 3894
f 3857 3898 3904
f 3857 3904 3905
f 3857 3905 3906
f 3857 3906 3907
f 3857 3907 3908
f 3857 3908 3858
f 3858 3908 3859
f 3860 3862 3909
f 3860 3909 3899
f 3862 3864 3909
f 3863 3909 3864
f 3863 3892 3909
f 3865 3910 3867
f 3865 3867 3866
f 3867 3911 3912
f 3867 3912 3913
f 3867 3913 3914
f 3867 3914 3915
f 3867 3915 3868
f 3867 3910 3916
f 3867 3916 3911
f 3868 3915 3869
f 3869 3915 3917
f 3869 3917 3918
f 3869 3918 3919
f 3869 3919 3870
f 3870 3919 3920
f 3870 3920 3921
f 3870 3921 3871
f 3871 3921 3922
f 3872 3922 3923
f 3872 3923 3873
f 3873 3924 3874
f 3873 3923 3924
f 3874 3924 3925
f 3874 3925 3875
f 3875 3926 3876
f 3875 3925 3926
f 3876 3926 3927
f 3876 3927 3877
f 3877 3927 3928
f 3877 3928 3883
f 3878 3883 3929
f 3878 3929 3930
f 3878 3930 3931
f 3878 3931 3880
f 3878 3880 3879
f 3880 3931 3881
f 3881 3932 3882
f 3881 3931 3932
f 3882 3933 3934
f 3882 3932 3933
f 3883 3935 3929
f 3883 3928 3983
f 3883 3983 3936
f 3883 3936 3937
f 3883 3937 3935
f 3884 3887 3886
f 3885 3938 3892
f 3885 3886 3938
f 3886 3887 3939
f 3886 3939 3940
f 3886 3940 3938
f 3887 3941 3942
f 3887 3942 3943
f 3887 3943 3940
f 3887 3940 3939
f 3887 3891 3941
f 3888 3944 3945
f 3888 3945 3890
f 3888 3889 3946
f 3888 3946 3947
f 3888 3947 3948
f 3888 3948 3944
f 3889 3893 3946
f 3890 3945 3949
f 3890 3949 3950
f 3890 3950 3941
f 3890 3941 3891
f 3892 3938 3951
f 3892 3951 3965
f 3892 3965 3952
f 3892 3952 3909
f 3894 3901 3953
f 3894 3953 3954
f 3894 3954 3955
f 3894 3955 3956
f 3894 3956 3895
f 3895 3956 3955
f 3895 3955 3896
f 3896 3955 3957
f 3896 3957 3958
f 3896 3958 3897
f 3897 3958 3959
f 3897 3959 3898
f 3898 3959 3904
f 3899 3909 3960
f 3899 3960 3903
f 3899 3903 3902
f 3900 3961 3901
f 3900 3903 3961
f 3901 3961 3962
f 3901 3962 3953
f 3903 3963 3995
f 3903 3995 3964
f 3903 3964 3962
f 3903 3962 3961
f 3903 3960 3965
f 3903 3965 3997
f 3903 3997 3963
f 3904 3959 3905
f 3905 3966 3967
f 3905 3967 3906
f 3905 3959 3911
f 3905 3911 3966
f 3906 3967 3968
f 3906 3968 3969
f 3906 3969 3907
f 3909 3952 3965
f 3909 3965 3960
f 3910 3968 3911
f 3910 3911 3916
f 3911 3959 3912
f 3911 3968 3966
f 3912 3959 3913
f 3913 3959 3970
f 3913 3970 3971
f 3913 3971 3914
f 3914 3971 3972
f 3914 3972 3973
f 3914 3973 3915
f 3915 3973 3917
f 3917 3973 3918
f 3918 3973 3974
f 3918 3974 3919
f 3919 3974 3975
f 3919 3975 3976
f 3919 3976 3977
f 3919 3977 3920
f 3920 3977 3978
f 3920 3978 3923
f 3920 3923 3921
f 3921 3923 3922
f 3923 3978 3979
f 3923 3979 3980
f 3923 3980 3924
f 3924 3980 4010
f 3924 4010 3981
f 3924 3981 3982
f 3924 3982 3925
f 3925 3982 3926
f 3926 3983 3927
f 3926 3982 3983
f 3927 3983 3928
f 3929 3984 3930
f 3929 3935 3984
f 3930 3985 3932
f 3930 3932 3931
f 3930 3984 3985
f 3932 3949 3944
f 3932 3944 3948
f 3932 3948 3934
f 3932 3934 3933
f 3932 3985 3949
f 3934 3948 3986
f 3935 3987 3988
f 3935 3988 3984
f 3935 3937 3989
f 3935 3989 4013
f 3935 4013 3987
f 3936 3983 3990
f 3936 3990 3937
f 3937 3990 3989
f 3938 3965 3951
f 3938 3940 3992
f 3938 3992 3991
f 3938 3991 3997
f 3938 3997 3965
f 3940 3943 3942
f 3940 3942 3950
f 3940 3950 3993
f 3940 3993 3992
f 3941 3950 3942
f 3944 3949 3945
f 3946 3986 3947
f 3947 3986 3948
f 3949 3985 3993
f 3949 3993 3950
f 3953 3955 3954
f 3953 3962 3964
f 3953 3964 3955
f 3955 3964 3995
f 3955 3995 3957
f 3957 3994 3958
f 3957 3995 3994
f 3958 3994 3972
f 3958 3972 3971
f 3958 3971 3970
f 3958 3970 3959
f 3963 3996 3995
f 3963 3997 3998
f 3963 3998 3999
f 3963 3999 4000
f 3963 4000 4001
f 3963 4001 3996
f 3966 3968 3967
f 3972 3994 3996
f 3972 3996 4002
f 3972 4002 4001
f 3972 4001 4003
f 3972 4003 3973
f 3973 4003 3974
f 3974 4003 4004
f 3974 4004 3975
f 3975 4004 4005
f 3975 4005 3976
f 3976 4005 3977
f 3977 4005 4006
f 3977 4006 3979
f 3977 3979 3978
f 3979 4006 4007
f 3979 4007 4008
f 3979 4008 4009
f 3979 4009 4010
f 3979 4010 3980
f 3981 4011 4012
f 3981 4012 3982
f 3981 4010 4011
f 3982 4012 3983
f 3983 4012 3990
f 3984 3988 3985
f 3985 3988 4014
f 3985 4014 3993
f 3987 4013 4014
f 3987 4014 3988
f 3989 3990 4013
f 3990 4015 4013
f 3990 4012 4016
f 3990 4016 4015
f 3991 3992 4017
f 3991 4017 4018
f 3991 4018 4019
f 3991 4019 4020
f 3991 4020 3997
f 3992 3993 4014
f 3992 4014 4015
f 3992 4015 4016
f 3992 4016 4017
f 3994 3995 3996
f 3996 4001 4002
f 3997 4021 4022
f 3997 4022 3998
f 3997 4020 4021
f 3998 4023 3999
f 3998 4022 4023
f 3999 4023 4024
f 3999 4024 4000
f 4000 4024 4025
f 4000 4025 4001
f 4001 4004 4003
f 4001 4025 4024
f 4001 4024 4026
f 4001 4026 4004
f 4004 4026 4005
f 4005 4026 4027
f 4005 4027 4007
f 4005 4007 4028
f 4005 4028 4006
f 4006 4028 4007
f 4007 4023 4008
f 4007 4027 4023
f 4008 4023 4009
f 4009 4023 4011
f 4009 4011 4010
f 4011 4029 4018
f 4011 4018 4012
f 4011 4023 4022
f 4011 4022 4029
f 4012 4017 4016
f 4012 4018 4017
f 4013 4015 4014
f 4018 4029 4019
f 4019 4029 4020
f 4020 4029 4022
f 4020 4022 4021
f 4023 4027 4026
f 4023 4026 4024
o convex_4
v 0.894466 0.375863 0.163335
v 0.900742 0.364409 0.172721
v 0.900742 0.364409 0.170812
v 0.90005 0.362605 0.158058
v 0.893478 0.375863 0.16063
v 0.888981 0.375863 0.180676
v 0.902669 0.354465 0.175505
v 0.920657 0.30924 0.174153
v 0.920657 0.30924 0.167232
v 0.902274 0.349825 0.150262
v 0.886905 0.375863 0.144217
v 0.919521 0.305888 0.154478
v 0.882606 0.375863 0.18704
v 0.898073 0.335315 0.189506
v 0.894021 0.354465 0.185078
v 0.917989 0.283496 0.190222
v 0.922782 0.296976 0.177468
v 0.939881 0.252192 0.174816
v 0.939881 0.252192 0.166729
v 0.930689 0.277825 0.162857
v 0.898568 0.338997 0.137482
v 0.896294 0.355497 0.143792
v 0.921695 0.293109 0.150077
v 0.886361 0.375863 0.143342
v 0.938794 0.248472 0.153948
v 0.881963 0.365477 0.191972
v 0.875885 0.375863 0.191733
v 0.900149 0.325002 0.191389
v 0.920608 0.270717 0.19221
v 0.935433 0.239486 0.187411
v 0.93321 0.2586 0.181525
v 0.941462 0.239486 0.177839
v 0.958413 0.15548 0.173331
v 0.936866 0.2586 0.161346
v 0.958413 0.15548 0.17068
v 0.945959 0.220335 0.162857
v 0.94166 0.24107 0.161346
v 0.891056 0.334909 0.124727
v 0.886016 0.354465 0.128148
v 0.900742 0.326218 0.133875
v 0.883149 0.367208 0.131887
v 0.929355 0.258674 0.143713
v 0.923474 0.276204 0.143686
v 0.880777 0.375863 0.135148
v 0.958165 0.134598 0.153126
v 0.940029 0.235693 0.150978
v 0.934989 0.24107 0.144243
v 0.884434 0.354465 0.193324
v 0.871289 0.375863 0.193987
v 0.902669 0.312223 0.192926
v 0.92298 0.258674 0.193457
v 0.937113 0.220335 0.190089
v 0.943439 0.220335 0.180517
v 0.959401 0.143731 0.175479
v 0.964244 0.105393 0.162857
v 0.961921 0.12458 0.162857
v 0.955843 0.162256 0.163706
v 0.957078 0.147377 0.157899
v 0.8958 0.316164 0.121758
v 0.883495 0.330785 0.11253
v 0.880876 0.343564 0.115606
v 0.878504 0.354465 0.118576
v 0.902422 0.316164 0.13133
v 0.919916 0.268765 0.133875
v 0.86531 0.369565 0.11139
v 0.871734 0.375863 0.123402
v 0.872179 0.375863 0.123958
v 0.921596 0.258674 0.131675
v 0.958956 0.12458 0.151455
v 0.938991 0.192087 0.133981
v 0.942253 0.199564 0.14297
v 0.941413 0.220335 0.148247
v 0.936422 0.220335 0.138675
v 0.924561 0.239486 0.127989
v 0.888486 0.335315 0.194623
v 0.905634 0.296976 0.194173
v 0.871833 0.354465 0.196506
v 0.852659 0.375863 0.196665
v 0.925846 0.239486 0.194597
v 0.93825 0.207629 0.19115
v 0.954558 0.12458 0.187888
v 0.960982 0.12458 0.178316
v 0.964936 0.0862416 0.162857
v 0.960192 0.105393 0.149016
v 0.962119 0.105393 0.179562
v 0.899012 0.296976 0.117223
v 0.886213 0.316164 0.109507
v 0.862592 0.3457 0.0954272
v 0.859874 0.35848 0.0986091
v 0.83813 0.375863 0.0824344
v 0.845246 0.375863 0.090946
v 0.900495 0.287179 0.115049
v 0.954064 0.12458 0.141883
v 0.937855 0.204867 0.136076
v 0.941314 0.162882 0.130269
v 0.93484 0.162882 0.120697
v 0.932913 0.18207 0.12311
v 0.931875 0.199564 0.126371
v 0.925649 0.219414 0.123375
v 0.918681 0.225197 0.116189
v 0.916852 0.239486 0.118417
v 0.910181 0.258674 0.196639
v 0.871833 0.335315 0.197805
v 0.891007 0.296976 0.197381
v 0.833979 0.375863 0.193934
v 0.852659 0.373653 0.196639
v 0.871833 0.296976 0.197805
v 0.871833 0.316164 0.197991
v 0.910181 0.239486 0.197779
v 0.929305 0.143731 0.197249
v 0.944971 0.12458 0.194544
v 0.943439 0.143731 0.194067
v 0.939288 0.19485 0.191892
v 0.9552 0.105393 0.189135
v 0.962415 0.0862416 0.179668
v 0.963651 -0.000379644 0.171608
v 0.964936 -0.000379644 0.162857
v 0.960636 0.00960095 0.148167
v 0.960636 0.0479397 0.148194
v 0.960587 0.0862416 0.148194
v 0.955151 0.105393 0.139444
v 0.88814 0.296092 0.10439
v 0.879838 0.301874 0.0973629
v 0.877466 0.316164 0.0999349
v 0.864519 0.335315 0.0934915
v 0.84154 0.359364 0.0783774
v 0.836746 0.375863 0.0808169
v 0.902323 0.274437 0.112901
v 0.896294 0.258674 0.100677
v 0.894763 0.279629 0.10606
v 0.942895 0.143731 0.127989
v 0.925253 0.162882 0.10842
v 0.923326 0.18207 0.1107
v 0.936372 0.143731 0.11839
v 0.921349 0.201184 0.113087
v 0.920114 0.212417 0.114519
v 0.907265 0.239486 0.10728
v 0.903559 0.201184 0.0923513
v 0.901879 0.215989 0.094287
v 0.900297 0.228769 0.0961166
v 0.898963 0.239486 0.0976811
v 0.904597 0.258674 0.110276
v 0.891007 0.277825 0.197991
v 0.8322 0.375863 0.193483
v 0.910181 -0.000379644 0.195339
v 0.910181 0.0670907 0.19762
v 0.871833 0.277825 0.197328
v 0.891007 0.18207 0.197726
v 0.910181 0.0862416 0.197938
v 0.891007 0.201184 0.197964
v 0.910181 0.105393 0.197991
v 0.910181 0.220335 0.197964
v 0.929305 0.12458 0.197726
v 0.945613 0.105393 0.194676
v 0.9552 0.0862416 0.189241
v 0.95866 -0.000379644 0.184653
v 0.962415 -0.000379644 0.179668
v 0.960636 -0.000379644 0.148167
v 0.955497 0.0862416 0.138595
v 0.945613 0.105393 0.126398
v 0.944477 0.12458 0.126636
v 0.883742 0.277825 0.093359
v 0.881963 0.289094 0.0952416
v 0.877466 0.258674 0.0805783
v 0.874304 0.277825 0.0837867
v 0.871338 0.295503 0.0867034
v 0.858342 0.316164 0.0805783
v 0.867879 0.316164 0.0901505
v 0.843665 0.346584 0.0760705
v 0.83299 0.352956 0.0675589
v 0.822267 0.359364 0.0590738
v 0.829086 0.373653 0.0713507
v 0.828642 0.375863 0.071828
v 0.881914 0.231568 0.0760971
v 0.886707 0.258674 0.0901505
v 0.91705 0.162882 0.0988478
v 0.905585 0.18207 0.0899384
v 0.915172 0.18207 0.101128
v 0.937064 0.12458 0.117064
v 0.926785 0.143731 0.10728
v 0.913146 0.201184 0.103515
v 0.897382 0.18207 0.0803661
v 0.88567 0.201184 0.0716954
v 0.883396 0.220335 0.0744266
v 0.894318 0.221587 0.0872338
v 0.910181 0.201184 0.197991
v 0.816732 0.375863 0.186112
v 0.899655 -0.000379644 0.192131
v 0.904695 -0.000379644 0.193669
v 0.929305 -0.000379644 0.197858
v 0.929305 0.105393 0.197858
v 0.945613 -0.000379644 0.194676
v 0.9552 -0.000379644 0.189241
v 0.955497 -0.000379644 0.138595
v 0.950901 -0.000379644 0.132735
v 0.94591 0.0862416 0.126398
v 0.879838 0.244347 0.0781918
v 0.862839 0.231642 0.056926
v 0.860714 0.244421 0.0590473
v 0.860714 0.301911 0.0781918
v 0.803191 0.301874 0.0207317
v 0.82449 0.346584 0.056926
v 0.819203 0.373653 0.0617784
v 0.807194 0.335315 0.0359254
v 0.805316 0.346179 0.037808
v 0.818709 0.375863 0.0623088
v 0.867632 0.201184 0.0518615
v 0.858292 0.201184 0.0422892
v 0.907463 0.162882 0.0884005
v 0.879048 0.18207 0.0600814
v 0.887795 0.18207 0.0696537
v 0.937064 0.105393 0.116826
v 0.927477 0.12458 0.107227
v 0.91789 0.143731 0.0977076
v 0.87717 0.201184 0.0621497
v 0.815101 0.375863 0.185263
v 0.894664 -0.000379644 0.188843
v 0.802302 0.375863 0.177202
v 0.800424 0.375863 0.175983
v 0.94591 -0.000379644 0.126398
v 0.94166 -0.000379644 0.121784
v 0.937064 0.0862416 0.116799
v 0.855129 0.220335 0.0454711
v 0.839168 0.258674 0.0422627
v 0.855129 0.277825 0.0645891
v 0.819993 0.258674 0.0231181
v 0.805316 0.289094 0.0186104
v 0.791183 0.316164 0.0138641
v 0.80077 0.316164 0.0231181
v 0.816781 0.335315 0.0454711
v 0.809616 0.373653 0.0532138
v 0.809072 0.375863 0.0536911
v 0.802252 0.358922 0.0404861
v 0.788218 0.331337 0.0167543
v 0.869461 0.18207 0.0500053
v 0.86017 0.18207 0.0404331
v 0.848705 0.201184 0.0328495
v 0.82449 0.231605 0.0186369
v 0.845542 0.220335 0.0358988
v 0.898568 0.162882 0.0788282
v 0.908303 0.143731 0.0880558
v 0.879542 0.162882 0.059339
v 0.888981 0.162882 0.0689112
v 0.890068 -0.000379644 0.185767
v 0.791875 0.375863 0.169778
v 0.876676 -0.000379644 0.176195
v 0.937064 -0.000379644 0.116799
v 0.922881 -0.000379644 0.102613
v 0.870004 0.162882 0.0497667
v 0.822366 0.244347 0.0207317
v 0.807194 0.277825 0.0167543
v 0.794494 0.29495 0.0101784
v 0.783622 0.300806 0.00174627
v 0.780509 0.316164 0.0042918
v 0.798003 0.375863 0.0441983
v 0.785203 0.344117 0.019512
v 0.782584 0.354465 0.0217128
v 0.768006 0.32887 -0.00125003
v 0.776605 0.336493 0.00903817
v 0.841243 0.162882 0.0210234
v 0.831656 0.162882 0.0114511
v 0.82202 0.162882 0.00187885
v 0.850583 0.18207 0.0309934
v 0.840699 0.18207 0.0214211
v 0.838772 0.201184 0.0232507
v 0.826269 0.220335 0.017046
v 0.800276 0.258674 0.00410619
v 0.810406 0.258674 0.013705
v 0.737812 0.375863 0.130296
v 0.661115 0.375863 0.0741879
v 0.460133 0.375863 -0.0728962
v 0.563762 -0.000379644 -0.0728962
v 0.774183 -0.000379644 -0.0460355
v 0.764596 0.0670907 -0.0556078
v 0.770922 0.316164 -0.00355692
v 0.785796 0.288026 -0.000162875
v 0.769884 0.258674 -0.022012
v 0.767611 0.27149 -0.0201294
v 0.765288 0.28427 -0.0181937
v 0.762768 0.296976 -0.0162846
v 0.787378 0.375863 0.0351829
v 0.764843 0.341649 0.00132202
v 0.772997 0.354465 0.0136519
v 0.747201 0.325592 -0.0190953
v 0.744829 0.335315 -0.0171861
v 0.757826 0.335278 -0.00684491
v 0.802895 0.143731 -0.0172922
v 0.812433 0.162882 -0.00737523
v 0.793308 0.143731 -0.0265728
v 0.831162 0.18207 0.0123792
v 0.820834 0.18207 0.00280691
v 0.829185 0.201184 0.014527
v 0.803241 0.239486 0.00140157
v 0.790689 0.258674 -0.0043524
v 0.787526 0.277825 -0.00162126
v 0.650392 0.375863 -0.0728962
v 0.746806 -0.000379644 -0.0728962
v 0.755009 -0.000379644 -0.06518
v 0.755009 0.0479397 -0.06518
v 0.764497 0.0862416 -0.0556078
v 0.783671 0.12458 -0.0364367
v 0.75323 0.296976 -0.0238416
v 0.749969 0.312812 -0.0212431
v 0.779471 0.258674 -0.0139247
v 0.772997 0.239486 -0.0248227
v 0.761631 0.239486 -0.034395
v 0.749277 0.254439 -0.0399103
v 0.758073 0.277862 -0.0258834
v 0.744878 0.277825 -0.0364102
v 0.735291 0.277825 -0.0440203
v 0.769192 0.368976 0.0168869
v 0.756887 0.375863 0.00970107
v 0.731289 0.351261 -0.0216938
v 0.728126 0.364004 -0.0191218
v 0.761532 0.354465 0.00407968
v 0.738108 0.317084 -0.0290653
v 0.705542 0.316164 -0.0547858
v 0.726248 0.321393 -0.036861
v 0.699118 0.336935 -0.0525319
v 0.68958 0.344374 -0.0572783
v 0.710533 0.347984 -0.0395126
v 0.70737 0.360763 -0.0370201
v 0.802302 0.162882 -0.0169475
v 0.78298 0.143731 -0.0361451
v 0.811246 0.18207 -0.0058373
v 0.800424 0.18207 -0.0154096
v 0.818313 0.201184 0.00492819
v 0.804674 0.229542 0.000102285
v 0.78461 0.226375 -0.0182468
v 0.793654 0.239486 -0.00697749
v 0.782584 0.239486 -0.0165498
v 0.651479 0.373911 -0.0728962
v 0.661758 0.375863 -0.06518
v 0.746806 0.0479397 -0.0728962
v 0.750117 -0.000379644 -0.0697938
v 0.755009 0.0670907 -0.0649414
v 0.746312 0.0670907 -0.0728962
v 0.763904 0.105393 -0.0553691
v 0.723184 0.277825 -0.0535926
v 0.741024 0.296976 -0.0334404
v 0.71078 0.291599 -0.0588692
v 0.708062 0.304378 -0.056748
v 0.777346 0.220114 -0.0260159
v 0.764547 0.220335 -0.0367814
v 0.755009 0.220335 -0.044418
v 0.752044 0.239486 -0.0420581
v 0.7261 0.262651 -0.0558995
v 0.746905 0.267218 -0.0380012
v 0.748733 0.366656 -0.00117048
v 0.737614 0.375863 -0.00626155
v 0.704059 0.373653 -0.034448
v 0.716018 0.373653 -0.0248492
v 0.715425 0.375863 -0.0243985
v 0.725606 0.373653 -0.0170536
v 0.700798 0.297602 -0.0645171
v 0.695955 0.316164 -0.0620246
v 0.692545 0.331595 -0.0594526
v 0.689679 0.297086 -0.0728962
v 0.681228 0.314543 -0.0728962
v 0.682019 0.336935 -0.0648884
v 0.660176 0.356786 -0.0728962
v 0.677423 0.354465 -0.0620512
v 0.673519 0.369492 -0.0594526
v 0.671839 0.375863 -0.0582859
v 0.686961 0.354465 -0.0553161
v 0.700353 0.354429 -0.0449749
v 0.694472 0.373653 -0.0419255
v 0.792715 0.162882 -0.0253265
v 0.773392 0.143731 -0.0436491
v 0.781299 0.162882 -0.0348988
v 0.762422 0.12458 -0.0545206
v 0.808726 0.201184 -0.00345086
v 0.790837 0.18207 -0.0234174
v 0.788168 0.201184 -0.0213226
v 0.786439 0.213595 -0.0198642
v 0.662697 0.374979 -0.0648619
v 0.663586 0.375863 -0.0639338
v 0.744236 0.0862416 -0.0728962
v 0.713597 0.277825 -0.0610966
v 0.696795 0.281213 -0.0728962
v 0.766029 0.209029 -0.0379481
v 0.767611 0.196249 -0.0392474
v 0.758518 0.202068 -0.0452135
v 0.745076 0.201184 -0.0558464
v 0.742655 0.220335 -0.0539903
v 0.739739 0.239486 -0.0516304
v 0.728422 0.249909 -0.0577025
v 0.697882 0.278561 -0.0728962
v 0.723629 0.375863 -0.0177165
v 0.693879 0.375863 -0.0414748
v 0.703615 0.375863 -0.0338382
v 0.678263 0.320509 -0.0728962
v 0.678856 0.375863 -0.0530357
v 0.680042 0.374979 -0.0524789
v 0.771712 0.162882 -0.0422437
v 0.76939 0.18207 -0.0405997
v 0.778977 0.18207 -0.0329896
v 0.742062 0.098211 -0.0728962
v 0.760544 0.143731 -0.0532479
v 0.746509 0.187815 -0.0569071
v 0.739146 0.181702 -0.0630322
v 0.735489 0.201184 -0.0625815
v 0.733068 0.220335 -0.060964
v 0.730152 0.239486 -0.0589753
v 0.705147 0.2586 -0.0728962
v 0.719231 0.257238 -0.0626345
v 0.758617 0.162882 -0.051816
v 0.740678 0.105393 -0.0728962
v 0.736873 0.12458 -0.0728962
v 0.732623 0.145867 -0.0728962
v 0.747794 0.175073 -0.0578351
v 0.729164 0.162882 -0.0728962
v 0.725013 0.182033 -0.0728962
v 0.722542 0.192345 -0.0728962
v 0.721454 0.201184 -0.0721803
v 0.719923 0.203099 -0.0728962
v 0.717303 0.221182 -0.0715704
v 0.714882 0.22306 -0.0728962
v 0.713745 0.227517 -0.0728962
v 0.710583 0.239486 -0.0728962
f 4030 4031 4032
f 4030 4032 4033
f 4030 4033 4034
f 4030 4034 4040
f 4030 4040 4053
f 4030 4053 4073
f 4030 4073 4096
f 4030 4096 4095
f 4030 4095 4120
f 4030 4120 4119
f 4030 4119 4156
f 4030 4156 4202
f 4030 4202 4235
f 4030 4235 4261
f 4030 4261 4284
f 4030 4284 4310
f 4030 4310 4341
f 4030 4341 4379
f 4030 4379 4418
f 4030 4418 4382
f 4030 4382 4420
f 4030 4420 4419
f 4030 4419 4422
f 4030 4422 4393
f 4030 4393 4406
f 4030 4406 4362
f 4030 4362 4325
f 4030 4325 4300
f 4030 4300 4299
f 4030 4299 4298
f 4030 4298 4274
f 4030 4274 4248
f 4030 4248 4247
f 4030 4247 4245
f 4030 4245 4216
f 4030 4216 4173
f 4030 4173 4134
f 4030 4134 4107
f 4030 4107 4078
f 4030 4078 4056
f 4030 4056 4042
f 4030 4042 4035
f 4030 4035 4031
f 4031 4035 4036
f 4031 4036 4037
f 4031 4037 4038
f 4031 4038 4032
f 4032 4038 4033
f 4033 4039 4040
f 4033 4040 4034
f 4033 4038 4041
f 4033 4041 4039
f 4035 4042 4043
f 4035 4043 4044
f 4035 4044 4036
f 4036 4044 4043
f 4036 4043 4045
f 4036 4045 4046
f 4036 4046 4037
f 4037 4046 4047
f 4037 4047 4048
f 4037 4048 4038
f 4038 4048 4049
f 4038 4049 4041
f 4039 4050 4051
f 4039 4051 4040
f 4039 4041 4052
f 4039 4052 4050
f 4040 4051 4053
f 4041 4049 4054
f 4041 4054 4052
f 4042 4055 4043
f 4042 4056 4055
f 4043 4057 4045
f 4043 4055 4057
f 4045 4058 4059
f 4045 4059 4060
f 4045 4060 4046
f 4045 4057 4058
f 4046 4060 4047
f 4047 4061 4062
f 4047 4062 4064
f 4047 4064 4048
f 4047 4060 4059
f 4047 4059 4061
f 4048 4054 4063
f 4048 4063 4049
f 4048 4064 4065
f 4048 4065 4066
f 4048 4066 4054
f 4049 4063 4054
f 4050 4067 4068
f 4050 4068 4051
f 4050 4052 4069
f 4050 4069 4067
f 4051 4068 4070
f 4051 4070 4053
f 4052 4054 4071
f 4052 4071 4072
f 4052 4072 4069
f 4053 4070 4073
f 4054 4066 4065
f 4054 4065 4074
f 4054 4074 4075
f 4054 4075 4076
f 4054 4076 4071
f 4055 4077 4057
f 4055 4056 4078
f 4055 4078 4077
f 4057 4077 4079
f 4057 4079 4058
f 4058 4080 4059
f 4058 4079 4080
f 4059 4080 4081
f 4059 4081 4082
f 4059 4082 4061
f 4061 4082 4083
f 4061 4083 4062
f 4062 4083 4084
f 4062 4084 4064
f 4064 4084 4085
f 4064 4085 4086
f 4064 4086 4065
f 4065 4086 4087
f 4065 4087 4074
f 4067 4069 4088
f 4067 4088 4089
f 4067 4089 4090
f 4067 4090 4068
f 4068 4090 4091
f 4068 4091 4070
f 4069 4092 4088
f 4069 4072 4071
f 4069 4071 4093
f 4069 4093 4092
f 4070 4091 4094
f 4070 4094 4095
f 4070 4095 4096
f 4070 4096 4073
f 4071 4076 4097
f 4071 4097 4093
f 4074 4087 4085
f 4074 4085 4098
f 4074 4098 4099
f 4074 4099 4100
f 4074 4100 4101
f 4074 4101 4075
f 4075 4101 4102
f 4075 4102 4076
f 4076 4103 4097
f 4076 4102 4103
f 4077 4104 4105
f 4077 4105 4079
f 4077 4078 4106
f 4077 4106 4104
f 4078 4107 4106
f 4079 4105 4080
f 4080 4108 4081
f 4080 4105 4108
f 4081 4109 4110
f 4081 4110 4111
f 4081 4111 4082
f 4081 4108 4109
f 4082 4111 4083
f 4083 4111 4084
f 4084 4112 4113
f 4084 4113 4098
f 4084 4098 4085
f 4084 4111 4114
f 4084 4114 4112
f 4085 4087 4086
f 4088 4092 4093
f 4088 4093 4115
f 4088 4115 4089
f 4089 4115 4116
f 4089 4116 4117
f 4089 4117 4090
f 4090 4117 4118
f 4090 4118 4091
f 4091 4118 4119
f 4091 4119 4120
f 4091 4120 4094
f 4093 4097 4115
f 4094 4120 4095
f 4097 4103 4121
f 4097 4121 4115
f 4098 4113 4122
f 4098 4122 4099
f 4099 4123 4101
f 4099 4101 4100
f 4099 4122 4124
f 4099 4124 4125
f 4099 4125 4126
f 4099 4126 4127
f 4099 4127 4128
f 4099 4128 4123
f 4101 4123 4102
f 4102 4123 4128
f 4102 4128 4103
f 4103 4128 4129
f 4103 4129 4130
f 4103 4130 4121
f 4104 4106 4131
f 4104 4131 4105
f 4105 4131 4108
f 4106 4132 4133
f 4106 4133 4131
f 4106 4107 4132
f 4107 4134 4135
f 4107 4135 4136
f 4107 4136 4137
f 4107 4137 4132
f 4108 4131 4138
f 4108 4138 4139
f 4108 4139 4140
f 4108 4140 4141
f 4108 4141 4142
f 4108 4142 4109
f 4109 4142 4110
f 4110 4143 4114
f 4110 4114 4111
f 4110 4142 4141
f 4110 4141 4143
f 4112 4114 4144
f 4112 4144 4145
f 4112 4145 4146
f 4112 4146 4187
f 4112 4187 4147
f 4112 4147 4148
f 4112 4148 4149
f 4112 4149 4113
f 4113 4149 4150
f 4113 4150 4122
f 4114 4143 4144
f 4115 4121 4116
f 4116 4151 4152
f 4116 4152 4153
f 4116 4153 4117
f 4116 4121 4151
f 4117 4153 4154
f 4117 4154 4155
f 4117 4155 4156
f 4117 4156 4118
f 4118 4156 4119
f 4121 4157 4158
f 4121 4158 4159
f 4121 4159 4151
f 4121 4130 4157
f 4122 4150 4160
f 4122 4160 4124
f 4124 4160 4125
f 4125 4161 4162
f 4125 4162 4126
f 4125 4160 4163
f 4125 4163 4161
f 4126 4162 4164
f 4126 4164 4128
f 4126 4128 4127
f 4128 4164 4165
f 4128 4165 4129
f 4129 4166 4130
f 4129 4165 4167
f 4129 4167 4168
f 4129 4168 4169
f 4129 4169 4170
f 4129 4170 4166
f 4130 4166 4171
f 4130 4171 4157
f 4131 4133 4138
f 4132 4137 4172
f 4132 4172 4138
f 4132 4138 4133
f 4134 4173 4174
f 4134 4174 4175
f 4134 4175 4176
f 4134 4176 4136
f 4134 4136 4135
f 4136 4176 4177
f 4136 4177 4178
f 4136 4178 4179
f 4136 4179 4137
f 4137 4179 4180
f 4137 4180 4215
f 4137 4215 4172
f 4138 4181 4182
f 4138 4182 4139
f 4138 4172 4181
f 4139 4182 4140
f 4140 4183 4143
f 4140 4143 4141
f 4140 4182 4183
f 4143 4183 4184
f 4143 4184 4144
f 4144 4184 4185
f 4144 4185 4186
f 4144 4186 4145
f 4145 4186 4185
f 4145 4185 4222
f 4145 4222 4221
f 4145 4221 4219
f 4145 4219 4174
f 4145 4174 4218
f 4145 4218 4217
f 4145 4217 4246
f 4145 4246 4273
f 4145 4273 4275
f 4145 4275 4301
f 4145 4301 4326
f 4145 4326 4364
f 4145 4364 4327
f 4145 4327 4302
f 4145 4302 4277
f 4145 4277 4276
f 4145 4276 4250
f 4145 4250 4249
f 4145 4249 4224
f 4145 4224 4223
f 4145 4223 4187
f 4145 4187 4146
f 4147 4187 4223
f 4147 4223 4188
f 4147 4188 4148
f 4148 4188 4149
f 4149 4188 4150
f 4150 4188 4189
f 4150 4189 4190
f 4150 4190 4160
f 4151 4191 4192
f 4151 4192 4152
f 4151 4159 4191
f 4152 4192 4193
f 4152 4193 4194
f 4152 4194 4195
f 4152 4195 4196
f 4152 4196 4197
f 4152 4197 4153
f 4153 4197 4198
f 4153 4198 4155
f 4153 4155 4154
f 4155 4198 4199
f 4155 4199 4200
f 4155 4200 4201
f 4155 4201 4202
f 4155 4202 4156
f 4157 4171 4158
f 4158 4171 4166
f 4158 4166 4170
f 4158 4170 4203
f 4158 4203 4204
f 4158 4204 4159
f 4159 4204 4191
f 4160 4190 4163
f 4161 4205 4211
f 4161 4211 4206
f 4161 4206 4207
f 4161 4207 4162
f 4161 4163 4205
f 4162 4207 4164
f 4163 4190 4208
f 4163 4208 4209
f 4163 4209 4205
f 4164 4207 4206
f 4164 4206 4211
f 4164 4211 4210
f 4164 4210 4165
f 4165 4210 4167
f 4167 4211 4212
f 4167 4212 4168
f 4167 4210 4211
f 4168 4212 4213
f 4168 4213 4214
f 4168 4214 4169
f 4169 4214 4170
f 4170 4214 4213
f 4170 4213 4203
f 4172 4215 4181
f 4173 4216 4217
f 4173 4217 4218
f 4173 4218 4174
f 4174 4219 4175
f 4175 4219 4178
f 4175 4178 4177
f 4175 4177 4176
f 4178 4219 4180
f 4178 4180 4179
f 4180 4219 4220
f 4180 4220 4215
f 4181 4215 4220
f 4181 4220 4182
f 4182 4220 4183
f 4183 4221 4222
f 4183 4222 4184
f 4183 4220 4219
f 4183 4219 4221
f 4184 4222 4185
f 4188 4223 4224
f 4188 4224 4225
f 4188 4225 4189
f 4189 4225 4208
f 4189 4208 4190
f 4191 4204 4203
f 4191 4203 4192
f 4192 4203 4226
f 4192 4226 4193
f 4193 4227 4228
f 4193 4228 4194
f 4193 4226 4227
f 4194 4228 4229
f 4194 4229 4195
f 4195 4229 4196
f 4196 4229 4230
f 4196 4230 4198
f 4196 4198 4197
f 4198 4230 4231
f 4198 4231 4199
f 4199 4231 4200
f 4200 4232 4201
f 4200 4231 4233
f 4200 4233 4234
f 4200 4234 4232
f 4201 4232 4202
f 4202 4232 4235
f 4203 4213 4236
f 4203 4236 4237
f 4203 4237 4226
f 4205 4209 4238
f 4205 4238 4239
f 4205 4239 4240
f 4205 4240 4211
f 4208 4241 4242
f 4208 4242 4243
f 4208 4243 4209
f 4208 4225 4241
f 4209 4243 4269
f 4209 4269 4238
f 4211 4240 4244
f 4211 4244 4212
f 4212 4244 4213
f 4213 4244 4236
f 4216 4245 4217
f 4217 4245 4247
f 4217 4247 4248
f 4217 4248 4246
f 4224 4249 4225
f 4225 4249 4250
f 4225 4250 4251
f 4225 4251 4241
f 4226 4237 4227
f 4227 4237 4252
f 4227 4252 4228
f 4228 4252 4253
f 4228 4253 4254
f 4228 4254 4229
f 4229 4254 4253
f 4229 4253 4230
f 4230 4253 4255
f 4230 4255 4256
f 4230 4256 4257
f 4230 4257 4258
f 4230 4258 4233
f 4230 4233 4259
f 4230 4259 4231
f 4231 4259 4233
f 4232 4234 4260
f 4232 4260 4261
f 4232 4261 4235
f 4233 4258 4234
f 4234 4262 4260
f 4234 4258 4257
f 4234 4257 4263
f 4234 4263 4262
f 4236 4244 4239
f 4236 4239 4264
f 4236 4264 4265
f 4236 4265 4237
f 4237 4265 4292
f 4237 4292 4266
f 4237 4266 4267
f 4237 4267 4268
f 4237 4268 4252
f 4238 4269 4239
f 4239 4244 4240
f 4239 4269 4264
f 4241 4251 4242
f 4242 4270 4243
f 4242 4251 4270
f 4243 4270 4271
f 4243 4271 4272
f 4243 4272 4269
f 4246 4248 4273
f 4248 4274 4275
f 4248 4275 4273
f 4250 4276 4251
f 4251 4276 4277
f 4251 4277 4278
f 4251 4278 4270
f 4252 4268 4255
f 4252 4255 4253
f 4255 4268 4279
f 4255 4279 4256
f 4256 4280 4257
f 4256 4279 4280
f 4257 4280 4281
f 4257 4281 4282
f 4257 4282 4283
f 4257 4283 4263
f 4260 4262 4261
f 4261 4262 4284
f 4262 4263 4285
f 4262 4285 4286
f 4262 4286 4284
f 4263 4283 4287
f 4263 4287 4288
f 4263 4288 4285
f 4264 4269 4272
f 4264 4272 4265
f 4265 4272 4271
f 4265 4271 4278
f 4265 4278 4289
f 4265 4289 4290
f 4265 4290 4291
f 4265 4291 4292
f 4266 4292 4293
f 4266 4293 4294
f 4266 4294 4267
f 4267 4279 4268
f 4267 4294 4295
f 4267 4295 4296
f 4267 4296 4297
f 4267 4297 4280
f 4267 4280 4279
f 4270 4278 4271
f 4274 4298 4275
f 4275 4298 4299
f 4275 4299 4300
f 4275 4300 4301
f 4277 4302 4278
f 4278 4302 4303
f 4278 4303 4289
f 4280 4297 4296
f 4280 4296 4282
f 4280 4282 4281
f 4282 4304 4283
f 4282 4296 4305
f 4282 4305 4306
f 4282 4306 4307
f 4282 4307 4308
f 4282 4308 4309
f 4282 4309 4304
f 4283 4304 4287
f 4284 4286 4310
f 4285 4288 4311
f 4285 4311 4286
f 4286 4311 4312
f 4286 4312 4310
f 4287 4311 4288
f 4287 4304 4313
f 4287 4313 4314
f 4287 4314 4315
f 4287 4315 4311
f 4289 4316 4290
f 4289 4303 4316
f 4290 4316 4291
f 4291 4317 4293
f 4291 4293 4292
f 4291 4316 4318
f 4291 4318 4317
f 4293 4317 4319
f 4293 4319 4294
f 4294 4319 4320
f 4294 4320 4321
f 4294 4321 4295
f 4295 4321 4322
f 4295 4322 4296
f 4296 4322 4323
f 4296 4323 4324
f 4296 4324 4305
f 4300 4325 4361
f 4300 4361 4390
f 4300 4390 4421
f 4300 4421 4388
f 4300 4388 4387
f 4300 4387 4409
f 4300 4409 4417
f 4300 4417 4434
f 4300 4434 4449
f 4300 4449 4448
f 4300 4448 4447
f 4300 4447 4445
f 4300 4445 4443
f 4300 4443 4442
f 4300 4442 4441
f 4300 4441 4439
f 4300 4439 4438
f 4300 4438 4437
f 4300 4437 4427
f 4300 4427 4407
f 4300 4407 4366
f 4300 4366 4363
f 4300 4363 4326
f 4300 4326 4301
f 4302 4327 4328
f 4302 4328 4303
f 4303 4328 4329
f 4303 4329 4330
f 4303 4330 4316
f 4304 4309 4331
f 4304 4331 4332
f 4304 4332 4313
f 4305 4324 4333
f 4305 4333 4306
f 4306 4333 4334
f 4306 4334 4335
f 4306 4335 4307
f 4307 4335 4336
f 4307 4336 4308
f 4308 4336 4337
f 4308 4337 4338
f 4308 4338 4309
f 4309 4338 4339
f 4309 4339 4331
f 4310 4312 4340
f 4310 4340 4341
f 4311 4315 4342
f 4311 4342 4343
f 4311 4343 4344
f 4311 4344 4312
f 4312 4344 4340
f 4313 4332 4345
f 4313 4345 4346
f 4313 4346 4347
f 4313 4347 4348
f 4313 4348 4349
f 4313 4349 4350
f 4313 4350 4314
f 4314 4350 4351
f 4314 4351 4315
f 4315 4351 4342
f 4316 4330 4318
f 4317 4318 4352
f 4317 4352 4319
f 4318 4330 4353
f 4318 4353 4352
f 4319 4352 4320
f 4320 4352 4354
f 4320 4354 4321
f 4321 4354 4355
f 4321 4355 4356
f 4321 4356 4357
f 4321 4357 4322
f 4322 4357 4358
f 4322 4358 4359
f 4322 4359 4323
f 4323 4359 4360
f 4323 4360 4334
f 4323 4334 4333
f 4323 4333 4324
f 4325 4362 4361
f 4326 4363 4364
f 4327 4364 4328
f 4328 4365 4329
f 4328 4364 4363
f 4328 4363 4365
f 4329 4365 4366
f 4329 4366 4367
f 4329 4367 4330
f 4330 4367 4353
f 4331 4339 4368
f 4331 4368 4369
f 4331 4369 4332
f 4332 4369 4370
f 4332 4370 4371
f 4332 4371 4346
f 4332 4346 4345
f 4334 4360 4358
f 4334 4358 4372
f 4334 4372 4373
f 4334 4373 4335
f 4335 4373 4374
f 4335 4374 4375
f 4335 4375 4336
f 4336 4375 4376
f 4336 4376 4377
f 4336 4377 4337
f 4337 4377 4338
f 4338 4377 4376
f 4338 4376 4339
f 4339 4376 4368
f 4340 4344 4378
f 4340 4378 4341
f 4341 4378 4379
f 4342 4351 4343
f 4343 4351 4380
f 4343 4380 4381
f 4343 4381 4382
f 4343 4382 4383
f 4343 4383 4378
f 4343 4378 4344
f 4346 4371 4384
f 4346 4384 4385
f 4346 4385 4386
f 4346 4386 4348
f 4346 4348 4347
f 4348 4386 4349
f 4349 4386 4387
f 4349 4387 4388
f 4349 4388 4389
f 4349 4389 4390
f 4349 4390 4391
f 4349 4391 4392
f 4349 4392 4393
f 4349 4393 4394
f 4349 4394 4395
f 4349 4395 4350
f 4350 4395 4351
f 4351 4395 4396
f 4351 4396 4380
f 4352 4353 4397
f 4352 4397 4355
f 4352 4355 4354
f 4353 4398 4399
f 4353 4399 4397
f 4353 4367 4400
f 4353 4400 4398
f 4355 4401 4356
f 4355 4397 4399
f 4355 4399 4402
f 4355 4402 4373
f 4355 4373 4403
f 4355 4403 4404
f 4355 4404 4401
f 4356 4401 4404
f 4356 4404 4357
f 4357 4404 4358
f 4358 4404 4372
f 4358 4360 4359
f 4361 4362 4405
f 4361 4405 4392
f 4361 4392 4391
f 4361 4391 4390
f 4362 4406 4405
f 4363 4366 4365
f 4366 4407 4367
f 4367 4407 4400
f 4368 4376 4408
f 4368 4408 4370
f 4368 4370 4369
f 4370 4408 4409
f 4370 4409 4384
f 4370 4384 4371
f 4372 4404 4403
f 4372 4403 4373
f 4373 4402 4410
f 4373 4410 4374
f 4374 4410 4411
f 4374 4411 4412
f 4374 4412 4413
f 4374 4413 4414
f 4374 4414 4415
f 4374 4415 4375
f 4375 4415 4416
f 4375 4416 4376
f 4376 4416 4417
f 4376 4417 4408
f 4378 4383 4418
f 4378 4418 4379
f 4380 4396 4419
f 4380 4419 4420
f 4380 4420 4382
f 4380 4382 4381
f 4382 4418 4383
f 4384 4409 4385
f 4385 4409 4387
f 4385 4387 4386
f 4388 4421 4389
f 4389 4421 4390
f 4392 4405 4406
f 4392 4406 4393
f 4393 4422 4394
f 4394 4422 4423
f 4394 4423 4396
f 4394 4396 4395
f 4396 4423 4422
f 4396 4422 4419
f 4398 4424 4399
f 4398 4400 4424
f 4399 4424 4413
f 4399 4413 4425
f 4399 4425 4411
f 4399 4411 4426
f 4399 4426 4402
f 4400 4407 4427
f 4400 4427 4428
f 4400 4428 4424
f 4402 4426 4410
f 4408 4417 4409
f 4410 4426 4411
f 4411 4425 4412
f 4412 4425 4413
f 4413 4429 4430
f 4413 4430 4431
f 4413 4431 4432
f 4413 4432 4414
f 4413 4424 4429
f 4414 4432 4433
f 4414 4433 4415
f 4415 4433 4416
f 4416 4433 4434
f 4416 4434 4435
f 4416 4435 4417
f 4417 4435 4434
f 4424 4428 4436
f 4424 4436 4429
f 4427 4437 4428
f 4428 4437 4438
f 4428 4438 4439
f 4428 4439 4440
f 4428 4440 4429
f 4428 4429 4436
f 4429 4440 4439
f 4429 4439 4441
f 4429 4441 4430
f 4430 4441 4442
f 4430 4442 4431
f 4431 4442 4443
f 4431 4443 4444
f 4431 4444 4432
f 4432 4444 4445
f 4432 4445 4446
f 4432 4446 4447
f 4432 4447 4448
f 4432 4448 4449
f 4432 4449 4434
f 4432 4434 4433
f 4443 4445 4444
f 4445 4447 4446
o convex_5
v 0.964947 -0.000379644 0.162853
v 0.965005 -0.0479298 0.162853
v 0.962862 -0.000379644 0.155805
v 0.962399 -0.000379644 0.179662
v 0.965005 -0.0670839 0.162853
v 0.960604 -0.000379644 0.148175
v 0.962399 -0.0670839 0.179662
v 0.955217 -0.000379644 0.189245
v 0.962341 -0.086238 0.179662
v 0.962225 -0.105392 0.179662
v 0.964832 -0.086238 0.162853
v 0.960604 -0.0670839 0.148175
v 0.958171 -0.000379644 0.143586
v 0.955159 -0.105392 0.189245
v 0.950237 -0.000379644 0.192059
v 0.945603 -0.124594 0.19467
v 0.955159 -0.124594 0.189092
v 0.961762 -0.124594 0.179509
v 0.955044 -0.143748 0.188459
v 0.960893 -0.143748 0.178876
v 0.963789 -0.105392 0.162853
v 0.960488 -0.086238 0.14858
v 0.955507 -0.0670839 0.138592
v 0.955507 -0.000379644 0.138592
v 0.945603 -0.000379644 0.19467
v 0.929328 -0.124594 0.197864
v 0.929328 -0.143748 0.197737
v 0.945487 -0.143748 0.194543
v 0.953827 -0.162902 0.185898
v 0.944271 -0.162902 0.194061
v 0.93929 -0.213565 0.191856
v 0.938132 -0.226351 0.190969
v 0.959503 -0.162902 0.176315
v 0.959503 -0.162902 0.169343
v 0.960893 -0.143748 0.166022
v 0.959619 -0.105392 0.15038
v 0.955159 -0.086238 0.138997
v 0.945603 -0.086238 0.126423
v 0.945893 -0.0670839 0.126397
v 0.945893 -0.000379644 0.126397
v 0.929328 -0.000379644 0.197864
v 0.910158 -0.220365 0.197991
v 0.929328 -0.162902 0.197256
v 0.910158 -0.239567 0.197788
v 0.936742 -0.239567 0.189422
v 0.927186 -0.239567 0.194619
v 0.924637 -0.258673 0.193859
v 0.920062 -0.288745 0.191805
v 0.958461 -0.174539 0.173628
v 0.94236 -0.239567 0.179839
v 0.95487 -0.162902 0.15976
v 0.956492 -0.143748 0.156439
v 0.958634 -0.118369 0.152282
v 0.958461 -0.174539 0.171549
v 0.940333 -0.220365 0.15071
v 0.954059 -0.105392 0.140797
v 0.944445 -0.105392 0.126702
v 0.937031 -0.105392 0.117119
v 0.937031 -0.086238 0.11684
v 0.937031 -0.0670839 0.116814
v 0.941665 -0.000379644 0.121783
v 0.910158 -0.000379644 0.195329
v 0.910158 -0.0479298 0.197509
v 0.890987 -0.124594 0.197864
v 0.910158 -0.0670839 0.197966
v 0.910158 -0.086238 0.197991
v 0.890987 -0.277827 0.197991
v 0.890987 -0.296981 0.197814
v 0.910158 -0.258673 0.197028
v 0.934251 -0.258673 0.185518
v 0.940275 -0.258673 0.175935
v 0.918035 -0.30153 0.190081
v 0.910158 -0.277827 0.19576
v 0.911085 -0.29588 0.194138
v 0.905525 -0.316136 0.193707
v 0.921625 -0.277827 0.192591
v 0.902455 -0.330214 0.192515
v 0.939116 -0.268825 0.172994
v 0.942128 -0.201211 0.147668
v 0.957534 -0.131154 0.154335
v 0.939116 -0.268825 0.172031
v 0.940275 -0.258673 0.169369
v 0.945719 -0.220365 0.162853
v 0.939174 -0.231187 0.152713
v 0.934657 -0.220365 0.141127
v 0.938885 -0.172527 0.134104
v 0.939696 -0.162902 0.132887
v 0.942881 -0.124594 0.128121
v 0.936336 -0.124594 0.118538
v 0.926722 -0.124594 0.107282
v 0.917861 -0.124594 0.097699
v 0.927417 -0.105392 0.107231
v 0.917919 -0.105392 0.0976483
v 0.932456 -0.000379644 0.1122
v 0.937031 -0.000379644 0.116814
v 0.852646 -0.239567 0.197459
v 0.904714 -0.000379644 0.193681
v 0.761311 -0.489576 0.193884
v 0.776022 -0.469417 0.195836
v 0.775038 -0.489576 0.196901
v 0.795193 -0.431108 0.197357
v 0.814363 -0.373646 0.197661
v 0.871817 -0.182057 0.197687
v 0.833534 -0.316136 0.197814
v 0.852646 -0.258673 0.19794
v 0.871817 -0.201211 0.197991
v 0.871817 -0.33529 0.19789
v 0.833534 -0.3928 0.197991
v 0.833534 -0.411954 0.19789
v 0.871817 -0.354492 0.196977
v 0.890987 -0.316136 0.196901
v 0.899617 -0.342999 0.191019
v 0.915081 -0.316136 0.18605
v 0.921625 -0.316136 0.176467
v 0.89232 -0.336104 0.194619
v 0.886933 -0.354492 0.193808
v 0.845001 -0.445187 0.192515
v 0.861334 -0.419664 0.191019
v 0.919888 -0.326144 0.172943
v 0.936394 -0.201211 0.138085
v 0.937784 -0.185313 0.135879
v 0.935757 -0.258673 0.159786
v 0.937611 -0.243972 0.155983
v 0.919888 -0.326144 0.171955
v 0.921336 -0.314507 0.164501
v 0.919888 -0.307037 0.152991
v 0.941839 -0.23837 0.162574
v 0.921278 -0.296981 0.150684
v 0.923768 -0.277827 0.146552
v 0.932977 -0.23837 0.145259
v 0.919367 -0.266766 0.134687
v 0.920988 -0.25398 0.132482
v 0.922842 -0.239567 0.130099
v 0.925043 -0.220365 0.127259
v 0.932919 -0.162902 0.123304
v 0.934715 -0.143748 0.120896
v 0.925158 -0.143748 0.108296
v 0.917282 -0.143748 0.0987131
v 0.907668 -0.143748 0.088116
v 0.898748 -0.143748 0.0785584
v 0.908305 -0.124594 0.0880653
v 0.898748 -0.124594 0.0784823
v 0.917919 -0.0287756 0.0976483
v 0.898748 -0.000379644 0.0784823
v 0.899617 -0.000379644 0.192135
v 0.764323 -0.469417 0.192642
v 0.760616 -0.489576 0.193554
v 0.776022 -0.489576 0.197053
v 0.795193 -0.450262 0.19789
v 0.814363 -0.3928 0.197966
v 0.795193 -0.469417 0.197991
v 0.814363 -0.450262 0.19789
v 0.833534 -0.431108 0.196977
v 0.873207 -0.374412 0.194645
v 0.903845 -0.354492 0.177811
v 0.90981 -0.334571 0.181969
v 0.834866 -0.451076 0.194645
v 0.829422 -0.469417 0.193808
v 0.842163 -0.457972 0.191019
v 0.825831 -0.483255 0.192515
v 0.901181 -0.365218 0.173805
v 0.917282 -0.319823 0.159203
v 0.901181 -0.365218 0.170129
v 0.881605 -0.402808 0.152966
v 0.90205 -0.348554 0.151039
v 0.90008 -0.324515 0.134763
v 0.902629 -0.31173 0.13162
v 0.914849 -0.296981 0.141101
v 0.917803 -0.277827 0.136969
v 0.905293 -0.296981 0.1284
v 0.907146 -0.277492 0.12338
v 0.913865 -0.259679 0.125485
v 0.915313 -0.239567 0.120516
v 0.917571 -0.220365 0.117676
v 0.918961 -0.206909 0.115927
v 0.921452 -0.182057 0.112809
v 0.923363 -0.162902 0.110426
v 0.925738 -0.200828 0.123203
v 0.915718 -0.162902 0.100843
v 0.906104 -0.162902 0.0891301
v 0.898111 -0.162902 0.0795471
v 0.888497 -0.162902 0.0692036
v 0.87923 -0.162902 0.0596459
v 0.889134 -0.143748 0.0688993
v 0.879578 -0.143748 0.0593417
v 0.860407 -0.143748 0.0401757
v 0.81251 -0.124594 -0.00771397
v 0.759226 -0.0371556 -0.0610036
v 0.759226 -0.0287756 -0.0610036
v 0.836661 -0.000379644 0.016421
v 0.751234 -0.489576 0.189016
v 0.766003 -0.458211 0.191856
v 0.894636 -0.000379644 0.188839
v 0.676231 -0.489576 0.140721
v 0.726214 -0.489576 0.173653
v 0.736813 -0.489576 0.180422
v 0.794208 -0.489576 0.197661
v 0.795193 -0.488619 0.197661
v 0.814363 -0.469417 0.196977
v 0.884675 -0.3928 0.177811
v 0.86284 -0.441882 0.17378
v 0.815464 -0.489241 0.194442
v 0.838978 -0.469417 0.187369
v 0.846333 -0.469417 0.177786
v 0.824209 -0.489576 0.191653
v 0.831043 -0.489576 0.18387
v 0.815348 -0.489576 0.194416
v 0.863014 -0.44217 0.162853
v 0.88201 -0.403574 0.162853
v 0.862666 -0.441499 0.152611
v 0.865156 -0.431108 0.149113
v 0.860986 -0.419089 0.135625
v 0.864172 -0.406304 0.132
v 0.876682 -0.3928 0.140468
v 0.879636 -0.378817 0.136513
v 0.883574 -0.3928 0.150051
v 0.89788 -0.33529 0.137704
v 0.882184 -0.366032 0.133116
v 0.884501 -0.354492 0.1302
v 0.897242 -0.296981 0.118817
v 0.879636 -0.340174 0.117144
v 0.882068 -0.327389 0.114228
v 0.899443 -0.283669 0.116231
v 0.901355 -0.270884 0.114051
v 0.903092 -0.258673 0.111997
v 0.905698 -0.239567 0.108879
v 0.906799 -0.219551 0.10424
v 0.901007 -0.212607 0.0952906
v 0.902223 -0.201211 0.0937695
v 0.913807 -0.182057 0.103226
v 0.904193 -0.182057 0.091285
v 0.896374 -0.182057 0.081702
v 0.886759 -0.182057 0.0707754
v 0.877782 -0.182057 0.0612177
v 0.868168 -0.182057 0.051584
v 0.869674 -0.162902 0.0500883
v 0.850504 -0.162902 0.0309222
v 0.822066 -0.143748 0.00186903
v 0.802896 -0.124594 -0.017297
v 0.774169 -0.086238 -0.0460206
v 0.764555 -0.0670839 -0.0556036
v 0.764439 -0.086238 -0.0556036
v 0.759111 -0.0561661 -0.0610036
v 0.759168 -0.000379644 -0.0610036
v 0.77915 -0.000379644 -0.0410517
v 0.890061 -0.000379644 0.185771
v 0.373384 -0.489576 -0.0609782
v 0.795193 -0.489576 0.197611
v 0.815116 -0.489576 0.194467
v 0.843669 -0.480095 0.17378
v 0.832433 -0.489576 0.181867
v 0.843669 -0.480095 0.169749
v 0.842163 -0.477605 0.156972
v 0.846276 -0.464819 0.148884
v 0.825078 -0.480909 0.132761
v 0.841468 -0.457014 0.136107
v 0.857975 -0.431108 0.139555
v 0.845059 -0.444229 0.132
v 0.848361 -0.431108 0.128552
v 0.839094 -0.431108 0.118969
v 0.858206 -0.3928 0.118995
v 0.86116 -0.38102 0.116054
v 0.864172 -0.368283 0.112859
v 0.867126 -0.3928 0.128578
v 0.87674 -0.354492 0.120617
v 0.884153 -0.316136 0.111795
v 0.875813 -0.316136 0.102237
v 0.887628 -0.296981 0.107916
v 0.867184 -0.354492 0.109437
v 0.86116 -0.342281 0.0969385
v 0.871643 -0.334811 0.105583
v 0.863709 -0.329496 0.0941498
v 0.879172 -0.296981 0.0983328
v 0.883111 -0.273374 0.0938709
v 0.885312 -0.258673 0.091285
v 0.894868 -0.258673 0.102414
v 0.897532 -0.239567 0.0992962
v 0.899443 -0.225345 0.0971159
v 0.891045 -0.220556 0.0861639
v 0.884501 -0.201211 0.0732852
v 0.894057 -0.201211 0.0841865
v 0.860986 -0.239567 0.0587839
v 0.863824 -0.216965 0.0559445
v 0.865794 -0.201211 0.0539671
v 0.848998 -0.182057 0.0324434
v 0.840889 -0.162902 0.0213392
v 0.831333 -0.162902 0.0119084
v 0.821371 -0.162902 0.00232536
v 0.812452 -0.143748 -0.0073337
v 0.774169 -0.105392 -0.0456657
v 0.783725 -0.105392 -0.0364376
v 0.763686 -0.105392 -0.0552487
v 0.758705 -0.0746019 -0.0610036
v 0.599376 -0.000379644 -0.0610036
v 0.876682 -0.000379644 0.176188
v 0.373442 -0.489337 -0.0610036
v 0.373615 -0.489576 -0.0610036
v 0.836198 -0.489576 0.165186
v 0.836198 -0.489576 0.163132
v 0.82809 -0.489576 0.145386
v 0.82641 -0.489576 0.142648
v 0.815869 -0.489576 0.128324
v 0.813552 -0.489576 0.12518
v 0.811873 -0.489576 0.123203
v 0.806776 -0.482585 0.112859
v 0.822819 -0.457685 0.116104
v 0.839094 -0.3928 0.0998032
v 0.84865 -0.3928 0.109386
v 0.800753 -0.469417 0.0998286
v 0.814885 -0.451316 0.104874
v 0.84865 -0.354492 0.0902456
v 0.858206 -0.354492 0.099854
v 0.866199 -0.316136 0.0913357
v 0.845117 -0.329926 0.0745274
v 0.848013 -0.316136 0.0714345
v 0.857627 -0.316136 0.0817527
v 0.860407 -0.301052 0.0787105
v 0.875118 -0.278977 0.0869752
v 0.864288 -0.277827 0.0744514
v 0.876972 -0.258673 0.081702
v 0.887976 -0.239567 0.0882428
v 0.879636 -0.239567 0.0786598
v 0.881026 -0.228553 0.0770373
v 0.882647 -0.215768 0.0752626
v 0.870079 -0.239567 0.0683669
v 0.867357 -0.258673 0.0711303
v 0.858206 -0.258673 0.0615726
v 0.84865 -0.258673 0.0519389
v 0.839094 -0.258673 0.0423559
v 0.841816 -0.239567 0.0396179
v 0.846623 -0.201211 0.0348264
v 0.839383 -0.182057 0.0228604
v 0.829827 -0.182057 0.0135309
v 0.819402 -0.182057 0.00394788
v 0.811757 -0.162902 -0.0060154
v 0.802201 -0.143748 -0.0169167
v 0.78303 -0.124594 -0.0360827
v 0.761949 -0.124594 -0.0539051
v 0.752682 -0.124594 -0.0610036
v 0.756041 -0.105392 -0.0610036
v 0.757547 -0.0921279 -0.0610036
v 0.773474 -0.124594 -0.0443474
v 0.59926 -0.000475412 -0.0610036
v 0.599376 -0.000379644 -0.0609275
v 0.867126 -0.000379644 0.16838
v 0.855832 -0.000379644 0.158797
v 0.834287 -0.000379644 0.140392
v 0.588719 -0.489576 -0.0610036
v 0.796062 -0.489576 0.106243
v 0.794324 -0.489576 0.104468
v 0.787722 -0.482585 0.0936934
v 0.810251 -0.469417 0.109412
v 0.839094 -0.354492 0.0806626
v 0.814885 -0.413008 0.0857076
v 0.819923 -0.3928 0.0806372
v 0.772026 -0.469417 0.0710796
v 0.803707 -0.457685 0.0968878
v 0.791197 -0.431108 0.0710796
v 0.826063 -0.329974 0.0553868
v 0.838688 -0.316136 0.0619022
v 0.841526 -0.301866 0.0590882
v 0.86255 -0.288266 0.0763274
v 0.855079 -0.277827 0.0648937
v 0.843669 -0.28908 0.0569333
v 0.845523 -0.277827 0.0550572
v 0.835966 -0.277827 0.0454742
v 0.826352 -0.277827 0.0359419
v 0.82948 -0.258673 0.032925
v 0.832202 -0.239567 0.0302377
v 0.823746 -0.229319 0.0193365
v 0.825483 -0.216534 0.0177393
v 0.837009 -0.201211 0.0252434
v 0.827453 -0.201211 0.0158632
v 0.816796 -0.201211 0.00628024
v 0.805502 -0.213374 -0.000615459
v 0.807182 -0.201211 -0.00203516
v 0.809788 -0.182057 -0.00408867
v 0.80029 -0.162902 -0.0155984
v 0.759632 -0.143748 -0.0520037
v 0.750018 -0.143748 -0.0596346
v 0.781177 -0.143748 -0.0347391
v 0.751987 -0.127563 -0.0610036
v 0.591904 -0.485362 -0.0610036
v 0.602272 -0.489576 -0.0524347
v 0.776022 -0.489576 0.0861893
v 0.768551 -0.482585 0.0745274
v 0.772026 -0.3928 0.0327729
v 0.762238 -0.469417 0.0615219
v 0.749381 -0.444708 0.0362715
v 0.765366 -0.457685 0.0585811
v 0.765366 -0.419376 0.0394151
v 0.781582 -0.354492 0.0231899
v 0.806892 -0.329926 0.0362208
v 0.829132 -0.316136 0.0522939
v 0.822356 -0.301866 0.0398968
v 0.824499 -0.28908 0.0377926
v 0.802722 -0.300525 0.020959
v 0.816101 -0.277827 0.0263589
v 0.819286 -0.258673 0.023342
v 0.82224 -0.239567 0.0206547
v 0.812684 -0.239567 0.0122886
v 0.803649 -0.226159 0.000981712
v 0.796467 -0.219982 -0.00667455
v 0.783494 -0.220365 -0.0174491
v 0.797915 -0.182057 -0.0136717
v 0.785057 -0.208537 -0.0186913
v 0.774748 -0.182631 -0.0321278
v 0.755578 -0.163477 -0.0512938
v 0.748338 -0.157444 -0.0582909
v 0.744226 -0.160173 -0.0610036
v 0.748222 -0.143605 -0.0610036
v 0.596712 -0.482729 -0.0591783
v 0.601692 -0.471907 -0.0610036
v 0.609511 -0.473918 -0.0551473
v 0.618604 -0.489576 -0.0418122
v 0.632273 -0.478898 -0.0382376
v 0.775154 -0.489576 0.0853273
v 0.757952 -0.489576 0.0684937
v 0.756678 -0.489576 0.0672768
v 0.749091 -0.481962 0.0558178
v 0.752624 -0.469417 0.0523699
v 0.745906 -0.457445 0.0395672
v 0.768551 -0.368283 0.0171055
v 0.74243 -0.431108 0.0232913
v 0.745906 -0.419089 0.0203759
v 0.752856 -0.431108 0.0328743
v 0.784536 -0.342472 0.0202745
v 0.809962 -0.316136 0.0333053
v 0.819518 -0.316136 0.0427109
v 0.78749 -0.329687 0.0175872
v 0.799884 -0.316136 0.0237223
v 0.79027 -0.316136 0.0152041
v 0.782509 -0.296981 0.00262958
v 0.795888 -0.295258 0.0135562
v 0.804865 -0.28774 0.0190829
v 0.806545 -0.277827 0.0176632
v 0.80973 -0.258673 0.0149252
v 0.801622 -0.239567 0.00270564
v 0.792065 -0.239567 -0.00555907
v 0.780598 -0.239567 -0.0151421
v 0.773879 -0.220365 -0.0249786
v 0.764323 -0.201211 -0.0366658
v 0.746716 -0.170229 -0.0570233
v 0.741562 -0.17066 -0.0610036
v 0.611422 -0.458403 -0.0610036
v 0.614145 -0.461132 -0.0580628
v 0.619183 -0.489576 -0.0414319
v 0.636442 -0.466112 -0.0412038
v 0.642466 -0.471284 -0.0344348
v 0.660536 -0.467597 -0.0230011
v 0.65376 -0.482202 -0.0207955
v 0.642524 -0.489576 -0.0252575
v 0.642176 -0.489576 -0.025511
v 0.629029 -0.489576 -0.0349165
v 0.617909 -0.450262 -0.0605473
v 0.627465 -0.450262 -0.0543107
v 0.739245 -0.489576 0.0512798
v 0.729283 -0.480765 0.0372856
v 0.742373 -0.469417 0.0427869
v 0.732758 -0.469417 0.034218
v 0.72575 -0.455769 0.0211111
v 0.737681 -0.450214 0.0286913
v 0.771968 -0.354492 0.0140379
v 0.749265 -0.406304 0.0174351
v 0.761196 -0.354492 0.00445491
v 0.748628 -0.366367 -0.00102109
v 0.729457 -0.442984 0.0181449
v 0.732874 -0.431108 0.015483
v 0.741098 -0.3928 0.00483519
v 0.764497 -0.340078 0.00164086
v 0.77886 -0.316136 0.0056211
v 0.772895 -0.296981 -0.00543231
v 0.784652 -0.284531 0.000829594
v 0.798552 -0.258673 0.00534223
v 0.786795 -0.271746 -0.000995738
v 0.788938 -0.258673 -0.00287177
v 0.764671 -0.277827 -0.0177533
v 0.766292 -0.267867 -0.0190463
v 0.771041 -0.239567 -0.0225955
v 0.761485 -0.220365 -0.0345362
v 0.754767 -0.201211 -0.0441446
v 0.73855 -0.182057 -0.0610036
v 0.745153 -0.182057 -0.0558318
v 0.617562 -0.449736 -0.0610036
v 0.631288 -0.439009 -0.0567445
v 0.649242 -0.456009 -0.0366404
v 0.670729 -0.459983 -0.0191984
v 0.666501 -0.472721 -0.016004
v 0.687757 -0.475929 0.0015648
v 0.663779 -0.489576 -0.00948861
v 0.662158 -0.489576 -0.0107055
v 0.654571 -0.489576 -0.0163336
v 0.624627 -0.43944 -0.0610036
v 0.736697 -0.489576 0.0489981
v 0.72048 -0.489576 0.0350546
v 0.717121 -0.489576 0.0321898
v 0.708955 -0.479041 0.019159
v 0.72158 -0.469417 0.024635
v 0.711966 -0.469417 0.0168266
v 0.691927 -0.463144 -0.00162954
v 0.695807 -0.450262 -0.0046464
v 0.705364 -0.450262 0.00275634
v 0.719032 -0.449736 0.0130999
v 0.751639 -0.354492 -0.00355627
v 0.72465 -0.373646 -0.0164604
v 0.727604 -0.363207 -0.0187674
v 0.731195 -0.350421 -0.0216068
v 0.708433 -0.439823 0.000423966
v 0.71214 -0.427038 -0.00244079
v 0.707564 -0.399935 -0.0180575
v 0.71799 -0.393231 -0.0129365
v 0.744284 -0.33529 -0.0167392
v 0.757605 -0.334332 -0.00604075
v 0.767045 -0.327293 -0.000514052
v 0.769304 -0.316136 -0.00236474
v 0.777354 -0.278019 -0.00713089
v 0.749207 -0.311347 -0.0206434
v 0.761369 -0.296981 -0.0150153
v 0.751813 -0.296981 -0.0225955
v 0.728009 -0.306223 -0.0382123
v 0.755056 -0.277827 -0.0250039
v 0.756157 -0.241243 -0.0333701
v 0.732816 -0.200828 -0.0610036
v 0.742315 -0.201211 -0.0537276
v 0.737218 -0.186701 -0.0610036
v 0.634068 -0.4245 -0.0610036
v 0.635168 -0.426224 -0.0594825
v 0.627407 -0.435226 -0.0610036
v 0.639802 -0.415019 -0.0610036
v 0.653065 -0.443223 -0.0394038
v 0.66627 -0.431108 -0.0351447
v 0.660131 -0.449879 -0.031418
v 0.673683 -0.450262 -0.0213786
v 0.687352 -0.436567 -0.0173223
v 0.683239 -0.450262 -0.0142041
v 0.679243 -0.467932 -0.00882946
v 0.681328 -0.489576 0.00384647
v 0.709418 -0.489576 0.0259279
v 0.701657 -0.489576 0.019666
v 0.698587 -0.489576 0.0172069
v 0.697024 -0.489576 0.0159647
v 0.734728 -0.33529 -0.0244716
v 0.715094 -0.373646 -0.0238885
v 0.718916 -0.355114 -0.0290349
v 0.710171 -0.346974 -0.0391503
v 0.722507 -0.33529 -0.0340546
v 0.704089 -0.411954 -0.0153956
v 0.691116 -0.423782 -0.0201364
v 0.746658 -0.324084 -0.0186153
v 0.756099 -0.317093 -0.0130632
v 0.739245 -0.317093 -0.0266265
v 0.72633 -0.316136 -0.0369447
v 0.716773 -0.316136 -0.0441192
v 0.705248 -0.283478 -0.0610036
v 0.707738 -0.276056 -0.0610036
v 0.724418 -0.226063 -0.0610036
v 0.643335 -0.409081 -0.0610036
v 0.651791 -0.402808 -0.0576571
v 0.656713 -0.431108 -0.0419897
v 0.664358 -0.3928 -0.0529417
v 0.679996 -0.391124 -0.042446
v 0.690016 -0.383606 -0.0384658
v 0.680691 -0.430534 -0.0248772
v 0.706522 -0.359759 -0.0364883
v 0.698298 -0.33505 -0.0514206
v 0.712951 -0.33529 -0.0412291
v 0.692912 -0.373646 -0.0405446
v 0.668355 -0.379057 -0.0558065
v 0.671888 -0.366271 -0.0583163
v 0.675015 -0.354492 -0.0603951
v 0.674146 -0.354444 -0.0610036
v 0.687989 -0.341275 -0.0562628
v 0.70351 -0.316136 -0.0537022
v 0.698993 -0.301578 -0.0610036
v 0.700672 -0.296981 -0.0610036
v 0.648779 -0.399887 -0.0610036
v 0.653007 -0.392704 -0.0610036
v 0.693143 -0.316136 -0.0610036
v 0.693954 -0.316136 -0.0604458
v 0.68544 -0.332225 -0.0610036
v 0.688626 -0.325808 -0.0610036
v 0.663374 -0.374604 -0.0610036
v 0.665748 -0.370294 -0.0610036
v 0.669281 -0.363638 -0.0610036
v 0.676405 -0.350038 -0.0610036
v 0.694649 -0.312496 -0.0610036
v 0.693491 -0.315321 -0.0610036
f 4450 4451 4452
f 4450 4452 4455
f 4450 4455 4462
f 4450 4462 4473
f 4450 4473 4489
f 4450 4489 4510
f 4450 4510 4544
f 4450 4544 4543
f 4450 4543 4593
f 4450 4593 4639
f 4450 4639 4694
f 4450 4694 4693
f 4450 4693 4743
f 4450 4743 4793
f 4450 4793 4796
f 4450 4796 4795
f 4450 4795 4794
f 4450 4794 4744
f 4450 4744 4695
f 4450 4695 4642
f 4450 4642 4594
f 4450 4594 4546
f 4450 4546 4511
f 4450 4511 4490
f 4450 4490 4474
f 4450 4474 4464
f 4450 4464 4457
f 4450 4457 4453
f 4450 4453 4451
f 4451 4454 4461
f 4451 4461 4455
f 4451 4455 4452
f 4451 4453 4456
f 4451 4456 4454
f 4453 4457 4456
f 4454 4456 4458
f 4454 4458 4459
f 4454 4459 4460
f 4454 4460 4461
f 4455 4461 4462
f 4456 4457 4463
f 4456 4463 4458
f 4457 4464 4465
f 4457 4465 4463
f 4458 4463 4466
f 4458 4466 4459
f 4459 4467 4460
f 4459 4466 4468
f 4459 4468 4467
f 4460 4467 4469
f 4460 4469 4470
f 4460 4470 4471
f 4460 4471 4461
f 4461 4471 4472
f 4461 4472 4462
f 4462 4472 4473
f 4463 4465 4466
f 4464 4474 4465
f 4465 4475 4476
f 4465 4476 4477
f 4465 4477 4466
f 4465 4474 4490
f 4465 4490 4475
f 4466 4477 4468
f 4467 4468 4469
f 4468 4478 4469
f 4468 4477 4479
f 4468 4479 4480
f 4468 4480 4481
f 4468 4481 4478
f 4469 4482 4470
f 4469 4478 4482
f 4470 4482 4483
f 4470 4483 4484
f 4470 4484 4485
f 4470 4485 4471
f 4471 4485 4486
f 4471 4486 4472
f 4472 4486 4487
f 4472 4487 4488
f 4472 4488 4489
f 4472 4489 4473
f 4475 4490 4515
f 4475 4515 4491
f 4475 4491 4476
f 4476 4492 4477
f 4476 4491 4493
f 4476 4493 4492
f 4477 4492 4479
f 4478 4481 4494
f 4478 4494 4482
f 4479 4492 4495
f 4479 4495 4480
f 4480 4495 4496
f 4480 4496 4481
f 4481 4496 4497
f 4481 4497 4494
f 4482 4498 4503
f 4482 4503 4483
f 4482 4494 4499
f 4482 4499 4498
f 4483 4500 4501
f 4483 4501 4502
f 4483 4502 4484
f 4483 4503 4504
f 4483 4504 4500
f 4484 4502 4485
f 4485 4502 4505
f 4485 4505 4486
f 4486 4505 4506
f 4486 4506 4487
f 4487 4506 4507
f 4487 4507 4488
f 4488 4507 4508
f 4488 4508 4509
f 4488 4509 4510
f 4488 4510 4489
f 4490 4511 4512
f 4490 4512 4513
f 4490 4513 4514
f 4490 4514 4515
f 4491 4515 4555
f 4491 4555 4600
f 4491 4600 4557
f 4491 4557 4516
f 4491 4516 4517
f 4491 4517 4493
f 4492 4493 4495
f 4493 4518 4495
f 4493 4517 4518
f 4494 4519 4520
f 4494 4520 4499
f 4494 4497 4521
f 4494 4521 4519
f 4495 4518 4522
f 4495 4522 4496
f 4496 4522 4523
f 4496 4523 4524
f 4496 4524 4525
f 4496 4525 4497
f 4497 4525 4524
f 4497 4524 4526
f 4497 4526 4521
f 4498 4499 4520
f 4498 4520 4527
f 4498 4527 4530
f 4498 4530 4503
f 4500 4504 4528
f 4500 4528 4501
f 4501 4529 4502
f 4501 4528 4529
f 4502 4529 4528
f 4502 4528 4505
f 4503 4530 4531
f 4503 4531 4532
f 4503 4532 4533
f 4503 4533 4504
f 4504 4533 4534
f 4504 4534 4528
f 4505 4528 4535
f 4505 4535 4536
f 4505 4536 4537
f 4505 4537 4506
f 4506 4537 4538
f 4506 4538 4507
f 4507 4538 4539
f 4507 4539 4540
f 4507 4540 4541
f 4507 4541 4508
f 4508 4541 4542
f 4508 4542 4509
f 4509 4543 4544
f 4509 4544 4510
f 4509 4542 4543
f 4511 4545 4512
f 4511 4546 4547
f 4511 4547 4548
f 4511 4548 4549
f 4511 4549 4550
f 4511 4550 4545
f 4512 4545 4551
f 4512 4551 4552
f 4512 4552 4513
f 4513 4552 4551
f 4513 4551 4553
f 4513 4553 4554
f 4513 4554 4514
f 4514 4554 4555
f 4514 4555 4515
f 4516 4556 4517
f 4516 4557 4558
f 4516 4558 4556
f 4517 4556 4559
f 4517 4559 4560
f 4517 4560 4518
f 4518 4560 4522
f 4519 4527 4520
f 4519 4521 4527
f 4521 4526 4561
f 4521 4561 4562
f 4521 4562 4563
f 4521 4563 4527
f 4522 4560 4523
f 4523 4560 4524
f 4524 4564 4565
f 4524 4565 4526
f 4524 4560 4564
f 4526 4565 4566
f 4526 4566 4567
f 4526 4567 4561
f 4527 4563 4568
f 4527 4568 4573
f 4527 4573 4530
f 4528 4534 4569
f 4528 4569 4570
f 4528 4570 4535
f 4530 4571 4572
f 4530 4572 4533
f 4530 4533 4531
f 4530 4573 4574
f 4530 4574 4575
f 4530 4575 4571
f 4531 4533 4576
f 4531 4576 4532
f 4532 4576 4533
f 4533 4572 4577
f 4533 4577 4578
f 4533 4578 4579
f 4533 4579 4534
f 4534 4579 4580
f 4534 4580 4581
f 4534 4581 4582
f 4534 4582 4583
f 4534 4583 4569
f 4535 4570 4584
f 4535 4584 4585
f 4535 4585 4536
f 4536 4585 4538
f 4536 4538 4537
f 4538 4585 4586
f 4538 4586 4587
f 4538 4587 4539
f 4539 4587 4588
f 4539 4588 4540
f 4540 4542 4541
f 4540 4588 4589
f 4540 4589 4590
f 4540 4590 4542
f 4542 4590 4591
f 4542 4591 4593
f 4542 4593 4592
f 4542 4592 4543
f 4543 4592 4593
f 4545 4550 4551
f 4546 4594 4547
f 4547 4595 4596
f 4547 4596 4640
f 4547 4640 4645
f 4547 4645 4644
f 4547 4644 4643
f 4547 4643 4696
f 4547 4696 4746
f 4547 4746 4797
f 4547 4797 4833
f 4547 4833 4864
f 4547 4864 4896
f 4547 4896 4903
f 4547 4903 4902
f 4547 4902 4901
f 4547 4901 4941
f 4547 4941 4940
f 4547 4940 4939
f 4547 4939 4986
f 4547 4986 4990
f 4547 4990 4989
f 4547 4989 4988
f 4547 4988 4987
f 4547 4987 4945
f 4547 4945 4944
f 4547 4944 4943
f 4547 4943 4906
f 4547 4906 4868
f 4547 4868 4867
f 4547 4867 4866
f 4547 4866 4834
f 4547 4834 4799
f 4547 4799 4798
f 4547 4798 4753
f 4547 4753 4752
f 4547 4752 4751
f 4547 4751 4750
f 4547 4750 4749
f 4547 4749 4748
f 4547 4748 4747
f 4547 4747 4700
f 4547 4700 4655
f 4547 4655 4654
f 4547 4654 4656
f 4547 4656 4698
f 4547 4698 4697
f 4547 4697 4646
f 4547 4646 4597
f 4547 4597 4549
f 4547 4549 4548
f 4547 4594 4595
f 4549 4597 4550
f 4550 4597 4598
f 4550 4598 4551
f 4551 4598 4553
f 4553 4598 4554
f 4554 4598 4599
f 4554 4599 4555
f 4555 4599 4600
f 4556 4558 4559
f 4557 4600 4601
f 4557 4601 4558
f 4558 4601 4648
f 4558 4648 4602
f 4558 4602 4559
f 4559 4603 4564
f 4559 4564 4560
f 4559 4602 4603
f 4561 4604 4605
f 4561 4605 4562
f 4561 4567 4604
f 4562 4605 4568
f 4562 4568 4563
f 4564 4603 4565
f 4565 4603 4606
f 4565 4606 4607
f 4565 4607 4566
f 4566 4608 4567
f 4566 4607 4609
f 4566 4609 4608
f 4567 4608 4649
f 4567 4649 4604
f 4568 4605 4604
f 4568 4604 4610
f 4568 4610 4612
f 4568 4612 4573
f 4569 4583 4570
f 4570 4583 4584
f 4571 4575 4572
f 4572 4575 4577
f 4573 4611 4575
f 4573 4575 4574
f 4573 4612 4613
f 4573 4613 4611
f 4575 4611 4613
f 4575 4613 4614
f 4575 4614 4615
f 4575 4615 4616
f 4575 4616 4617
f 4575 4617 4618
f 4575 4618 4577
f 4577 4618 4580
f 4577 4580 4578
f 4578 4580 4579
f 4580 4618 4619
f 4580 4619 4620
f 4580 4620 4621
f 4580 4621 4622
f 4580 4622 4581
f 4581 4622 4582
f 4582 4622 4623
f 4582 4623 4583
f 4583 4623 4624
f 4583 4624 4625
f 4583 4625 4626
f 4583 4626 4627
f 4583 4627 4584
f 4584 4627 4626
f 4584 4626 4585
f 4585 4626 4586
f 4586 4626 4628
f 4586 4628 4629
f 4586 4629 4587
f 4587 4629 4630
f 4587 4630 4588
f 4588 4630 4631
f 4588 4631 4589
f 4589 4631 4632
f 4589 4632 4633
f 4589 4633 4590
f 4590 4633 4591
f 4591 4633 4634
f 4591 4634 4635
f 4591 4635 4636
f 4591 4636 4637
f 4591 4637 4638
f 4591 4638 4593
f 4593 4638 4639
f 4594 4640 4641
f 4594 4641 4595
f 4594 4642 4643
f 4594 4643 4644
f 4594 4644 4645
f 4594 4645 4640
f 4595 4641 4640
f 4595 4640 4596
f 4597 4646 4600
f 4597 4600 4598
f 4598 4600 4599
f 4600 4646 4647
f 4600 4647 4601
f 4601 4647 4648
f 4602 4648 4606
f 4602 4606 4603
f 4604 4649 4650
f 4604 4650 4610
f 4606 4648 4607
f 4607 4648 4651
f 4607 4651 4609
f 4608 4652 4653
f 4608 4653 4649
f 4608 4609 4654
f 4608 4654 4655
f 4608 4655 4652
f 4609 4651 4656
f 4609 4656 4654
f 4610 4650 4657
f 4610 4657 4612
f 4612 4657 4658
f 4612 4658 4613
f 4613 4658 4659
f 4613 4659 4660
f 4613 4660 4661
f 4613 4661 4662
f 4613 4662 4663
f 4613 4663 4664
f 4613 4664 4665
f 4613 4665 4614
f 4614 4666 4615
f 4614 4665 4664
f 4614 4664 4666
f 4615 4666 4664
f 4615 4664 4667
f 4615 4667 4668
f 4615 4668 4616
f 4616 4669 4619
f 4616 4619 4617
f 4616 4668 4670
f 4616 4670 4671
f 4616 4671 4669
f 4617 4619 4618
f 4619 4669 4672
f 4619 4672 4620
f 4620 4672 4673
f 4620 4673 4621
f 4621 4673 4674
f 4621 4674 4622
f 4622 4674 4675
f 4622 4675 4676
f 4622 4676 4623
f 4623 4676 4677
f 4623 4677 4678
f 4623 4678 4624
f 4624 4679 4625
f 4624 4678 4680
f 4624 4680 4679
f 4625 4679 4628
f 4625 4628 4626
f 4628 4679 4680
f 4628 4680 4681
f 4628 4681 4629
f 4629 4681 4630
f 4630 4681 4682
f 4630 4682 4631
f 4631 4682 4683
f 4631 4683 4632
f 4632 4683 4684
f 4632 4684 4685
f 4632 4685 4634
f 4632 4634 4633
f 4634 4685 4686
f 4634 4686 4635
f 4635 4686 4687
f 4635 4687 4636
f 4636 4687 4688
f 4636 4688 4689
f 4636 4689 4637
f 4637 4689 4690
f 4637 4690 4691
f 4637 4691 4692
f 4637 4692 4742
f 4637 4742 4790
f 4637 4790 4789
f 4637 4789 4788
f 4637 4788 4831
f 4637 4831 4860
f 4637 4860 4859
f 4637 4859 4893
f 4637 4893 4931
f 4637 4931 4974
f 4637 4974 4972
f 4637 4972 5005
f 4637 5005 5004
f 4637 5004 5003
f 4637 5003 5024
f 4637 5024 5023
f 4637 5023 5035
f 4637 5035 5036
f 4637 5036 5027
f 4637 5027 5030
f 4637 5030 5029
f 4637 5029 5034
f 4637 5034 5020
f 4637 5020 5033
f 4637 5033 5032
f 4637 5032 5031
f 4637 5031 5026
f 4637 5026 5025
f 4637 5025 5006
f 4637 5006 4978
f 4637 4978 4975
f 4637 4975 4977
f 4637 4977 4942
f 4637 4942 4933
f 4637 4933 4894
f 4637 4894 4862
f 4637 4862 4832
f 4637 4832 4797
f 4637 4797 4746
f 4637 4746 4745
f 4637 4745 4792
f 4637 4792 4743
f 4637 4743 4693
f 4637 4693 4638
f 4638 4693 4694
f 4638 4694 4639
f 4642 4695 4696
f 4642 4696 4643
f 4646 4697 4647
f 4647 4697 4648
f 4648 4698 4651
f 4648 4697 4698
f 4649 4653 4650
f 4650 4653 4699
f 4650 4699 4657
f 4651 4698 4656
f 4652 4655 4653
f 4653 4655 4699
f 4655 4700 4699
f 4657 4699 4701
f 4657 4701 4659
f 4657 4659 4658
f 4659 4661 4660
f 4659 4701 4702
f 4659 4702 4703
f 4659 4703 4704
f 4659 4704 4705
f 4659 4705 4706
f 4659 4706 4661
f 4661 4706 4707
f 4661 4707 4662
f 4662 4707 4708
f 4662 4708 4709
f 4662 4709 4710
f 4662 4710 4711
f 4662 4711 4712
f 4662 4712 4713
f 4662 4713 4664
f 4662 4664 4663
f 4664 4713 4714
f 4664 4714 4667
f 4667 4714 4668
f 4668 4714 4670
f 4669 4671 4715
f 4669 4715 4716
f 4669 4716 4762
f 4669 4762 4717
f 4669 4717 4672
f 4670 4714 4718
f 4670 4718 4719
f 4670 4719 4720
f 4670 4720 4671
f 4671 4720 4721
f 4671 4721 4716
f 4671 4716 4715
f 4672 4717 4722
f 4672 4722 4723
f 4672 4723 4724
f 4672 4724 4673
f 4673 4724 4725
f 4673 4725 4674
f 4674 4725 4726
f 4674 4726 4675
f 4675 4726 4727
f 4675 4727 4676
f 4676 4727 4677
f 4677 4727 4728
f 4677 4728 4729
f 4677 4729 4730
f 4677 4730 4681
f 4677 4681 4678
f 4678 4681 4680
f 4681 4730 4729
f 4681 4729 4682
f 4682 4729 4683
f 4683 4729 4731
f 4683 4731 4732
f 4683 4732 4733
f 4683 4733 4684
f 4684 4733 4780
f 4684 4780 4734
f 4684 4734 4686
f 4684 4686 4685
f 4686 4734 4781
f 4686 4781 4735
f 4686 4735 4687
f 4687 4736 4737
f 4687 4737 4738
f 4687 4738 4739
f 4687 4739 4688
f 4687 4735 4736
f 4688 4739 4740
f 4688 4740 4689
f 4689 4740 4691
f 4689 4691 4690
f 4691 4741 4742
f 4691 4742 4692
f 4691 4740 4739
f 4691 4739 4741
f 4695 4744 4696
f 4696 4745 4746
f 4696 4744 4745
f 4699 4747 4748
f 4699 4748 4701
f 4699 4700 4747
f 4701 4748 4702
f 4702 4748 4749
f 4702 4749 4703
f 4703 4749 4750
f 4703 4750 4704
f 4704 4750 4751
f 4704 4751 4752
f 4704 4752 4753
f 4704 4753 4705
f 4705 4707 4706
f 4705 4753 4754
f 4705 4754 4707
f 4707 4754 4755
f 4707 4755 4709
f 4707 4709 4708
f 4709 4756 4757
f 4709 4757 4711
f 4709 4711 4710
f 4709 4755 4758
f 4709 4758 4759
f 4709 4759 4803
f 4709 4803 4756
f 4711 4757 4760
f 4711 4760 4761
f 4711 4761 4712
f 4712 4718 4713
f 4712 4761 4719
f 4712 4719 4718
f 4713 4718 4714
f 4716 4721 4762
f 4717 4762 4722
f 4719 4721 4720
f 4719 4761 4763
f 4719 4763 4764
f 4719 4764 4765
f 4719 4765 4721
f 4721 4765 4762
f 4722 4762 4766
f 4722 4766 4723
f 4723 4766 4767
f 4723 4767 4768
f 4723 4768 4769
f 4723 4769 4724
f 4724 4769 4771
f 4724 4771 4770
f 4724 4770 4726
f 4724 4726 4725
f 4726 4770 4727
f 4727 4770 4771
f 4727 4771 4772
f 4727 4772 4728
f 4728 4772 4773
f 4728 4773 4729
f 4729 4773 4774
f 4729 4774 4731
f 4731 4774 4775
f 4731 4775 4776
f 4731 4776 4777
f 4731 4777 4778
f 4731 4778 4779
f 4731 4779 4732
f 4732 4779 4733
f 4733 4779 4780
f 4734 4780 4821
f 4734 4821 4781
f 4735 4781 4736
f 4736 4782 4737
f 4736 4781 4782
f 4737 4782 4783
f 4737 4783 4784
f 4737 4784 4785
f 4737 4785 4738
f 4738 4785 4739
f 4739 4785 4786
f 4739 4786 4741
f 4741 4787 4788
f 4741 4788 4789
f 4741 4789 4790
f 4741 4790 4742
f 4741 4786 4791
f 4741 4791 4787
f 4743 4792 4793
f 4744 4794 4745
f 4745 4793 4792
f 4745 4794 4795
f 4745 4795 4796
f 4745 4796 4793
f 4753 4798 4754
f 4754 4798 4799
f 4754 4799 4800
f 4754 4800 4758
f 4754 4758 4801
f 4754 4801 4755
f 4755 4801 4758
f 4756 4802 4760
f 4756 4760 4757
f 4756 4803 4804
f 4756 4804 4802
f 4758 4800 4805
f 4758 4805 4806
f 4758 4806 4759
f 4759 4806 4805
f 4759 4805 4807
f 4759 4807 4803
f 4760 4802 4808
f 4760 4808 4761
f 4761 4808 4763
f 4762 4765 4766
f 4763 4809 4764
f 4763 4808 4809
f 4764 4809 4810
f 4764 4810 4766
f 4764 4766 4765
f 4766 4810 4811
f 4766 4811 4767
f 4767 4811 4768
f 4768 4775 4769
f 4768 4811 4810
f 4768 4810 4812
f 4768 4812 4776
f 4768 4776 4775
f 4769 4775 4771
f 4771 4775 4774
f 4771 4774 4772
f 4772 4774 4773
f 4776 4812 4810
f 4776 4810 4813
f 4776 4813 4814
f 4776 4814 4777
f 4777 4814 4815
f 4777 4815 4778
f 4778 4815 4816
f 4778 4816 4817
f 4778 4817 4779
f 4779 4817 4818
f 4779 4818 4819
f 4779 4819 4820
f 4779 4820 4821
f 4779 4821 4780
f 4781 4821 4822
f 4781 4822 4782
f 4782 4822 4783
f 4783 4822 4820
f 4783 4820 4823
f 4783 4823 4824
f 4783 4824 4825
f 4783 4825 4826
f 4783 4826 4784
f 4784 4826 4827
f 4784 4827 4791
f 4784 4791 4785
f 4785 4791 4786
f 4787 4828 4829
f 4787 4829 4788
f 4787 4791 4830
f 4787 4830 4828
f 4788 4829 4831
f 4791 4827 4830
f 4797 4832 4833
f 4799 4834 4835
f 4799 4835 4800
f 4800 4835 4805
f 4802 4804 4808
f 4803 4807 4804
f 4804 4807 4836
f 4804 4836 4808
f 4805 4835 4837
f 4805 4837 4838
f 4805 4838 4839
f 4805 4839 4840
f 4805 4840 4836
f 4805 4836 4807
f 4808 4836 4841
f 4808 4841 4842
f 4808 4842 4843
f 4808 4843 4809
f 4809 4843 4810
f 4810 4843 4844
f 4810 4844 4813
f 4813 4844 4815
f 4813 4815 4814
f 4815 4844 4845
f 4815 4845 4816
f 4816 4845 4846
f 4816 4846 4847
f 4816 4847 4848
f 4816 4848 4817
f 4817 4848 4849
f 4817 4849 4818
f 4818 4849 4819
f 4819 4823 4820
f 4819 4849 4850
f 4819 4850 4851
f 4819 4851 4824
f 4819 4824 4823
f 4820 4822 4821
f 4824 4851 4852
f 4824 4852 4825
f 4825 4852 4853
f 4825 4853 4826
f 4826 4854 4827
f 4826 4853 4855
f 4826 4855 4854
f 4827 4854 4855
f 4827 4855 4856
f 4827 4856 4830
f 4828 4857 4858
f 4828 4858 4829
f 4828 4830 4856
f 4828 4856 4857
f 4829 4858 4859
f 4829 4859 4860
f 4829 4860 4831
f 4832 4861 4833
f 4832 4862 4863
f 4832 4863 4861
f 4833 4861 4863
f 4833 4863 4865
f 4833 4865 4864
f 4834 4866 4835
f 4835 4866 4867
f 4835 4867 4868
f 4835 4868 4869
f 4835 4869 4870
f 4835 4870 4871
f 4835 4871 4837
f 4836 4840 4872
f 4836 4872 4841
f 4837 4871 4838
f 4838 4871 4873
f 4838 4873 4874
f 4838 4874 4875
f 4838 4875 4839
f 4839 4875 4840
f 4840 4875 4872
f 4841 4872 4876
f 4841 4876 4842
f 4842 4877 4878
f 4842 4878 4843
f 4842 4876 4879
f 4842 4879 4877
f 4843 4878 4844
f 4844 4878 4877
f 4844 4877 4880
f 4844 4880 4846
f 4844 4846 4845
f 4846 4880 4881
f 4846 4881 4882
f 4846 4882 4883
f 4846 4883 4884
f 4846 4884 4848
f 4846 4848 4847
f 4848 4884 4885
f 4848 4885 4886
f 4848 4886 4849
f 4849 4886 4850
f 4850 4886 4887
f 4850 4887 4851
f 4851 4887 4888
f 4851 4888 4852
f 4852 4888 4853
f 4853 4889 4890
f 4853 4890 4891
f 4853 4891 4855
f 4853 4888 4889
f 4855 4891 4932
f 4855 4932 4892
f 4855 4892 4857
f 4855 4857 4856
f 4857 4892 4858
f 4858 4892 4859
f 4859 4892 4893
f 4862 4894 4895
f 4862 4895 4863
f 4863 4895 4865
f 4864 4865 4896
f 4865 4897 4898
f 4865 4898 4936
f 4865 4936 4899
f 4865 4899 4900
f 4865 4900 4901
f 4865 4901 4902
f 4865 4902 4903
f 4865 4903 4896
f 4865 4895 4904
f 4865 4904 4905
f 4865 4905 4897
f 4868 4906 4869
f 4869 4871 4870
f 4869 4906 4907
f 4869 4907 4908
f 4869 4908 4871
f 4871 4908 4909
f 4871 4909 4910
f 4871 4910 4911
f 4871 4911 4873
f 4872 4912 4876
f 4872 4875 4874
f 4872 4874 4913
f 4872 4913 4914
f 4872 4914 4912
f 4873 4911 4910
f 4873 4910 4874
f 4874 4915 4913
f 4874 4910 4916
f 4874 4916 4917
f 4874 4917 4918
f 4874 4918 4915
f 4876 4912 4879
f 4877 4879 4880
f 4879 4912 4914
f 4879 4914 4919
f 4879 4919 4881
f 4879 4881 4880
f 4881 4919 4920
f 4881 4920 4882
f 4882 4920 4921
f 4882 4921 4922
f 4882 4922 4883
f 4883 4922 4884
f 4884 4922 4885
f 4885 4923 4886
f 4885 4922 4924
f 4885 4924 4923
f 4886 4923 4888
f 4886 4888 4887
f 4888 4923 4925
f 4888 4925 4889
f 4889 4926 4927
f 4889 4927 4928
f 4889 4928 4890
f 4889 4925 4926
f 4890 4928 4929
f 4890 4929 4930
f 4890 4930 4891
f 4891 4930 4931
f 4891 4931 4932
f 4892 4932 4893
f 4893 4932 4931
f 4894 4933 4895
f 4895 4933 4904
f 4897 4905 4934
f 4897 4934 4935
f 4897 4935 4898
f 4898 4935 4936
f 4899 4936 4900
f 4900 4936 4937
f 4900 4937 4938
f 4900 4938 4939
f 4900 4939 4940
f 4900 4940 4941
f 4900 4941 4901
f 4904 4933 4942
f 4904 4942 4905
f 4905 4942 4934
f 4906 4943 4907
f 4907 4944 4945
f 4907 4945 4946
f 4907 4946 4947
f 4907 4947 4909
f 4907 4909 4908
f 4907 4943 4944
f 4909 4947 4910
f 4910 4947 4946
f 4910 4946 4948
f 4910 4948 4949
f 4910 4949 4950
f 4910 4950 4951
f 4910 4951 4952
f 4910 4952 4916
f 4913 4915 4914
f 4914 4915 4953
f 4914 4953 4919
f 4915 4918 4954
f 4915 4954 4955
f 4915 4955 4956
f 4915 4956 4953
f 4916 4952 4957
f 4916 4957 4958
f 4916 4958 4917
f 4917 4958 4959
f 4917 4959 4960
f 4917 4960 4918
f 4918 4960 4954
f 4919 4953 4961
f 4919 4961 4962
f 4919 4962 4963
f 4919 4963 4920
f 4920 4963 4964
f 4920 4964 4921
f 4921 4965 4922
f 4921 4964 4966
f 4921 4966 4967
f 4921 4967 4926
f 4921 4926 4965
f 4922 4965 4924
f 4923 4924 4925
f 4924 4965 4925
f 4925 4965 4926
f 4926 4967 4968
f 4926 4968 4969
f 4926 4969 4970
f 4926 4970 4927
f 4927 4970 4928
f 4928 4971 4972
f 4928 4972 4929
f 4928 4970 4969
f 4928 4969 4971
f 4929 4972 4973
f 4929 4973 4930
f 4930 4973 4974
f 4930 4974 4931
f 4934 4975 4976
f 4934 4976 4935
f 4934 4942 4977
f 4934 4977 4975
f 4935 4976 4978
f 4935 4978 4979
f 4935 4979 4980
f 4935 4980 4981
f 4935 4981 4982
f 4935 4982 4936
f 4936 4982 4983
f 4936 4983 4984
f 4936 4984 4949
f 4936 4949 4985
f 4936 4985 4937
f 4937 4985 4938
f 4938 4985 4949
f 4938 4949 4946
f 4938 4946 4939
f 4939 4946 4986
f 4945 4987 4946
f 4946 4949 4948
f 4946 4987 4988
f 4946 4988 4989
f 4946 4989 4990
f 4946 4990 4986
f 4949 4984 4950
f 4950 4957 4952
f 4950 4952 4951
f 4950 4984 4983
f 4950 4983 4957
f 4953 4956 4991
f 4953 4991 4961
f 4954 4960 4992
f 4954 4992 4955
f 4955 4992 4956
f 4956 4992 4993
f 4956 4993 4994
f 4956 4994 4995
f 4956 4995 4991
f 4957 4983 4958
f 4958 4996 4959
f 4958 4983 4997
f 4958 4997 4996
f 4959 4992 4960
f 4959 4996 4997
f 4959 4997 4992
f 4961 4998 4962
f 4961 4991 4998
f 4962 4998 4964
f 4962 4964 4963
f 4964 4998 4999
f 4964 4999 4966
f 4966 4968 4967
f 4966 4999 4998
f 4966 4998 4991
f 4966 4991 4995
f 4966 4995 5000
f 4966 5000 5001
f 4966 5001 4968
f 4968 5001 4969
f 4969 5001 5002
f 4969 5002 5003
f 4969 5003 5004
f 4969 5004 4971
f 4971 5004 5005
f 4971 5005 4972
f 4972 4974 4973
f 4975 4978 4976
f 4978 5006 5007
f 4978 5007 5008
f 4978 5008 4979
f 4979 5008 4980
f 4980 5009 5010
f 4980 5010 5011
f 4980 5011 5012
f 4980 5012 4982
f 4980 4982 4981
f 4980 5008 5007
f 4980 5007 5009
f 4982 5012 4983
f 4983 5012 4997
f 4992 5013 4993
f 4992 4997 5013
f 4993 5013 4994
f 4994 5014 5015
f 4994 5015 4995
f 4994 5013 5016
f 4994 5016 5017
f 4994 5017 5018
f 4994 5018 5019
f 4994 5019 5020
f 4994 5020 5021
f 4994 5021 5014
f 4995 5001 5000
f 4995 5015 5002
f 4995 5002 5001
f 4997 5012 5011
f 4997 5011 5013
f 5002 5015 5022
f 5002 5022 5023
f 5002 5023 5024
f 5002 5024 5003
f 5006 5025 5007
f 5007 5025 5009
f 5009 5017 5016
f 5009 5016 5011
f 5009 5011 5010
f 5009 5025 5026
f 5009 5026 5017
f 5011 5016 5013
f 5014 5027 5028
f 5014 5028 5015
f 5014 5021 5029
f 5014 5029 5030
f 5014 5030 5027
f 5015 5028 5022
f 5017 5026 5031
f 5017 5031 5018
f 5018 5031 5032
f 5018 5032 5033
f 5018 5033 5020
f 5018 5020 5019
f 5020 5034 5021
f 5021 5034 5029
f 5022 5028 5035
f 5022 5035 5023
f 5027 5036 5028
f 5028 5036 5035
o convex_6
v -0.514267 -0.820117 0.143693
v -0.514267 -0.8142 0.164199
v -0.514267 -0.819538 0.141988
v -0.500629 -0.825648 0.131526
v -0.503108 -0.827255 0.143693
v -0.479706 -0.843526 0.151062
v -0.479706 -0.843526 0.154392
v -0.502333 -0.826612 0.158011
v -0.437757 -0.860311 0.170571
v -0.494946 -0.82166 0.170807
v -0.514267 -0.80867 0.169654
v -0.514267 -0.812914 0.124917
v -0.492466 -0.821017 0.118755
v -0.464724 -0.845712 0.130713
v -0.440546 -0.862176 0.134305
v -0.477484 -0.842175 0.138265
v -0.487093 -0.837545 0.14427
v -0.443801 -0.864169 0.147076
v -0.443801 -0.864169 0.157801
v -0.401232 -0.880633 0.171568
v -0.424996 -0.863976 0.173325
v -0.460074 -0.843204 0.172512
v -0.504245 -0.808863 0.173928
v -0.514267 -0.801724 0.173482
v -0.514267 -0.810663 0.121954
v -0.514267 -0.804875 0.114927
v -0.503677 -0.808219 0.111413
v -0.479706 -0.824297 0.114612
v -0.402679 -0.881597 0.133912
v -0.405882 -0.883141 0.143693
v -0.432952 -0.868478 0.141884
v -0.406708 -0.883591 0.158797
v -0.394051 -0.887128 0.164252
v -0.361918 -0.89954 0.169627
v -0.349158 -0.901984 0.17398
v -0.388472 -0.883784 0.174007
v -0.373645 -0.871822 0.182896
v -0.431299 -0.853429 0.175842
v -0.289747 -0.901469 0.191995
v -0.514267 -0.795936 0.175187
v -0.411978 -0.852658 0.180484
v -0.514267 -0.795615 0.104804
v -0.504142 -0.789184 0.0922437
v -0.492518 -0.801917 0.0986421
v -0.469425 -0.826869 0.112016
v -0.441425 -0.843461 0.114586
v -0.415852 -0.85941 0.117785
v -0.392811 -0.87478 0.121718
v -0.37752 -0.878575 0.117785
v -0.364759 -0.881726 0.114612
v -0.392811 -0.88372 0.13129
v -0.348279 -0.901662 0.132417
v -0.36104 -0.89954 0.137426
v -0.37318 -0.897096 0.143772
v -0.392811 -0.889122 0.143693
v -0.366464 -0.901341 0.150196
v -0.366464 -0.901341 0.156857
v -0.37318 -0.89671 0.163098
v -0.355099 -0.903656 0.163098
v -0.335312 -0.91028 0.162862
v -0.304522 -0.919026 0.167923
v -0.29171 -0.921084 0.17461
v -0.277813 -0.923335 0.177809
v -0.250536 -0.920119 0.191864
v -0.239532 -0.921405 0.192599
v -0.220366 -0.924042 0.193752
v -0.239532 -0.910151 0.194618
v -0.308862 -0.883141 0.191864
v -0.488592 -0.795165 0.178543
v -0.514267 -0.776 0.177075
v -0.514267 -0.793364 0.102523
v -0.514267 -0.776643 0.0856094
v -0.50409 -0.770019 0.0730748
v -0.492518 -0.782753 0.0794732
v -0.479757 -0.805133 0.0954429
v -0.486112 -0.793943 0.087445
v -0.392811 -0.865198 0.112016
v -0.403092 -0.862626 0.114586
v -0.479757 -0.785968 0.076274
v -0.447831 -0.793943 0.0682761
v -0.392811 -0.817287 0.0641066
v -0.354479 -0.87478 0.102444
v -0.354479 -0.883977 0.112016
v -0.372147 -0.886614 0.124314
v -0.354582 -0.894395 0.125442
v -0.335312 -0.90372 0.129166
v -0.295636 -0.913817 0.12615
v -0.288404 -0.91999 0.133597
v -0.335312 -0.909701 0.143693
v -0.335312 -0.897353 0.119568
v -0.322759 -0.89954 0.116447
v -0.354582 -0.903463 0.143772
v -0.30757 -0.91999 0.152294
v -0.30757 -0.91999 0.155152
v -0.314803 -0.916775 0.162075
v -0.233488 -0.939927 0.174295
v -0.257614 -0.925264 0.183106
v -0.220366 -0.933624 0.186515
v -0.2012 -0.93639 0.189504
v -0.188284 -0.938126 0.191051
v -0.2012 -0.926807 0.194565
v -0.220366 -0.910151 0.195719
v -0.277813 -0.890987 0.193228
v -0.308862 -0.879154 0.191864
v -0.514267 -0.756707 0.175134
v -0.29698 -0.87761 0.1921
v -0.514267 -0.774457 0.0834329
v -0.492518 -0.763524 0.0603305
v -0.514267 -0.766932 0.0761429
v -0.514267 -0.75735 0.0668863
v -0.503212 -0.75079 0.0541419
v -0.492414 -0.743909 0.0413714
v -0.486112 -0.774778 0.0682761
v -0.354479 -0.855616 0.0832755
v -0.479757 -0.766804 0.0571314
v -0.441425 -0.766804 0.0379625
v -0.392811 -0.778958 0.0258213
v -0.354479 -0.798123 0.0258213
v -0.332833 -0.851436 0.0683023
v -0.326427 -0.862562 0.076274
v -0.335312 -0.879218 0.0979603
v -0.3256 -0.88134 0.0958625
v -0.335312 -0.887771 0.107558
v -0.309998 -0.901726 0.11351
v -0.316301 -0.9061 0.123501
v -0.277813 -0.916196 0.121325
v -0.262573 -0.918254 0.117575
v -0.277813 -0.921277 0.130896
v -0.21179 -0.939155 0.133597
v -0.219074 -0.940313 0.145004
v -0.277813 -0.925264 0.143693
v -0.295636 -0.921148 0.14503
v -0.301164 -0.918254 0.139524
v -0.314803 -0.916068 0.14503
v -0.231008 -0.939155 0.152268
v -0.233385 -0.939862 0.162862
v -0.220366 -0.942949 0.162862
v -0.154343 -0.958319 0.152347
v -0.154343 -0.958319 0.156778
v -0.152225 -0.957805 0.169549
v -0.139464 -0.959091 0.174452
v -0.220366 -0.941341 0.176917
v -0.2012 -0.943271 0.179907
v -0.124586 -0.96057 0.177022
v -0.124586 -0.953175 0.186594
v -0.105419 -0.954718 0.188718
v -0.175472 -0.939284 0.191891
v -0.124586 -0.943592 0.193988
v -0.105419 -0.945136 0.194513
v -0.162919 -0.929316 0.195588
v -0.143752 -0.929316 0.19627
v -0.2012 -0.910151 0.196375
v -0.258647 -0.890987 0.193884
v -0.514267 -0.746289 0.17322
v -0.277813 -0.877417 0.192258
v -0.258647 -0.877932 0.192205
v -0.220366 -0.890987 0.193884
v -0.2012 -0.890987 0.193569
v -0.189421 -0.881211 0.191655
v -0.105419 -0.910151 0.195352
v -0.162919 -0.882433 0.191419
v -0.239532 -0.890987 0.194067
v -0.479654 -0.747639 0.0379887
v -0.514267 -0.737221 0.0487925
v -0.502023 -0.731112 0.03555
v -0.488592 -0.724681 0.0220714
v -0.487042 -0.737607 0.0327965
v -0.469425 -0.759794 0.044964
v -0.403092 -0.766804 0.0188198
v -0.326427 -0.824297 0.0379887
v -0.364759 -0.785968 0.0188198
v -0.326427 -0.843461 0.0571576
v -0.316146 -0.845905 0.054614
v -0.316146 -0.855487 0.0644475
v -0.316146 -0.86462 0.0740189
v -0.29698 -0.859282 0.0607501
v -0.29698 -0.867964 0.0702952
v -0.29698 -0.886163 0.0905393
v -0.29698 -0.895681 0.101343
v -0.29698 -0.903784 0.110914
v -0.249865 -0.919926 0.114691
v -0.2572 -0.923013 0.124183
v -0.2012 -0.940441 0.131001
v -0.161575 -0.954396 0.145057
v -0.2012 -0.944428 0.143693
v -0.143752 -0.959348 0.150065
v -0.124586 -0.96295 0.162862
v -0.144992 -0.959734 0.163045
v -0.105419 -0.961921 0.17912
v -0.0862531 -0.962435 0.179671
v -0.0862531 -0.955168 0.189242
v -0.105419 -0.929316 0.197214
v -0.124586 -0.929316 0.196847
v -0.0862531 -0.945586 0.19467
v -0.182085 -0.910151 0.196453
v -0.0862531 -0.898897 0.192284
v -0.0742677 -0.89999 0.191864
v -0.514267 -0.735356 0.169811
v -0.162919 -0.910151 0.196244
v -0.143752 -0.910151 0.195981
v -0.0479204 -0.929316 0.196899
v -0.0287541 -0.929316 0.196506
v -0.0862531 -0.910151 0.194828
v -0.478414 -0.727767 0.0194491
v -0.453978 -0.744038 0.0220714
v -0.441166 -0.747511 0.0189509
v -0.514267 -0.716449 0.030961
v -0.500732 -0.711111 0.0175611
v -0.488592 -0.715098 0.0144406
v -0.392811 -0.769376 0.0163286
v -0.354479 -0.788541 0.0163286
v -0.338774 -0.801917 0.022019
v -0.326013 -0.804875 0.0190558
v -0.316146 -0.836259 0.0450426
v -0.29698 -0.840182 0.0411092
v -0.29698 -0.8497 0.0506805
v -0.283806 -0.861275 0.0585736
v -0.28174 -0.879861 0.0783456
v -0.277813 -0.89864 0.0979341
v -0.277813 -0.906614 0.107532
v -0.239532 -0.921212 0.112986
v -0.2012 -0.935361 0.121404
v -0.266809 -0.900183 0.0962296
v -0.239532 -0.913302 0.103415
v -0.182085 -0.942692 0.127356
v -0.143752 -0.955683 0.140494
v -0.124586 -0.960442 0.14823
v -0.105419 -0.964493 0.162862
v 0.0134532 -0.962435 0.179671
v 0.0134532 -0.960956 0.181637
v -0.0862531 -0.964943 0.162862
v 0.0134532 -0.955168 0.189242
v 0.0134532 -0.953239 0.19037
v -0.0862531 -0.929316 0.19724
v 0.0134532 -0.945586 0.19467
v -0.0479204 -0.913367 0.193857
v -0.0287541 -0.915489 0.193464
v 0.0134532 -0.927643 0.194251
v 0.0134532 -0.923721 0.192756
v -0.514267 -0.718378 0.162941
v -0.00958771 -0.929316 0.195614
v -0.475211 -0.706738 0.00169625
v -0.459248 -0.689439 -0.0188887
v -0.470458 -0.719086 0.00914354
v -0.450259 -0.723523 0.00361052
v -0.42572 -0.730533 -0.00184384
v -0.411978 -0.743974 0.0026665
v -0.401594 -0.746868 0.000332667
v -0.373645 -0.763717 0.0023256
v -0.514267 -0.704616 0.0213109
v -0.514267 -0.695227 0.0137588
v -0.514267 -0.683908 0.00492166
v -0.511013 -0.684937 0.00366296
v -0.498252 -0.689825 -8.23048e-06
v -0.488592 -0.702558 0.00484299
v -0.372147 -0.776257 0.0131556
v -0.333556 -0.795357 0.013549
v -0.356132 -0.775871 0.00549857
v -0.335312 -0.78256 0.0026665
v -0.323947 -0.784939 0.000594893
v -0.316973 -0.794328 0.00659993
v -0.316146 -0.80674 0.0174037
v -0.29698 -0.819924 0.0227532
v -0.29698 -0.830599 0.0323508
v -0.316146 -0.826676 0.0358646
v -0.284219 -0.84224 0.0391425
v -0.282876 -0.822432 0.0205243
v -0.270116 -0.824554 0.01861
v -0.271046 -0.863012 0.0567118
v -0.258647 -0.883012 0.0748842
v -0.276367 -0.871436 0.0674894
v -0.220366 -0.915682 0.100425
v -0.220366 -0.923528 0.110023
v -0.182085 -0.937161 0.117759
v -0.239532 -0.895167 0.08262
v -0.254049 -0.901855 0.0943154
v -0.161059 -0.943721 0.123213
v -0.143752 -0.946679 0.12455
v -0.124586 -0.955811 0.138632
v -0.105419 -0.960635 0.148177
v 0.0134532 -0.964943 0.162862
v -0.0862531 -0.960635 0.148151
v 0.0134532 -0.961535 0.151166
v 0.0134532 -0.941727 0.194592
v 0.0134532 -0.916132 0.189557
v -0.514267 -0.703394 0.15607
v -0.469425 -0.686352 -0.0165811
v -0.418952 -0.688281 -0.0371922
v -0.392811 -0.705516 -0.0357238
v -0.411978 -0.712526 -0.0219305
v -0.469425 -0.67677 -0.023635
v -0.478621 -0.651238 -0.0381363
v -0.450827 -0.680564 -0.0289845
v -0.411978 -0.722108 -0.0144832
v -0.411978 -0.734391 -0.00491191
v -0.388834 -0.750276 -0.00234207
v -0.398391 -0.725967 -0.0174726
v -0.385631 -0.729375 -0.0201736
v -0.363674 -0.766225 0.000175324
v -0.514267 -0.679728 0.0017487
v -0.503108 -0.65574 -0.0223763
v -0.505898 -0.679213 -0.0035221
v -0.488592 -0.692976 -0.00242073
v -0.495049 -0.668538 -0.0175775
v -0.488643 -0.679599 -0.0124903
v -0.482289 -0.672782 -0.0207505
v -0.350914 -0.76944 -0.00239451
v -0.335312 -0.772978 -0.00535769
v -0.320847 -0.764489 -0.0175251
v -0.308087 -0.767061 -0.0196491
v -0.29698 -0.778765 -0.0134343
v -0.29698 -0.79002 -0.00386299
v -0.29698 -0.799602 0.00460699
v -0.277813 -0.80301 0.00156514
v -0.271407 -0.843912 0.0375429
v -0.258647 -0.86462 0.055086
v -0.239532 -0.818831 0.00481677
v -0.220366 -0.821532 0.00240427
v -0.267998 -0.804682 9.666e-05
v -0.255186 -0.806805 -0.00181761
v -0.239532 -0.809248 -0.00417767
v -0.239532 -0.876645 0.0625333
v -0.239532 -0.885585 0.0720784
v -0.2012 -0.917933 0.0978554
v -0.2012 -0.925778 0.107427
v -0.239532 -0.90372 0.0922175
v -0.220366 -0.9061 0.0894903
v -0.166173 -0.93819 0.115949
v -0.182188 -0.926357 0.103808
v -0.220366 -0.897675 0.079919
v -0.124586 -0.947772 0.12455
v -0.153413 -0.938898 0.114953
v -0.143752 -0.939412 0.114245
v -0.124586 -0.940441 0.112881
v -0.105419 -0.941149 0.111649
v -0.0862531 -0.948801 0.12455
v -0.0862531 -0.94147 0.110731
v -0.0670868 -0.94147 0.110128
v -0.0479204 -0.94147 0.109866
v 0.0134532 -0.960635 0.148151
v -0.0287541 -0.94147 0.109839
v 0.0134532 -0.911694 0.187511
v -0.514267 -0.693362 0.151324
v -0.412339 -0.681207 -0.0450591
v -0.406192 -0.692011 -0.0399456
v -0.455167 -0.66783 -0.0363007
v -0.43817 -0.649952 -0.0563874
v -0.382273 -0.708474 -0.0379789
v -0.488643 -0.661721 -0.0257591
v -0.488592 -0.647766 -0.0358024
v -0.488592 -0.638183 -0.0423581
v -0.47423 -0.628923 -0.0553384
v -0.461469 -0.633424 -0.0581967
v -0.373645 -0.732526 -0.0226648
v -0.373645 -0.742109 -0.0150601
v -0.373645 -0.754135 -0.00548881
v -0.360471 -0.745517 -0.0177087
v -0.514267 -0.674647 -0.0019225
v -0.514267 -0.661335 -0.0114414
v -0.514267 -0.656576 -0.0147979
v -0.514267 -0.636254 -0.0290107
v -0.499905 -0.634068 -0.0394212
v -0.347711 -0.748668 -0.0202785
v -0.335312 -0.751627 -0.0227434
v -0.315113 -0.757607 -0.0249724
v -0.29698 -0.769183 -0.0213012
v -0.277813 -0.782302 -0.0164237
v -0.316146 -0.743716 -0.0356451
v -0.277813 -0.793428 -0.00685239
v -0.239532 -0.838317 0.0239595
v -0.239532 -0.847899 0.0335308
v -0.239532 -0.867063 0.0526997
v -0.207657 -0.880633 0.0582852
v -0.220366 -0.879025 0.0599372
v -0.220366 -0.811949 -0.00679995
v -0.207606 -0.823139 0.000804674
v -0.239532 -0.798251 -0.013749
v -0.220366 -0.801403 -0.0163975
v -0.220366 -0.888093 0.0694823
v -0.188594 -0.919219 0.0963607
v -0.205074 -0.899411 0.0779261
v -0.199701 -0.906871 0.0850587
v -0.143752 -0.931952 0.104673
v -0.162919 -0.921212 0.0940269
v -0.143752 -0.92237 0.092506
v -0.175834 -0.920248 0.0951545
v -0.105419 -0.924557 0.0896215
v -0.0862531 -0.925585 0.0882317
v -0.105419 -0.934139 0.102051
v -0.0862531 -0.935168 0.10116
v -0.0670868 -0.936068 0.100556
v -0.0479204 -0.936454 0.100268
v -0.0287541 -0.936518 0.100268
v 0.0134532 -0.94147 0.109839
v 0.0134532 -0.937547 0.102235
v 0.0134532 -0.894074 0.177048
v -0.514267 -0.308015 -0.0706526
v -0.514267 -0.616961 0.111465
v -0.514267 -0.646094 0.127487
v -0.514267 -0.663586 0.136796
v -0.425358 -0.653746 -0.0591145
v -0.411978 -0.667252 -0.0550762
v -0.401594 -0.670274 -0.0572003
v -0.450259 -0.636704 -0.0606355
v -0.431506 -0.642878 -0.064228
v -0.369512 -0.71169 -0.0401816
v -0.344095 -0.727703 -0.0380314
v -0.354479 -0.725066 -0.0360647
v -0.374988 -0.71825 -0.0332588
v -0.489056 -0.62262 -0.0523228
v -0.48296 -0.616125 -0.0592981
v -0.468495 -0.62262 -0.0618679
v -0.450259 -0.621784 -0.0706526
v -0.450104 -0.622106 -0.0705215
v -0.431247 -0.633939 -0.0706526
v -0.35422 -0.738507 -0.0256804
v -0.514267 -0.615032 -0.0430924
v -0.514267 -0.604163 -0.0501201
v -0.514267 -0.599147 -0.0533455
v -0.514267 -0.582169 -0.064228
v -0.514267 -0.572137 -0.0706526
v -0.503057 -0.598568 -0.0602683
v -0.495721 -0.611366 -0.0562825
v -0.336759 -0.737414 -0.0333637
v -0.277813 -0.77272 -0.0238972
v -0.303231 -0.74616 -0.0374807
v -0.264898 -0.784489 -0.0182593
v -0.331334 -0.730854 -0.0401816
v -0.316146 -0.734134 -0.0426728
v -0.194845 -0.843912 0.018374
v -0.194845 -0.882176 0.0566856
v -0.194845 -0.863076 0.0375429
v -0.162919 -0.857417 0.0239595
v -0.204816 -0.803525 -0.018102
v -0.194845 -0.824747 -0.000742471
v -0.220366 -0.79182 -0.0238972
v -0.2012 -0.782238 -0.03575
v -0.252138 -0.786611 -0.0199114
v -0.192314 -0.900697 0.0764838
v -0.182085 -0.901726 0.0753562
v -0.162919 -0.885392 0.0530406
v -0.162919 -0.894974 0.0638182
v -0.162919 -0.903399 0.0733895
v -0.182085 -0.883527 0.0552171
v -0.182085 -0.893109 0.0657587
v -0.124586 -0.923463 0.0910375
v -0.105419 -0.917032 0.0800239
v -0.124586 -0.915746 0.0814662
v -0.162919 -0.912981 0.0844556
v -0.143752 -0.904813 0.071685
v -0.124586 -0.897996 0.0605141
v -0.124586 -0.906164 0.0700854
v -0.0862531 -0.918125 0.0786603
v -0.0670868 -0.926486 0.0874187
v -0.0479204 -0.926872 0.0872614
v -0.0287541 -0.926936 0.0872352
v 0.0134532 -0.92893 0.0899099
v 0.0134532 -0.936518 0.100268
v 0.0134532 -0.884491 0.169811
v 0.0134532 -0.603006 -0.0706264
v 0.0134532 -0.603006 -0.0706526
v -0.413218 -0.644036 -0.0706526
v -0.409446 -0.646029 -0.0706526
v -0.39338 -0.654261 -0.0706526
v -0.363261 -0.689439 -0.0572265
v -0.336759 -0.720243 -0.0455049
v -0.488747 -0.593359 -0.0706526
v -0.474488 -0.604035 -0.0706526
v -0.470148 -0.60725 -0.0706526
v -0.449484 -0.622299 -0.0706526
v -0.509721 -0.576124 -0.0706526
v -0.504193 -0.580883 -0.0706526
v -0.258595 -0.777286 -0.0253133
v -0.29698 -0.724616 -0.0550238
v -0.296876 -0.738957 -0.0444822
v -0.32498 -0.708603 -0.0572265
v -0.312168 -0.711754 -0.0593505
v -0.317593 -0.718314 -0.0531357
v -0.29698 -0.715034 -0.0618417
v -0.162919 -0.866935 0.033557
v -0.162919 -0.876517 0.0434692
v -0.143752 -0.859603 0.0217305
v -0.192056 -0.804811 -0.0192034
v -0.124586 -0.821146 -0.0167646
v -0.143752 -0.819216 -0.0150864
v -0.143752 -0.830021 -0.00551503
v -0.162919 -0.828091 -0.00378432
v -0.182085 -0.826098 -0.00200117
v -0.18565 -0.78436 -0.0373233
v -0.172889 -0.785711 -0.0383723
v -0.220366 -0.779151 -0.0334686
v -0.2012 -0.772656 -0.0430662
v -0.182085 -0.763009 -0.0548927
v -0.143752 -0.878575 0.0414763
v -0.143752 -0.886999 0.0510739
v -0.105419 -0.90745 0.0686956
v -0.143752 -0.896582 0.0621399
v -0.105419 -0.89909 0.0591243
v -0.124586 -0.888414 0.0495792
v -0.0670868 -0.91864 0.0778212
v -0.0862531 -0.908543 0.0680925
v -0.0479204 -0.918704 0.0776638
v 0.0134532 -0.920376 0.0796043
v 0.0134532 -0.926936 0.0872352
v 0.0134532 -0.757157 -0.0706526
v -0.374885 -0.663522 -0.0706526
v -0.239481 -0.774714 -0.0320263
v -0.258337 -0.716963 -0.0706526
v -0.239481 -0.758122 -0.0444822
v -0.277813 -0.710275 -0.0706526
v -0.277762 -0.719793 -0.0636249
v -0.336552 -0.682686 -0.0706526
v -0.316714 -0.69259 -0.0706526
v -0.302662 -0.699535 -0.0706526
v -0.29822 -0.701658 -0.0706526
v -0.143752 -0.868993 0.0313018
v -0.143752 -0.850021 0.0127885
v -0.124586 -0.841275 0.00169625
v -0.124586 -0.851372 0.0112676
v -0.124586 -0.860954 0.0204456
v -0.182085 -0.80584 -0.0200425
v -0.105419 -0.822432 -0.017866
v -0.124586 -0.831693 -0.00719329
v -0.162919 -0.796258 -0.0312396
v -0.162919 -0.786676 -0.0391852
v -0.143752 -0.797994 -0.0327868
v -0.124586 -0.811564 -0.0245528
v -0.143752 -0.839603 0.00319096
v -0.18038 -0.777158 -0.0439577
v -0.162919 -0.765132 -0.0565185
v -0.162919 -0.776 -0.0478125
v -0.2012 -0.759987 -0.0526375
v -0.2012 -0.750405 -0.0597701
v -0.220366 -0.729568 -0.0706526
v -0.182085 -0.753427 -0.0617893
v -0.162919 -0.755549 -0.0634413
v -0.124586 -0.879925 0.0399816
v -0.0862531 -0.89954 0.0585212
v -0.105419 -0.889508 0.0489498
v -0.0479204 -0.909122 0.0680663
v 0.0134532 -0.911116 0.070033
v 0.0134532 -0.918704 0.0776638
v 0.0134532 -0.760501 -0.0682401
v 0.00957863 -0.757736 -0.0706526
v -0.220314 -0.738957 -0.0636511
v -0.124586 -0.870343 0.0300169
v -0.105419 -0.832464 -0.00826843
v -0.105419 -0.842047 0.00104068
v -0.105419 -0.851629 0.010612
v -0.105419 -0.870793 0.0297809
v -0.105419 -0.880375 0.0393785
v -0.0862531 -0.822818 -0.0181282
v -0.105419 -0.81285 -0.0256542
v -0.0862531 -0.802174 -0.0362744
v -0.0670868 -0.803075 -0.03693
v -0.143752 -0.788412 -0.0405488
v -0.124586 -0.799473 -0.0341504
v -0.105419 -0.800824 -0.0352517
v -0.143907 -0.749311 -0.0706526
v -0.124586 -0.752527 -0.0706526
v -0.150881 -0.766096 -0.0572003
v -0.20058 -0.735485 -0.0706526
v -0.182085 -0.740565 -0.0706526
v -0.162919 -0.74526 -0.0706526
v -0.0862531 -0.889958 0.0489236
v 0.0134532 -0.834458 -0.00659017
v 0.0134532 -0.795615 -0.042699
v -0.00943272 -0.758701 -0.0706526
v -0.0670868 -0.822882 -0.0181282
v -0.0479204 -0.803268 -0.0370873
v -0.0479204 -0.8133 -0.0274898
v -0.0862531 -0.792592 -0.0437479
v -0.0862531 -0.780245 -0.0533455
v -0.0670868 -0.793492 -0.0443248
v -0.124586 -0.789891 -0.0416239
v -0.105988 -0.755228 -0.0706526
v 0.0134532 -0.824876 -0.0161615
v 0.0134532 -0.803203 -0.0370611
v -0.00958771 -0.77137 -0.0611599
v -0.0670868 -0.758701 -0.0706526
v 0.0134532 -0.815294 -0.0255755
v 0.0134532 -0.822882 -0.0181282
v -0.0670868 -0.780888 -0.0539224
v -0.0479204 -0.793685 -0.0443773
v -0.00958771 -0.803268 -0.0370873
v 0.0134532 -0.8133 -0.0274898
v -0.0862531 -0.770662 -0.0607141
v -0.0862531 -0.757672 -0.0706526
v -0.0869764 -0.757607 -0.0706526
v 0.0134532 -0.805326 -0.0350944
v 0.00957863 -0.803203 -0.0370873
v -0.00958771 -0.780952 -0.0539749
v -0.0479204 -0.77137 -0.0611599
v -0.0712713 -0.758508 -0.0706526
v -0.0479204 -0.780952 -0.0539749
v -0.0670868 -0.771305 -0.0611599
v -0.00958771 -0.793685 -0.0443773
f 5037 5038 5047
f 5037 5047 5060
f 5037 5060 5076
f 5037 5076 5106
f 5037 5106 5141
f 5037 5141 5190
f 5037 5190 5234
f 5037 5234 5276
f 5037 5276 5322
f 5037 5322 5379
f 5037 5379 5436
f 5037 5436 5435
f 5037 5435 5434
f 5037 5434 5433
f 5037 5433 5457
f 5037 5457 5456
f 5037 5456 5455
f 5037 5455 5454
f 5037 5454 5453
f 5037 5453 5397
f 5037 5397 5396
f 5037 5396 5395
f 5037 5395 5394
f 5037 5394 5336
f 5037 5336 5288
f 5037 5288 5287
f 5037 5287 5286
f 5037 5286 5243
f 5037 5243 5200
f 5037 5200 5146
f 5037 5146 5145
f 5037 5145 5143
f 5037 5143 5108
f 5037 5108 5107
f 5037 5107 5078
f 5037 5078 5062
f 5037 5062 5061
f 5037 5061 5048
f 5037 5048 5039
f 5037 5039 5040
f 5037 5040 5041
f 5037 5041 5042
f 5037 5042 5043
f 5037 5043 5044
f 5037 5044 5038
f 5038 5044 5045
f 5038 5045 5046
f 5038 5046 5047
f 5039 5048 5040
f 5040 5048 5049
f 5040 5049 5050
f 5040 5050 5051
f 5040 5051 5052
f 5040 5052 5041
f 5041 5052 5053
f 5041 5053 5042
f 5042 5053 5052
f 5042 5052 5054
f 5042 5054 5055
f 5042 5055 5043
f 5043 5055 5045
f 5043 5045 5044
f 5045 5055 5056
f 5045 5056 5057
f 5045 5057 5058
f 5045 5058 5046
f 5046 5059 5047
f 5046 5058 5059
f 5047 5059 5060
f 5048 5061 5049
f 5049 5061 5062
f 5049 5062 5063
f 5049 5063 5064
f 5049 5064 5051
f 5049 5051 5050
f 5051 5065 5066
f 5051 5066 5067
f 5051 5067 5054
f 5051 5054 5052
f 5051 5064 5065
f 5054 5067 5066
f 5054 5066 5068
f 5054 5068 5055
f 5055 5068 5056
f 5056 5068 5069
f 5056 5069 5070
f 5056 5070 5071
f 5056 5071 5072
f 5056 5072 5057
f 5057 5073 5074
f 5057 5074 5058
f 5057 5072 5075
f 5057 5075 5073
f 5058 5074 5059
f 5059 5076 5060
f 5059 5074 5073
f 5059 5073 5077
f 5059 5077 5075
f 5059 5075 5076
f 5062 5078 5063
f 5063 5078 5079
f 5063 5079 5080
f 5063 5080 5064
f 5064 5080 5081
f 5064 5081 5082
f 5064 5082 5083
f 5064 5083 5084
f 5064 5084 5065
f 5065 5084 5085
f 5065 5085 5086
f 5065 5086 5087
f 5065 5087 5088
f 5065 5088 5089
f 5065 5089 5090
f 5065 5090 5091
f 5065 5091 5066
f 5066 5091 5068
f 5068 5091 5092
f 5068 5092 5093
f 5068 5093 5094
f 5068 5094 5070
f 5068 5070 5069
f 5070 5094 5093
f 5070 5093 5095
f 5070 5095 5096
f 5070 5096 5097
f 5070 5097 5098
f 5070 5098 5071
f 5071 5098 5099
f 5071 5099 5100
f 5071 5100 5072
f 5072 5100 5075
f 5073 5075 5077
f 5075 5100 5101
f 5075 5101 5102
f 5075 5102 5103
f 5075 5103 5104
f 5075 5104 5076
f 5076 5105 5106
f 5076 5104 5105
f 5078 5107 5079
f 5079 5107 5108
f 5079 5108 5109
f 5079 5109 5110
f 5079 5110 5080
f 5080 5111 5081
f 5080 5110 5149
f 5080 5149 5112
f 5080 5112 5111
f 5081 5111 5082
f 5082 5113 5114
f 5082 5114 5085
f 5082 5085 5083
f 5082 5111 5115
f 5082 5115 5116
f 5082 5116 5117
f 5082 5117 5113
f 5083 5085 5084
f 5085 5114 5113
f 5085 5113 5118
f 5085 5118 5086
f 5086 5119 5087
f 5086 5118 5119
f 5087 5119 5120
f 5087 5120 5121
f 5087 5121 5088
f 5088 5122 5123
f 5088 5123 5124
f 5088 5124 5125
f 5088 5125 5089
f 5088 5121 5126
f 5088 5126 5127
f 5088 5127 5122
f 5089 5125 5128
f 5089 5128 5092
f 5089 5092 5090
f 5090 5092 5091
f 5092 5128 5125
f 5092 5125 5129
f 5092 5129 5130
f 5092 5130 5093
f 5093 5130 5096
f 5093 5096 5095
f 5096 5130 5131
f 5096 5131 5097
f 5097 5131 5132
f 5097 5132 5098
f 5098 5132 5099
f 5099 5133 5100
f 5099 5132 5133
f 5100 5133 5132
f 5100 5132 5134
f 5100 5134 5135
f 5100 5135 5136
f 5100 5136 5102
f 5100 5102 5101
f 5102 5137 5103
f 5102 5136 5137
f 5103 5137 5138
f 5103 5138 5104
f 5104 5138 5139
f 5104 5139 5140
f 5104 5140 5106
f 5104 5106 5105
f 5106 5140 5142
f 5106 5142 5141
f 5108 5143 5109
f 5109 5144 5110
f 5109 5143 5145
f 5109 5145 5146
f 5109 5146 5147
f 5109 5147 5148
f 5109 5148 5144
f 5110 5144 5149
f 5111 5112 5149
f 5111 5149 5115
f 5113 5150 5118
f 5113 5117 5150
f 5115 5149 5151
f 5115 5151 5152
f 5115 5152 5116
f 5116 5152 5117
f 5117 5152 5153
f 5117 5153 5154
f 5117 5154 5150
f 5118 5150 5155
f 5118 5155 5156
f 5118 5156 5119
f 5119 5157 5158
f 5119 5158 5159
f 5119 5159 5126
f 5119 5126 5121
f 5119 5121 5120
f 5119 5156 5157
f 5122 5127 5160
f 5122 5160 5161
f 5122 5161 5123
f 5123 5162 5124
f 5123 5161 5162
f 5124 5162 5163
f 5124 5163 5164
f 5124 5164 5165
f 5124 5165 5166
f 5124 5166 5167
f 5124 5167 5168
f 5124 5168 5129
f 5124 5129 5169
f 5124 5169 5125
f 5125 5169 5170
f 5125 5170 5129
f 5126 5159 5127
f 5127 5159 5160
f 5129 5170 5169
f 5129 5168 5166
f 5129 5166 5171
f 5129 5171 5172
f 5129 5172 5132
f 5129 5132 5130
f 5130 5132 5131
f 5132 5172 5173
f 5132 5173 5174
f 5132 5174 5175
f 5132 5175 5176
f 5132 5176 5177
f 5132 5177 5178
f 5132 5178 5135
f 5132 5135 5134
f 5135 5178 5136
f 5136 5178 5179
f 5136 5179 5180
f 5136 5180 5181
f 5136 5181 5182
f 5136 5182 5183
f 5136 5183 5137
f 5137 5183 5184
f 5137 5184 5185
f 5137 5185 5186
f 5137 5186 5187
f 5137 5187 5138
f 5138 5187 5188
f 5138 5188 5140
f 5138 5140 5139
f 5140 5188 5189
f 5140 5189 5142
f 5141 5142 5191
f 5141 5191 5192
f 5141 5192 5193
f 5141 5193 5194
f 5141 5194 5195
f 5141 5195 5196
f 5141 5196 5197
f 5141 5197 5190
f 5142 5189 5198
f 5142 5198 5191
f 5144 5148 5199
f 5144 5199 5149
f 5146 5200 5201
f 5146 5201 5147
f 5147 5201 5148
f 5148 5201 5202
f 5148 5202 5203
f 5148 5203 5199
f 5149 5199 5151
f 5150 5154 5155
f 5151 5199 5204
f 5151 5204 5152
f 5152 5205 5153
f 5152 5204 5205
f 5153 5205 5207
f 5153 5207 5154
f 5154 5206 5155
f 5154 5207 5206
f 5155 5208 5156
f 5155 5206 5208
f 5156 5208 5209
f 5156 5209 5210
f 5156 5210 5211
f 5156 5211 5158
f 5156 5158 5157
f 5158 5211 5212
f 5158 5212 5213
f 5158 5213 5214
f 5158 5214 5215
f 5158 5215 5160
f 5158 5160 5159
f 5160 5216 5163
f 5160 5163 5162
f 5160 5162 5161
f 5160 5215 5216
f 5163 5217 5218
f 5163 5218 5164
f 5163 5216 5217
f 5164 5218 5165
f 5165 5219 5220
f 5165 5220 5174
f 5165 5174 5221
f 5165 5221 5166
f 5165 5218 5217
f 5165 5217 5219
f 5166 5221 5174
f 5166 5174 5171
f 5166 5168 5167
f 5171 5174 5172
f 5172 5174 5173
f 5174 5220 5222
f 5174 5222 5223
f 5174 5223 5175
f 5175 5223 5224
f 5175 5224 5176
f 5176 5224 5223
f 5176 5223 5177
f 5177 5223 5180
f 5177 5180 5178
f 5178 5180 5179
f 5180 5223 5225
f 5180 5225 5182
f 5180 5182 5181
f 5182 5225 5226
f 5182 5226 5227
f 5182 5227 5185
f 5182 5185 5184
f 5182 5184 5183
f 5185 5228 5229
f 5185 5229 5187
f 5185 5187 5186
f 5185 5227 5230
f 5185 5230 5228
f 5187 5229 5188
f 5188 5229 5228
f 5188 5228 5231
f 5188 5231 5198
f 5188 5198 5189
f 5190 5197 5232
f 5190 5232 5233
f 5190 5233 5234
f 5191 5198 5192
f 5192 5198 5193
f 5193 5198 5231
f 5193 5231 5235
f 5193 5235 5236
f 5193 5236 5196
f 5193 5196 5194
f 5194 5196 5195
f 5196 5236 5237
f 5196 5237 5238
f 5196 5238 5239
f 5196 5239 5197
f 5197 5239 5232
f 5199 5203 5240
f 5199 5240 5241
f 5199 5241 5242
f 5199 5242 5205
f 5199 5205 5204
f 5200 5243 5201
f 5201 5243 5244
f 5201 5244 5202
f 5202 5245 5240
f 5202 5240 5203
f 5202 5244 5245
f 5205 5246 5247
f 5205 5247 5207
f 5205 5242 5246
f 5206 5207 5247
f 5206 5247 5248
f 5206 5248 5249
f 5206 5249 5250
f 5206 5250 5209
f 5206 5209 5208
f 5209 5250 5251
f 5209 5251 5252
f 5209 5252 5210
f 5210 5252 5211
f 5211 5252 5212
f 5212 5252 5253
f 5212 5253 5213
f 5213 5254 5214
f 5213 5253 5254
f 5214 5254 5255
f 5214 5255 5215
f 5215 5255 5216
f 5216 5255 5256
f 5216 5256 5217
f 5217 5257 5258
f 5217 5258 5219
f 5217 5256 5259
f 5217 5259 5260
f 5217 5260 5257
f 5219 5258 5261
f 5219 5261 5220
f 5220 5262 5222
f 5220 5261 5262
f 5222 5263 5264
f 5222 5264 5223
f 5222 5262 5263
f 5223 5264 5225
f 5225 5264 5226
f 5226 5265 5266
f 5226 5266 5227
f 5226 5264 5267
f 5226 5267 5317
f 5226 5317 5265
f 5227 5268 5269
f 5227 5269 5230
f 5227 5266 5268
f 5228 5230 5270
f 5228 5270 5231
f 5230 5269 5271
f 5230 5271 5270
f 5231 5270 5237
f 5231 5237 5235
f 5232 5239 5272
f 5232 5272 5273
f 5232 5273 5233
f 5233 5273 5274
f 5233 5274 5275
f 5233 5275 5234
f 5234 5275 5276
f 5235 5237 5236
f 5237 5270 5271
f 5237 5271 5238
f 5238 5277 5274
f 5238 5274 5272
f 5238 5272 5239
f 5238 5271 5277
f 5240 5245 5278
f 5240 5278 5279
f 5240 5279 5280
f 5240 5280 5281
f 5240 5281 5282
f 5240 5282 5283
f 5240 5283 5284
f 5240 5284 5242
f 5240 5242 5241
f 5242 5284 5285
f 5242 5285 5246
f 5243 5286 5244
f 5244 5286 5287
f 5244 5287 5288
f 5244 5288 5289
f 5244 5289 5290
f 5244 5290 5245
f 5245 5290 5291
f 5245 5291 5278
f 5246 5285 5292
f 5246 5292 5247
f 5247 5293 5249
f 5247 5249 5248
f 5247 5292 5285
f 5247 5285 5294
f 5247 5294 5293
f 5249 5293 5295
f 5249 5295 5296
f 5249 5296 5297
f 5249 5297 5298
f 5249 5298 5299
f 5249 5299 5300
f 5249 5300 5251
f 5249 5251 5301
f 5249 5301 5250
f 5250 5301 5251
f 5251 5302 5252
f 5251 5300 5303
f 5251 5303 5304
f 5251 5304 5302
f 5252 5302 5253
f 5253 5302 5305
f 5253 5305 5306
f 5253 5306 5307
f 5253 5307 5254
f 5254 5307 5306
f 5254 5306 5259
f 5254 5259 5255
f 5255 5259 5256
f 5257 5260 5308
f 5257 5308 5309
f 5257 5309 5258
f 5258 5310 5261
f 5258 5309 5310
f 5259 5311 5312
f 5259 5312 5260
f 5259 5306 5311
f 5260 5312 5308
f 5261 5310 5313
f 5261 5313 5262
f 5262 5313 5314
f 5262 5314 5315
f 5262 5315 5263
f 5263 5316 5267
f 5263 5267 5264
f 5263 5315 5316
f 5265 5317 5319
f 5265 5319 5376
f 5265 5376 5430
f 5265 5430 5431
f 5265 5431 5494
f 5265 5494 5493
f 5265 5493 5540
f 5265 5540 5539
f 5265 5539 5578
f 5265 5578 5577
f 5265 5577 5602
f 5265 5602 5613
f 5265 5613 5618
f 5265 5618 5617
f 5265 5617 5622
f 5265 5622 5626
f 5265 5626 5614
f 5265 5614 5603
f 5265 5603 5579
f 5265 5579 5541
f 5265 5541 5497
f 5265 5497 5496
f 5265 5496 5495
f 5265 5495 5432
f 5265 5432 5378
f 5265 5378 5321
f 5265 5321 5275
f 5265 5275 5274
f 5265 5274 5320
f 5265 5320 5271
f 5265 5271 5269
f 5265 5269 5268
f 5265 5268 5266
f 5267 5316 5318
f 5267 5318 5319
f 5267 5319 5317
f 5271 5320 5277
f 5272 5274 5273
f 5274 5277 5320
f 5275 5321 5276
f 5276 5321 5322
f 5278 5291 5323
f 5278 5323 5279
f 5279 5324 5325
f 5279 5325 5326
f 5279 5326 5282
f 5279 5282 5281
f 5279 5281 5280
f 5279 5323 5327
f 5279 5327 5328
f 5279 5328 5329
f 5279 5329 5324
f 5282 5326 5330
f 5282 5330 5331
f 5282 5331 5283
f 5283 5331 5284
f 5284 5332 5285
f 5284 5331 5333
f 5284 5333 5334
f 5284 5334 5332
f 5285 5335 5294
f 5285 5332 5335
f 5288 5336 5289
f 5289 5336 5337
f 5289 5337 5338
f 5289 5338 5290
f 5290 5339 5291
f 5290 5338 5340
f 5290 5340 5341
f 5290 5341 5339
f 5291 5339 5342
f 5291 5342 5323
f 5293 5294 5295
f 5294 5335 5343
f 5294 5343 5295
f 5295 5343 5344
f 5295 5344 5296
f 5296 5344 5345
f 5296 5345 5346
f 5296 5346 5347
f 5296 5347 5348
f 5296 5348 5349
f 5296 5349 5297
f 5297 5349 5298
f 5298 5349 5299
f 5299 5303 5300
f 5299 5349 5350
f 5299 5350 5303
f 5302 5351 5352
f 5302 5352 5305
f 5302 5304 5353
f 5302 5353 5354
f 5302 5354 5351
f 5303 5350 5355
f 5303 5355 5304
f 5304 5355 5356
f 5304 5356 5357
f 5304 5357 5353
f 5305 5352 5358
f 5305 5358 5359
f 5305 5359 5306
f 5306 5359 5311
f 5308 5360 5361
f 5308 5361 5309
f 5308 5312 5362
f 5308 5362 5363
f 5308 5363 5360
f 5309 5361 5310
f 5310 5364 5313
f 5310 5361 5365
f 5310 5365 5364
f 5311 5366 5362
f 5311 5362 5312
f 5311 5359 5366
f 5313 5364 5314
f 5314 5367 5315
f 5314 5364 5368
f 5314 5368 5369
f 5314 5369 5370
f 5314 5370 5371
f 5314 5371 5367
f 5315 5372 5316
f 5315 5367 5373
f 5315 5373 5374
f 5315 5374 5372
f 5316 5372 5375
f 5316 5375 5377
f 5316 5377 5318
f 5318 5376 5319
f 5318 5377 5430
f 5318 5430 5376
f 5321 5378 5322
f 5322 5378 5379
f 5323 5342 5327
f 5324 5380 5381
f 5324 5381 5325
f 5324 5329 5382
f 5324 5382 5328
f 5324 5328 5383
f 5324 5383 5380
f 5325 5381 5384
f 5325 5384 5333
f 5325 5333 5326
f 5326 5333 5330
f 5327 5342 5328
f 5328 5382 5329
f 5328 5342 5385
f 5328 5385 5386
f 5328 5386 5387
f 5328 5387 5388
f 5328 5388 5389
f 5328 5389 5383
f 5330 5333 5331
f 5332 5334 5390
f 5332 5390 5391
f 5332 5391 5392
f 5332 5392 5335
f 5333 5384 5334
f 5334 5384 5390
f 5335 5392 5393
f 5335 5393 5343
f 5336 5394 5337
f 5337 5386 5340
f 5337 5340 5338
f 5337 5394 5395
f 5337 5395 5396
f 5337 5396 5397
f 5337 5397 5398
f 5337 5398 5386
f 5339 5341 5342
f 5340 5342 5341
f 5340 5386 5385
f 5340 5385 5342
f 5343 5393 5399
f 5343 5399 5400
f 5343 5400 5344
f 5344 5400 5345
f 5345 5400 5401
f 5345 5401 5346
f 5346 5402 5403
f 5346 5403 5347
f 5346 5401 5404
f 5346 5404 5402
f 5347 5403 5348
f 5348 5405 5350
f 5348 5350 5349
f 5348 5403 5405
f 5350 5405 5355
f 5351 5354 5406
f 5351 5406 5407
f 5351 5407 5408
f 5351 5408 5352
f 5352 5408 5409
f 5352 5409 5410
f 5352 5410 5358
f 5353 5357 5411
f 5353 5411 5354
f 5354 5411 5412
f 5354 5412 5406
f 5355 5405 5356
f 5356 5405 5413
f 5356 5413 5357
f 5357 5413 5414
f 5357 5414 5411
f 5358 5410 5415
f 5358 5415 5359
f 5359 5415 5366
f 5360 5416 5361
f 5360 5363 5366
f 5360 5366 5417
f 5360 5417 5418
f 5360 5418 5416
f 5361 5416 5365
f 5362 5366 5363
f 5364 5419 5368
f 5364 5365 5420
f 5364 5420 5421
f 5364 5421 5419
f 5365 5416 5422
f 5365 5422 5420
f 5366 5415 5417
f 5367 5371 5373
f 5368 5419 5423
f 5368 5423 5369
f 5369 5423 5424
f 5369 5424 5370
f 5370 5425 5426
f 5370 5426 5371
f 5370 5424 5425
f 5371 5426 5427
f 5371 5427 5373
f 5372 5374 5375
f 5373 5427 5428
f 5373 5428 5374
f 5374 5428 5375
f 5375 5428 5429
f 5375 5429 5377
f 5377 5429 5431
f 5377 5431 5430
f 5378 5432 5433
f 5378 5433 5434
f 5378 5434 5435
f 5378 5435 5436
f 5378 5436 5379
f 5380 5383 5437
f 5380 5437 5438
f 5380 5438 5381
f 5381 5438 5439
f 5381 5439 5384
f 5383 5389 5440
f 5383 5440 5441
f 5383 5441 5437
f 5384 5442 5443
f 5384 5443 5444
f 5384 5444 5445
f 5384 5445 5390
f 5384 5439 5442
f 5386 5398 5387
f 5387 5398 5446
f 5387 5446 5388
f 5388 5446 5447
f 5388 5447 5448
f 5388 5448 5449
f 5388 5449 5450
f 5388 5450 5389
f 5389 5450 5451
f 5389 5451 5440
f 5390 5445 5444
f 5390 5444 5452
f 5390 5452 5393
f 5390 5393 5391
f 5391 5393 5392
f 5393 5452 5399
f 5397 5453 5398
f 5398 5453 5454
f 5398 5454 5455
f 5398 5455 5456
f 5398 5456 5457
f 5398 5457 5458
f 5398 5458 5459
f 5398 5459 5446
f 5399 5452 5460
f 5399 5460 5400
f 5400 5460 5404
f 5400 5404 5401
f 5402 5461 5403
f 5402 5404 5462
f 5402 5462 5461
f 5403 5461 5463
f 5403 5463 5413
f 5403 5413 5405
f 5404 5460 5464
f 5404 5464 5465
f 5404 5465 5462
f 5406 5412 5407
f 5407 5412 5466
f 5407 5466 5409
f 5407 5409 5408
f 5409 5467 5415
f 5409 5415 5410
f 5409 5466 5468
f 5409 5468 5469
f 5409 5469 5467
f 5411 5414 5470
f 5411 5470 5471
f 5411 5471 5412
f 5412 5471 5469
f 5412 5469 5466
f 5413 5463 5414
f 5414 5472 5473
f 5414 5473 5470
f 5414 5463 5474
f 5414 5474 5472
f 5415 5467 5417
f 5416 5418 5417
f 5416 5417 5475
f 5416 5475 5476
f 5416 5476 5477
f 5416 5477 5478
f 5416 5478 5479
f 5416 5479 5422
f 5417 5467 5480
f 5417 5480 5481
f 5417 5481 5475
f 5419 5421 5482
f 5419 5482 5483
f 5419 5483 5423
f 5420 5484 5483
f 5420 5483 5421
f 5420 5422 5485
f 5420 5485 5486
f 5420 5486 5487
f 5420 5487 5488
f 5420 5488 5484
f 5421 5483 5482
f 5422 5479 5485
f 5423 5483 5489
f 5423 5489 5424
f 5424 5489 5490
f 5424 5490 5426
f 5424 5426 5425
f 5426 5490 5427
f 5427 5490 5428
f 5428 5490 5491
f 5428 5491 5492
f 5428 5492 5429
f 5429 5492 5493
f 5429 5493 5494
f 5429 5494 5431
f 5432 5495 5433
f 5433 5496 5497
f 5433 5497 5541
f 5433 5541 5580
f 5433 5580 5604
f 5433 5604 5616
f 5433 5616 5630
f 5433 5630 5624
f 5433 5624 5625
f 5433 5625 5612
f 5433 5612 5596
f 5433 5596 5595
f 5433 5595 5600
f 5433 5600 5599
f 5433 5599 5598
f 5433 5598 5570
f 5433 5570 5544
f 5433 5544 5546
f 5433 5546 5551
f 5433 5551 5550
f 5433 5550 5549
f 5433 5549 5548
f 5433 5548 5542
f 5433 5542 5500
f 5433 5500 5499
f 5433 5499 5498
f 5433 5498 5451
f 5433 5451 5506
f 5433 5506 5449
f 5433 5449 5505
f 5433 5505 5504
f 5433 5504 5503
f 5433 5503 5508
f 5433 5508 5507
f 5433 5507 5457
f 5433 5495 5496
f 5437 5441 5451
f 5437 5451 5439
f 5437 5439 5438
f 5439 5451 5498
f 5439 5498 5499
f 5439 5499 5500
f 5439 5500 5501
f 5439 5501 5502
f 5439 5502 5443
f 5439 5443 5442
f 5440 5451 5441
f 5443 5502 5464
f 5443 5464 5460
f 5443 5460 5444
f 5444 5460 5452
f 5446 5459 5447
f 5447 5459 5503
f 5447 5503 5504
f 5447 5504 5505
f 5447 5505 5448
f 5448 5505 5449
f 5449 5506 5450
f 5450 5506 5451
f 5457 5507 5458
f 5458 5507 5459
f 5459 5507 5508
f 5459 5508 5503
f 5461 5509 5474
f 5461 5474 5463
f 5461 5462 5509
f 5462 5465 5510
f 5462 5510 5511
f 5462 5511 5509
f 5464 5502 5512
f 5464 5512 5513
f 5464 5513 5514
f 5464 5514 5465
f 5465 5514 5515
f 5465 5515 5510
f 5466 5469 5468
f 5467 5469 5516
f 5467 5516 5517
f 5467 5517 5480
f 5469 5518 5516
f 5469 5471 5518
f 5470 5519 5520
f 5470 5520 5521
f 5470 5521 5522
f 5470 5522 5523
f 5470 5523 5524
f 5470 5524 5471
f 5470 5473 5525
f 5470 5525 5526
f 5470 5526 5519
f 5471 5524 5518
f 5472 5474 5527
f 5472 5527 5568
f 5472 5568 5528
f 5472 5528 5473
f 5473 5528 5529
f 5473 5529 5525
f 5474 5509 5527
f 5475 5481 5476
f 5476 5481 5477
f 5477 5480 5530
f 5477 5530 5478
f 5477 5481 5480
f 5478 5530 5479
f 5479 5530 5531
f 5479 5531 5533
f 5479 5533 5485
f 5480 5517 5530
f 5483 5484 5488
f 5483 5488 5532
f 5483 5532 5489
f 5485 5533 5486
f 5486 5533 5487
f 5487 5534 5532
f 5487 5532 5488
f 5487 5533 5531
f 5487 5531 5535
f 5487 5535 5534
f 5489 5536 5490
f 5489 5532 5534
f 5489 5534 5537
f 5489 5537 5536
f 5490 5536 5491
f 5491 5536 5538
f 5491 5538 5492
f 5492 5538 5539
f 5492 5539 5540
f 5492 5540 5493
f 5500 5542 5501
f 5501 5512 5502
f 5501 5542 5512
f 5509 5543 5527
f 5509 5511 5544
f 5509 5544 5545
f 5509 5545 5543
f 5510 5515 5546
f 5510 5546 5511
f 5511 5546 5547
f 5511 5547 5544
f 5512 5548 5549
f 5512 5549 5550
f 5512 5550 5513
f 5512 5542 5548
f 5513 5550 5551
f 5513 5551 5515
f 5513 5515 5514
f 5515 5551 5546
f 5516 5552 5517
f 5516 5518 5552
f 5517 5552 5530
f 5518 5553 5554
f 5518 5554 5555
f 5518 5555 5556
f 5518 5556 5582
f 5518 5582 5552
f 5518 5524 5553
f 5519 5557 5520
f 5519 5526 5557
f 5520 5558 5559
f 5520 5559 5522
f 5520 5522 5521
f 5520 5557 5560
f 5520 5560 5561
f 5520 5561 5562
f 5520 5562 5563
f 5520 5563 5589
f 5520 5589 5558
f 5522 5559 5564
f 5522 5564 5523
f 5523 5564 5524
f 5524 5564 5553
f 5525 5529 5565
f 5525 5565 5566
f 5525 5566 5526
f 5526 5566 5567
f 5526 5567 5561
f 5526 5561 5560
f 5526 5560 5557
f 5527 5543 5545
f 5527 5545 5581
f 5527 5581 5568
f 5528 5568 5529
f 5529 5568 5569
f 5529 5569 5570
f 5529 5570 5571
f 5529 5571 5572
f 5529 5572 5566
f 5529 5566 5565
f 5530 5552 5573
f 5530 5573 5535
f 5530 5535 5531
f 5534 5574 5537
f 5534 5535 5573
f 5534 5573 5575
f 5534 5575 5574
f 5536 5537 5574
f 5536 5574 5538
f 5538 5574 5601
f 5538 5601 5576
f 5538 5576 5577
f 5538 5577 5578
f 5538 5578 5539
f 5541 5579 5580
f 5544 5547 5546
f 5544 5570 5581
f 5544 5581 5545
f 5552 5582 5573
f 5553 5564 5559
f 5553 5559 5554
f 5554 5559 5558
f 5554 5558 5555
f 5555 5558 5583
f 5555 5583 5556
f 5556 5583 5584
f 5556 5584 5585
f 5556 5585 5586
f 5556 5586 5587
f 5556 5587 5582
f 5558 5588 5583
f 5558 5589 5590
f 5558 5590 5591
f 5558 5591 5588
f 5561 5567 5592
f 5561 5592 5562
f 5562 5592 5563
f 5563 5592 5593
f 5563 5593 5594
f 5563 5594 5589
f 5566 5572 5595
f 5566 5595 5596
f 5566 5596 5597
f 5566 5597 5592
f 5566 5592 5567
f 5568 5581 5570
f 5568 5570 5569
f 5570 5598 5571
f 5571 5599 5600
f 5571 5600 5572
f 5571 5598 5599
f 5572 5600 5595
f 5573 5587 5575
f 5573 5582 5587
f 5574 5575 5587
f 5574 5587 5586
f 5574 5586 5601
f 5576 5601 5585
f 5576 5585 5577
f 5577 5585 5602
f 5579 5603 5580
f 5580 5603 5604
f 5583 5588 5584
f 5584 5588 5605
f 5584 5605 5585
f 5585 5601 5586
f 5585 5605 5602
f 5588 5591 5606
f 5588 5606 5607
f 5588 5607 5605
f 5589 5594 5590
f 5590 5594 5608
f 5590 5608 5591
f 5591 5608 5609
f 5591 5609 5610
f 5591 5610 5606
f 5592 5597 5593
f 5593 5597 5611
f 5593 5611 5594
f 5594 5611 5612
f 5594 5612 5608
f 5596 5612 5597
f 5597 5612 5611
f 5602 5605 5613
f 5603 5614 5604
f 5604 5615 5629
f 5604 5629 5616
f 5604 5614 5615
f 5605 5607 5617
f 5605 5617 5618
f 5605 5618 5613
f 5606 5610 5619
f 5606 5619 5620
f 5606 5620 5633
f 5606 5633 5621
f 5606 5621 5622
f 5606 5622 5607
f 5607 5622 5617
f 5608 5612 5609
f 5609 5612 5623
f 5609 5623 5610
f 5610 5623 5624
f 5610 5624 5619
f 5612 5625 5623
f 5614 5626 5627
f 5614 5627 5628
f 5614 5628 5615
f 5615 5628 5631
f 5615 5631 5629
f 5616 5629 5631
f 5616 5631 5632
f 5616 5632 5630
f 5619 5624 5630
f 5619 5630 5632
f 5619 5632 5620
f 5620 5632 5631
f 5620 5631 5628
f 5620 5628 5633
f 5621 5633 5627
f 5621 5627 5626
f 5621 5626 5622
f 5623 5625 5624
f 5627 5633 5628
o convex_7
v -0.96506 0.0227358 0.143712
v -0.96206 0.0227358 0.159406
v -0.961045 0.0227358 0.128163
v -0.961045 -0.0862566 0.128163
v -0.965016 -0.0862566 0.143712
v -0.96206 -0.0862566 0.159406
v -0.953543 -0.00960715 0.168988
v -0.956191 0.0227358 0.166004
v -0.956059 0.0227358 0.118581
v -0.956059 -0.0862566 0.118581
v -0.955926 -0.105398 0.119066
v -0.960692 -0.105398 0.128648
v -0.964266 -0.105398 0.143712
v -0.961618 -0.105398 0.15897
v -0.95319 -0.105398 0.168552
v -0.953543 -0.0862566 0.168988
v -0.946924 0.0227358 0.172918
v -0.953499 0.0227358 0.168988
v -0.946483 0.0227358 0.106404
v -0.946439 -0.0862566 0.106404
v -0.946351 -0.105398 0.106404
v -0.946483 -0.00960715 0.106404
v -0.94538 -0.124623 0.106864
v -0.955 -0.124623 0.121273
v -0.959545 -0.124623 0.130855
v -0.95853 -0.136916 0.133111
v -0.961927 -0.124623 0.143712
v -0.959103 -0.140464 0.155137
v -0.960427 -0.124623 0.157296
v -0.951955 -0.124623 0.166878
v -0.938938 -0.172724 0.172457
v -0.942379 -0.124623 0.174107
v -0.943571 -0.105398 0.174567
v -0.943924 -0.0862566 0.174689
v -0.943924 0.0227358 0.174689
v -0.943791 0.0227358 0.103396
v -0.937879 -0.105398 0.0968218
v -0.93757 -0.124623 0.0972827
v -0.936467 -0.143764 0.0987139
v -0.943836 -0.143764 0.108271
v -0.942291 -0.162906 0.110212
v -0.940791 -0.182048 0.112274
v -0.939644 -0.195992 0.113899
v -0.938541 -0.20878 0.115719
v -0.943086 -0.201932 0.123069
v -0.941982 -0.220414 0.127411
v -0.940041 -0.239555 0.131631
v -0.938893 -0.249209 0.134106
v -0.945954 -0.220414 0.143712
v -0.952352 -0.182048 0.143712
v -0.939423 -0.251354 0.154312
v -0.940879 -0.239555 0.15669
v -0.942865 -0.220414 0.159552
v -0.934569 -0.220414 0.169134
v -0.936202 -0.201272 0.170832
v -0.937614 -0.185513 0.171826
v -0.919919 -0.269341 0.172554
v -0.922964 -0.239555 0.173985
v -0.924994 -0.220414 0.174616
v -0.929318 -0.124623 0.17646
v -0.929318 -0.105398 0.17692
v -0.929318 -0.0862566 0.177042
v -0.933907 0.0227358 0.175344
v -0.929318 -0.0671148 0.177042
v -0.937879 0.0227358 0.0968218
v -0.918728 -0.124623 0.0776583
v -0.927994 -0.124623 0.0872401
v -0.934878 0.0227358 0.0938139
v -0.899268 -0.162906 0.0589557
v -0.926891 -0.143764 0.087701
v -0.917316 -0.162906 0.0795504
v -0.925303 -0.162906 0.0891322
v -0.922126 -0.201272 0.0929649
v -0.934878 -0.162906 0.10063
v -0.933289 -0.182048 0.102692
v -0.920802 -0.216371 0.0945416
v -0.926891 -0.221816 0.103565
v -0.925876 -0.239555 0.107059
v -0.937481 -0.220414 0.117829
v -0.935452 -0.239555 0.12205
v -0.933069 -0.256799 0.12644
v -0.921022 -0.310594 0.132117
v -0.918948 -0.323383 0.138011
v -0.927465 -0.297063 0.143712
v -0.932495 -0.277921 0.143712
v -0.936908 -0.260347 0.143712
v -0.939291 -0.250776 0.143712
v -0.942026 -0.239555 0.143712
v -0.920184 -0.326848 0.150795
v -0.920184 -0.326848 0.154191
v -0.921684 -0.316205 0.156787
v -0.924155 -0.297063 0.160255
v -0.916169 -0.297063 0.169837
v -0.918198 -0.282129 0.171608
v -0.901739 -0.329901 0.173039
v -0.903813 -0.316205 0.173888
v -0.906593 -0.297063 0.174616
v -0.910167 -0.239555 0.176338
v -0.910167 -0.220414 0.176969
v -0.910167 -0.201272 0.177139
v -0.910167 -0.182048 0.177163
v -0.928921 0.0227358 0.175271
v -0.929318 -0.0479731 0.176726
v -0.910167 -0.105398 0.177163
v -0.910167 -0.0862566 0.177042
v -0.899577 -0.143764 0.0584948
v -0.908844 -0.143764 0.0680766
v -0.896576 0.0227358 0.0554869
v -0.889693 -0.162906 0.0489374
v -0.879323 -0.182048 0.0404229
v -0.888457 -0.182048 0.0500047
v -0.898033 -0.182048 0.0604112
v -0.90774 -0.162906 0.0685375
v -0.906152 -0.182048 0.0699929
v -0.904431 -0.201272 0.0721519
v -0.919566 -0.22916 0.0959971
v -0.918331 -0.239555 0.0974768
v -0.923229 -0.258697 0.110406
v -0.921066 -0.272311 0.11322
v -0.925303 -0.278334 0.123335
v -0.923052 -0.297063 0.128745
v -0.918904 -0.285017 0.116155
v -0.914448 -0.3167 0.125252
v -0.899754 -0.342525 0.116179
v -0.906681 -0.335842 0.12336
v -0.903548 -0.354571 0.129303
v -0.901254 -0.365709 0.132869
v -0.916036 -0.334109 0.144124
v -0.922037 -0.3167 0.144124
v -0.907564 -0.354571 0.143712
v -0.902048 -0.367442 0.143712
v -0.884133 -0.408531 0.143712
v -0.879853 -0.418102 0.143712
v -0.901872 -0.367029 0.156059
v -0.904607 -0.354571 0.159795
v -0.896885 -0.354571 0.169376
v -0.899533 -0.34269 0.171972
v -0.913389 -0.316205 0.166368
v -0.881662 -0.384109 0.172578
v -0.883471 -0.373713 0.173306
v -0.866174 -0.411914 0.173961
v -0.88731 -0.354571 0.174398
v -0.891017 -0.316205 0.176241
v -0.891017 -0.297063 0.176969
v -0.891017 -0.277921 0.177163
v -0.921022 0.0227358 0.173718
v -0.514311 -0.776019 0.177066
v -0.514311 -0.756712 0.17515
v -0.891017 -0.124623 0.177139
v -0.871822 -0.162906 0.177163
v -0.880382 -0.162906 0.0393556
v -0.813354 -0.00960715 -0.0277166
v -0.82293 -0.124623 -0.0181349
v -0.842081 -0.143764 0.00102861
v -0.813354 0.0227358 -0.0277166
v -0.870807 -0.162906 0.0298466
v -0.861099 -0.162906 0.0202649
v -0.869748 -0.182048 0.031011
v -0.867497 -0.201272 0.0332427
v -0.877073 -0.201272 0.0426789
v -0.886427 -0.201272 0.0522606
v -0.896003 -0.201272 0.0625701
v -0.902445 -0.220414 0.0745049
v -0.899709 -0.245248 0.0776341
v -0.897856 -0.258697 0.0798658
v -0.906019 -0.258697 0.0894475
v -0.915595 -0.258697 0.100824
v -0.896444 -0.316205 0.1008
v -0.901916 -0.329736 0.11322
v -0.894194 -0.335842 0.106258
v -0.881838 -0.34599 0.0952936
v -0.886957 -0.353251 0.104997
v -0.884221 -0.373713 0.111667
v -0.897635 -0.354571 0.119721
v -0.893885 -0.372722 0.125713
v -0.88303 -0.406138 0.13134
v -0.883383 -0.406798 0.157708
v -0.873498 -0.431138 0.143712
v -0.879103 -0.396897 0.170468
v -0.863438 -0.42462 0.173039
v -0.853421 -0.431055 0.174543
v -0.852671 -0.411914 0.176314
v -0.871822 -0.354571 0.176751
v -0.852671 -0.392854 0.177042
v -0.871822 -0.335347 0.177163
v -0.918419 0.0227358 0.173088
v -0.622773 -0.603578 0.177163
v -0.546126 -0.737653 0.177139
v -0.546126 -0.756877 0.177139
v -0.526976 -0.776019 0.176872
v -0.514311 -0.795903 0.175198
v -0.795175 -0.297063 0.177163
v -0.514311 -0.746234 0.173209
v -0.79416 -0.0671148 -0.0468559
v -0.803735 -0.105398 -0.0372984
v -0.81331 -0.124623 -0.0275711
v -0.832505 -0.143764 -0.00840759
v -0.79416 0.0227358 -0.0468559
v -0.851524 -0.162906 0.0112168
v -0.859775 -0.182048 0.0214292
v -0.822665 -0.143764 -0.0179893
v -0.857392 -0.201272 0.0236609
v -0.85501 -0.220414 0.0259654
v -0.863349 -0.234357 0.0372452
v -0.880912 -0.247146 0.0579854
v -0.8825 -0.234357 0.0563844
v -0.884177 -0.220414 0.0546379
v -0.893752 -0.220414 0.0649474
v -0.888281 -0.258697 0.069241
v -0.88528 -0.277921 0.0723702
v -0.894856 -0.277921 0.0835287
v -0.902842 -0.277921 0.0931104
v -0.901033 -0.28873 0.0952694
v -0.886869 -0.316205 0.0892535
v -0.883648 -0.335347 0.0931104
v -0.865423 -0.335347 0.0732677
v -0.878882 -0.358779 0.0983501
v -0.878794 -0.316205 0.0796717
v -0.869218 -0.316205 0.0691439
v -0.881882 -0.384274 0.114409
v -0.885236 -0.391534 0.124791
v -0.878705 -0.397062 0.118557
v -0.875572 -0.412326 0.124791
v -0.86432 -0.444256 0.131025
v -0.864497 -0.444504 0.158218
v -0.860349 -0.437408 0.170977
v -0.865468 -0.446237 0.143712
v -0.843537 -0.460758 0.172651
v -0.846758 -0.45028 0.173621
v -0.810177 -0.507705 0.174082
v -0.83352 -0.45028 0.175974
v -0.795175 -0.507705 0.176435
v -0.814369 -0.469421 0.176726
v -0.83352 -0.431138 0.176993
v -0.852671 -0.373713 0.177163
v -0.795175 -0.488563 0.177163
v -0.814369 -0.45028 0.177163
v -0.913344 0.0227358 0.170565
v -0.565277 -0.718511 0.177163
v -0.565277 -0.737653 0.177163
v -0.603623 -0.718511 0.176775
v -0.584472 -0.737653 0.176532
v -0.547582 -0.777587 0.175028
v -0.565277 -0.756877 0.176168
v -0.526976 -0.793263 0.174519
v -0.517047 -0.804484 0.172336
v -0.514311 -0.801679 0.173476
v -0.514311 -0.735343 0.169813
v -0.909285 0.0227358 0.168479
v -0.784319 -0.0671148 -0.0564376
v -0.791071 0.0227358 -0.0498638
v -0.784143 -0.0862566 -0.0563163
v -0.803426 -0.124623 -0.0371528
v -0.84133 -0.162906 0.00163505
v -0.831755 -0.162906 -0.00726749
v -0.821209 -0.162906 -0.0168492
v -0.8502 -0.182048 0.0128663
v -0.847817 -0.201272 0.0149767
v -0.842257 -0.245743 0.0199495
v -0.813046 -0.143764 -0.0265038
v -0.861761 -0.247064 0.0388462
v -0.869704 -0.258697 0.0500775
v -0.879279 -0.258697 0.0596592
v -0.876278 -0.277921 0.0627884
v -0.862026 -0.305974 0.0576943
v -0.872484 -0.298961 0.06633
v -0.882897 -0.291948 0.0749415
v -0.880779 -0.304736 0.0773915
v -0.856025 -0.335347 0.063686
v -0.860172 -0.316205 0.0595622
v -0.875219 -0.373713 0.102086
v -0.862908 -0.346238 0.0759846
v -0.862776 -0.422557 0.114409
v -0.859555 -0.435346 0.118266
v -0.866924 -0.429818 0.124597
v -0.843625 -0.46084 0.114409
v -0.840271 -0.473547 0.119406
v -0.823857 -0.498051 0.115088
v -0.844155 -0.480807 0.132189
v -0.844243 -0.480972 0.156229
v -0.802544 -0.5332 0.170905
v -0.823283 -0.497144 0.172117
v -0.844728 -0.481797 0.143712
v -0.826813 -0.484355 0.173452
v -0.80625 -0.520411 0.173063
v -0.789747 -0.54211 0.173621
v -0.795748 -0.526846 0.17447
v -0.81587 -0.489883 0.174931
v -0.777612 -0.547556 0.175028
v -0.756873 -0.565212 0.176168
v -0.776024 -0.526929 0.176872
v -0.756873 -0.546071 0.177139
v -0.737766 -0.565212 0.177163
v -0.584472 -0.718511 0.177163
v -0.623479 -0.719171 0.174689
v -0.641924 -0.680228 0.176775
v -0.603755 -0.738148 0.174495
v -0.565277 -0.771316 0.173815
v -0.542199 -0.789715 0.173621
v -0.526976 -0.802834 0.17105
v -0.514311 -0.808692 0.169643
v -0.514311 -0.718346 0.162948
v -0.843449 0.0227358 0.121443
v -0.856069 0.0227358 0.131316
v -0.860967 0.0227358 0.1351
v -0.875793 0.0227358 0.146404
v -0.883162 0.0227358 0.151959
v -0.886163 0.0227358 0.154143
v -0.892738 0.0227358 0.15863
v -0.774744 -0.0671148 -0.06306
v -0.774568 -0.0862566 -0.06306
v -0.784319 0.0227358 -0.0564376
v -0.781319 0.0227358 -0.0585723
v -0.774744 0.0095346 -0.0632298
v -0.762786 -0.102098 -0.0706526
v -0.762521 -0.105398 -0.0706526
v -0.773641 -0.105398 -0.0626718
v -0.783216 -0.105398 -0.0556371
v -0.793851 -0.124623 -0.0449153
v -0.802014 -0.143764 -0.0360855
v -0.811589 -0.162906 -0.0246359
v -0.805323 -0.213071 -0.0196146
v -0.803735 -0.225859 -0.0183047
v -0.818782 -0.182048 -0.0148116
v -0.829858 -0.182048 -0.00522985
v -0.839433 -0.182048 0.00328457
v -0.823901 -0.229737 5.83058e-05
v -0.83074 -0.258697 0.0132302
v -0.840316 -0.258697 0.0216718
v -0.850509 -0.258697 0.0312536
v -0.822577 -0.239555 0.00117415
v -0.860084 -0.258697 0.0404957
v -0.866703 -0.277921 0.0530611
v -0.842654 -0.305479 0.0387249
v -0.850597 -0.316205 0.0502473
v -0.857084 -0.277921 0.0434794
v -0.847508 -0.277921 0.0341402
v -0.844949 -0.29269 0.0365902
v -0.824563 -0.346238 0.0377546
v -0.843757 -0.346238 0.0568211
v -0.851744 -0.352673 0.0680038
v -0.846449 -0.335347 0.0542255
v -0.865644 -0.373713 0.0924312
v -0.862908 -0.384604 0.0951481
v -0.859731 -0.39731 0.0983501
v -0.836874 -0.45028 0.102086
v -0.821385 -0.473877 0.0983501
v -0.827519 -0.485263 0.111134
v -0.805191 -0.498959 0.0953664
v -0.801396 -0.511665 0.0993204
v -0.807089 -0.520741 0.112104
v -0.811148 -0.527094 0.124427
v -0.821385 -0.50952 0.122705
v -0.827563 -0.504404 0.127847
v -0.806824 -0.539553 0.130734
v -0.823768 -0.517028 0.143712
v -0.839036 -0.491451 0.143712
v -0.807044 -0.539883 0.158121
v -0.767463 -0.595328 0.155695
v -0.744871 -0.610179 0.170783
v -0.785025 -0.554899 0.172166
v -0.749504 -0.59739 0.173185
v -0.771346 -0.565212 0.173815
v -0.738208 -0.603661 0.17447
v -0.737766 -0.584354 0.176532
v -0.718571 -0.603578 0.176775
v -0.699421 -0.603578 0.177163
v -0.622773 -0.680228 0.177163
v -0.680932 -0.661746 0.174689
v -0.636673 -0.713313 0.173524
v -0.617522 -0.732125 0.173524
v -0.597445 -0.749452 0.173209
v -0.554952 -0.785012 0.172117
v -0.576 -0.767108 0.172748
v -0.539287 -0.806629 0.157927
v -0.514311 -0.81422 0.164185
v -0.547141 -0.795903 0.165034
v -0.514311 -0.703412 0.156083
v -0.599034 0.0227358 -0.0706526
v -0.763448 -0.0822962 -0.0706526
v -0.763977 0.0095346 -0.0706526
v -0.763404 -0.0862566 -0.0706526
v -0.774744 0.0227358 -0.0632298
v -0.760315 -0.12322 -0.0706526
v -0.760094 -0.124623 -0.0706526
v -0.772052 -0.124623 -0.0616773
v -0.781628 -0.124623 -0.0544728
v -0.792439 -0.143764 -0.0435569
v -0.768434 -0.162906 -0.0590089
v -0.778054 -0.162906 -0.0514648
v -0.790056 -0.162906 -0.0418831
v -0.799631 -0.162906 -0.0342177
v -0.79363 -0.200694 -0.0314766
v -0.784584 -0.206717 -0.0374924
v -0.782554 -0.220414 -0.0359885
v -0.801705 -0.239555 -0.0167037
v -0.813001 -0.239555 -0.00712194
v -0.819709 -0.258697 0.00364843
v -0.805147 -0.2884 -0.000305559
v -0.827475 -0.277921 0.0161168
v -0.83705 -0.277921 0.0245585
v -0.822709 -0.303334 0.0202649
v -0.830961 -0.316205 0.0321026
v -0.84058 -0.316205 0.0406655
v -0.836565 -0.335347 0.044668
v -0.826989 -0.335347 0.0356442
v -0.813972 -0.336997 0.0248011
v -0.804529 -0.344422 0.0193673
v -0.802191 -0.354571 0.0213807
v -0.814722 -0.353416 0.0320783
v -0.808148 -0.373713 0.0351348
v -0.805412 -0.384521 0.0377061
v -0.821385 -0.359026 0.0408838
v -0.817723 -0.373713 0.0445467
v -0.827298 -0.373713 0.0541042
v -0.843757 -0.384604 0.0759846
v -0.827298 -0.45028 0.0924312
v -0.813399 -0.467524 0.0871673
v -0.802146 -0.473877 0.0791866
v -0.807971 -0.488563 0.092601
v -0.798131 -0.488563 0.0830193
v -0.785776 -0.498464 0.0764697
v -0.793586 -0.505064 0.0877738
v -0.781716 -0.511253 0.0801569
v -0.7886 -0.521318 0.0929406
v -0.795616 -0.527424 0.104851
v -0.789791 -0.54211 0.110382
v -0.785025 -0.554899 0.11567
v -0.802588 -0.53353 0.117974
v -0.808015 -0.541368 0.143712
v -0.817414 -0.526929 0.143712
v -0.789659 -0.56183 0.128454
v -0.767507 -0.595245 0.132602
v -0.78507 -0.574041 0.143712
v -0.801396 -0.550939 0.143712
v -0.777039 -0.584354 0.143712
v -0.767993 -0.595905 0.143712
v -0.760227 -0.605476 0.143712
v -0.750651 -0.616945 0.143712
v -0.749592 -0.615707 0.157999
v -0.737899 -0.622968 0.164573
v -0.726073 -0.630228 0.171147
v -0.732162 -0.61744 0.173524
v -0.719277 -0.62338 0.174689
v -0.69417 -0.655806 0.173524
v -0.630319 -0.726019 0.171171
v -0.668621 -0.687736 0.171171
v -0.610242 -0.744914 0.17071
v -0.594665 -0.766861 0.154676
v -0.550186 -0.800606 0.143712
v -0.540611 -0.807537 0.143712
v -0.514311 -0.82016 0.143712
v -0.615713 -0.749369 0.157951
v -0.514311 -0.693346 0.151329
v -0.514311 -0.308037 -0.0706526
v -0.763977 0.0227358 -0.0706526
v -0.514311 -0.663561 0.136798
v -0.514311 -0.64607 0.127483
v -0.514311 -0.616862 0.111449
v -0.758462 -0.134358 -0.0706526
v -0.756741 -0.144589 -0.0706526
v -0.77042 -0.143764 -0.0604644
v -0.779995 -0.143764 -0.0531386
v -0.753608 -0.161833 -0.0706526
v -0.74893 -0.181883 -0.0706526
v -0.767022 -0.174787 -0.0579416
v -0.774479 -0.181553 -0.0506401
v -0.763404 -0.201272 -0.055152
v -0.765389 -0.187576 -0.056656
v -0.79213 -0.239555 -0.0241023
v -0.788997 -0.258697 -0.0217008
v -0.784717 -0.284687 -0.0184502
v -0.798572 -0.258697 -0.0141566
v -0.810133 -0.258697 -0.0045749
v -0.806912 -0.277921 -0.00183379
v -0.78251 -0.297063 -0.0166552
v -0.795881 -0.295743 -0.00583629
v -0.80272 -0.301189 0.00180485
v -0.813928 -0.295908 0.00997966
v -0.820106 -0.316205 0.0225208
v -0.81053 -0.316205 0.0140792
v -0.807309 -0.331634 0.0169658
v -0.799587 -0.316205 0.00449744
v -0.789968 -0.316205 -0.00375014
v -0.787099 -0.328911 -0.00122735
v -0.792615 -0.354571 0.0134728
v -0.788776 -0.370412 0.0166505
v -0.785555 -0.383201 0.0191975
v -0.795175 -0.375528 0.0242916
v -0.783128 -0.392854 0.0212594
v -0.788953 -0.411914 0.0351348
v -0.786261 -0.422805 0.0377303
v -0.802235 -0.39731 0.0408838
v -0.802235 -0.435593 0.0600231
v -0.808148 -0.45028 0.0732677
v -0.805412 -0.461088 0.0759846
v -0.788909 -0.45028 0.0542255
v -0.786173 -0.46084 0.0569424
v -0.788556 -0.488563 0.0738499
v -0.782554 -0.473629 0.0603142
v -0.774523 -0.466781 0.0493012
v -0.769802 -0.484355 0.0544196
v -0.765786 -0.497144 0.0580582
v -0.775627 -0.505972 0.0717638
v -0.768964 -0.520741 0.0744806
v -0.764242 -0.53353 0.0786287
v -0.736575 -0.582786 0.0872644
v -0.74871 -0.576681 0.0944203
v -0.766272 -0.555394 0.0959728
v -0.783834 -0.534107 0.0975981
v -0.778054 -0.548793 0.103177
v -0.767463 -0.576186 0.113826
v -0.781937 -0.567028 0.123044
v -0.756079 -0.602588 0.125397
v -0.749504 -0.615624 0.130977
v -0.771435 -0.583282 0.125543
v -0.762653 -0.588892 0.119818
v -0.741782 -0.626515 0.143712
v -0.730883 -0.635014 0.158363
v -0.711732 -0.654238 0.158388
v -0.699774 -0.661416 0.164767
v -0.687771 -0.668594 0.171147
v -0.71332 -0.636581 0.173524
v -0.635129 -0.730887 0.158388
v -0.622994 -0.737901 0.164549
v -0.616905 -0.750359 0.143712
v -0.604505 -0.75993 0.143712
v -0.59493 -0.767108 0.143712
v -0.584472 -0.774946 0.143712
v -0.562982 -0.791035 0.143712
v -0.594621 -0.766861 0.133402
v -0.539243 -0.806547 0.131486
v -0.514311 -0.819583 0.141989
v -0.62648 -0.741778 0.143712
v -0.514311 -0.572061 -0.0706526
v -0.758153 -0.181553 -0.0635451
v -0.742973 -0.201272 -0.0706526
v -0.772979 -0.220414 -0.0432658
v -0.779466 -0.239555 -0.033684
v -0.767684 -0.252839 -0.039239
v -0.750739 -0.297063 -0.0408885
v -0.760315 -0.297063 -0.0336355
v -0.772935 -0.297063 -0.0240537
v -0.748489 -0.309357 -0.039239
v -0.769625 -0.312987 -0.0216037
v -0.776024 -0.318103 -0.014472
v -0.783966 -0.3417 0.0013197
v -0.780789 -0.354571 0.00389101
v -0.773553 -0.392854 0.013497
v -0.769581 -0.408283 0.0166748
v -0.767993 -0.367277 -0.0012516
v -0.764816 -0.379983 0.0013197
v -0.766184 -0.420989 0.0193916
v -0.77598 -0.413564 0.0244129
v -0.776244 -0.4299 0.0323694
v -0.76914 -0.45028 0.0359353
v -0.782819 -0.435511 0.0409324
v -0.766492 -0.45985 0.0383125
v -0.77876 -0.45028 0.044668
v -0.749813 -0.482787 0.0362264
v -0.762565 -0.472639 0.0416601
v -0.745533 -0.495576 0.0398165
v -0.728588 -0.517936 0.0379972
v -0.762256 -0.507705 0.0610904
v -0.748754 -0.519421 0.0562146
v -0.724087 -0.530724 0.0417328
v -0.731545 -0.541038 0.0544923
v -0.726735 -0.553826 0.0587132
v -0.733265 -0.565212 0.0721276
v -0.74668 -0.554816 0.0771732
v -0.729162 -0.576103 0.0757662
v -0.724175 -0.588892 0.0801326
v -0.731192 -0.597308 0.0928921
v -0.7439 -0.58947 0.0992961
v -0.749901 -0.597225 0.11208
v -0.744341 -0.609931 0.118193
v -0.730838 -0.635014 0.130758
v -0.732206 -0.636334 0.143712
v -0.722675 -0.645987 0.143712
v -0.655603 -0.713066 0.143712
v -0.636453 -0.732208 0.143712
v -0.615625 -0.749287 0.131001
v -0.602299 -0.755887 0.12581
v -0.588664 -0.762488 0.120619
v -0.553672 -0.78427 0.11647
v -0.540875 -0.788478 0.112104
v -0.526976 -0.801679 0.118314
v -0.514311 -0.810672 0.121953
v -0.514311 -0.8129 0.124936
v -0.575867 -0.767191 0.11419
v -0.635041 -0.730805 0.130758
v -0.514311 -0.582126 -0.0642243
v -0.557643 -0.614882 -0.0203181
v -0.519033 -0.567853 -0.0706526
v -0.736531 -0.220744 -0.0706526
v -0.76989 -0.239555 -0.0408885
v -0.717424 -0.278169 -0.0706526
v -0.719983 -0.297311 -0.0639332
v -0.727264 -0.303911 -0.0568015
v -0.724926 -0.316205 -0.0550307
v -0.738693 -0.315957 -0.0445757
v -0.745665 -0.322145 -0.0370073
v -0.732912 -0.335347 -0.0421014
v -0.754446 -0.335347 -0.0248785
v -0.750475 -0.351271 -0.0216765
v -0.747253 -0.364059 -0.0191295
v -0.744782 -0.373713 -0.0171888
v -0.751931 -0.392854 -0.00370162
v -0.745312 -0.417854 0.00156227
v -0.737678 -0.394504 -0.0143264
v -0.727926 -0.401848 -0.0189597
v -0.753784 -0.431138 0.0140549
v -0.763359 -0.431138 0.0217446
v -0.756476 -0.450857 0.025553
v -0.746018 -0.457705 0.0202164
v -0.729471 -0.481055 0.0180817
v -0.725367 -0.493843 0.0215748
v -0.71257 -0.503332 0.0160926
v -0.711335 -0.53947 0.036469
v -0.708114 -0.51612 0.0198768
v -0.719013 -0.546648 0.0475547
v -0.706304 -0.552176 0.0405927
v -0.693552 -0.560262 0.0352803
v -0.713938 -0.56183 0.053328
v -0.708864 -0.574618 0.0575973
v -0.71813 -0.583282 0.0711331
v -0.711423 -0.596813 0.0746261
v -0.70604 -0.609601 0.0795747
v -0.725234 -0.610096 0.0987382
v -0.737766 -0.603661 0.105409
v -0.731589 -0.616532 0.111522
v -0.725234 -0.629321 0.117999
v -0.706084 -0.648545 0.117974
v -0.673386 -0.692521 0.130758
v -0.654235 -0.711663 0.130758
v -0.622553 -0.73757 0.1245
v -0.610021 -0.744336 0.118241
v -0.597224 -0.749782 0.112201
v -0.565277 -0.770738 0.1106
v -0.547274 -0.75762 0.0854693
v -0.540919 -0.769253 0.0929406
v -0.526976 -0.76356 0.0795019
v -0.526976 -0.782702 0.0986412
v -0.514311 -0.793345 0.102522
v -0.514311 -0.795573 0.104803
v -0.576044 -0.748049 0.0950268
v -0.514311 -0.804897 0.114918
v -0.588796 -0.743759 0.0994174
v -0.641836 -0.718429 0.124354
v -0.629436 -0.725194 0.117974
v -0.514311 -0.599123 -0.0533569
v -0.573617 -0.631136 0.000786032
v -0.570396 -0.608694 -0.0162428
v -0.576794 -0.595905 -0.0203423
v -0.564527 -0.602753 -0.0235686
v -0.559805 -0.578909 -0.0407672
v -0.544449 -0.544338 -0.0706526
v -0.524504 -0.56282 -0.0706526
v -0.514311 -0.614964 -0.0430717
v -0.514311 -0.636169 -0.0290023
v -0.514311 -0.640129 -0.0262854
v -0.514311 -0.656631 -0.0147873
v -0.560864 -0.636581 -0.00311944
v -0.576882 -0.65333 0.0178391
v -0.710938 -0.297146 -0.0706526
v -0.71535 -0.316205 -0.0621139
v -0.711997 -0.331634 -0.0595426
v -0.718439 -0.336997 -0.0527262
v -0.729735 -0.34797 -0.0395543
v -0.738516 -0.356056 -0.0293176
v -0.735251 -0.373713 -0.024733
v -0.73128 -0.389224 -0.0215552
v -0.73203 -0.431138 -0.00299815
v -0.741561 -0.431138 0.00447318
v -0.726426 -0.360759 -0.0369588
v -0.719454 -0.354488 -0.044891
v -0.708731 -0.344422 -0.0572624
v -0.705863 -0.354571 -0.0551762
v -0.710143 -0.385264 -0.039142
v -0.715438 -0.411914 -0.0238354
v -0.725014 -0.411914 -0.0167765
v -0.725279 -0.454735 0.00226575
v -0.70882 -0.478745 0.000155333
v -0.749813 -0.444917 0.0171842
v -0.733001 -0.469421 0.0152678
v -0.718836 -0.487903 0.0129148
v -0.705598 -0.488563 0.00260535
v -0.691875 -0.500774 -0.0013729
v -0.699994 -0.508447 0.00913065
v -0.704098 -0.526929 0.023103
v -0.690551 -0.537407 0.0186154
v -0.69845 -0.544833 0.029507
v -0.694523 -0.526929 0.0155832
v -0.685389 -0.550196 0.0225208
v -0.688301 -0.573051 0.0395254
v -0.690993 -0.59541 0.05653
v -0.704981 -0.584354 0.0608478
v -0.698494 -0.602506 0.0677612
v -0.693287 -0.616532 0.0736558
v -0.712438 -0.616615 0.0923584
v -0.718836 -0.622968 0.105142
v -0.712438 -0.635756 0.111522
v -0.680535 -0.661334 0.105118
v -0.654986 -0.693264 0.111498
v -0.61664 -0.731547 0.111498
v -0.610153 -0.725194 0.0987382
v -0.603711 -0.737653 0.105458
v -0.597357 -0.73097 0.0929891
v -0.540919 -0.750112 0.0738742
v -0.553672 -0.745821 0.077998
v -0.514311 -0.75729 0.066888
v -0.514311 -0.774451 0.0834316
v -0.582221 -0.73625 0.0876282
v -0.635835 -0.712406 0.111498
v -0.580103 -0.618347 -0.00345905
v -0.583766 -0.641202 0.0142005
v -0.618449 -0.580064 -0.0034833
v -0.627892 -0.551186 -0.0162428
v -0.595945 -0.576763 -0.0203423
v -0.565851 -0.584932 -0.0335385
v -0.602873 -0.56447 -0.0235928
v -0.585001 -0.56579 -0.0335627
v -0.555569 -0.555476 -0.0573837
v -0.549083 -0.5398 -0.0706526
v -0.514311 -0.6747 -0.00193082
v -0.604814 -0.662241 0.042315
v -0.514311 -0.679733 0.00175634
v -0.568631 -0.666036 0.0225694
v -0.579883 -0.67437 0.0353531
v -0.592679 -0.669419 0.0391615
v -0.702421 -0.31769 -0.0706526
v -0.699862 -0.323053 -0.0706526
v -0.693375 -0.336089 -0.0706526
v -0.701186 -0.336997 -0.0650491
v -0.685433 -0.351518 -0.0706526
v -0.68305 -0.355973 -0.0706526
v -0.672813 -0.373878 -0.0706526
v -0.692272 -0.368185 -0.0592273
v -0.711423 -0.42561 -0.0209003
v -0.688477 -0.380973 -0.0564861
v -0.707628 -0.438398 -0.0181591
v -0.699906 -0.470246 -0.00993582
v -0.687065 -0.474537 -0.0172374
v -0.696023 -0.488563 -0.00438084
v -0.674269 -0.483943 -0.0216037
v -0.669591 -0.496731 -0.018426
v -0.652029 -0.518018 -0.0194933
v -0.660501 -0.526186 -0.00923236
v -0.674048 -0.521566 -0.00236746
v -0.686845 -0.51348 0.00216871
v -0.680358 -0.527506 0.00554052
v -0.668974 -0.534355 0.00124693
v -0.679476 -0.544751 0.0149525
v -0.672592 -0.557704 0.0178149
v -0.672592 -0.615129 0.0561176
v -0.685389 -0.608199 0.0608721
v -0.666326 -0.627918 0.0607751
v -0.674136 -0.635756 0.0735346
v -0.686889 -0.629321 0.0795747
v -0.699685 -0.622968 0.0859787
v -0.667738 -0.648545 0.0795747
v -0.642189 -0.680475 0.0859544
v -0.61664 -0.712406 0.0923584
v -0.61664 -0.693264 0.0737286
v -0.609491 -0.70597 0.0795747
v -0.596739 -0.711168 0.074893
v -0.588443 -0.723874 0.0802296
v -0.575647 -0.72866 0.0761544
v -0.546523 -0.737983 0.0667182
v -0.539375 -0.730145 0.0558993
v -0.514311 -0.73724 0.0487918
v -0.623038 -0.699617 0.0859544
v -0.585663 -0.623958 0.00396378
v -0.622067 -0.660344 0.0525032
v -0.596077 -0.634354 0.0178149
v -0.641262 -0.641202 0.0525032
v -0.653529 -0.634354 0.0561176
v -0.660413 -0.564552 0.0141762
v -0.650352 -0.554486 0.000786032
v -0.6376 -0.560839 -0.0034833
v -0.634202 -0.538397 -0.0203423
v -0.61514 -0.557539 -0.0203423
v -0.622023 -0.545328 -0.0235928
v -0.572602 -0.572556 -0.0369345
v -0.591753 -0.553414 -0.0369588
v -0.559055 -0.529899 -0.0706526
v -0.615228 -0.672472 0.0561176
v -0.514311 -0.683858 0.00490982
v -0.514311 -0.695162 0.0137396
v -0.571278 -0.687158 0.0404229
v -0.560776 -0.712736 0.0544681
v -0.585531 -0.680558 0.0436249
v -0.594797 -0.690376 0.0570151
v -0.607594 -0.685261 0.0609449
v -0.675328 -0.392854 -0.0607797
v -0.661031 -0.393184 -0.0706526
v -0.651411 -0.440461 -0.0573837
v -0.669282 -0.45754 -0.0372984
v -0.690993 -0.461748 -0.0199785
v -0.704054 -0.45028 -0.0155878
v -0.648146 -0.45028 -0.055249
v -0.665223 -0.469421 -0.0346058
v -0.655603 -0.469421 -0.0412039
v -0.652029 -0.479652 -0.0386326
v -0.629304 -0.51348 -0.0364251
v -0.64113 -0.525361 -0.0227681
v -0.646955 -0.530724 -0.0160972
v -0.647131 -0.492441 -0.0354548
v -0.634379 -0.500774 -0.0396029
v -0.656177 -0.541698 -0.0033135
v -0.669503 -0.59277 0.039113
v -0.647175 -0.647142 0.0607751
v -0.654986 -0.654898 0.0735346
v -0.629436 -0.686828 0.0795747
v -0.635791 -0.67404 0.0735346
v -0.62798 -0.666284 0.0607751
v -0.583016 -0.717934 0.0719578
v -0.552127 -0.725524 0.0595622
v -0.514311 -0.704568 0.021308
v -0.514311 -0.716449 0.0309625
v -0.634379 -0.653495 0.0561176
v -0.598151 -0.540625 -0.0407672
v -0.622862 -0.527341 -0.0332474
v -0.593518 -0.516698 -0.0571654
v -0.5636 -0.525279 -0.0706526
v -0.604152 -0.546648 -0.0335627
v -0.585001 -0.546648 -0.0450608
v -0.573529 -0.70795 0.0582765
v -0.584472 -0.694254 0.0539102
v -0.584472 -0.703825 0.0615513
v -0.649293 -0.411749 -0.0706526
v -0.638571 -0.45028 -0.0614589
v -0.644219 -0.419752 -0.0706526
v -0.634379 -0.462408 -0.0587178
v -0.641218 -0.469009 -0.0509797
v -0.641218 -0.487078 -0.0419801
v -0.622862 -0.507375 -0.0435083
v -0.616552 -0.521236 -0.0404034
v -0.629304 -0.475197 -0.0555644
v -0.616552 -0.4832 -0.0595426
v -0.598636 -0.503909 -0.0603674
v -0.58456 -0.50787 -0.0671352
v -0.577235 -0.509932 -0.0706526
v -0.568234 -0.520081 -0.0706526
v -0.635394 -0.433035 -0.0706526
v -0.623391 -0.450197 -0.0706526
v -0.638747 -0.428002 -0.0706526
v -0.622288 -0.451682 -0.0706526
v -0.608168 -0.470329 -0.0706526
v -0.593915 -0.488728 -0.0706526
v -0.581383 -0.504734 -0.0706526
f 5634 5635 5641
f 5634 5641 5651
f 5634 5651 5650
f 5634 5650 5668
f 5634 5668 5696
f 5634 5696 5735
f 5634 5735 5779
f 5634 5779 5819
f 5634 5819 5871
f 5634 5871 5882
f 5634 5882 5942
f 5634 5942 5941
f 5634 5941 5940
f 5634 5940 5939
f 5634 5939 5938
f 5634 5938 5937
f 5634 5937 5936
f 5634 5936 6012
f 5634 6012 6089
f 5634 6089 6016
f 5634 6016 5946
f 5634 5946 5945
f 5634 5945 5884
f 5634 5884 5831
f 5634 5831 5788
f 5634 5788 5741
f 5634 5741 5701
f 5634 5701 5698
f 5634 5698 5669
f 5634 5669 5652
f 5634 5652 5642
f 5634 5642 5636
f 5634 5636 5637
f 5634 5637 5638
f 5634 5638 5639
f 5634 5639 5635
f 5635 5640 5641
f 5635 5639 5649
f 5635 5649 5640
f 5636 5642 5643
f 5636 5643 5637
f 5637 5643 5644
f 5637 5644 5645
f 5637 5645 5638
f 5638 5645 5646
f 5638 5646 5647
f 5638 5647 5639
f 5639 5647 5648
f 5639 5648 5649
f 5640 5650 5651
f 5640 5651 5641
f 5640 5649 5650
f 5642 5652 5655
f 5642 5655 5643
f 5643 5653 5654
f 5643 5654 5644
f 5643 5655 5653
f 5644 5654 5656
f 5644 5656 5657
f 5644 5657 5645
f 5645 5657 5658
f 5645 5658 5646
f 5646 5658 5659
f 5646 5659 5660
f 5646 5660 5661
f 5646 5661 5662
f 5646 5662 5647
f 5647 5662 5648
f 5648 5662 5663
f 5648 5663 5664
f 5648 5664 5665
f 5648 5665 5666
f 5648 5666 5649
f 5649 5666 5667
f 5649 5667 5650
f 5650 5667 5668
f 5652 5669 5655
f 5653 5670 5654
f 5653 5655 5670
f 5654 5670 5671
f 5654 5671 5656
f 5655 5669 5670
f 5656 5671 5672
f 5656 5672 5673
f 5656 5673 5657
f 5657 5673 5674
f 5657 5674 5675
f 5657 5675 5676
f 5657 5676 5677
f 5657 5677 5658
f 5658 5677 5678
f 5658 5678 5659
f 5659 5678 5679
f 5659 5679 5680
f 5659 5680 5681
f 5659 5681 5682
f 5659 5682 5683
f 5659 5683 5660
f 5660 5683 5661
f 5661 5683 5682
f 5661 5682 5684
f 5661 5684 5685
f 5661 5685 5686
f 5661 5686 5662
f 5662 5686 5687
f 5662 5687 5688
f 5662 5688 5663
f 5663 5688 5689
f 5663 5689 5664
f 5664 5689 5690
f 5664 5690 5691
f 5664 5691 5692
f 5664 5692 5665
f 5665 5692 5666
f 5666 5692 5693
f 5666 5693 5694
f 5666 5694 5667
f 5667 5694 5695
f 5667 5695 5697
f 5667 5697 5668
f 5668 5697 5696
f 5669 5698 5670
f 5670 5699 5700
f 5670 5700 5671
f 5670 5698 5701
f 5670 5701 5699
f 5671 5700 5740
f 5671 5740 5702
f 5671 5702 5746
f 5671 5746 5703
f 5671 5703 5672
f 5672 5703 5746
f 5672 5746 5704
f 5672 5704 5705
f 5672 5705 5706
f 5672 5706 5707
f 5672 5707 5674
f 5672 5674 5673
f 5674 5707 5675
f 5675 5707 5708
f 5675 5708 5676
f 5676 5708 5709
f 5676 5709 5710
f 5676 5710 5677
f 5677 5710 5711
f 5677 5711 5712
f 5677 5712 5679
f 5677 5679 5678
f 5679 5712 5680
f 5680 5712 5713
f 5680 5713 5681
f 5681 5714 5715
f 5681 5715 5716
f 5681 5716 5717
f 5681 5717 5718
f 5681 5718 5719
f 5681 5719 5720
f 5681 5720 5721
f 5681 5721 5682
f 5681 5713 5714
f 5682 5721 5684
f 5684 5721 5720
f 5684 5720 5719
f 5684 5719 5718
f 5684 5718 5722
f 5684 5722 5723
f 5684 5723 5724
f 5684 5724 5685
f 5685 5724 5725
f 5685 5725 5726
f 5685 5726 5727
f 5685 5727 5686
f 5686 5727 5687
f 5687 5727 5690
f 5687 5690 5688
f 5688 5690 5689
f 5690 5727 5728
f 5690 5728 5729
f 5690 5729 5730
f 5690 5730 5691
f 5691 5730 5692
f 5692 5730 5731
f 5692 5731 5732
f 5692 5732 5693
f 5693 5732 5694
f 5694 5732 5733
f 5694 5733 5695
f 5695 5733 5734
f 5695 5734 5737
f 5695 5737 5697
f 5696 5697 5736
f 5696 5736 5735
f 5697 5737 5738
f 5697 5738 5736
f 5699 5701 5739
f 5699 5739 5740
f 5699 5740 5700
f 5701 5741 5739
f 5702 5740 5742
f 5702 5742 5743
f 5702 5743 5744
f 5702 5744 5745
f 5702 5745 5746
f 5704 5746 5745
f 5704 5745 5747
f 5704 5747 5706
f 5704 5706 5705
f 5706 5709 5708
f 5706 5708 5707
f 5706 5747 5709
f 5709 5747 5745
f 5709 5745 5748
f 5709 5748 5749
f 5709 5749 5710
f 5710 5749 5711
f 5711 5750 5751
f 5711 5751 5713
f 5711 5713 5712
f 5711 5749 5750
f 5713 5751 5752
f 5713 5752 5753
f 5713 5753 5714
f 5714 5753 5754
f 5714 5754 5715
f 5715 5754 5752
f 5715 5752 5755
f 5715 5755 5756
f 5715 5756 5757
f 5715 5757 5758
f 5715 5758 5759
f 5715 5759 5760
f 5715 5760 5716
f 5716 5761 5722
f 5716 5722 5762
f 5716 5762 5717
f 5716 5760 5761
f 5717 5762 5722
f 5717 5722 5718
f 5722 5761 5760
f 5722 5760 5763
f 5722 5763 5764
f 5722 5764 5765
f 5722 5765 5723
f 5723 5765 5766
f 5723 5766 5767
f 5723 5767 5768
f 5723 5768 5769
f 5723 5769 5770
f 5723 5770 5724
f 5724 5770 5771
f 5724 5771 5726
f 5724 5726 5725
f 5726 5771 5770
f 5726 5770 5727
f 5727 5770 5728
f 5728 5770 5772
f 5728 5772 5773
f 5728 5773 5774
f 5728 5774 5775
f 5728 5775 5729
f 5729 5775 5776
f 5729 5776 5730
f 5730 5776 5731
f 5731 5776 5777
f 5731 5777 5732
f 5732 5777 5778
f 5732 5778 5733
f 5733 5778 5734
f 5734 5778 5818
f 5734 5818 5868
f 5734 5868 5870
f 5734 5870 5869
f 5734 5869 5926
f 5734 5926 6000
f 5734 6000 6001
f 5734 6001 5927
f 5734 5927 5873
f 5734 5873 5872
f 5734 5872 5820
f 5734 5820 5825
f 5734 5825 5783
f 5734 5783 5737
f 5735 5736 5738
f 5735 5738 5780
f 5735 5780 5781
f 5735 5781 5779
f 5737 5782 5738
f 5737 5783 5782
f 5738 5782 5780
f 5739 5784 5742
f 5739 5742 5740
f 5739 5741 5785
f 5739 5785 5786
f 5739 5786 5787
f 5739 5787 5784
f 5741 5788 5785
f 5742 5784 5743
f 5743 5784 5789
f 5743 5789 5790
f 5743 5790 5791
f 5743 5791 5792
f 5743 5792 5793
f 5743 5793 5794
f 5743 5794 5744
f 5744 5794 5795
f 5744 5795 5745
f 5745 5795 5748
f 5748 5795 5749
f 5749 5795 5796
f 5749 5796 5797
f 5749 5797 5750
f 5750 5797 5798
f 5750 5798 5799
f 5750 5799 5800
f 5750 5800 5751
f 5751 5800 5752
f 5752 5754 5753
f 5752 5800 5801
f 5752 5801 5802
f 5752 5802 5757
f 5752 5757 5755
f 5755 5757 5756
f 5757 5802 5803
f 5757 5803 5804
f 5757 5804 5805
f 5757 5805 5806
f 5757 5806 5807
f 5757 5807 5758
f 5758 5807 5759
f 5759 5807 5760
f 5760 5764 5763
f 5760 5807 5808
f 5760 5808 5809
f 5760 5809 5765
f 5760 5765 5764
f 5765 5809 5766
f 5766 5810 5767
f 5766 5809 5811
f 5766 5811 5810
f 5767 5810 5812
f 5767 5812 5768
f 5768 5812 5769
f 5769 5812 5770
f 5770 5812 5772
f 5772 5812 5813
f 5772 5813 5774
f 5772 5774 5773
f 5774 5813 5814
f 5774 5814 5815
f 5774 5815 5775
f 5775 5815 5776
f 5776 5815 5816
f 5776 5816 5777
f 5777 5816 5817
f 5777 5817 5818
f 5777 5818 5778
f 5779 5781 5819
f 5780 5820 5821
f 5780 5821 5822
f 5780 5822 5823
f 5780 5823 5824
f 5780 5824 5880
f 5780 5880 5934
f 5780 5934 6009
f 5780 6009 6085
f 5780 6085 6166
f 5780 6166 6222
f 5780 6222 6221
f 5780 6221 6280
f 5780 6280 6278
f 5780 6278 6277
f 5780 6277 6345
f 5780 6345 6344
f 5780 6344 6404
f 5780 6404 6453
f 5780 6453 6452
f 5780 6452 6422
f 5780 6422 6421
f 5780 6421 6360
f 5780 6360 6358
f 5780 6358 6295
f 5780 6295 6294
f 5780 6294 6293
f 5780 6293 6292
f 5780 6292 6284
f 5780 6284 6225
f 5780 6225 6168
f 5780 6168 6088
f 5780 6088 6092
f 5780 6092 6091
f 5780 6091 6090
f 5780 6090 6087
f 5780 6087 6011
f 5780 6011 5935
f 5780 5935 5881
f 5780 5881 5826
f 5780 5826 5781
f 5780 5782 5825
f 5780 5825 5820
f 5781 5826 5819
f 5782 5783 5825
f 5784 5787 5789
f 5785 5788 5831
f 5785 5831 5827
f 5785 5827 5828
f 5785 5828 5786
f 5786 5828 5829
f 5786 5829 5830
f 5786 5830 5787
f 5787 5830 5790
f 5787 5790 5789
f 5790 5832 5833
f 5790 5833 5791
f 5790 5830 5834
f 5790 5834 5832
f 5791 5833 5792
f 5792 5835 5836
f 5792 5836 5837
f 5792 5837 5793
f 5792 5833 5835
f 5793 5837 5838
f 5793 5838 5839
f 5793 5839 5840
f 5793 5840 5794
f 5794 5840 5841
f 5794 5841 5795
f 5795 5841 5797
f 5795 5797 5796
f 5797 5838 5842
f 5797 5842 5798
f 5797 5841 5840
f 5797 5840 5839
f 5797 5839 5838
f 5798 5842 5843
f 5798 5843 5844
f 5798 5844 5799
f 5799 5844 5800
f 5800 5844 5845
f 5800 5845 5846
f 5800 5846 5801
f 5801 5847 5848
f 5801 5848 5804
f 5801 5804 5803
f 5801 5803 5802
f 5801 5846 5847
f 5804 5849 5850
f 5804 5850 5806
f 5804 5806 5805
f 5804 5848 5851
f 5804 5851 5852
f 5804 5852 5849
f 5806 5850 5853
f 5806 5853 5807
f 5807 5853 5808
f 5808 5853 5854
f 5808 5854 5809
f 5809 5854 5853
f 5809 5853 5855
f 5809 5855 5856
f 5809 5856 5857
f 5809 5857 5811
f 5810 5811 5858
f 5810 5858 5859
f 5810 5859 5812
f 5811 5857 5860
f 5811 5860 5858
f 5812 5859 5813
f 5813 5859 5861
f 5813 5861 5862
f 5813 5862 5814
f 5814 5862 5863
f 5814 5863 5864
f 5814 5864 5815
f 5815 5864 5865
f 5815 5865 5866
f 5815 5866 5867
f 5815 5867 5817
f 5815 5817 5816
f 5817 5868 5818
f 5817 5867 5869
f 5817 5869 5870
f 5817 5870 5868
f 5819 5826 5871
f 5820 5872 5821
f 5821 5872 5873
f 5821 5873 5822
f 5822 5873 5874
f 5822 5874 5875
f 5822 5875 5823
f 5823 5876 5824
f 5823 5875 5877
f 5823 5877 5876
f 5824 5878 5879
f 5824 5879 5880
f 5824 5876 5878
f 5826 5881 5882
f 5826 5882 5871
f 5827 5883 5828
f 5827 5831 5884
f 5827 5884 5883
f 5828 5883 5885
f 5828 5885 5886
f 5828 5886 5829
f 5829 5886 5834
f 5829 5834 5830
f 5832 5887 5833
f 5832 5834 5887
f 5833 5887 5888
f 5833 5888 5889
f 5833 5889 5890
f 5833 5890 5891
f 5833 5891 5892
f 5833 5892 5835
f 5834 5893 5889
f 5834 5889 5888
f 5834 5888 5887
f 5834 5886 5893
f 5835 5892 5836
f 5836 5892 5837
f 5837 5892 5894
f 5837 5894 5838
f 5838 5894 5895
f 5838 5895 5896
f 5838 5896 5842
f 5842 5896 5897
f 5842 5897 5843
f 5843 5897 5898
f 5843 5898 5899
f 5843 5899 5900
f 5843 5900 5844
f 5844 5900 5901
f 5844 5901 5847
f 5844 5847 5845
f 5845 5847 5846
f 5847 5901 5848
f 5848 5901 5851
f 5849 5902 5850
f 5849 5852 5903
f 5849 5903 5902
f 5850 5904 5853
f 5850 5902 5905
f 5850 5905 5904
f 5851 5901 5852
f 5852 5901 5900
f 5852 5900 5899
f 5852 5899 5898
f 5852 5898 5903
f 5853 5906 5907
f 5853 5907 5855
f 5853 5904 5906
f 5855 5908 5856
f 5855 5907 5908
f 5856 5908 5857
f 5857 5908 5907
f 5857 5907 5909
f 5857 5909 5910
f 5857 5910 5911
f 5857 5911 5912
f 5857 5912 5860
f 5858 5860 5913
f 5858 5913 5859
f 5859 5913 5914
f 5859 5914 5915
f 5859 5915 5861
f 5860 5912 5916
f 5860 5916 5913
f 5861 5915 5917
f 5861 5917 5862
f 5862 5917 5863
f 5863 5918 5919
f 5863 5919 5920
f 5863 5920 5865
f 5863 5865 5921
f 5863 5921 5864
f 5863 5917 5918
f 5864 5921 5865
f 5865 5920 5922
f 5865 5922 5923
f 5865 5923 5924
f 5865 5924 5866
f 5866 5924 5869
f 5866 5869 5867
f 5869 5924 5925
f 5869 5925 5926
f 5873 5927 5874
f 5874 5928 5875
f 5874 5927 6001
f 5874 6001 5929
f 5874 5929 6002
f 5874 6002 5928
f 5875 5928 5930
f 5875 5930 5877
f 5876 5931 5932
f 5876 5932 5878
f 5876 5877 5930
f 5876 5930 5931
f 5878 5932 5879
f 5879 5933 5934
f 5879 5934 5880
f 5879 5932 5933
f 5881 5935 5936
f 5881 5936 5937
f 5881 5937 5938
f 5881 5938 5939
f 5881 5939 5940
f 5881 5940 5941
f 5881 5941 5942
f 5881 5942 5882
f 5883 5943 5944
f 5883 5944 5885
f 5883 5884 5945
f 5883 5945 5946
f 5883 5946 5947
f 5883 5947 5943
f 5885 5944 5948
f 5885 5948 5949
f 5885 5949 5950
f 5885 5950 5951
f 5885 5951 5886
f 5886 5951 5952
f 5886 5952 5953
f 5886 5953 5893
f 5889 5954 5955
f 5889 5955 5956
f 5889 5956 5957
f 5889 5957 5958
f 5889 5958 5959
f 5889 5959 5890
f 5889 5893 5953
f 5889 5953 5954
f 5890 5959 5891
f 5891 5959 5958
f 5891 5958 5960
f 5891 5960 5892
f 5892 5961 5962
f 5892 5962 5963
f 5892 5963 5894
f 5892 5960 5964
f 5892 5964 5961
f 5894 5963 5965
f 5894 5965 5895
f 5895 5965 5969
f 5895 5969 5966
f 5895 5966 5896
f 5896 5966 5897
f 5897 5966 5898
f 5898 5967 5968
f 5898 5968 5903
f 5898 5966 5969
f 5898 5969 5970
f 5898 5970 5971
f 5898 5971 5967
f 5902 5972 5973
f 5902 5973 5974
f 5902 5974 5905
f 5902 5903 5975
f 5902 5975 5972
f 5903 5968 5975
f 5904 5905 5976
f 5904 5976 5977
f 5904 5977 5978
f 5904 5978 5980
f 5904 5980 5979
f 5904 5979 5909
f 5904 5909 5906
f 5905 5974 5976
f 5906 5909 5907
f 5909 5979 5980
f 5909 5980 5981
f 5909 5981 5911
f 5909 5911 5910
f 5911 5982 5983
f 5911 5983 5984
f 5911 5984 5985
f 5911 5985 5986
f 5911 5986 5987
f 5911 5987 5912
f 5911 5981 5982
f 5912 5987 5988
f 5912 5988 5989
f 5912 5989 5990
f 5912 5990 5916
f 5913 5916 5990
f 5913 5990 5989
f 5913 5989 5991
f 5913 5991 5914
f 5914 5991 5992
f 5914 5992 5993
f 5914 5993 5994
f 5914 5994 5918
f 5914 5918 5915
f 5915 5918 5917
f 5918 5994 5919
f 5919 5994 5995
f 5919 5995 5996
f 5919 5996 5922
f 5919 5922 5920
f 5922 5996 5997
f 5922 5997 5923
f 5923 5997 5998
f 5923 5998 5924
f 5924 5998 5925
f 5925 5998 5999
f 5925 5999 5926
f 5926 5999 6000
f 5928 6002 6003
f 5928 6003 6004
f 5928 6004 5930
f 5929 6001 6000
f 5929 6000 5999
f 5929 5999 6002
f 5930 6005 5931
f 5930 6004 6005
f 5931 6005 5932
f 5932 6006 5933
f 5932 6005 6007
f 5932 6007 6006
f 5933 6008 6009
f 5933 6009 5934
f 5933 6006 6010
f 5933 6010 6008
f 5935 6011 6012
f 5935 6012 5936
f 5943 6013 5944
f 5943 5947 6014
f 5943 6014 6013
f 5944 6013 6015
f 5944 6015 5948
f 5946 6016 5947
f 5947 6016 6089
f 5947 6089 6014
f 5948 6015 6013
f 5948 6013 6014
f 5948 6014 6089
f 5948 6089 6012
f 5948 6012 6088
f 5948 6088 6168
f 5948 6168 6227
f 5948 6227 6291
f 5948 6291 6290
f 5948 6290 6357
f 5948 6357 6419
f 5948 6419 6458
f 5948 6458 6477
f 5948 6477 6476
f 5948 6476 6484
f 5948 6484 6483
f 5948 6483 6482
f 5948 6482 6481
f 5948 6481 6479
f 5948 6479 6478
f 5948 6478 6480
f 5948 6480 6466
f 5948 6466 6464
f 5948 6464 6429
f 5948 6429 6370
f 5948 6370 6369
f 5948 6369 6368
f 5948 6368 6366
f 5948 6366 6365
f 5948 6365 6364
f 5948 6364 6298
f 5948 6298 6230
f 5948 6230 6228
f 5948 6228 6170
f 5948 6170 6098
f 5948 6098 6097
f 5948 6097 6094
f 5948 6094 6093
f 5948 6093 6018
f 5948 6018 6017
f 5948 6017 5949
f 5949 6017 5950
f 5950 6017 5951
f 5951 6017 6018
f 5951 6018 6019
f 5951 6019 6020
f 5951 6020 5952
f 5952 6020 5953
f 5953 6021 6022
f 5953 6022 6023
f 5953 6023 6024
f 5953 6024 6025
f 5953 6025 5954
f 5953 6020 6021
f 5954 6025 6026
f 5954 6026 5955
f 5955 6026 5956
f 5956 6026 6027
f 5956 6027 6028
f 5956 6028 6029
f 5956 6029 6030
f 5956 6030 5960
f 5956 5960 5958
f 5956 5958 5957
f 5960 6030 5964
f 5961 5964 6031
f 5961 6031 6032
f 5961 6032 6033
f 5961 6033 6034
f 5961 6034 5962
f 5962 6034 5970
f 5962 5970 5963
f 5963 5970 5965
f 5964 6030 6031
f 5965 5970 5969
f 5967 6035 6036
f 5967 6036 6037
f 5967 6037 5968
f 5967 5971 6034
f 5967 6034 6035
f 5968 6037 6038
f 5968 6038 5975
f 5970 6034 5971
f 5972 5975 6038
f 5972 6038 6037
f 5972 6037 6039
f 5972 6039 6040
f 5972 6040 6041
f 5972 6041 6042
f 5972 6042 6043
f 5972 6043 6044
f 5972 6044 6045
f 5972 6045 6046
f 5972 6046 5973
f 5973 6046 6047
f 5973 6047 5974
f 5974 6047 6048
f 5974 6048 6049
f 5974 6049 5976
f 5976 6049 5977
f 5977 6049 6128
f 5977 6128 6050
f 5977 6050 5980
f 5977 5980 5978
f 5980 6050 6051
f 5980 6051 6052
f 5980 6052 6053
f 5980 6053 5982
f 5980 5982 5981
f 5982 6053 6052
f 5982 6052 6054
f 5982 6054 6055
f 5982 6055 6056
f 5982 6056 5983
f 5983 6056 6057
f 5983 6057 6058
f 5983 6058 6059
f 5983 6059 5984
f 5984 6059 6060
f 5984 6060 6061
f 5984 6061 6062
f 5984 6062 5985
f 5985 6062 5988
f 5985 5988 5986
f 5986 5988 5987
f 5988 6063 6064
f 5988 6064 5989
f 5988 6062 6065
f 5988 6065 6066
f 5988 6066 6067
f 5988 6067 6068
f 5988 6068 6063
f 5989 6064 5991
f 5991 6064 6063
f 5991 6063 6068
f 5991 6068 6067
f 5991 6067 5992
f 5992 6069 6070
f 5992 6070 6071
f 5992 6071 6072
f 5992 6072 6073
f 5992 6073 5993
f 5992 6067 6069
f 5993 6073 6074
f 5993 6074 6075
f 5993 6075 6076
f 5993 6076 5995
f 5993 5995 5994
f 5995 6076 5997
f 5995 5997 5996
f 5997 6076 6077
f 5997 6077 5998
f 5998 6077 5999
f 5999 6077 6002
f 6002 6078 6003
f 6002 6077 6078
f 6003 6079 6004
f 6003 6078 6080
f 6003 6080 6079
f 6004 6079 6081
f 6004 6081 6005
f 6005 6081 6006
f 6005 6006 6007
f 6006 6081 6010
f 6008 6082 6083
f 6008 6083 6084
f 6008 6084 6085
f 6008 6085 6009
f 6008 6010 6081
f 6008 6081 6086
f 6008 6086 6082
f 6011 6087 6012
f 6012 6087 6090
f 6012 6090 6091
f 6012 6091 6092
f 6012 6092 6088
f 6018 6093 6019
f 6019 6093 6094
f 6019 6094 6020
f 6020 6094 6095
f 6020 6095 6096
f 6020 6096 6021
f 6021 6096 6097
f 6021 6097 6022
f 6022 6097 6098
f 6022 6098 6099
f 6022 6099 6023
f 6023 6099 6024
f 6024 6099 6100
f 6024 6100 6025
f 6025 6100 6026
f 6026 6100 6027
f 6027 6101 6028
f 6027 6100 6102
f 6027 6102 6101
f 6028 6101 6171
f 6028 6171 6103
f 6028 6103 6029
f 6029 6103 6104
f 6029 6104 6105
f 6029 6105 6106
f 6029 6106 6107
f 6029 6107 6030
f 6030 6107 6031
f 6031 6107 6108
f 6031 6108 6032
f 6032 6034 6033
f 6032 6108 6105
f 6032 6105 6109
f 6032 6109 6110
f 6032 6110 6111
f 6032 6111 6112
f 6032 6112 6034
f 6034 6112 6035
f 6035 6112 6111
f 6035 6111 6036
f 6036 6111 6113
f 6036 6113 6039
f 6036 6039 6037
f 6039 6113 6114
f 6039 6114 6040
f 6040 6114 6115
f 6040 6115 6041
f 6041 6115 6116
f 6041 6116 6117
f 6041 6117 6118
f 6041 6118 6042
f 6042 6119 6120
f 6042 6120 6121
f 6042 6121 6122
f 6042 6122 6043
f 6042 6118 6119
f 6043 6122 6044
f 6044 6122 6123
f 6044 6123 6124
f 6044 6124 6125
f 6044 6125 6045
f 6045 6125 6126
f 6045 6126 6046
f 6046 6126 6047
f 6047 6126 6048
f 6048 6126 6127
f 6048 6127 6128
f 6048 6128 6049
f 6050 6128 6051
f 6051 6129 6052
f 6051 6128 6129
f 6052 6129 6125
f 6052 6125 6130
f 6052 6130 6131
f 6052 6131 6054
f 6054 6132 6055
f 6054 6131 6132
f 6055 6132 6131
f 6055 6131 6133
f 6055 6133 6134
f 6055 6134 6135
f 6055 6135 6136
f 6055 6136 6137
f 6055 6137 6057
f 6055 6057 6056
f 6057 6137 6138
f 6057 6138 6058
f 6058 6138 6139
f 6058 6139 6140
f 6058 6140 6141
f 6058 6141 6142
f 6058 6142 6143
f 6058 6143 6059
f 6059 6143 6060
f 6060 6143 6144
f 6060 6144 6145
f 6060 6145 6061
f 6061 6145 6146
f 6061 6146 6062
f 6062 6146 6065
f 6065 6146 6066
f 6066 6147 6148
f 6066 6148 6072
f 6066 6072 6071
f 6066 6071 6070
f 6066 6070 6069
f 6066 6069 6067
f 6066 6146 6149
f 6066 6149 6150
f 6066 6150 6147
f 6072 6148 6151
f 6072 6151 6073
f 6073 6151 6152
f 6073 6152 6074
f 6074 6152 6075
f 6075 6152 6153
f 6075 6153 6154
f 6075 6154 6155
f 6075 6155 6080
f 6075 6080 6078
f 6075 6078 6156
f 6075 6156 6076
f 6076 6156 6077
f 6077 6156 6078
f 6079 6157 6158
f 6079 6158 6081
f 6079 6080 6157
f 6080 6155 6154
f 6080 6154 6157
f 6081 6158 6086
f 6082 6159 6160
f 6082 6160 6161
f 6082 6161 6162
f 6082 6162 6163
f 6082 6163 6083
f 6082 6086 6159
f 6083 6163 6164
f 6083 6164 6084
f 6084 6164 6165
f 6084 6165 6085
f 6085 6165 6166
f 6086 6158 6157
f 6086 6157 6167
f 6086 6167 6159
f 6094 6097 6095
f 6095 6097 6096
f 6098 6102 6169
f 6098 6169 6099
f 6098 6170 6101
f 6098 6101 6102
f 6099 6169 6102
f 6099 6102 6100
f 6101 6170 6171
f 6103 6172 6104
f 6103 6171 6170
f 6103 6170 6172
f 6104 6172 6105
f 6105 6108 6107
f 6105 6107 6106
f 6105 6172 6173
f 6105 6173 6174
f 6105 6174 6175
f 6105 6175 6176
f 6105 6176 6109
f 6109 6176 6177
f 6109 6177 6178
f 6109 6178 6117
f 6109 6117 6111
f 6109 6111 6110
f 6111 6117 6116
f 6111 6116 6114
f 6111 6114 6113
f 6114 6116 6115
f 6117 6178 6179
f 6117 6179 6118
f 6118 6179 6180
f 6118 6180 6120
f 6118 6120 6119
f 6120 6180 6181
f 6120 6181 6121
f 6121 6182 6183
f 6121 6183 6123
f 6121 6123 6122
f 6121 6181 6184
f 6121 6184 6239
f 6121 6239 6185
f 6121 6185 6182
f 6123 6183 6186
f 6123 6186 6187
f 6123 6187 6125
f 6123 6125 6124
f 6125 6187 6186
f 6125 6186 6188
f 6125 6188 6189
f 6125 6189 6190
f 6125 6190 6131
f 6125 6131 6130
f 6125 6129 6128
f 6125 6128 6127
f 6125 6127 6126
f 6131 6191 6134
f 6131 6134 6133
f 6131 6190 6192
f 6131 6192 6191
f 6134 6191 6135
f 6135 6193 6136
f 6135 6191 6194
f 6135 6194 6193
f 6136 6193 6195
f 6136 6195 6196
f 6136 6196 6197
f 6136 6197 6138
f 6136 6138 6137
f 6138 6197 6198
f 6138 6198 6199
f 6138 6199 6200
f 6138 6200 6139
f 6139 6200 6201
f 6139 6201 6202
f 6139 6202 6203
f 6139 6203 6140
f 6140 6203 6204
f 6140 6204 6205
f 6140 6205 6206
f 6140 6206 6207
f 6140 6207 6141
f 6141 6207 6142
f 6142 6207 6143
f 6143 6207 6144
f 6144 6207 6145
f 6145 6207 6208
f 6145 6208 6150
f 6145 6150 6146
f 6146 6150 6149
f 6147 6150 6208
f 6147 6208 6209
f 6147 6209 6148
f 6148 6209 6210
f 6148 6210 6151
f 6151 6210 6211
f 6151 6211 6152
f 6152 6211 6212
f 6152 6212 6153
f 6153 6212 6157
f 6153 6157 6154
f 6157 6213 6214
f 6157 6214 6167
f 6157 6212 6213
f 6159 6164 6160
f 6159 6167 6215
f 6159 6215 6164
f 6160 6164 6161
f 6161 6164 6162
f 6162 6164 6163
f 6164 6215 6216
f 6164 6216 6217
f 6164 6217 6165
f 6165 6218 6219
f 6165 6219 6220
f 6165 6220 6221
f 6165 6221 6222
f 6165 6222 6166
f 6165 6217 6223
f 6165 6223 6218
f 6167 6214 6224
f 6167 6224 6215
f 6168 6225 6226
f 6168 6226 6227
f 6170 6228 6229
f 6170 6229 6172
f 6172 6229 6173
f 6173 6230 6174
f 6173 6229 6228
f 6173 6228 6230
f 6174 6231 6232
f 6174 6232 6177
f 6174 6177 6175
f 6174 6230 6231
f 6175 6177 6176
f 6177 6232 6233
f 6177 6233 6234
f 6177 6234 6178
f 6178 6234 6235
f 6178 6235 6236
f 6178 6236 6179
f 6179 6236 6237
f 6179 6237 6181
f 6179 6181 6180
f 6181 6237 6236
f 6181 6236 6238
f 6181 6238 6239
f 6181 6239 6184
f 6182 6185 6239
f 6182 6239 6240
f 6182 6240 6241
f 6182 6241 6183
f 6183 6242 6186
f 6183 6241 6243
f 6183 6243 6244
f 6183 6244 6242
f 6186 6242 6245
f 6186 6245 6246
f 6186 6246 6188
f 6188 6246 6189
f 6189 6246 6191
f 6189 6191 6190
f 6190 6191 6192
f 6191 6246 6247
f 6191 6247 6248
f 6191 6248 6249
f 6191 6249 6194
f 6193 6249 6250
f 6193 6250 6195
f 6193 6194 6249
f 6195 6250 6196
f 6196 6198 6197
f 6196 6250 6251
f 6196 6251 6199
f 6196 6199 6198
f 6199 6252 6200
f 6199 6251 6253
f 6199 6253 6252
f 6200 6252 6254
f 6200 6254 6201
f 6201 6255 6256
f 6201 6256 6257
f 6201 6257 6258
f 6201 6258 6259
f 6201 6259 6204
f 6201 6204 6202
f 6201 6254 6255
f 6202 6204 6203
f 6204 6259 6205
f 6205 6259 6260
f 6205 6260 6206
f 6206 6208 6207
f 6206 6260 6261
f 6206 6261 6262
f 6206 6262 6263
f 6206 6263 6208
f 6208 6263 6209
f 6209 6263 6262
f 6209 6262 6264
f 6209 6264 6265
f 6209 6265 6210
f 6210 6266 6267
f 6210 6267 6212
f 6210 6212 6211
f 6210 6265 6266
f 6212 6267 6213
f 6213 6267 6268
f 6213 6268 6214
f 6214 6268 6224
f 6215 6224 6269
f 6215 6269 6270
f 6215 6270 6216
f 6216 6271 6217
f 6216 6270 6271
f 6217 6271 6223
f 6218 6223 6272
f 6218 6272 6219
f 6219 6273 6274
f 6219 6274 6275
f 6219 6275 6276
f 6219 6276 6277
f 6219 6277 6278
f 6219 6278 6220
f 6219 6272 6279
f 6219 6279 6273
f 6220 6280 6221
f 6220 6278 6280
f 6223 6271 6281
f 6223 6281 6279
f 6223 6279 6272
f 6224 6268 6282
f 6224 6282 6283
f 6224 6283 6269
f 6225 6284 6226
f 6226 6285 6286
f 6226 6286 6287
f 6226 6287 6288
f 6226 6288 6289
f 6226 6289 6290
f 6226 6290 6291
f 6226 6291 6227
f 6226 6284 6292
f 6226 6292 6293
f 6226 6293 6294
f 6226 6294 6295
f 6226 6295 6296
f 6226 6296 6297
f 6226 6297 6285
f 6230 6298 6231
f 6231 6298 6232
f 6232 6298 6299
f 6232 6299 6233
f 6233 6299 6300
f 6233 6300 6234
f 6234 6300 6301
f 6234 6301 6235
f 6235 6301 6236
f 6236 6301 6302
f 6236 6302 6303
f 6236 6303 6239
f 6236 6239 6238
f 6239 6303 6240
f 6240 6303 6302
f 6240 6302 6304
f 6240 6304 6305
f 6240 6305 6243
f 6240 6243 6241
f 6242 6244 6306
f 6242 6306 6307
f 6242 6307 6245
f 6243 6305 6244
f 6244 6305 6308
f 6244 6308 6309
f 6244 6309 6310
f 6244 6310 6311
f 6244 6311 6312
f 6244 6312 6313
f 6244 6313 6314
f 6244 6314 6306
f 6245 6307 6315
f 6245 6315 6316
f 6245 6316 6317
f 6245 6317 6246
f 6246 6317 6247
f 6247 6317 6248
f 6248 6317 6318
f 6248 6318 6249
f 6249 6318 6316
f 6249 6316 6319
f 6249 6319 6250
f 6250 6319 6251
f 6251 6319 6320
f 6251 6320 6321
f 6251 6321 6322
f 6251 6322 6253
f 6252 6253 6323
f 6252 6323 6324
f 6252 6324 6325
f 6252 6325 6256
f 6252 6256 6255
f 6252 6255 6254
f 6253 6322 6326
f 6253 6326 6324
f 6253 6324 6323
f 6256 6325 6327
f 6256 6327 6328
f 6256 6328 6329
f 6256 6329 6258
f 6256 6258 6257
f 6258 6329 6330
f 6258 6330 6259
f 6259 6330 6329
f 6259 6329 6260
f 6260 6329 6331
f 6260 6331 6332
f 6260 6332 6261
f 6261 6332 6333
f 6261 6333 6262
f 6262 6333 6264
f 6264 6333 6334
f 6264 6334 6335
f 6264 6335 6266
f 6264 6266 6265
f 6266 6335 6336
f 6266 6336 6337
f 6266 6337 6283
f 6266 6283 6282
f 6266 6282 6267
f 6267 6282 6268
f 6269 6283 6270
f 6270 6283 6338
f 6270 6338 6339
f 6270 6339 6340
f 6270 6340 6271
f 6271 6340 6341
f 6271 6341 6281
f 6273 6342 6274
f 6273 6279 6343
f 6273 6343 6342
f 6274 6342 6275
f 6275 6342 6344
f 6275 6344 6345
f 6275 6345 6276
f 6276 6345 6277
f 6279 6281 6346
f 6279 6346 6343
f 6281 6341 6346
f 6283 6347 6338
f 6283 6337 6347
f 6285 6348 6286
f 6285 6297 6349
f 6285 6349 6348
f 6286 6348 6350
f 6286 6350 6351
f 6286 6351 6352
f 6286 6352 6287
f 6287 6353 6288
f 6287 6352 6416
f 6287 6416 6354
f 6287 6354 6355
f 6287 6355 6353
f 6288 6353 6289
f 6289 6353 6356
f 6289 6356 6290
f 6290 6356 6357
f 6295 6358 6296
f 6296 6358 6297
f 6297 6359 6349
f 6297 6358 6360
f 6297 6360 6361
f 6297 6361 6362
f 6297 6362 6363
f 6297 6363 6359
f 6298 6364 6299
f 6299 6364 6300
f 6300 6364 6365
f 6300 6365 6366
f 6300 6366 6367
f 6300 6367 6310
f 6300 6310 6301
f 6301 6310 6302
f 6302 6310 6308
f 6302 6308 6305
f 6302 6305 6304
f 6306 6316 6315
f 6306 6315 6307
f 6306 6314 6316
f 6308 6310 6309
f 6310 6367 6368
f 6310 6368 6369
f 6310 6369 6370
f 6310 6370 6311
f 6311 6370 6371
f 6311 6371 6312
f 6312 6372 6313
f 6312 6371 6373
f 6312 6373 6374
f 6312 6374 6372
f 6313 6372 6314
f 6314 6372 6316
f 6316 6374 6375
f 6316 6375 6376
f 6316 6376 6377
f 6316 6377 6320
f 6316 6320 6319
f 6316 6318 6317
f 6316 6372 6374
f 6320 6377 6321
f 6321 6377 6378
f 6321 6378 6379
f 6321 6379 6380
f 6321 6380 6381
f 6321 6381 6382
f 6321 6382 6383
f 6321 6383 6324
f 6321 6324 6326
f 6321 6326 6322
f 6324 6383 6384
f 6324 6384 6385
f 6324 6385 6386
f 6324 6386 6327
f 6324 6327 6325
f 6327 6387 6328
f 6327 6386 6387
f 6328 6387 6388
f 6328 6388 6389
f 6328 6389 6329
f 6329 6389 6331
f 6331 6389 6332
f 6332 6389 6390
f 6332 6390 6391
f 6332 6391 6392
f 6332 6392 6393
f 6332 6393 6333
f 6333 6393 6394
f 6333 6394 6336
f 6333 6336 6335
f 6333 6335 6334
f 6336 6394 6395
f 6336 6395 6337
f 6337 6395 6405
f 6337 6405 6347
f 6338 6347 6396
f 6338 6396 6339
f 6339 6396 6397
f 6339 6397 6398
f 6339 6398 6341
f 6339 6341 6340
f 6341 6398 6399
f 6341 6399 6400
f 6341 6400 6346
f 6342 6343 6401
f 6342 6401 6402
f 6342 6402 6403
f 6342 6403 6404
f 6342 6404 6344
f 6343 6346 6401
f 6346 6400 6401
f 6347 6405 6396
f 6348 6349 6406
f 6348 6406 6350
f 6349 6359 6407
f 6349 6407 6454
f 6349 6454 6408
f 6349 6408 6406
f 6350 6406 6408
f 6350 6408 6409
f 6350 6409 6410
f 6350 6410 6411
f 6350 6411 6412
f 6350 6412 6413
f 6350 6413 6351
f 6351 6413 6412
f 6351 6412 6414
f 6351 6414 6415
f 6351 6415 6352
f 6352 6415 6416
f 6353 6355 6418
f 6353 6418 6417
f 6353 6417 6356
f 6354 6416 6418
f 6354 6418 6355
f 6356 6417 6419
f 6356 6419 6357
f 6359 6363 6420
f 6359 6420 6407
f 6360 6421 6362
f 6360 6362 6361
f 6362 6421 6422
f 6362 6422 6423
f 6362 6423 6424
f 6362 6424 6425
f 6362 6425 6363
f 6363 6425 6426
f 6363 6426 6427
f 6363 6427 6420
f 6366 6368 6367
f 6370 6428 6373
f 6370 6373 6371
f 6370 6429 6430
f 6370 6430 6428
f 6373 6428 6374
f 6374 6431 6432
f 6374 6432 6433
f 6374 6433 6375
f 6374 6428 6431
f 6375 6433 6432
f 6375 6432 6431
f 6375 6431 6376
f 6376 6431 6434
f 6376 6434 6435
f 6376 6435 6436
f 6376 6436 6378
f 6376 6378 6377
f 6378 6437 6379
f 6378 6436 6437
f 6379 6437 6380
f 6380 6438 6439
f 6380 6439 6440
f 6380 6440 6381
f 6380 6437 6441
f 6380 6441 6442
f 6380 6442 6438
f 6381 6440 6385
f 6381 6385 6382
f 6382 6385 6383
f 6383 6385 6384
f 6385 6440 6443
f 6385 6443 6387
f 6385 6387 6386
f 6387 6443 6414
f 6387 6414 6412
f 6387 6412 6411
f 6387 6411 6444
f 6387 6444 6388
f 6388 6444 6410
f 6388 6410 6390
f 6388 6390 6389
f 6390 6410 6445
f 6390 6445 6391
f 6391 6445 6446
f 6391 6446 6447
f 6391 6447 6394
f 6391 6394 6392
f 6392 6394 6393
f 6394 6447 6405
f 6394 6405 6395
f 6396 6405 6397
f 6397 6405 6447
f 6397 6447 6448
f 6397 6448 6449
f 6397 6449 6420
f 6397 6420 6427
f 6397 6427 6399
f 6397 6399 6398
f 6399 6450 6401
f 6399 6401 6400
f 6399 6427 6426
f 6399 6426 6450
f 6401 6450 6424
f 6401 6424 6451
f 6401 6451 6402
f 6402 6451 6403
f 6403 6451 6422
f 6403 6422 6452
f 6403 6452 6453
f 6403 6453 6404
f 6407 6420 6454
f 6408 6454 6409
f 6409 6454 6410
f 6410 6444 6411
f 6410 6454 6445
f 6414 6455 6416
f 6414 6416 6415
f 6414 6443 6440
f 6414 6440 6439
f 6414 6439 6438
f 6414 6438 6456
f 6414 6456 6457
f 6414 6457 6458
f 6414 6458 6455
f 6416 6455 6459
f 6416 6459 6418
f 6417 6418 6419
f 6418 6459 6460
f 6418 6460 6419
f 6419 6460 6455
f 6419 6455 6458
f 6420 6449 6454
f 6422 6451 6424
f 6422 6424 6423
f 6424 6450 6461
f 6424 6461 6425
f 6425 6462 6426
f 6425 6461 6462
f 6426 6462 6463
f 6426 6463 6450
f 6428 6430 6431
f 6429 6464 6430
f 6430 6465 6434
f 6430 6434 6431
f 6430 6464 6466
f 6430 6466 6465
f 6434 6465 6467
f 6434 6467 6436
f 6434 6436 6435
f 6436 6467 6468
f 6436 6468 6437
f 6437 6469 6441
f 6437 6468 6469
f 6438 6470 6457
f 6438 6457 6471
f 6438 6471 6456
f 6438 6442 6470
f 6441 6469 6442
f 6442 6469 6467
f 6442 6467 6472
f 6442 6472 6473
f 6442 6473 6470
f 6445 6454 6449
f 6445 6449 6448
f 6445 6448 6446
f 6446 6448 6447
f 6450 6463 6461
f 6455 6460 6459
f 6456 6471 6457
f 6457 6470 6473
f 6457 6473 6474
f 6457 6474 6475
f 6457 6475 6476
f 6457 6476 6477
f 6457 6477 6458
f 6461 6463 6462
f 6465 6478 6479
f 6465 6479 6467
f 6465 6466 6480
f 6465 6480 6478
f 6467 6479 6481
f 6467 6481 6482
f 6467 6482 6483
f 6467 6483 6484
f 6467 6484 6473
f 6467 6473 6472
f 6467 6469 6468
f 6473 6484 6476
f 6473 6476 6475
f 6473 6475 6474
o convex_8
v -0.965017 0.0227358 0.143704
v -0.963798 0.0227358 0.138833
v -0.963014 0.0227358 0.154485
v -0.965017 0.0670679 0.143704
v -0.961055 0.0227358 0.128154
v -0.961055 0.0670679 0.128179
v -0.961055 0.0479244 0.128154
v -0.962056 0.0227358 0.159406
v -0.962056 0.0670679 0.159406
v -0.961969 0.0862887 0.159406
v -0.964625 0.0862887 0.143704
v -0.956047 0.0227358 0.11859
v -0.960706 0.0862887 0.129016
v -0.956047 0.0670679 0.11859
v -0.953522 0.0227358 0.168995
v -0.953522 0.0862887 0.168995
v -0.952999 0.105432 0.168386
v -0.961316 0.105432 0.158797
v -0.959966 0.124576 0.156819
v -0.96284 0.105432 0.143704
v -0.959574 0.105432 0.131325
v -0.953043 0.0227358 0.11476
v -0.955481 0.0862887 0.119427
v -0.945858 0.0862887 0.106465
v -0.946468 0.0670679 0.106389
v -0.943942 0.0227358 0.174702
v -0.943942 0.0862887 0.174702
v -0.94342 0.105432 0.174525
v -0.951475 0.124576 0.166382
v -0.941852 0.124576 0.173916
v -0.939022 0.154104 0.172521
v -0.934145 0.201227 0.169147
v -0.95879 0.138526 0.154713
v -0.943245 0.201227 0.159558
v -0.95879 0.138526 0.14964
v -0.959879 0.124343 0.143425
v -0.957484 0.130621 0.136855
v -0.958529 0.117833 0.133227
v -0.954088 0.105432 0.121736
v -0.941983 0.201227 0.128509
v -0.946468 0.0227358 0.106389
v -0.942897 0.124576 0.108951
v -0.944508 0.105432 0.10715
v -0.937541 0.105432 0.097561
v -0.937889 0.0862887 0.0968761
v -0.937889 0.0670679 0.0968
v -0.933927 0.0227358 0.175337
v -0.929311 0.0479244 0.176478
v -0.929311 0.0670679 0.17696
v -0.929311 0.0862887 0.177062
v -0.929311 0.105432 0.176859
v -0.929311 0.124576 0.176275
v -0.924565 0.201227 0.17455
v -0.93998 0.143719 0.173028
v -0.922475 0.22037 0.173789
v -0.935799 0.182083 0.170796
v -0.920733 0.234321 0.172977
v -0.918948 0.247109 0.172166
v -0.917337 0.258734 0.171278
v -0.915116 0.277878 0.169375
v -0.932055 0.22037 0.166509
v -0.941155 0.22037 0.15692
v -0.939631 0.232926 0.154586
v -0.946337 0.201227 0.143704
v -0.949864 0.182083 0.143704
v -0.953304 0.16294 0.143704
v -0.956483 0.144416 0.143425
v -0.938935 0.230058 0.134064
v -0.940067 0.22037 0.131984
v -0.938891 0.17255 0.114963
v -0.939718 0.16294 0.113745
v -0.937846 0.185261 0.116688
v -0.936409 0.201227 0.11892
v -0.937889 0.0227358 0.0968
v -0.936409 0.124576 0.0993874
v -0.926829 0.124576 0.0874649
v -0.9186 0.124576 0.0779015
v -0.90902 0.124576 0.0680844
v -0.91873 0.105432 0.0776478
v -0.909151 0.0862887 0.0680591
v -0.928919 0.0227358 0.17526
v -0.929311 0.028781 0.175641
v -0.520218 0.761035 0.175438
v -0.546126 0.75685 0.176732
v -0.565285 0.737707 0.177036
v -0.584445 0.718563 0.177163
v -0.910152 0.182083 0.177138
v -0.910152 0.201227 0.176909
v -0.905536 0.277878 0.17455
v -0.90288 0.297021 0.173561
v -0.91246 0.297021 0.165976
v -0.924435 0.277878 0.159812
v -0.901051 0.307794 0.172673
v -0.881979 0.365534 0.172724
v -0.921691 0.297021 0.156413
v -0.920037 0.307174 0.153851
v -0.928049 0.277878 0.143704
v -0.932838 0.258734 0.143704
v -0.937062 0.241839 0.143704
v -0.939457 0.232228 0.143704
v -0.942331 0.22037 0.143704
v -0.934319 0.22037 0.122395
v -0.921386 0.292293 0.131223
v -0.923389 0.277878 0.127875
v -0.934711 0.143719 0.101772
v -0.925697 0.200762 0.10408
v -0.932882 0.16294 0.104182
v -0.924739 0.22037 0.108418
v -0.909151 0.0227358 0.0680591
v -0.925131 0.143719 0.0889108
v -0.917511 0.143719 0.0793474
v -0.907931 0.143719 0.0686171
v -0.899136 0.143719 0.0590537
v -0.889556 0.143719 0.0489576
v -0.880412 0.143719 0.0393942
v -0.899571 0.124576 0.0584957
v -0.889991 0.124576 0.0489069
v -0.822934 0.0862887 -0.0181384
v -0.896566 0.0227358 0.055477
v -0.920995 0.0227358 0.173713
v -0.520218 0.756385 0.17488
v -0.520218 0.775994 0.175768
v -0.520218 0.783046 0.175134
v -0.544863 0.776071 0.17417
v -0.566418 0.75809 0.174905
v -0.584445 0.737707 0.175895
v -0.603604 0.718563 0.176275
v -0.622763 0.699343 0.176554
v -0.641922 0.680199 0.176808
v -0.680285 0.641912 0.176808
v -0.718603 0.584405 0.177163
v -0.641922 0.641912 0.177163
v -0.890993 0.258734 0.177087
v -0.890993 0.277878 0.176909
v -0.699444 0.565261 0.177163
v -0.776037 0.469389 0.177163
v -0.814356 0.431102 0.177163
v -0.852674 0.373672 0.177087
v -0.890993 0.297021 0.175895
v -0.871834 0.354529 0.175869
v -0.883678 0.354529 0.17351
v -0.893257 0.354529 0.16557
v -0.872269 0.372665 0.174449
v -0.865737 0.392893 0.173815
v -0.862951 0.404054 0.1728
v -0.878975 0.378322 0.171075
v -0.90079 0.364604 0.153698
v -0.920037 0.307174 0.15101
v -0.922301 0.298029 0.144262
v -0.919166 0.305004 0.138224
v -0.919079 0.265632 0.115927
v -0.92069 0.252844 0.11372
v -0.922344 0.239591 0.111488
v -0.915073 0.298029 0.124704
v -0.917468 0.277878 0.118286
v -0.881065 0.401496 0.1365
v -0.883547 0.388708 0.13031
v -0.879802 0.378787 0.117525
v -0.92143 0.182083 0.0937052
v -0.923302 0.16294 0.0913207
v -0.918948 0.206807 0.0968254
v -0.91738 0.22037 0.0988294
v -0.915595 0.16294 0.0817319
v -0.906015 0.16294 0.0703928
v -0.897612 0.16294 0.0608041
v -0.888032 0.16294 0.0500992
v -0.879367 0.16294 0.0405358
v -0.869787 0.16294 0.030744
v -0.870832 0.143719 0.0297801
v -0.842093 0.124576 0.00103917
v -0.813354 0.0862887 -0.0277018
v -0.81035 0.0227358 -0.0307205
v -0.918425 0.0227358 0.173104
v -0.520218 0.74569 0.172622
v -0.520218 0.791262 0.173713
v -0.537635 0.785992 0.172648
v -0.560757 0.769716 0.173561
v -0.584445 0.751348 0.173535
v -0.65651 0.693685 0.173535
v -0.64201 0.699808 0.174499
v -0.66217 0.681284 0.174728
v -0.681373 0.662141 0.174728
v -0.718603 0.603548 0.176301
v -0.756878 0.54604 0.176808
v -0.737762 0.565261 0.177036
v -0.776037 0.507754 0.177163
v -0.833515 0.412037 0.177087
v -0.852674 0.392893 0.176174
v -0.889991 0.371425 0.162399
v -0.85311 0.411107 0.174474
v -0.827419 0.469389 0.173815
v -0.824632 0.480627 0.1728
v -0.859816 0.416842 0.171075
v -0.875317 0.392893 0.167447
v -0.884723 0.392893 0.157859
v -0.882023 0.403666 0.154358
v -0.90079 0.364604 0.152633
v -0.91307 0.259044 0.106541
v -0.914811 0.239591 0.101924
v -0.906494 0.27625 0.104664
v -0.904796 0.297021 0.110422
v -0.88211 0.365999 0.11405
v -0.882023 0.403666 0.149285
v -0.877581 0.410796 0.143222
v -0.861993 0.440093 0.136094
v -0.865171 0.427382 0.129295
v -0.877625 0.394211 0.124171
v -0.864301 0.406534 0.112705
v -0.867349 0.392893 0.109103
v -0.900747 0.211302 0.0764809
v -0.912634 0.200762 0.0877693
v -0.913549 0.182083 0.0841164
v -0.906451 0.218742 0.0854863
v -0.903969 0.182083 0.0727773
v -0.901879 0.201227 0.0751872
v -0.885855 0.182083 0.0526359
v -0.876798 0.182083 0.0430725
v -0.860164 0.16294 0.0211553
v -0.867218 0.182083 0.0333061
v -0.857638 0.182083 0.0237174
v -0.861209 0.143719 0.0201913
v -0.813311 0.105432 -0.0277018
v -0.803731 0.0862887 -0.0372905
v -0.794152 0.0670679 -0.0468539
v -0.80077 0.0227358 -0.0402839
v -0.913331 0.0227358 0.170542
v -0.520218 0.739257 0.170314
v -0.909281 0.0227358 0.168462
v -0.892735 0.0227358 0.158645
v -0.520218 0.7963 0.172267
v -0.550393 0.782504 0.170821
v -0.573515 0.765376 0.172013
v -0.594198 0.747395 0.172495
v -0.669311 0.688415 0.171861
v -0.675712 0.675626 0.173561
v -0.693914 0.656483 0.173561
v -0.699966 0.642067 0.174525
v -0.737762 0.584405 0.17592
v -0.776037 0.526897 0.176402
v -0.795197 0.48861 0.176884
v -0.814356 0.450246 0.177087
v -0.814356 0.469389 0.176174
v -0.833951 0.449316 0.174474
v -0.814574 0.48768 0.174322
v -0.808347 0.504111 0.173662
v -0.804428 0.516899 0.172318
v -0.821149 0.493415 0.170847
v -0.840656 0.455129 0.171075
v -0.846404 0.469389 0.157859
v -0.843704 0.480162 0.154358
v -0.905232 0.239591 0.0907626
v -0.898569 0.28152 0.0977893
v -0.900747 0.26881 0.0956331
v -0.902358 0.258734 0.0939589
v -0.866608 0.354529 0.0911939
v -0.871921 0.373672 0.105323
v -0.864039 0.368557 0.0939081
v -0.843704 0.480162 0.151111
v -0.862864 0.441875 0.148879
v -0.841745 0.476985 0.138351
v -0.845838 0.464274 0.129422
v -0.861078 0.419167 0.116536
v -0.868829 0.412502 0.123562
v -0.849626 0.450788 0.123638
v -0.841919 0.457531 0.116662
v -0.839481 0.431102 0.0994889
v -0.85864 0.392893 0.0995143
v -0.861427 0.381345 0.0966224
v -0.845141 0.444743 0.112705
v -0.823152 0.458229 0.0965971
v -0.881587 0.211302 0.0573034
v -0.850584 0.16294 0.0125305
v -0.821279 0.143719 -0.0168446
v -0.83186 0.143719 -0.00725588
v -0.84144 0.143719 0.00152114
v -0.851629 0.143719 0.0110845
v -0.848059 0.182083 0.0146359
v -0.825503 0.201227 -0.00134534
v -0.837478 0.182083 0.00507254
v -0.82411 0.211302 -0.000127719
v -0.822673 0.124576 -0.0179608
v -0.803644 0.105432 -0.0372905
v -0.784311 0.0670679 -0.0564427
v -0.784354 0.0479244 -0.0564427
v -0.791103 0.0227358 -0.0498726
v -0.794152 0.0227358 -0.0468539
v -0.520218 0.725384 0.164048
v -0.88616 0.0227358 0.15413
v -0.883155 0.0227358 0.151973
v -0.565634 0.0227358 -0.0819874
v -0.520218 0.800562 0.169477
v -0.520218 0.80436 0.166179
v -0.520218 0.810483 0.160116
v -0.560452 0.789014 0.158036
v -0.581222 0.771498 0.159254
v -0.635522 0.730654 0.157224
v -0.648454 0.706473 0.171176
v -0.655682 0.712596 0.158417
v -0.674929 0.694072 0.159076
v -0.681721 0.681672 0.165469
v -0.688471 0.669271 0.171861
v -0.747473 0.594248 0.172521
v -0.751522 0.584405 0.173586
v -0.758228 0.566424 0.174905
v -0.796895 0.509381 0.175058
v -0.776342 0.54573 0.174398
v -0.791234 0.526897 0.174068
v -0.78701 0.539143 0.173028
v -0.827332 0.503336 0.158062
v -0.7655 0.573632 0.172064
v -0.782917 0.551853 0.171024
v -0.836999 0.469389 0.167447
v -0.806039 0.538445 0.155525
v -0.85729 0.354529 0.0816051
v -0.87941 0.281598 0.0786118
v -0.862428 0.26881 0.0573034
v -0.867305 0.239591 0.0524329
v -0.844967 0.368635 0.074756
v -0.827071 0.502948 0.143704
v -0.837129 0.48737 0.144313
v -0.806039 0.538445 0.150096
v -0.824719 0.499383 0.132771
v -0.838392 0.470164 0.123638
v -0.82498 0.48055 0.113669
v -0.828638 0.469389 0.109788
v -0.84906 0.392893 0.089824
v -0.842311 0.419942 0.0965971
v -0.84549 0.407231 0.0934008
v -0.842267 0.381345 0.0774449
v -0.819842 0.469389 0.100225
v -0.806518 0.481635 0.0940603
v -0.810263 0.469389 0.090306
v -0.791103 0.469389 0.0711285
v -0.784746 0.458229 0.0582674
v -0.79598 0.451873 0.066258
v -0.807171 0.407231 0.0550711
v -0.821976 0.22409 0.00197775
v -0.839698 0.16294 0.0029417
v -0.827898 0.182083 -0.00345081
v -0.819059 0.16294 -0.0149421
v -0.8117 0.143719 -0.025089
v -0.802468 0.124576 -0.0364534
v -0.813049 0.124576 -0.0268646
v -0.804167 0.208434 -0.0186711
v -0.815096 0.218742 -0.00619046
v -0.802468 0.22037 -0.0171998
v -0.804907 0.268655 -0.000127719
v -0.806605 0.258734 -0.00170048
v -0.809784 0.239591 -0.00482063
v -0.78344 0.0862887 -0.0558593
v -0.77386 0.0862887 -0.0626069
v -0.774731 0.0670679 -0.063165
v -0.774775 0.0479244 -0.0632157
v -0.78135 0.0227358 -0.0585735
v -0.784354 0.0227358 -0.0564427
v -0.520218 0.719881 0.16108
v -0.552266 0.0866763 -0.0819874
v -0.747473 0.0227358 -0.0819874
v -0.520218 0.813505 0.151187
v -0.536764 0.804825 0.15347
v -0.560757 0.789014 0.143704
v -0.570337 0.782581 0.143704
v -0.614795 0.748557 0.155449
v -0.635522 0.730654 0.146976
v -0.664827 0.703373 0.143704
v -0.674711 0.69384 0.143704
v -0.694088 0.674851 0.159076
v -0.712681 0.655631 0.158518
v -0.706672 0.648578 0.171278
v -0.770115 0.560844 0.173561
v -0.789013 0.560301 0.158239
v -0.730708 0.63548 0.157326
v -0.748561 0.614709 0.155525
v -0.84771 0.354529 0.0720163
v -0.821932 0.281598 0.0211553
v -0.82411 0.26881 0.0190244
v -0.838566 0.239591 0.0237174
v -0.834038 0.37499 0.0665117
v -0.825808 0.368557 0.0556038
v -0.828551 0.354529 0.0528895
v -0.803426 0.534492 0.137311
v -0.748561 0.614709 0.149132
v -0.772467 0.582777 0.143704
v -0.782046 0.569601 0.143704
v -0.788752 0.560069 0.143704
v -0.798811 0.545343 0.143704
v -0.814225 0.507521 0.124678
v -0.820713 0.493338 0.119986
v -0.828072 0.487603 0.125642
v -0.786401 0.556813 0.132771
v -0.803688 0.515659 0.116612
v -0.786662 0.538057 0.113669
v -0.807955 0.502948 0.111183
v -0.802251 0.494423 0.0984235
v -0.829901 0.392893 0.0706465
v -0.823108 0.381345 0.0582927
v -0.787359 0.481635 0.0748828
v -0.785225 0.516744 0.0961912
v -0.768199 0.539143 0.0940603
v -0.78135 0.469389 0.0615651
v -0.768678 0.444433 0.0362487
v -0.772336 0.431102 0.0327481
v -0.781916 0.431102 0.0419309
v -0.78479 0.419942 0.0391406
v -0.788012 0.445441 0.0550711
v -0.767982 0.481402 0.0560858
v -0.77177 0.469389 0.0527373
v -0.788012 0.407231 0.0361219
v -0.820321 0.392893 0.0610831
v -0.816185 0.258734 0.00776145
v -0.816881 0.182083 -0.0130142
v -0.807302 0.182083 -0.0212585
v -0.800248 0.143719 -0.0346524
v -0.792889 0.124576 -0.0436323
v -0.788317 0.16294 -0.0404614
v -0.790668 0.143719 -0.042161
v -0.765674 0.168598 -0.0568993
v -0.805691 0.195646 -0.0199394
v -0.792889 0.22037 -0.0247592
v -0.783309 0.201227 -0.0365802
v -0.785007 0.189291 -0.0378486
v -0.786618 0.176503 -0.039117
v -0.797896 0.16294 -0.0327498
v -0.799203 0.239591 -0.0144094
v -0.789579 0.239591 -0.0222478
v -0.787054 0.252767 -0.0203199
v -0.81858 0.354529 0.0433261
v -0.802381 0.281443 0.00212995
v -0.78701 0.309964 -0.00119314
v -0.789666 0.297021 -0.00337471
v -0.795676 0.276173 -0.00532798
v -0.781567 0.105432 -0.0545909
v -0.743249 0.105432 -0.0819874
v -0.760057 0.0862887 -0.0721957
v -0.745949 0.0862887 -0.0819874
v -0.760666 0.0670679 -0.0727538
v -0.760797 0.0479244 -0.0728045
v -0.747473 0.027076 -0.0819874
v -0.760841 0.028781 -0.0728045
v -0.774775 0.0227358 -0.0632157
v -0.520218 0.687795 0.143577
v -0.522525 0.258657 -0.0819874
v -0.760841 0.0227358 -0.0728045
v -0.520218 0.814513 0.144566
v -0.536764 0.804825 0.152836
v -0.557709 0.786767 0.132339
v -0.579394 0.770026 0.129346
v -0.583051 0.772971 0.143704
v -0.614795 0.748557 0.149234
v -0.641922 0.723059 0.141827
v -0.655247 0.712208 0.143704
v -0.592631 0.765221 0.143704
v -0.612226 0.746465 0.136474
v -0.652329 0.709651 0.133126
v -0.671794 0.690895 0.132745
v -0.690953 0.671751 0.132745
v -0.69387 0.674619 0.143704
v -0.70345 0.664853 0.143704
v -0.712376 0.65532 0.143704
v -0.803644 0.380648 0.0393435
v -0.746515 0.612228 0.136347
v -0.754701 0.604943 0.14312
v -0.765195 0.59231 0.143704
v -0.721956 0.644315 0.143704
v -0.730142 0.634705 0.143704
v -0.740767 0.621761 0.14312
v -0.769375 0.579057 0.129397
v -0.782395 0.550846 0.120011
v -0.765369 0.573167 0.116612
v -0.769593 0.560379 0.111209
v -0.763932 0.551853 0.0984235
v -0.746907 0.574252 0.0961912
v -0.800944 0.392893 0.0420831
v -0.75862 0.510389 0.0653194
v -0.746907 0.516744 0.0578615
v -0.763889 0.49419 0.0599923
v -0.74904 0.539143 0.0748828
v -0.73737 0.545498 0.0674503
v -0.739504 0.567819 0.0844716
v -0.732058 0.561464 0.0727773
v -0.764803 0.457221 0.0398001
v -0.748039 0.48024 0.0376946
v -0.761494 0.431102 0.0231847
v -0.765195 0.418934 0.0201913
v -0.75113 0.503956 0.053955
v -0.755964 0.487215 0.0486532
v -0.791365 0.392893 0.03323
v -0.779651 0.124576 -0.0532211
v -0.777605 0.182548 -0.0450021
v -0.763976 0.182083 -0.0556563
v -0.74277 0.16294 -0.0735909
v -0.745034 0.143719 -0.0750875
v -0.746515 0.130311 -0.0760768
v -0.742204 0.11078 -0.0819874
v -0.766937 0.15581 -0.0578379
v -0.754396 0.182083 -0.0624293
v -0.766109 0.248194 -0.0380769
v -0.780305 0.22037 -0.0343479
v -0.773729 0.201227 -0.0439367
v -0.751261 0.277878 -0.0413746
v -0.764324 0.258734 -0.036631
v -0.782003 0.277878 -0.0161597
v -0.768591 0.297021 -0.0209541
v -0.772423 0.277878 -0.024125
v -0.760841 0.277878 -0.0337138
v -0.8063 0.367859 0.0369844
v -0.809 0.354529 0.0345491
v -0.788621 0.354529 0.0165385
v -0.775602 0.356156 0.00568135
v -0.76624 0.363597 0.000202054
v -0.768896 0.350809 -0.00213172
v -0.757488 0.356079 -0.0101477
v -0.745992 0.361272 -0.0181637
v -0.748735 0.348484 -0.0202692
v -0.766588 0.307019 -0.0192799
v -0.755267 0.124188 -0.0707244
v -0.74695 0.0670679 -0.0819874
v -0.747298 0.0479244 -0.0819874
v -0.520218 0.276405 -0.0819874
v -0.520218 0.8087 0.129042
v -0.521698 0.80808 0.129549
v -0.565285 0.776071 0.12445
v -0.520218 0.806995 0.126632
v -0.520218 0.80188 0.119554
v -0.572862 0.765066 0.116586
v -0.594895 0.748015 0.114126
v -0.598727 0.751425 0.124526
v -0.632299 0.728096 0.134216
v -0.619236 0.733367 0.124526
v -0.614882 0.729569 0.113238
v -0.666002 0.685082 0.11996
v -0.678499 0.678417 0.126353
v -0.634085 0.710658 0.113238
v -0.709851 0.652375 0.132948
v -0.685161 0.665938 0.11996
v -0.710722 0.634007 0.113238
v -0.729663 0.614864 0.113238
v -0.72827 0.632379 0.133988
v -0.768069 0.406224 0.0177561
v -0.780522 0.392893 0.0236413
v -0.751479 0.598898 0.124526
v -0.761494 0.585025 0.123613
v -0.748169 0.595023 0.113821
v -0.751914 0.584405 0.10961
v -0.743379 0.584405 0.100022
v -0.733843 0.584405 0.0901284
v -0.727747 0.574252 0.0770137
v -0.729924 0.539065 0.055756
v -0.733974 0.526897 0.0520524
v -0.743902 0.49295 0.0412207
v -0.727051 0.515659 0.0392167
v -0.7483 0.442263 0.0183903
v -0.751914 0.431102 0.0156253
v -0.744076 0.415989 0.00243436
v -0.726833 0.399868 -0.0181891
v -0.74769 0.403201 -0.000305288
v -0.750129 0.392893 -0.00238539
v -0.768156 0.143719 -0.0587004
v -0.761145 0.201227 -0.0535001
v -0.751566 0.201227 -0.0605775
v -0.72753 0.208357 -0.0762037
v -0.733234 0.16294 -0.0800087
v -0.735106 0.143099 -0.0819874
v -0.740418 0.182083 -0.0720181
v -0.738285 0.129071 -0.0819874
v -0.739417 0.124033 -0.0819874
v -0.754744 0.258734 -0.0439367
v -0.735672 0.239591 -0.0630889
v -0.768243 0.235406 -0.039675
v -0.756051 0.221765 -0.0522318
v -0.748735 0.290743 -0.0394467
v -0.729837 0.272065 -0.0586496
v -0.732363 0.258734 -0.0605775
v -0.741943 0.258734 -0.0535255
v -0.764063 0.373672 0.00207922
v -0.770943 0.392893 0.0152447
v -0.736935 0.393203 -0.0128366
v -0.729968 0.38708 -0.0204468
v -0.733321 0.373672 -0.0227044
v -0.738894 0.354761 -0.0252158
v -0.72692 0.284853 -0.0566456
v -0.738764 0.297099 -0.044368
v -0.754483 0.373672 -0.00619046
v -0.520218 0.543173 -0.0819874
v -0.550481 0.782116 0.119554
v -0.520218 0.792192 0.108317
v -0.537722 0.786379 0.1141
v -0.560104 0.769328 0.111767
v -0.584445 0.74259 0.100681
v -0.595418 0.729259 0.0946438
v -0.601557 0.735847 0.107302
v -0.60835 0.742977 0.124526
v -0.584445 0.75158 0.11027
v -0.608176 0.723446 0.100478
v -0.614925 0.710658 0.0940857
v -0.621283 0.717013 0.106845
v -0.627684 0.704303 0.100478
v -0.672403 0.672371 0.113238
v -0.697963 0.64044 0.106845
v -0.717123 0.621219 0.106871
v -0.72348 0.608431 0.100478
v -0.72975 0.59572 0.0942379
v -0.736108 0.601765 0.10715
v -0.723828 0.584405 0.0805397
v -0.710025 0.5951 0.0757707
v -0.714249 0.584405 0.0721432
v -0.712594 0.560146 0.0544877
v -0.725352 0.551853 0.0599923
v -0.717689 0.5448 0.0487293
v -0.710025 0.537747 0.0375678
v -0.723306 0.526897 0.0425144
v -0.723349 0.48861 0.0228041
v -0.713726 0.526897 0.0347774
v -0.727094 0.477372 0.0199884
v -0.731318 0.426297 -0.00236002
v -0.723175 0.412037 -0.0154241
v -0.688601 0.419089 -0.0374427
v -0.719692 0.393203 -0.0253173
v -0.749084 0.216262 -0.0588272
v -0.722783 0.239591 -0.0726776
v -0.725831 0.22037 -0.0749353
v -0.716252 0.22037 -0.0816069
v -0.71586 0.21975 -0.0819874
v -0.720519 0.202002 -0.0819874
v -0.730273 0.163017 -0.0819874
v -0.710678 0.252922 -0.0778018
v -0.713204 0.239591 -0.0796029
v -0.717863 0.374137 -0.0330035
v -0.723915 0.354529 -0.0354641
v -0.723915 0.297021 -0.0546163
v -0.714336 0.297021 -0.0610341
v -0.704756 0.277878 -0.0737938
v -0.707761 0.265632 -0.0757978
v -0.522134 0.54139 -0.0819874
v -0.556054 0.555961 -0.0576603
v -0.520218 0.551543 -0.077472
v -0.520218 0.779249 0.0951511
v -0.538288 0.767546 0.0946692
v -0.551047 0.763361 0.0989816
v -0.566766 0.757858 0.104258
v -0.573428 0.74631 0.0967746
v -0.584445 0.733057 0.0908641
v -0.573428 0.727089 0.0775971
v -0.584445 0.723059 0.0812753
v -0.594852 0.709573 0.0760751
v -0.614925 0.691515 0.0751365
v -0.627684 0.685082 0.0813007
v -0.640486 0.678727 0.0876932
v -0.678804 0.64044 0.0876932
v -0.710722 0.614864 0.0940857
v -0.691562 0.614864 0.0750604
v -0.689603 0.593705 0.0576839
v -0.700445 0.58611 0.0616666
v -0.707499 0.572934 0.0587493
v -0.671358 0.613856 0.0569483
v -0.685379 0.603548 0.0612353
v -0.692172 0.558518 0.0364009
v -0.70493 0.550536 0.041728
v -0.675103 0.54604 0.0158789
v -0.688776 0.53488 0.0199884
v -0.671271 0.556348 0.0187454
v -0.71377 0.48861 0.0155999
v -0.705801 0.43583 -0.0167432
v -0.671706 0.442263 -0.0390916
v -0.710025 0.423042 -0.0199141
v -0.688776 0.458229 -0.0183413
v -0.6849 0.431102 -0.0346524
v -0.650283 0.438233 -0.0565949
v -0.691824 0.406379 -0.0396243
v -0.704756 0.392893 -0.0354895
v -0.715686 0.22037 -0.0819874
v -0.701577 0.259044 -0.0819874
v -0.701969 0.258192 -0.0819874
v -0.70628 0.248039 -0.0819874
v -0.709677 0.239358 -0.0819874
v -0.660385 0.374137 -0.0713332
v -0.698704 0.354994 -0.0521557
v -0.698704 0.297486 -0.0713078
v -0.695176 0.277878 -0.0801863
v -0.699139 0.26416 -0.0819874
v -0.700924 0.260439 -0.0819874
v -0.692433 0.277955 -0.0819874
v -0.549827 0.53085 -0.0738192
v -0.538854 0.525424 -0.0819874
v -0.574517 0.53612 -0.0572544
v -0.570075 0.54604 -0.0544641
v -0.578915 0.560224 -0.040918
v -0.572993 0.573012 -0.0372652
v -0.594329 0.613391 -0.000178454
v -0.569901 0.608896 -0.0164388
v -0.536895 0.632534 -0.0193306
v -0.520218 0.558518 -0.0733118
v -0.556446 0.518062 -0.0770154
v -0.575431 0.498841 -0.0769901
v -0.520218 0.773204 0.0890123
v -0.538288 0.748402 0.0754916
v -0.544689 0.755843 0.0871859
v -0.56067 0.750572 0.092513
v -0.56067 0.731429 0.0733354
v -0.538288 0.729259 0.0563395
v -0.551047 0.724764 0.0605758
v -0.566592 0.719571 0.0661819
v -0.559755 0.712053 0.0547921
v -0.572514 0.707093 0.0590284
v -0.593284 0.68919 0.057963
v -0.613793 0.671209 0.0570244
v -0.602167 0.69849 0.0718641
v -0.626595 0.665008 0.0622246
v -0.634085 0.672371 0.0750097
v -0.685161 0.627652 0.0813007
v -0.672403 0.634007 0.0750097
v -0.665044 0.626644 0.0622246
v -0.6758 0.603548 0.0534983
v -0.674145 0.578824 0.0356906
v -0.686903 0.571307 0.0406626
v -0.616014 0.616026 0.0170712
v -0.650065 0.611531 0.0394196
v -0.668528 0.591612 0.0399269
v -0.652286 0.633077 0.0569229
v -0.679109 0.563789 0.0296533
v -0.654637 0.540383 -0.00230929
v -0.667439 0.531702 0.00243436
v -0.661082 0.525967 -0.00520114
v -0.654681 0.502948 -0.0215376
v -0.667483 0.455051 -0.0358953
v -0.649368 0.553171 0.00149577
v -0.665697 0.569136 0.0229056
v -0.652939 0.576422 0.018162
v -0.612879 0.593628 0.00022742
v -0.661082 0.449316 -0.0435055
v -0.646364 0.450246 -0.0538045
v -0.62764 0.431102 -0.0737431
v -0.643098 0.431567 -0.0636216
v -0.631124 0.419089 -0.0758232
v -0.653505 0.425445 -0.0587765
v -0.636784 0.450246 -0.0604
v -0.621675 0.449548 -0.0702424
v -0.656858 0.412037 -0.0610341
v -0.647278 0.392893 -0.0738192
v -0.644404 0.374137 -0.0819874
v -0.551482 0.513101 -0.0819874
v -0.58562 0.528602 -0.0542865
v -0.603691 0.526664 -0.0438352
v -0.610092 0.532865 -0.0363266
v -0.597334 0.540228 -0.0404107
v -0.584967 0.546428 -0.0448246
v -0.592762 0.515891 -0.056671
v -0.591716 0.553016 -0.0368086
v -0.614403 0.557046 -0.0199141
v -0.59594 0.576964 -0.0203707
v -0.598814 0.603548 -0.00309567
v -0.608394 0.603548 0.00339831
v -0.601906 0.621064 0.0108055
v -0.59668 0.634705 0.0173249
v -0.576607 0.652918 0.0180859
v -0.556141 0.670976 0.018923
v -0.573733 0.631372 0.00065866
v -0.540074 0.654003 -0.00190341
v -0.530581 0.666791 0.00289097
v -0.520218 0.660668 -0.0066978
v -0.520218 0.64385 -0.0190262
v -0.520218 0.637417 -0.0236684
v -0.520218 0.631992 -0.0272705
v -0.520218 0.621529 -0.0340689
v -0.520218 0.603238 -0.0454841
v -0.560975 0.636487 -0.00296883
v -0.552875 0.649275 0.00157188
v -0.558318 0.506281 -0.0819874
v -0.563805 0.500701 -0.0819874
v -0.570467 0.493803 -0.0819874
v -0.57517 0.488223 -0.0819874
v -0.579481 0.48861 -0.0794253
v -0.58906 0.48861 -0.073464
v -0.59803 0.503103 -0.0601463
v -0.615535 0.520154 -0.0398272
v -0.520218 0.75406 0.0698601
v -0.520218 0.734529 0.051266
v -0.537113 0.709341 0.037999
v -0.54408 0.717091 0.0491859
v -0.520218 0.744295 0.0603728
v -0.549871 0.704535 0.0420324
v -0.558144 0.691747 0.0367307
v -0.565329 0.69942 0.0478668
v -0.580526 0.694305 0.0537013
v -0.570946 0.686554 0.040967
v -0.57874 0.673844 0.0357667
v -0.603604 0.675394 0.0536252
v -0.584053 0.660668 0.0290191
v -0.589365 0.647493 0.0222968
v -0.61166 0.65005 0.0393689
v -0.621239 0.659583 0.0536759
v -0.633127 0.65222 0.0569229
v -0.645885 0.645788 0.0622246
v -0.639963 0.659118 0.0686171
v -0.660733 0.584017 0.0290191
v -0.609482 0.628737 0.0218148
v -0.622546 0.603083 0.0132915
v -0.634476 0.59634 0.0176039
v -0.628772 0.609128 0.0218909
v -0.623852 0.642997 0.0430725
v -0.647235 0.58921 0.0223729
v -0.640486 0.64044 0.0535998
v -0.641095 0.54511 -0.00903157
v -0.632822 0.53705 -0.0194575
v -0.646233 0.526897 -0.0155002
v -0.650414 0.515659 -0.0183413
v -0.650414 0.477372 -0.0374935
v -0.654681 0.464584 -0.0406897
v -0.63661 0.560611 -0.00294347
v -0.608742 0.569756 -0.0162612
v -0.641792 0.469157 -0.0477671
v -0.633127 0.460941 -0.0580155
v -0.61806 0.431102 -0.0797551
v -0.616449 0.427847 -0.0819874
v -0.624287 0.414129 -0.0819874
v -0.614533 0.442728 -0.0774467
v -0.624766 0.413199 -0.0819874
v -0.625681 0.411417 -0.0819874
v -0.630383 0.402116 -0.0819874
v -0.634302 0.406379 -0.077954
v -0.593241 0.47776 -0.0761022
v -0.61031 0.455439 -0.0748592
v -0.603691 0.546428 -0.0328513
v -0.621588 0.54449 -0.0224508
v -0.568943 0.665706 0.0230071
v -0.546126 0.674386 0.0163355
v -0.563544 0.678804 0.0298562
v -0.53389 0.688105 0.020445
v -0.520218 0.680897 0.0083449
v -0.577739 0.485045 -0.0819874
v -0.604126 0.48861 -0.0635709
v -0.628293 0.512016 -0.035667
v -0.520218 0.723834 0.042007
v -0.520218 0.713991 0.0336866
v -0.520218 0.6988 0.0219163
v -0.636654 0.526897 -0.0221971
v -0.641792 0.507444 -0.0285896
v -0.636915 0.48861 -0.0415268
v -0.646495 0.48861 -0.0347031
v -0.633127 0.499228 -0.0388633
v -0.62838 0.473729 -0.0548192
v -0.615622 0.482255 -0.0590809
v -0.614533 0.430947 -0.0819874
v -0.589539 0.468847 -0.0819874
v -0.602341 0.449703 -0.0819874
v -0.610048 0.438078 -0.0819874
v -0.58353 0.477217 -0.0819874
v -0.587362 0.472024 -0.0819874
v -0.622328 0.48861 -0.05142
f 6485 6486 6489
f 6485 6489 6496
f 6485 6496 6506
f 6485 6506 6525
f 6485 6525 6558
f 6485 6558 6593
f 6485 6593 6603
f 6485 6603 6656
f 6485 6656 6709
f 6485 6709 6770
f 6485 6770 6769
f 6485 6769 6839
f 6485 6839 6838
f 6485 6838 6924
f 6485 6924 6927
f 6485 6927 6842
f 6485 6842 6774
f 6485 6774 6773
f 6485 6773 6772
f 6485 6772 6713
f 6485 6713 6712
f 6485 6712 6710
f 6485 6710 6657
f 6485 6657 6604
f 6485 6604 6565
f 6485 6565 6531
f 6485 6531 6510
f 6485 6510 6499
f 6485 6499 6492
f 6485 6492 6487
f 6485 6487 6488
f 6485 6488 6486
f 6486 6488 6490
f 6486 6490 6491
f 6486 6491 6489
f 6487 6492 6493
f 6487 6493 6488
f 6488 6493 6494
f 6488 6494 6495
f 6488 6495 6490
f 6489 6491 6498
f 6489 6498 6496
f 6490 6495 6497
f 6490 6497 6498
f 6490 6498 6491
f 6492 6499 6500
f 6492 6500 6493
f 6493 6500 6494
f 6494 6500 6501
f 6494 6501 6502
f 6494 6502 6495
f 6495 6502 6503
f 6495 6503 6504
f 6495 6504 6505
f 6495 6505 6497
f 6496 6498 6506
f 6497 6505 6507
f 6497 6507 6498
f 6498 6507 6508
f 6498 6508 6509
f 6498 6509 6506
f 6499 6510 6511
f 6499 6511 6500
f 6500 6511 6512
f 6500 6512 6501
f 6501 6513 6503
f 6501 6503 6502
f 6501 6512 6514
f 6501 6514 6515
f 6501 6515 6516
f 6501 6516 6513
f 6503 6517 6504
f 6503 6513 6518
f 6503 6518 6517
f 6504 6517 6519
f 6504 6519 6520
f 6504 6520 6521
f 6504 6521 6522
f 6504 6522 6505
f 6505 6523 6507
f 6505 6522 6524
f 6505 6524 6523
f 6506 6509 6525
f 6507 6523 6526
f 6507 6526 6527
f 6507 6527 6528
f 6507 6528 6508
f 6508 6528 6529
f 6508 6529 6509
f 6509 6529 6530
f 6509 6530 6558
f 6509 6558 6525
f 6510 6531 6532
f 6510 6532 6533
f 6510 6533 6534
f 6510 6534 6511
f 6511 6534 6535
f 6511 6535 6512
f 6512 6535 6536
f 6512 6536 6537
f 6512 6537 6514
f 6513 6516 6518
f 6514 6538 6515
f 6514 6537 6539
f 6514 6539 6538
f 6515 6538 6539
f 6515 6539 6540
f 6515 6540 6516
f 6516 6540 6541
f 6516 6541 6542
f 6516 6542 6543
f 6516 6543 6544
f 6516 6544 6545
f 6516 6545 6546
f 6516 6546 6518
f 6517 6518 6546
f 6517 6546 6547
f 6517 6547 6548
f 6517 6548 6519
f 6519 6521 6520
f 6519 6548 6549
f 6519 6549 6550
f 6519 6550 6551
f 6519 6551 6521
f 6521 6551 6550
f 6521 6550 6549
f 6521 6549 6552
f 6521 6552 6553
f 6521 6553 6522
f 6522 6553 6524
f 6523 6554 6555
f 6523 6555 6526
f 6523 6524 6556
f 6523 6556 6554
f 6524 6553 6557
f 6524 6557 6556
f 6526 6559 6527
f 6526 6555 6559
f 6527 6559 6528
f 6528 6559 6560
f 6528 6560 6561
f 6528 6561 6529
f 6529 6561 6562
f 6529 6562 6563
f 6529 6563 6530
f 6530 6563 6564
f 6530 6564 6593
f 6530 6593 6558
f 6531 6565 6566
f 6531 6566 6532
f 6532 6566 6567
f 6532 6567 6568
f 6532 6568 6533
f 6533 6568 6569
f 6533 6569 6570
f 6533 6570 6534
f 6534 6571 6535
f 6534 6570 6571
f 6535 6571 6572
f 6535 6572 6536
f 6536 6572 6537
f 6537 6572 6573
f 6537 6573 6539
f 6539 6541 6540
f 6539 6573 6574
f 6539 6574 6541
f 6541 6574 6542
f 6542 6574 6543
f 6543 6574 6544
f 6544 6575 6576
f 6544 6576 6545
f 6544 6574 6577
f 6544 6577 6578
f 6544 6578 6575
f 6545 6576 6546
f 6546 6576 6547
f 6547 6576 6579
f 6547 6579 6580
f 6547 6580 6581
f 6547 6581 6582
f 6547 6582 6583
f 6547 6583 6584
f 6547 6584 6585
f 6547 6585 6548
f 6548 6585 6552
f 6548 6552 6549
f 6552 6586 6553
f 6552 6585 6584
f 6552 6584 6583
f 6552 6583 6582
f 6552 6582 6581
f 6552 6581 6587
f 6552 6587 6588
f 6552 6588 6586
f 6553 6586 6557
f 6554 6589 6559
f 6554 6559 6555
f 6554 6556 6589
f 6556 6557 6590
f 6556 6590 6591
f 6556 6591 6589
f 6557 6586 6592
f 6557 6592 6590
f 6559 6589 6594
f 6559 6594 6595
f 6559 6595 6560
f 6560 6595 6561
f 6561 6595 6596
f 6561 6596 6597
f 6561 6597 6598
f 6561 6598 6599
f 6561 6599 6562
f 6562 6599 6600
f 6562 6600 6563
f 6563 6600 6601
f 6563 6601 6564
f 6564 6601 6602
f 6564 6602 6656
f 6564 6656 6603
f 6564 6603 6593
f 6565 6604 6567
f 6565 6567 6566
f 6567 6605 6658
f 6567 6658 6711
f 6567 6711 6771
f 6567 6771 6840
f 6567 6840 6925
f 6567 6925 7003
f 6567 7003 7068
f 6567 7068 7120
f 6567 7120 7176
f 6567 7176 7249
f 6567 7249 7248
f 6567 7248 7247
f 6567 7247 7246
f 6567 7246 7245
f 6567 7245 7244
f 6567 7244 7313
f 6567 7313 7319
f 6567 7319 7318
f 6567 7318 7317
f 6567 7317 7261
f 6567 7261 7264
f 6567 7264 7260
f 6567 7260 7179
f 6567 7179 7121
f 6567 7121 7070
f 6567 7070 7008
f 6567 7008 7007
f 6567 7007 7004
f 6567 7004 6928
f 6567 6928 6843
f 6567 6843 6777
f 6567 6777 6776
f 6567 6776 6775
f 6567 6775 6714
f 6567 6714 6659
f 6567 6659 6607
f 6567 6607 6606
f 6567 6606 6568
f 6567 6604 6605
f 6568 6606 6607
f 6568 6607 6608
f 6568 6608 6609
f 6568 6609 6610
f 6568 6610 6611
f 6568 6611 6569
f 6569 6611 6612
f 6569 6612 6613
f 6569 6613 6570
f 6570 6613 6614
f 6570 6614 6615
f 6570 6615 6670
f 6570 6670 6621
f 6570 6621 6620
f 6570 6620 6619
f 6570 6619 6616
f 6570 6616 6571
f 6571 6617 6618
f 6571 6618 6572
f 6571 6616 6619
f 6571 6619 6620
f 6571 6620 6621
f 6571 6621 6622
f 6571 6622 6617
f 6572 6618 6573
f 6573 6618 6623
f 6573 6623 6624
f 6573 6624 6625
f 6573 6625 6574
f 6574 6625 6578
f 6574 6578 6577
f 6575 6579 6576
f 6575 6578 6626
f 6575 6626 6579
f 6578 6627 6628
f 6578 6628 6629
f 6578 6629 6630
f 6578 6630 6626
f 6578 6625 6627
f 6579 6626 6631
f 6579 6631 6580
f 6580 6632 6581
f 6580 6631 6681
f 6580 6681 6632
f 6581 6632 6633
f 6581 6633 6634
f 6581 6634 6587
f 6586 6635 6636
f 6586 6636 6637
f 6586 6637 6592
f 6586 6588 6635
f 6587 6638 6639
f 6587 6639 6588
f 6587 6634 6640
f 6587 6640 6641
f 6587 6641 6642
f 6587 6642 6638
f 6588 6639 6635
f 6589 6591 6590
f 6589 6590 6594
f 6590 6643 6644
f 6590 6644 6594
f 6590 6592 6645
f 6590 6645 6643
f 6592 6637 6646
f 6592 6646 6645
f 6594 6644 6595
f 6595 6644 6643
f 6595 6643 6647
f 6595 6647 6648
f 6595 6648 6649
f 6595 6649 6596
f 6596 6649 6650
f 6596 6650 6651
f 6596 6651 6597
f 6597 6651 6598
f 6598 6651 6599
f 6599 6651 6652
f 6599 6652 6653
f 6599 6653 6600
f 6600 6653 6601
f 6601 6653 6654
f 6601 6654 6602
f 6602 6654 6655
f 6602 6655 6709
f 6602 6709 6656
f 6604 6657 6605
f 6605 6657 6658
f 6607 6659 6608
f 6608 6659 6660
f 6608 6660 6661
f 6608 6661 6609
f 6609 6661 6662
f 6609 6662 6663
f 6609 6663 6664
f 6609 6664 6610
f 6610 6664 6665
f 6610 6665 6611
f 6611 6665 6612
f 6612 6665 6613
f 6613 6665 6666
f 6613 6666 6614
f 6614 6666 6667
f 6614 6667 6668
f 6614 6668 6669
f 6614 6669 6615
f 6615 6669 6670
f 6617 6622 6618
f 6618 6624 6623
f 6618 6622 6624
f 6621 6670 6671
f 6621 6671 6622
f 6622 6671 6672
f 6622 6672 6624
f 6624 6672 6627
f 6624 6627 6625
f 6626 6630 6673
f 6626 6673 6631
f 6627 6672 6674
f 6627 6674 6628
f 6628 6674 6675
f 6628 6675 6676
f 6628 6676 6629
f 6629 6677 6630
f 6629 6676 6732
f 6629 6732 6677
f 6630 6678 6679
f 6630 6679 6673
f 6630 6677 6678
f 6631 6673 6679
f 6631 6679 6680
f 6631 6680 6687
f 6631 6687 6681
f 6632 6681 6633
f 6633 6681 6634
f 6634 6681 6640
f 6635 6682 6683
f 6635 6683 6636
f 6635 6639 6684
f 6635 6684 6682
f 6636 6683 6646
f 6636 6646 6637
f 6638 6685 6639
f 6638 6642 6686
f 6638 6686 6685
f 6639 6685 6684
f 6640 6681 6687
f 6640 6687 6688
f 6640 6688 6689
f 6640 6689 6690
f 6640 6690 6641
f 6641 6690 6691
f 6641 6691 6642
f 6642 6691 6692
f 6642 6692 6693
f 6642 6693 6686
f 6643 6645 6647
f 6645 6646 6694
f 6645 6694 6695
f 6645 6695 6696
f 6645 6696 6647
f 6646 6697 6694
f 6646 6683 6697
f 6647 6696 6698
f 6647 6698 6648
f 6648 6698 6649
f 6649 6698 6699
f 6649 6699 6650
f 6650 6699 6694
f 6650 6694 6651
f 6651 6694 6700
f 6651 6700 6701
f 6651 6701 6652
f 6652 6702 6705
f 6652 6705 6653
f 6652 6701 6703
f 6652 6703 6704
f 6652 6704 6702
f 6653 6705 6654
f 6654 6706 6655
f 6654 6705 6766
f 6654 6766 6706
f 6655 6706 6707
f 6655 6707 6708
f 6655 6708 6709
f 6657 6710 6658
f 6658 6710 6712
f 6658 6712 6713
f 6658 6713 6711
f 6659 6714 6660
f 6660 6715 6661
f 6660 6714 6715
f 6661 6716 6662
f 6661 6715 6716
f 6662 6716 6717
f 6662 6717 6663
f 6663 6718 6719
f 6663 6719 6665
f 6663 6665 6664
f 6663 6717 6718
f 6665 6719 6666
f 6666 6719 6720
f 6666 6720 6721
f 6666 6721 6667
f 6667 6722 6668
f 6667 6721 6722
f 6668 6722 6723
f 6668 6723 6724
f 6668 6724 6670
f 6668 6670 6669
f 6670 6724 6725
f 6670 6725 6671
f 6671 6725 6726
f 6671 6726 6672
f 6672 6726 6674
f 6674 6726 6727
f 6674 6727 6675
f 6675 6727 6726
f 6675 6726 6728
f 6675 6728 6729
f 6675 6729 6676
f 6676 6729 6730
f 6676 6730 6731
f 6676 6731 6732
f 6677 6679 6678
f 6677 6732 6679
f 6679 6732 6733
f 6679 6733 6734
f 6679 6734 6680
f 6680 6734 6742
f 6680 6742 6687
f 6682 6684 6683
f 6683 6684 6735
f 6683 6735 6697
f 6684 6685 6736
f 6684 6736 6737
f 6684 6737 6738
f 6684 6738 6735
f 6685 6739 6736
f 6685 6686 6740
f 6685 6740 6741
f 6685 6741 6739
f 6686 6693 6740
f 6687 6742 6743
f 6687 6743 6689
f 6687 6689 6688
f 6689 6743 6742
f 6689 6742 6744
f 6689 6744 6745
f 6689 6745 6690
f 6690 6746 6747
f 6690 6747 6691
f 6690 6745 6748
f 6690 6748 6749
f 6690 6749 6746
f 6691 6747 6746
f 6691 6746 6692
f 6692 6750 6751
f 6692 6751 6752
f 6692 6752 6693
f 6692 6746 6753
f 6692 6753 6754
f 6692 6754 6750
f 6693 6752 6740
f 6694 6699 6695
f 6694 6697 6735
f 6694 6735 6738
f 6694 6738 6737
f 6694 6737 6755
f 6694 6755 6704
f 6694 6704 6703
f 6694 6703 6701
f 6694 6701 6700
f 6695 6699 6698
f 6695 6698 6696
f 6702 6756 6757
f 6702 6757 6758
f 6702 6758 6759
f 6702 6759 6760
f 6702 6760 6705
f 6702 6704 6761
f 6702 6761 6762
f 6702 6762 6763
f 6702 6763 6756
f 6704 6755 6764
f 6704 6764 6761
f 6705 6760 6765
f 6705 6765 6766
f 6706 6766 6707
f 6707 6766 6708
f 6708 6767 6768
f 6708 6768 6769
f 6708 6769 6770
f 6708 6770 6709
f 6708 6766 6767
f 6711 6713 6772
f 6711 6772 6773
f 6711 6773 6774
f 6711 6774 6771
f 6714 6775 6715
f 6715 6775 6776
f 6715 6776 6777
f 6715 6777 6778
f 6715 6778 6716
f 6716 6778 6779
f 6716 6779 6780
f 6716 6780 6781
f 6716 6781 6718
f 6716 6718 6717
f 6718 6781 6780
f 6718 6780 6782
f 6718 6782 6783
f 6718 6783 6784
f 6718 6784 6785
f 6718 6785 6719
f 6719 6785 6720
f 6720 6785 6786
f 6720 6786 6787
f 6720 6787 6721
f 6721 6787 6788
f 6721 6788 6722
f 6722 6788 6723
f 6723 6789 6726
f 6723 6726 6724
f 6723 6788 6790
f 6723 6790 6789
f 6724 6726 6725
f 6726 6789 6728
f 6728 6789 6729
f 6729 6789 6791
f 6729 6791 6792
f 6729 6792 6730
f 6730 6793 6731
f 6730 6792 6794
f 6730 6794 6795
f 6730 6795 6793
f 6731 6793 6734
f 6731 6734 6733
f 6731 6733 6796
f 6731 6796 6732
f 6732 6796 6733
f 6734 6793 6797
f 6734 6797 6805
f 6734 6805 6742
f 6736 6739 6798
f 6736 6798 6799
f 6736 6799 6737
f 6737 6800 6801
f 6737 6801 6755
f 6737 6799 6800
f 6739 6741 6798
f 6740 6752 6741
f 6741 6752 6802
f 6741 6802 6798
f 6742 6803 6804
f 6742 6804 6744
f 6742 6805 6803
f 6744 6804 6803
f 6744 6803 6806
f 6744 6806 6745
f 6745 6806 6807
f 6745 6807 6749
f 6745 6749 6748
f 6746 6749 6753
f 6749 6754 6753
f 6749 6807 6808
f 6749 6808 6809
f 6749 6809 6754
f 6750 6754 6751
f 6751 6810 6752
f 6751 6754 6811
f 6751 6811 6812
f 6751 6812 6810
f 6752 6810 6879
f 6752 6879 6813
f 6752 6813 6862
f 6752 6862 6802
f 6754 6809 6814
f 6754 6814 6815
f 6754 6815 6816
f 6754 6816 6817
f 6754 6817 6818
f 6754 6818 6819
f 6754 6819 6820
f 6754 6820 6812
f 6754 6812 6811
f 6755 6801 6821
f 6755 6821 6764
f 6756 6822 6757
f 6756 6763 6823
f 6756 6823 6822
f 6757 6822 6824
f 6757 6824 6825
f 6757 6825 6826
f 6757 6826 6827
f 6757 6827 6758
f 6758 6827 6759
f 6759 6827 6765
f 6759 6765 6760
f 6761 6764 6762
f 6762 6823 6763
f 6762 6764 6828
f 6762 6828 6823
f 6764 6829 6830
f 6764 6830 6828
f 6764 6821 6831
f 6764 6831 6832
f 6764 6832 6833
f 6764 6833 6829
f 6765 6827 6766
f 6766 6827 6826
f 6766 6826 6834
f 6766 6834 6767
f 6767 6834 6835
f 6767 6835 6836
f 6767 6836 6837
f 6767 6837 6768
f 6768 6837 6838
f 6768 6838 6839
f 6768 6839 6769
f 6771 6774 6841
f 6771 6841 6840
f 6774 6842 6922
f 6774 6922 7002
f 6774 7002 7001
f 6774 7001 6919
f 6774 6919 6917
f 6774 6917 6978
f 6774 6978 7050
f 6774 7050 7049
f 6774 7049 7047
f 6774 7047 7109
f 6774 7109 7108
f 6774 7108 7107
f 6774 7107 7155
f 6774 7155 7159
f 6774 7159 7158
f 6774 7158 7157
f 6774 7157 7156
f 6774 7156 7165
f 6774 7165 7164
f 6774 7164 7166
f 6774 7166 7224
f 6774 7224 7303
f 6774 7303 7302
f 6774 7302 7301
f 6774 7301 7299
f 6774 7299 7298
f 6774 7298 7327
f 6774 7327 7330
f 6774 7330 7329
f 6774 7329 7328
f 6774 7328 7332
f 6774 7332 7331
f 6774 7331 7314
f 6774 7314 7255
f 6774 7255 7254
f 6774 7254 7253
f 6774 7253 7252
f 6774 7252 7225
f 6774 7225 7168
f 6774 7168 7118
f 6774 7118 7068
f 6774 7068 7003
f 6774 7003 6926
f 6774 6926 6841
f 6777 6843 6844
f 6777 6844 6778
f 6778 6844 6845
f 6778 6845 6846
f 6778 6846 6847
f 6778 6847 6780
f 6778 6780 6779
f 6780 6848 6782
f 6780 6847 6933
f 6780 6933 6848
f 6782 6848 6849
f 6782 6849 6783
f 6783 6850 6941
f 6783 6941 6851
f 6783 6851 6784
f 6783 6849 6850
f 6784 6851 6785
f 6785 6851 6852
f 6785 6852 6853
f 6785 6853 6794
f 6785 6794 6786
f 6786 6794 6787
f 6787 6794 6854
f 6787 6854 6788
f 6788 6854 6790
f 6789 6790 6791
f 6790 6854 6791
f 6791 6854 6792
f 6792 6854 6794
f 6793 6795 6855
f 6793 6855 6797
f 6794 6855 6795
f 6794 6853 6856
f 6794 6856 6855
f 6797 6855 6857
f 6797 6857 6866
f 6797 6866 6805
f 6798 6802 6858
f 6798 6858 6799
f 6799 6858 6859
f 6799 6859 6800
f 6800 6860 6861
f 6800 6861 6801
f 6800 6859 6860
f 6801 6861 6821
f 6802 6862 6863
f 6802 6863 6864
f 6802 6864 6858
f 6803 6805 6865
f 6803 6865 6806
f 6805 6866 6867
f 6805 6867 6868
f 6805 6868 6869
f 6805 6869 6870
f 6805 6870 6865
f 6806 6871 6872
f 6806 6872 6873
f 6806 6873 6807
f 6806 6865 6874
f 6806 6874 6871
f 6807 6873 6872
f 6807 6872 6808
f 6808 6815 6809
f 6808 6872 6875
f 6808 6875 6953
f 6808 6953 6876
f 6808 6876 6877
f 6808 6877 6878
f 6808 6878 6815
f 6809 6815 6814
f 6810 6812 6879
f 6812 6820 6879
f 6813 6880 6862
f 6813 6879 6880
f 6815 6881 6817
f 6815 6817 6816
f 6815 6878 6882
f 6815 6882 6956
f 6815 6956 6883
f 6815 6883 6961
f 6815 6961 6881
f 6817 6881 6884
f 6817 6884 6818
f 6818 6885 6886
f 6818 6886 6887
f 6818 6887 6888
f 6818 6888 6889
f 6818 6889 6819
f 6818 6884 6890
f 6818 6890 6891
f 6818 6891 6885
f 6819 6889 6820
f 6820 6888 6892
f 6820 6892 6893
f 6820 6893 6879
f 6820 6889 6888
f 6821 6861 6860
f 6821 6860 6894
f 6821 6894 6831
f 6822 6823 6895
f 6822 6895 6824
f 6823 6828 6895
f 6824 6895 6896
f 6824 6896 6825
f 6825 6897 6826
f 6825 6896 6897
f 6826 6898 6834
f 6826 6897 6899
f 6826 6899 6900
f 6826 6900 6901
f 6826 6901 6898
f 6828 6902 6895
f 6828 6830 6903
f 6828 6903 6904
f 6828 6904 6905
f 6828 6905 6906
f 6828 6906 6899
f 6828 6899 6907
f 6828 6907 6897
f 6828 6897 6902
f 6829 6833 6830
f 6830 6833 6908
f 6830 6908 6909
f 6830 6909 6903
f 6831 6910 6908
f 6831 6908 6832
f 6831 6894 6860
f 6831 6860 6859
f 6831 6859 6864
f 6831 6864 6911
f 6831 6911 6912
f 6831 6912 6913
f 6831 6913 6914
f 6831 6914 6915
f 6831 6915 6910
f 6832 6908 6833
f 6834 6898 6916
f 6834 6916 6917
f 6834 6917 6835
f 6835 6917 6918
f 6835 6918 6836
f 6836 6918 6919
f 6836 6919 6920
f 6836 6920 6921
f 6836 6921 6837
f 6837 6921 6922
f 6837 6922 6923
f 6837 6923 6927
f 6837 6927 6924
f 6837 6924 6838
f 6840 6841 6926
f 6840 6926 6925
f 6842 6927 6923
f 6842 6923 6922
f 6843 6928 6844
f 6844 6928 6929
f 6844 6929 6845
f 6845 6930 6846
f 6845 6929 6928
f 6845 6928 6930
f 6846 6930 6931
f 6846 6931 6932
f 6846 6932 6847
f 6847 6932 6933
f 6848 6934 6935
f 6848 6935 6849
f 6848 6933 6936
f 6848 6936 6937
f 6848 6937 6934
f 6849 6935 6938
f 6849 6938 6939
f 6849 6939 6850
f 6850 6939 6940
f 6850 6940 6941
f 6851 6941 6942
f 6851 6942 6852
f 6852 6943 6856
f 6852 6856 6853
f 6852 6942 6943
f 6855 6856 6857
f 6856 6943 6866
f 6856 6866 6857
f 6858 6864 6859
f 6862 6880 6863
f 6863 6880 6944
f 6863 6944 6911
f 6863 6911 6864
f 6865 6870 6874
f 6866 6945 6946
f 6866 6946 6947
f 6866 6947 6867
f 6866 6943 6948
f 6866 6948 6949
f 6866 6949 6950
f 6866 6950 6945
f 6867 6947 6951
f 6867 6951 6868
f 6868 6951 6869
f 6869 6951 6874
f 6869 6874 6870
f 6871 6874 6952
f 6871 6952 6953
f 6871 6953 6872
f 6872 6953 6875
f 6874 6951 6953
f 6874 6953 6952
f 6876 6953 6954
f 6876 6954 6877
f 6877 6954 6955
f 6877 6955 6878
f 6878 6955 6956
f 6878 6956 6882
f 6879 6893 6880
f 6880 6957 6944
f 6880 6893 6892
f 6880 6892 6957
f 6881 6958 6959
f 6881 6959 6960
f 6881 6960 6884
f 6881 6961 6962
f 6881 6962 6958
f 6883 6956 6963
f 6883 6963 6964
f 6883 6964 6961
f 6884 6960 6890
f 6885 6891 6965
f 6885 6965 6966
f 6885 6966 6967
f 6885 6967 6968
f 6885 6968 6886
f 6886 6968 6888
f 6886 6888 6887
f 6888 6968 6892
f 6890 6966 6891
f 6890 6960 6969
f 6890 6969 6970
f 6890 6970 6966
f 6891 6966 6965
f 6892 6968 6971
f 6892 6971 6944
f 6892 6944 6957
f 6895 6902 6896
f 6896 6902 6897
f 6897 6907 6899
f 6898 6972 6916
f 6898 6901 6972
f 6899 6906 6973
f 6899 6973 6974
f 6899 6974 6901
f 6899 6901 6900
f 6901 6975 6976
f 6901 6976 6977
f 6901 6977 6978
f 6901 6978 6979
f 6901 6979 6972
f 6901 6974 6980
f 6901 6980 6975
f 6903 6909 6981
f 6903 6981 6982
f 6903 6982 6983
f 6903 6983 6904
f 6904 6983 6974
f 6904 6974 6905
f 6905 6974 6973
f 6905 6973 6906
f 6908 6910 6909
f 6909 6910 6984
f 6909 6984 6985
f 6909 6985 6981
f 6910 6915 6986
f 6910 6986 6987
f 6910 6987 6988
f 6910 6988 6989
f 6910 6989 6984
f 6911 6944 6990
f 6911 6990 6991
f 6911 6991 6912
f 6912 6991 6990
f 6912 6990 6913
f 6913 6992 6993
f 6913 6993 6994
f 6913 6994 6995
f 6913 6995 6996
f 6913 6996 6997
f 6913 6997 6998
f 6913 6998 6914
f 6913 6990 6992
f 6914 6998 6999
f 6914 6999 6987
f 6914 6987 6915
f 6915 6987 6986
f 6916 7000 6978
f 6916 6978 6917
f 6916 6972 7000
f 6917 6919 6918
f 6919 7001 6920
f 6920 7001 7002
f 6920 7002 6921
f 6921 7002 6922
f 6925 6926 7003
f 6928 7004 7005
f 6928 7005 6930
f 6930 7006 6931
f 6930 7005 7004
f 6930 7004 7007
f 6930 7007 7008
f 6930 7008 7006
f 6931 7009 7010
f 6931 7010 7011
f 6931 7011 6937
f 6931 6937 6932
f 6931 7006 7009
f 6932 6937 6936
f 6932 6936 6933
f 6934 6937 7012
f 6934 7012 6935
f 6935 7012 6938
f 6937 7011 7012
f 6938 7012 7013
f 6938 7013 7014
f 6938 7014 6939
f 6939 7015 7016
f 6939 7016 6940
f 6939 7014 7017
f 6939 7017 7015
f 6940 7018 6942
f 6940 6942 6941
f 6940 7016 7019
f 6940 7019 7020
f 6940 7020 7021
f 6940 7021 7018
f 6942 7018 6943
f 6943 7018 7022
f 6943 7022 6948
f 6944 6971 7023
f 6944 7023 7024
f 6944 7024 6994
f 6944 6994 6993
f 6944 6993 6990
f 6945 7025 6951
f 6945 6951 6947
f 6945 6947 6946
f 6945 6950 6949
f 6945 6949 6948
f 6945 6948 7022
f 6945 7022 7025
f 6951 7025 7026
f 6951 7026 6953
f 6953 7026 7027
f 6953 7027 7028
f 6953 7028 6954
f 6954 7028 6956
f 6954 6956 6955
f 6956 7028 7029
f 6956 7029 7030
f 6956 7030 7031
f 6956 7031 6963
f 6958 6962 6959
f 6959 6969 6960
f 6959 6962 7032
f 6959 7032 7033
f 6959 7033 6969
f 6961 6964 6962
f 6962 6964 7032
f 6963 7031 6964
f 6964 7031 7032
f 6966 6970 7034
f 6966 7034 7035
f 6966 7035 7036
f 6966 7036 6967
f 6967 7037 6968
f 6967 7036 7037
f 6968 7037 7038
f 6968 7038 7039
f 6968 7039 7040
f 6968 7040 7041
f 6968 7041 6997
f 6968 6997 7023
f 6968 7023 6971
f 6969 7033 7035
f 6969 7035 6970
f 6970 7035 7034
f 6972 6979 7042
f 6972 7042 7000
f 6974 6983 7043
f 6974 7043 7044
f 6974 7044 7045
f 6974 7045 6980
f 6975 7046 7047
f 6975 7047 6976
f 6975 6980 7048
f 6975 7048 7046
f 6976 7047 7049
f 6976 7049 7050
f 6976 7050 6977
f 6977 7050 6978
f 6978 7000 6979
f 6979 7000 7042
f 6980 7045 7048
f 6981 6985 7051
f 6981 7051 7052
f 6981 7052 7053
f 6981 7053 6982
f 6982 7043 6983
f 6982 7053 7054
f 6982 7054 7043
f 6984 6989 7055
f 6984 7055 7056
f 6984 7056 7057
f 6984 7057 7058
f 6984 7058 7051
f 6984 7051 6985
f 6987 6999 6998
f 6987 6998 7055
f 6987 7055 6989
f 6987 6989 6988
f 6990 6993 6992
f 6994 7059 6997
f 6994 6997 6996
f 6994 6996 6995
f 6994 7024 7060
f 6994 7060 7059
f 6997 7041 7040
f 6997 7040 7061
f 6997 7061 7039
f 6997 7039 7062
f 6997 7062 7063
f 6997 7063 7064
f 6997 7064 7065
f 6997 7065 7066
f 6997 7066 7055
f 6997 7055 6998
f 6997 7059 7067
f 6997 7067 7023
f 7006 7008 7069
f 7006 7069 7009
f 7008 7070 7071
f 7008 7071 7069
f 7009 7069 7071
f 7009 7071 7072
f 7009 7072 7010
f 7010 7073 7074
f 7010 7074 7075
f 7010 7075 7014
f 7010 7014 7013
f 7010 7013 7076
f 7010 7076 7011
f 7010 7072 7077
f 7010 7077 7073
f 7011 7076 7012
f 7012 7076 7013
f 7014 7075 7078
f 7014 7078 7079
f 7014 7079 7080
f 7014 7080 7017
f 7015 7019 7016
f 7015 7017 7082
f 7015 7082 7019
f 7017 7080 7079
f 7017 7079 7081
f 7017 7081 7082
f 7018 7021 7027
f 7018 7027 7022
f 7019 7082 7020
f 7020 7082 7083
f 7020 7083 7084
f 7020 7084 7021
f 7021 7084 7085
f 7021 7085 7086
f 7021 7086 7087
f 7021 7087 7027
f 7022 7027 7025
f 7023 7067 7059
f 7023 7059 7060
f 7023 7060 7024
f 7025 7027 7026
f 7027 7087 7086
f 7027 7086 7029
f 7027 7029 7028
f 7029 7086 7030
f 7030 7086 7031
f 7031 7086 7088
f 7031 7088 7089
f 7031 7089 7090
f 7031 7090 7091
f 7031 7091 7092
f 7031 7092 7032
f 7032 7092 7093
f 7032 7093 7094
f 7032 7094 7095
f 7032 7095 7033
f 7033 7095 7035
f 7035 7096 7036
f 7035 7095 7094
f 7035 7094 7097
f 7035 7097 7096
f 7036 7096 7098
f 7036 7098 7099
f 7036 7099 7037
f 7037 7099 7100
f 7037 7100 7038
f 7038 7100 7039
f 7039 7100 7101
f 7039 7101 7102
f 7039 7102 7062
f 7039 7061 7040
f 7043 7054 7103
f 7043 7103 7044
f 7044 7103 7104
f 7044 7104 7105
f 7044 7105 7045
f 7045 7105 7106
f 7045 7106 7107
f 7045 7107 7108
f 7045 7108 7048
f 7046 7109 7047
f 7046 7048 7109
f 7048 7108 7109
f 7051 7058 7052
f 7052 7054 7053
f 7052 7058 7104
f 7052 7104 7103
f 7052 7103 7054
f 7055 7066 7065
f 7055 7065 7056
f 7056 7110 7057
f 7056 7065 7110
f 7057 7110 7111
f 7057 7111 7104
f 7057 7104 7058
f 7062 7102 7112
f 7062 7112 7063
f 7063 7113 7065
f 7063 7065 7064
f 7063 7112 7113
f 7065 7114 7115
f 7065 7115 7116
f 7065 7116 7117
f 7065 7117 7110
f 7065 7113 7114
f 7068 7118 7119
f 7068 7119 7120
f 7070 7121 7122
f 7070 7122 7071
f 7071 7122 7123
f 7071 7123 7072
f 7072 7123 7124
f 7072 7124 7077
f 7073 7077 7124
f 7073 7124 7125
f 7073 7125 7074
f 7074 7078 7075
f 7074 7125 7126
f 7074 7126 7127
f 7074 7127 7128
f 7074 7128 7129
f 7074 7129 7130
f 7074 7130 7078
f 7078 7130 7079
f 7079 7130 7131
f 7079 7131 7132
f 7079 7132 7133
f 7079 7133 7081
f 7081 7133 7083
f 7081 7083 7082
f 7083 7133 7134
f 7083 7134 7084
f 7084 7134 7085
f 7085 7134 7086
f 7086 7089 7088
f 7086 7134 7135
f 7086 7135 7089
f 7089 7136 7137
f 7089 7137 7138
f 7089 7138 7090
f 7089 7135 7139
f 7089 7139 7140
f 7089 7140 7136
f 7090 7138 7091
f 7091 7138 7141
f 7091 7141 7142
f 7091 7142 7094
f 7091 7094 7093
f 7091 7093 7092
f 7094 7143 7144
f 7094 7144 7097
f 7094 7142 7141
f 7094 7141 7145
f 7094 7145 7143
f 7096 7097 7144
f 7096 7144 7098
f 7098 7144 7146
f 7098 7146 7099
f 7099 7147 7148
f 7099 7148 7149
f 7099 7149 7100
f 7099 7146 7150
f 7099 7150 7147
f 7100 7149 7151
f 7100 7151 7101
f 7101 7151 7152
f 7101 7152 7153
f 7101 7153 7102
f 7102 7154 7112
f 7102 7153 7154
f 7104 7111 7105
f 7105 7111 7106
f 7106 7111 7155
f 7106 7155 7107
f 7110 7117 7156
f 7110 7156 7157
f 7110 7157 7158
f 7110 7158 7111
f 7111 7158 7159
f 7111 7159 7155
f 7112 7160 7161
f 7112 7161 7162
f 7112 7162 7115
f 7112 7115 7114
f 7112 7114 7113
f 7112 7154 7153
f 7112 7153 7160
f 7115 7162 7163
f 7115 7163 7116
f 7116 7163 7117
f 7117 7164 7165
f 7117 7165 7156
f 7117 7163 7166
f 7117 7166 7164
f 7118 7167 7119
f 7118 7168 7167
f 7119 7169 7170
f 7119 7170 7171
f 7119 7171 7172
f 7119 7172 7173
f 7119 7173 7174
f 7119 7174 7175
f 7119 7175 7176
f 7119 7176 7120
f 7119 7167 7177
f 7119 7177 7178
f 7119 7178 7169
f 7121 7179 7122
f 7122 7180 7181
f 7122 7181 7182
f 7122 7182 7123
f 7122 7179 7180
f 7123 7182 7125
f 7123 7125 7124
f 7125 7182 7126
f 7126 7183 7127
f 7126 7182 7183
f 7127 7183 7184
f 7127 7184 7185
f 7127 7185 7186
f 7127 7186 7128
f 7128 7186 7187
f 7128 7187 7129
f 7129 7187 7188
f 7129 7188 7189
f 7129 7189 7190
f 7129 7190 7191
f 7129 7191 7130
f 7130 7191 7190
f 7130 7190 7192
f 7130 7192 7193
f 7130 7193 7131
f 7131 7193 7132
f 7132 7193 7133
f 7133 7193 7194
f 7133 7194 7134
f 7134 7194 7135
f 7135 7194 7195
f 7135 7195 7196
f 7135 7196 7139
f 7136 7140 7139
f 7136 7139 7197
f 7136 7197 7198
f 7136 7198 7199
f 7136 7199 7141
f 7136 7141 7138
f 7136 7138 7137
f 7139 7200 7201
f 7139 7201 7202
f 7139 7202 7198
f 7139 7198 7197
f 7139 7196 7203
f 7139 7203 7200
f 7141 7199 7204
f 7141 7204 7145
f 7143 7205 7206
f 7143 7206 7144
f 7143 7145 7205
f 7144 7206 7207
f 7144 7207 7208
f 7144 7208 7209
f 7144 7209 7150
f 7144 7150 7146
f 7145 7210 7205
f 7145 7204 7198
f 7145 7198 7211
f 7145 7211 7212
f 7145 7212 7213
f 7145 7213 7210
f 7147 7150 7209
f 7147 7209 7148
f 7148 7209 7214
f 7148 7214 7215
f 7148 7215 7152
f 7148 7152 7151
f 7148 7151 7149
f 7152 7216 7217
f 7152 7217 7218
f 7152 7218 7219
f 7152 7219 7153
f 7152 7215 7220
f 7152 7220 7221
f 7152 7221 7216
f 7153 7219 7222
f 7153 7222 7223
f 7153 7223 7160
f 7160 7223 7224
f 7160 7224 7162
f 7160 7162 7161
f 7162 7224 7163
f 7163 7224 7166
f 7167 7168 7225
f 7167 7225 7177
f 7169 7226 7227
f 7169 7227 7228
f 7169 7228 7229
f 7169 7229 7230
f 7169 7230 7171
f 7169 7171 7170
f 7169 7178 7231
f 7169 7231 7226
f 7171 7230 7232
f 7171 7232 7233
f 7171 7233 7234
f 7171 7234 7172
f 7172 7234 7235
f 7172 7235 7173
f 7173 7235 7213
f 7173 7213 7236
f 7173 7236 7200
f 7173 7200 7237
f 7173 7237 7238
f 7173 7238 7239
f 7173 7239 7240
f 7173 7240 7241
f 7173 7241 7175
f 7173 7175 7174
f 7175 7242 7243
f 7175 7243 7244
f 7175 7244 7245
f 7175 7245 7246
f 7175 7246 7247
f 7175 7247 7248
f 7175 7248 7249
f 7175 7249 7176
f 7175 7241 7250
f 7175 7250 7251
f 7175 7251 7240
f 7175 7240 7242
f 7177 7225 7252
f 7177 7252 7178
f 7178 7252 7253
f 7178 7253 7254
f 7178 7254 7255
f 7178 7255 7256
f 7178 7256 7257
f 7178 7257 7258
f 7178 7258 7259
f 7178 7259 7231
f 7179 7260 7184
f 7179 7184 7180
f 7180 7184 7183
f 7180 7183 7181
f 7181 7183 7182
f 7184 7261 7262
f 7184 7262 7263
f 7184 7263 7187
f 7184 7187 7185
f 7184 7260 7264
f 7184 7264 7261
f 7185 7187 7186
f 7187 7263 7262
f 7187 7262 7265
f 7187 7265 7266
f 7187 7266 7267
f 7187 7267 7188
f 7188 7267 7268
f 7188 7268 7189
f 7189 7268 7266
f 7189 7266 7269
f 7189 7269 7270
f 7189 7270 7271
f 7189 7271 7190
f 7190 7271 7270
f 7190 7270 7272
f 7190 7272 7273
f 7190 7273 7238
f 7190 7238 7274
f 7190 7274 7275
f 7190 7275 7276
f 7190 7276 7192
f 7192 7276 7277
f 7192 7277 7278
f 7192 7278 7193
f 7193 7278 7196
f 7193 7196 7195
f 7193 7195 7194
f 7196 7278 7277
f 7196 7277 7276
f 7196 7276 7203
f 7198 7202 7279
f 7198 7279 7211
f 7198 7204 7199
f 7200 7280 7237
f 7200 7236 7281
f 7200 7281 7282
f 7200 7282 7283
f 7200 7283 7201
f 7200 7203 7284
f 7200 7284 7274
f 7200 7274 7280
f 7201 7283 7285
f 7201 7285 7202
f 7202 7285 7279
f 7203 7276 7286
f 7203 7286 7284
f 7205 7210 7287
f 7205 7287 7288
f 7205 7288 7289
f 7205 7289 7207
f 7205 7207 7206
f 7207 7290 7208
f 7207 7289 7290
f 7208 7290 7291
f 7208 7291 7209
f 7209 7291 7292
f 7209 7292 7214
f 7210 7293 7287
f 7210 7213 7293
f 7211 7279 7212
f 7212 7279 7285
f 7212 7285 7282
f 7212 7282 7281
f 7212 7281 7213
f 7213 7281 7236
f 7213 7235 7234
f 7213 7234 7294
f 7213 7294 7233
f 7213 7233 7288
f 7213 7288 7287
f 7213 7287 7293
f 7214 7292 7215
f 7215 7292 7291
f 7215 7291 7295
f 7215 7295 7296
f 7215 7296 7220
f 7216 7297 7298
f 7216 7298 7299
f 7216 7299 7218
f 7216 7218 7217
f 7216 7221 7300
f 7216 7300 7297
f 7218 7299 7301
f 7218 7301 7302
f 7218 7302 7303
f 7218 7303 7304
f 7218 7304 7223
f 7218 7223 7222
f 7218 7222 7219
f 7220 7296 7305
f 7220 7305 7221
f 7221 7305 7306
f 7221 7306 7300
f 7223 7304 7303
f 7223 7303 7224
f 7226 7231 7227
f 7227 7231 7259
f 7227 7259 7228
f 7228 7288 7229
f 7228 7259 7288
f 7229 7307 7232
f 7229 7232 7230
f 7229 7288 7307
f 7232 7307 7288
f 7232 7288 7308
f 7232 7308 7233
f 7233 7294 7234
f 7233 7308 7288
f 7237 7280 7238
f 7238 7273 7239
f 7238 7280 7274
f 7239 7273 7272
f 7239 7272 7270
f 7239 7270 7309
f 7239 7309 7240
f 7240 7310 7242
f 7240 7251 7250
f 7240 7250 7241
f 7240 7309 7311
f 7240 7311 7266
f 7240 7266 7262
f 7240 7262 7310
f 7242 7310 7312
f 7242 7312 7243
f 7243 7312 7313
f 7243 7313 7244
f 7255 7314 7256
f 7256 7314 7305
f 7256 7305 7257
f 7257 7315 7258
f 7257 7305 7315
f 7258 7315 7316
f 7258 7316 7259
f 7259 7316 7288
f 7261 7317 7262
f 7262 7317 7318
f 7262 7318 7319
f 7262 7319 7313
f 7262 7313 7312
f 7262 7312 7310
f 7262 7266 7265
f 7266 7311 7270
f 7266 7270 7269
f 7266 7268 7267
f 7270 7311 7309
f 7274 7284 7275
f 7275 7284 7276
f 7276 7284 7286
f 7282 7285 7283
f 7288 7316 7320
f 7288 7320 7289
f 7289 7320 7321
f 7289 7321 7290
f 7290 7321 7322
f 7290 7322 7323
f 7290 7323 7291
f 7291 7323 7295
f 7295 7323 7322
f 7295 7322 7296
f 7296 7322 7324
f 7296 7324 7325
f 7296 7325 7326
f 7296 7326 7315
f 7296 7315 7305
f 7297 7327 7298
f 7297 7300 7327
f 7300 7306 7328
f 7300 7328 7329
f 7300 7329 7330
f 7300 7330 7327
f 7305 7331 7332
f 7305 7332 7328
f 7305 7328 7306
f 7305 7314 7331
f 7315 7326 7333
f 7315 7333 7316
f 7316 7333 7324
f 7316 7324 7320
f 7320 7324 7321
f 7321 7324 7322
f 7324 7333 7325
f 7325 7333 7326
o convex_9
v 0.836238 -0.489576 0.163132
v 0.828104 -0.489576 0.145386
v 0.836157 -0.489576 0.165186
v 0.808212 -0.541606 0.178064
v 0.80797 -0.541466 0.162853
v 0.805554 -0.538022 0.152003
v 0.826413 -0.489576 0.142648
v 0.832372 -0.489576 0.181867
v 0.827299 -0.503677 0.177988
v 0.803461 -0.534346 0.190842
v 0.799917 -0.547237 0.18349
v 0.746523 -0.61225 0.191171
v 0.76867 -0.596986 0.176467
v 0.786226 -0.575671 0.173679
v 0.786226 -0.575671 0.170281
v 0.801769 -0.551053 0.162853
v 0.789045 -0.56036 0.148834
v 0.795005 -0.545654 0.144042
v 0.801044 -0.530716 0.139225
v 0.805071 -0.517918 0.133724
v 0.821258 -0.493718 0.13849
v 0.815863 -0.489576 0.128324
v 0.83205 -0.489576 0.182349
v 0.831003 -0.489576 0.18387
v 0.822628 -0.496045 0.190766
v 0.824238 -0.489576 0.191653
v 0.806199 -0.521548 0.192439
v 0.789931 -0.54612 0.193174
v 0.786226 -0.556591 0.191957
v 0.732671 -0.622768 0.193047
v 0.728564 -0.632866 0.191856
v 0.731624 -0.640359 0.180169
v 0.728161 -0.651621 0.172563
v 0.742577 -0.623885 0.183693
v 0.751033 -0.618207 0.178394
v 0.768348 -0.596567 0.162853
v 0.784294 -0.573158 0.157504
v 0.791219 -0.566178 0.163487
v 0.728161 -0.651621 0.172183
v 0.744268 -0.628445 0.162853
v 0.751516 -0.618859 0.162853
v 0.766737 -0.594473 0.152814
v 0.769958 -0.582931 0.145335
v 0.766898 -0.575485 0.133597
v 0.783971 -0.553287 0.136056
v 0.799273 -0.507819 0.120845
v 0.803058 -0.495393 0.116789
v 0.811836 -0.489576 0.123203
v 0.813527 -0.489576 0.12518
v 0.78824 -0.540535 0.13124
v 0.793716 -0.524666 0.126093
v 0.786387 -0.518569 0.114178
v 0.815379 -0.489576 0.194416
v 0.809662 -0.507819 0.193504
v 0.796293 -0.527551 0.194416
v 0.775999 -0.54612 0.196318
v 0.775193 -0.563897 0.193554
v 0.739114 -0.604944 0.194645
v 0.718497 -0.622768 0.195912
v 0.716887 -0.640359 0.192921
v 0.722202 -0.645664 0.18534
v 0.709478 -0.65204 0.191856
v 0.703035 -0.664792 0.185493
v 0.709155 -0.670888 0.172715
v 0.72639 -0.649527 0.159405
v 0.733396 -0.642639 0.164628
v 0.709155 -0.670888 0.171625
v 0.707625 -0.669306 0.158848
v 0.749181 -0.615741 0.150608
v 0.770361 -0.565293 0.129921
v 0.744188 -0.609365 0.137831
v 0.749181 -0.596567 0.131975
v 0.75506 -0.582094 0.126397
v 0.748053 -0.575951 0.114152
v 0.761261 -0.565293 0.120338
v 0.796051 -0.489576 0.106243
v 0.789689 -0.507819 0.110857
v 0.783891 -0.495393 0.0975216
v 0.765126 -0.553705 0.116282
v 0.782119 -0.531367 0.118462
v 0.769395 -0.540954 0.112023
v 0.77471 -0.524992 0.106699
v 0.748053 -0.518569 0.0758457
v 0.815138 -0.489576 0.194467
v 0.795166 -0.507819 0.196698
v 0.775999 -0.526993 0.197687
v 0.756831 -0.565293 0.196977
v 0.718497 -0.603641 0.197636
v 0.661077 -0.680289 0.195912
v 0.737664 -0.584467 0.197357
v 0.678633 -0.67866 0.192921
v 0.690311 -0.671214 0.191856
v 0.683948 -0.683965 0.185493
v 0.670821 -0.709189 0.172715
v 0.731544 -0.636776 0.14891
v 0.713585 -0.656554 0.147515
v 0.670821 -0.709189 0.17165
v 0.688539 -0.688572 0.158848
v 0.67517 -0.69439 0.143713
v 0.684754 -0.68471 0.143713
v 0.694176 -0.675123 0.143713
v 0.726309 -0.630121 0.136132
v 0.731383 -0.617323 0.130656
v 0.737262 -0.603082 0.124927
v 0.74306 -0.588702 0.119197
v 0.730336 -0.5968 0.112758
v 0.723893 -0.588702 0.0999807
v 0.728886 -0.575951 0.0950117
v 0.742094 -0.565293 0.100995
v 0.751677 -0.565293 0.110578
v 0.775193 -0.489576 0.0853273
v 0.760939 -0.507819 0.0821076
v 0.764724 -0.495393 0.0783556
v 0.745959 -0.553705 0.0971159
v 0.750228 -0.540954 0.0928822
v 0.755543 -0.524992 0.0875583
v 0.743785 -0.531367 0.0801048
v 0.726631 -0.553659 0.0780006
v 0.73098 -0.540861 0.0739444
v 0.736054 -0.524573 0.0684937
v 0.728403 -0.517825 0.0572628
v 0.741047 -0.507819 0.0631698
v 0.751355 -0.507819 0.0727275
v 0.795166 -0.489576 0.197611
v 0.794199 -0.489576 0.197661
v 0.756831 -0.54612 0.197966
v 0.661077 -0.661115 0.197636
v 0.737664 -0.565293 0.197991
v 0.64191 -0.680289 0.197636
v 0.603576 -0.718589 0.197636
v 0.64191 -0.699416 0.195912
v 0.659466 -0.697833 0.192921
v 0.651977 -0.709514 0.191856
v 0.664781 -0.703139 0.185467
v 0.645614 -0.722312 0.185315
v 0.651493 -0.728176 0.172538
v 0.690552 -0.671493 0.133344
v 0.708431 -0.650877 0.134738
v 0.669211 -0.707699 0.158873
v 0.651493 -0.728176 0.172259
v 0.671627 -0.690806 0.133065
v 0.656486 -0.713517 0.147059
v 0.69474 -0.661115 0.129034
v 0.719383 -0.623838 0.123634
v 0.707303 -0.630307 0.116586
v 0.712457 -0.617556 0.111516
v 0.718175 -0.603129 0.105736
v 0.711088 -0.596753 0.0937695
v 0.716565 -0.581954 0.0880146
v 0.709155 -0.575159 0.0764288
v 0.722363 -0.565293 0.0818541
v 0.73251 -0.565293 0.0914371
v 0.757959 -0.489576 0.0684937
v 0.71278 -0.565293 0.0732599
v 0.7189 -0.546632 0.0667698
v 0.723893 -0.530576 0.0611924
v 0.736698 -0.489576 0.0489981
v 0.745074 -0.494788 0.0594431
v 0.691035 -0.538255 0.0372602
v 0.717128 -0.489576 0.0321898
v 0.755221 -0.489576 0.0659078
v 0.775999 -0.507819 0.197737
v 0.775999 -0.489576 0.197053
v 0.0863074 -0.929313 0.197585
v 0.105394 -0.929313 0.197864
v 0.661077 -0.641941 0.197991
v 0.201229 -0.910139 0.197991
v 0.622743 -0.680289 0.197991
v 0.622743 -0.718589 0.195887
v 0.584409 -0.718589 0.197991
v 0.565242 -0.737716 0.197991
v 0.546075 -0.75689 0.197966
v 0.584409 -0.737716 0.197357
v 0.640299 -0.716961 0.192921
v 0.632809 -0.728595 0.191856
v 0.612515 -0.746838 0.191349
v 0.617991 -0.75098 0.178571
v 0.59673 -0.768525 0.176543
v 0.575469 -0.786116 0.173526
v 0.684995 -0.661115 0.119451
v 0.689344 -0.651016 0.115369
v 0.677747 -0.677729 0.126803
v 0.671063 -0.671167 0.114533
v 0.649238 -0.726315 0.159482
v 0.575469 -0.786116 0.170687
v 0.618636 -0.751445 0.162853
v 0.628219 -0.744092 0.162853
v 0.642474 -0.733249 0.164653
v 0.664298 -0.683965 0.120288
v 0.643923 -0.720265 0.14138
v 0.651332 -0.708863 0.134282
v 0.597697 -0.750375 0.130707
v 0.624756 -0.720265 0.122671
v 0.63136 -0.708165 0.11575
v 0.651493 -0.689875 0.114913
v 0.636514 -0.731434 0.148479
v 0.703921 -0.587957 0.0809922
v 0.691196 -0.595683 0.0754401
v 0.686203 -0.551053 0.0413419
v 0.670821 -0.594333 0.0573135
v 0.66156 -0.585584 0.0437503
v 0.673399 -0.559197 0.0360433
v 0.706498 -0.552356 0.0595952
v 0.711088 -0.539605 0.0555896
v 0.67058 -0.53644 0.019235
v 0.701666 -0.489576 0.019666
v 0.775032 -0.489576 0.196901
v 0.0135049 -0.927638 0.194239
v 0.0671404 -0.929313 0.196876
v 0.0135049 -0.945601 0.19467
v 0.105394 -0.945601 0.19467
v 0.124561 -0.929313 0.197687
v 0.220396 -0.910139 0.197763
v 0.392819 -0.852665 0.19794
v 0.450239 -0.814364 0.197991
v 0.565242 -0.75689 0.197002
v 0.546075 -0.776017 0.196368
v 0.605106 -0.739345 0.19467
v 0.622743 -0.732923 0.193047
v 0.488574 -0.795191 0.197991
v 0.526908 -0.776017 0.197687
v 0.599791 -0.750933 0.192921
v 0.556705 -0.786349 0.192008
v 0.534961 -0.803754 0.190943
v 0.541323 -0.808128 0.178166
v 0.518854 -0.824882 0.174439
v 0.675412 -0.661115 0.11073
v 0.674768 -0.637195 0.0921723
v 0.669291 -0.649946 0.0969638
v 0.659144 -0.67866 0.111364
v 0.650366 -0.669631 0.0966343
v 0.648836 -0.648782 0.0787612
v 0.654715 -0.635985 0.0738176
v 0.615575 -0.749118 0.150203
v 0.518854 -0.824882 0.169597
v 0.550826 -0.801473 0.162853
v 0.566047 -0.790956 0.163715
v 0.572973 -0.784254 0.15791
v 0.582879 -0.77853 0.163715
v 0.596328 -0.768199 0.162853
v 0.594314 -0.76671 0.152789
v 0.630877 -0.726966 0.135727
v 0.577241 -0.768385 0.131848
v 0.569993 -0.762475 0.119071
v 0.610904 -0.726315 0.116814
v 0.557269 -0.748606 0.0945301
v 0.577644 -0.730457 0.0936174
v 0.64191 -0.694064 0.111161
v 0.630555 -0.688293 0.0971667
v 0.616783 -0.673913 0.0737415
v 0.637642 -0.675542 0.0915385
v 0.556544 -0.786255 0.133192
v 0.652862 -0.61481 0.0563248
v 0.659949 -0.601872 0.0533586
v 0.650366 -0.592704 0.0392123
v 0.65552 -0.579953 0.0351307
v 0.663734 -0.489576 -0.00948861
v 0.679841 -0.489576 0.00273099
v 0.680888 -0.490507 0.00399858
v 0.698606 -0.489576 0.0172069
v 0.65254 -0.55701 0.0183731
v 0.612998 -0.574741 9.43971e-05
v 0.630957 -0.554031 0.000981712
v 0.632165 -0.51722 -0.0190716
v 0.761341 -0.489576 0.193884
v 0.0135049 -0.923729 0.192768
v 0.0135049 -0.941739 0.194594
v 0.0135049 -0.953234 0.19036
v 0.105394 -0.955188 0.189245
v 0.124561 -0.945136 0.194518
v 0.143728 -0.929313 0.197129
v 0.220396 -0.926428 0.194568
v 0.239563 -0.910139 0.19685
v 0.373732 -0.871839 0.196546
v 0.411986 -0.852665 0.197129
v 0.431072 -0.833492 0.197814
v 0.507741 -0.795191 0.197205
v 0.488574 -0.814364 0.19609
v 0.527955 -0.796494 0.194594
v 0.546075 -0.790165 0.193199
v 0.563953 -0.775273 0.193605
v 0.469407 -0.814364 0.197535
v 0.522237 -0.807105 0.192692
v 0.498801 -0.824324 0.19183
v 0.439045 -0.861321 0.190994
v 0.482695 -0.845312 0.176569
v 0.4231 -0.882263 0.174211
v 0.629588 -0.668049 0.0787612
v 0.643198 -0.662465 0.0851499
v 0.628058 -0.647293 0.0608881
v 0.63442 -0.634495 0.0557924
v 0.647144 -0.627608 0.0610656
v 0.482131 -0.84494 0.162853
v 0.491714 -0.839169 0.162853
v 0.479393 -0.843358 0.152738
v 0.515391 -0.822695 0.15682
v 0.525941 -0.818134 0.163081
v 0.541243 -0.808035 0.162853
v 0.4231 -0.882263 0.169394
v 0.559765 -0.788443 0.143713
v 0.563309 -0.774481 0.126144
v 0.557269 -0.76778 0.11362
v 0.577724 -0.749677 0.112555
v 0.563631 -0.75554 0.106699
v 0.546075 -0.762242 0.100006
v 0.546075 -0.752655 0.090778
v 0.546075 -0.742091 0.081195
v 0.556383 -0.728735 0.07615
v 0.569188 -0.723429 0.0808401
v 0.576677 -0.710678 0.0751866
v 0.583523 -0.717845 0.0868738
v 0.597697 -0.71226 0.0929075
v 0.610502 -0.706676 0.0978765
v 0.596811 -0.692295 0.0744514
v 0.60269 -0.679544 0.0677331
v 0.608649 -0.66642 0.0610149
v 0.595845 -0.672331 0.0560713
v 0.545028 -0.798402 0.144144
v 0.533753 -0.803102 0.138059
v 0.521029 -0.806965 0.130961
v 0.513136 -0.802032 0.118183
v 0.546075 -0.789653 0.129059
v 0.535605 -0.785046 0.115547
v 0.546075 -0.781416 0.119476
v 0.639735 -0.620394 0.0496573
v 0.632326 -0.613227 0.038325
v 0.645856 -0.603641 0.0428883
v 0.661479 -0.489576 -0.0111618
v 0.681291 -0.489576 0.00384647
v 0.685076 -0.489576 0.00676193
v 0.63442 -0.57744 0.0175618
v 0.581107 -0.60029 -0.00375909
v 0.585375 -0.585398 -0.0101478
v 0.567094 -0.528808 -0.0550459
v 0.574664 -0.51722 -0.0573783
v 0.597053 -0.521082 -0.0403418
v 0.618555 -0.526993 -0.0227476
v 0.61622 -0.597265 0.0170294
v 0.603576 -0.603641 0.012821
v 0.586261 -0.605456 0.00265493
v 0.555497 -0.632261 9.43971e-05
v 0.628944 -0.489576 -0.0349165
v 0.642474 -0.489576 -0.0252575
v 0.760617 -0.489576 0.193554
v 0.0135049 -0.884497 0.1698
v 0.0135049 -0.894084 0.17705
v 0.0135049 -0.911722 0.187521
v 0.0135049 -0.916143 0.189549
v 0.0135049 -0.955188 0.189245
v 0.105394 -0.962402 0.179662
v 0.124561 -0.962169 0.179256
v 0.124561 -0.954723 0.188839
v 0.0135049 -0.960959 0.181639
v 0.143728 -0.943554 0.19396
v 0.239563 -0.923822 0.193656
v 0.387906 -0.883194 0.19254
v 0.373732 -0.884637 0.193352
v 0.393705 -0.873235 0.194695
v 0.192129 -0.938993 0.191653
v 0.411986 -0.86793 0.193935
v 0.432039 -0.854015 0.194619
v 0.450239 -0.833492 0.196698
v 0.50621 -0.813852 0.193656
v 0.450239 -0.848151 0.193529
v 0.426321 -0.864253 0.192616
v 0.400711 -0.880588 0.191095
v 0.411986 -0.885102 0.178166
v 0.446535 -0.865742 0.178217
v 0.385007 -0.90139 0.174059
v 0.615253 -0.653669 0.0557924
v 0.625964 -0.625979 0.0430151
v 0.446938 -0.866022 0.162853
v 0.419878 -0.880355 0.156617
v 0.497593 -0.823579 0.134814
v 0.502586 -0.826697 0.147591
v 0.443233 -0.863788 0.150152
v 0.538021 -0.805755 0.150837
v 0.385007 -0.90139 0.167214
v 0.391933 -0.896876 0.161636
v 0.382188 -0.900366 0.154462
v 0.412872 -0.886033 0.162955
v 0.546075 -0.771829 0.109589
v 0.535605 -0.765872 0.0963554
v 0.5348 -0.74614 0.0776204
v 0.57555 -0.69048 0.0570093
v 0.546075 -0.732504 0.0730317
v 0.533028 -0.72557 0.0595698
v 0.547202 -0.718962 0.0627388
v 0.55437 -0.708025 0.0582769
v 0.589482 -0.705093 0.0801302
v 0.582879 -0.679358 0.0529784
v 0.584409 -0.665164 0.0426348
v 0.593992 -0.651528 0.038325
v 0.601321 -0.658974 0.0495305
v 0.461353 -0.844009 0.132811
v 0.484788 -0.827395 0.129287
v 0.507177 -0.810502 0.124572
v 0.490184 -0.819902 0.123558
v 0.476574 -0.822648 0.11651
v 0.500331 -0.806081 0.113468
v 0.522881 -0.789234 0.111262
v 0.513297 -0.782905 0.098485
v 0.529243 -0.777599 0.103809
v 0.603576 -0.622814 0.0255477
v 0.597214 -0.616392 0.0170294
v 0.606797 -0.645153 0.0430151
v 0.578047 -0.635566 0.0170294
v 0.56194 -0.619464 -0.00375909
v 0.566208 -0.604571 -0.0101478
v 0.555497 -0.53644 -0.0574036
v 0.52876 -0.567155 -0.0550459
v 0.517244 -0.574741 -0.0574036
v 0.561376 -0.523782 -0.0610036
v 0.561698 -0.523456 -0.0610036
v 0.57104 -0.513636 -0.0610036
v 0.578691 -0.503538 -0.0610036
v 0.58755 -0.491252 -0.0610036
v 0.592059 -0.49558 -0.0562374
v 0.618555 -0.489576 -0.0418122
v 0.628219 -0.489576 -0.0353982
v 0.584409 -0.622814 0.012821
v 0.567094 -0.624629 0.00265493
v 0.547927 -0.643198 0.00328873
v 0.535203 -0.650458 0.000804246
v 0.542773 -0.63766 -0.00358162
v 0.531337 -0.627887 -0.016359
v 0.538504 -0.615136 -0.0203646
v 0.551309 -0.608806 -0.0165364
v 0.571282 -0.648364 0.0213139
v 0.751275 -0.489576 0.189016
v 0.0135049 -0.882263 0.167848
v 0.105394 -0.964961 0.162853
v 0.0135049 -0.962402 0.179662
v 0.0479734 -0.965008 0.162853
v 0.124561 -0.964496 0.162853
v 0.143728 -0.960912 0.177431
v 0.143728 -0.95314 0.187014
v 0.204934 -0.937643 0.190791
v 0.220396 -0.936015 0.189397
v 0.254623 -0.921402 0.192515
v 0.239563 -0.933408 0.18638
v 0.373732 -0.894223 0.185493
v 0.239563 -0.941366 0.176797
v 0.251724 -0.939691 0.173983
v 0.326459 -0.920099 0.154766
v 0.407073 -0.884171 0.148986
v 0.474158 -0.840193 0.139986
v 0.437435 -0.860577 0.137375
v 0.449837 -0.856574 0.143738
v 0.326459 -0.920099 0.152713
v 0.386296 -0.882822 0.132609
v 0.392738 -0.887615 0.143028
v 0.500493 -0.787186 0.0942765
v 0.522881 -0.770153 0.0922991
v 0.52884 -0.758147 0.0849471
v 0.520223 -0.730177 0.0557417
v 0.512492 -0.763219 0.0795218
v 0.499687 -0.767454 0.0757697
v 0.506774 -0.756844 0.0706993
v 0.469407 -0.724918 0.021973
v 0.496466 -0.727013 0.0392884
v 0.48197 -0.711097 0.0174097
v 0.560732 -0.674518 0.0352828
v 0.573537 -0.669678 0.0391362
v 0.494694 -0.706443 0.0212378
v 0.525619 -0.717612 0.0487193
v 0.530934 -0.704861 0.0416714
v 0.539471 -0.692063 0.0365504
v 0.584409 -0.655577 0.0351307
v 0.42471 -0.863974 0.132228
v 0.476816 -0.803707 0.0968624
v 0.488574 -0.809618 0.109868
v 0.463769 -0.826045 0.112834
v 0.488574 -0.800356 0.100285
v 0.506855 -0.794586 0.105989
v 0.521431 -0.59787 -0.0407474
v 0.507902 -0.604013 -0.0443474
v 0.509593 -0.585817 -0.0547163
v 0.504197 -0.580139 -0.0610036
v 0.513781 -0.571297 -0.0610036
v 0.523606 -0.561989 -0.0607754
v 0.542209 -0.542955 -0.0610036
v 0.588677 -0.489576 -0.0610036
v 0.602207 -0.489576 -0.0524347
v 0.522398 -0.655344 -0.00289712
v 0.498399 -0.651668 -0.0192744
v 0.558477 -0.653715 0.0174097
v 0.550101 -0.666513 0.0225054
v 0.528035 -0.661487 0.00526617
v 0.501137 -0.672889 -0.00175629
v 0.518613 -0.633471 -0.0198322
v 0.52578 -0.622023 -0.0231533
v 0.736779 -0.489576 0.180422
v 0.0135049 -0.622675 -0.0610036
v 0.0135049 -0.873607 0.160242
v 0.105394 -0.960633 0.148175
v 0.124561 -0.960447 0.148758
v 0.0135049 -0.964449 0.166301
v 0.0288063 -0.965008 0.162853
v 0.143728 -0.959284 0.151065
v 0.143728 -0.962122 0.162853
v 0.159593 -0.95933 0.174819
v 0.220396 -0.943647 0.179814
v 0.220396 -0.946765 0.162853
v 0.239563 -0.942483 0.162853
v 0.399101 -0.879843 0.136209
v 0.249227 -0.9389 0.153245
v 0.316231 -0.921402 0.150634
v 0.297064 -0.91712 0.137628
v 0.316231 -0.914235 0.141051
v 0.316231 -0.904648 0.129211
v 0.38702 -0.864067 0.113062
v 0.393061 -0.871932 0.12442
v 0.411986 -0.867138 0.128882
v 0.302379 -0.899157 0.116637
v 0.292071 -0.883101 0.093947
v 0.304795 -0.880774 0.0965582
v 0.316231 -0.860484 0.0786598
v 0.3598 -0.860856 0.0973188
v 0.373732 -0.85797 0.10031
v 0.488574 -0.79077 0.0906766
v 0.476816 -0.784441 0.0777218
v 0.488574 -0.780671 0.0810936
v 0.488574 -0.771084 0.0726007
v 0.462964 -0.768385 0.0557164
v 0.468521 -0.756285 0.048415
v 0.469407 -0.715332 0.0139365
v 0.461353 -0.748281 0.037463
v 0.459742 -0.728083 0.019235
v 0.469407 -0.703604 0.0043535
v 0.479795 -0.69048 -0.000463348
v 0.487285 -0.698438 0.0103872
v 0.4926 -0.685687 0.00333943
v 0.438482 -0.842008 0.116028
v 0.432119 -0.83405 0.104848
v 0.400309 -0.842008 0.0968624
v 0.464091 -0.787745 0.0745274
v 0.514344 -0.610621 -0.0366658
v 0.507902 -0.622628 -0.0325842
v 0.501539 -0.616113 -0.040139
v 0.49703 -0.593123 -0.0568966
v 0.493325 -0.5894 -0.0610036
v 0.523042 -0.562082 -0.0610036
v 0.373652 -0.489576 -0.0610036
v 0.487204 -0.679684 -0.0045957
v 0.488574 -0.665024 -0.0149646
v 0.477138 -0.669352 -0.0181843
v 0.488574 -0.655437 -0.0218096
v 0.460306 -0.651854 -0.0385418
v 0.473031 -0.646781 -0.0353475
v 0.487929 -0.641011 -0.0314433
v 0.493808 -0.628864 -0.0361081
v 0.505969 -0.640685 -0.0221392
v 0.726229 -0.489576 0.173653
v 0.37333 -0.489576 -0.0609782
v 0.0135049 -0.7702 -0.0610036
v 0.676217 -0.489576 0.140721
v 0.105394 -0.955793 0.138592
v 0.0135049 -0.960633 0.148175
v 0.0135049 -0.950255 0.127411
v 0.0863074 -0.95584 0.138592
v 0.0671404 -0.948812 0.124547
v 0.124561 -0.955142 0.139175
v 0.0135049 -0.964961 0.162853
v 0.0135049 -0.961517 0.151166
v 0.143728 -0.953792 0.141482
v 0.161526 -0.952629 0.145411
v 0.154197 -0.95826 0.152941
v 0.158707 -0.959144 0.162853
v 0.168291 -0.957236 0.162853
v 0.201229 -0.950627 0.162853
v 0.239563 -0.940017 0.151344
v 0.206786 -0.937969 0.135575
v 0.270971 -0.920424 0.133242
v 0.277575 -0.913257 0.125916
v 0.277897 -0.902786 0.112074
v 0.289575 -0.901251 0.114127
v 0.387504 -0.845172 0.0936681
v 0.399825 -0.861042 0.116257
v 0.373732 -0.848384 0.0902456
v 0.411986 -0.85811 0.119299
v 0.277897 -0.885521 0.0912343
v 0.306567 -0.862252 0.076657
v 0.316231 -0.850897 0.0686965
v 0.335398 -0.847081 0.0724993
v 0.36125 -0.842008 0.0777218
v 0.425596 -0.768571 0.0363475
v 0.438401 -0.765127 0.0395165
v 0.450239 -0.761404 0.0426855
v 0.436307 -0.744697 0.0213392
v 0.423663 -0.748513 0.0181956
v 0.457246 -0.70756 0.00118453
v 0.469407 -0.694017 -0.0032267
v 0.425757 -0.845172 0.112834
v 0.400309 -0.803707 0.0585811
v 0.373732 -0.839076 0.0806626
v 0.373732 -0.829489 0.0710796
v 0.411986 -0.781602 0.0423559
v 0.487929 -0.622628 -0.0430291
v 0.484788 -0.596334 -0.0610036
v 0.470212 -0.680149 -0.0134942
v 0.464333 -0.67368 -0.0213786
v 0.450239 -0.664931 -0.0343334
v 0.450239 -0.655344 -0.0408235
v 0.449193 -0.640592 -0.0505079
v 0.45483 -0.628864 -0.0552994
v 0.463447 -0.616113 -0.0592543
v 0.466024 -0.611273 -0.0610036
v 0.469648 -0.622628 -0.0521304
v 0.467796 -0.641011 -0.0415841
v 0.0135049 -0.772666 -0.0592543
v 0.0863074 -0.766616 -0.0610036
v 0.0863074 -0.768943 -0.0593557
v 0.0288063 -0.936526 0.10026
v 0.0671404 -0.941459 0.11073
v 0.0135049 -0.941459 0.109843
v 0.0288063 -0.941459 0.109843
v 0.124239 -0.944438 0.123
v 0.143728 -0.944205 0.126423
v 0.0863074 -0.940994 0.111921
v 0.162895 -0.942483 0.128654
v 0.182062 -0.940622 0.131468
v 0.194062 -0.939412 0.133344
v 0.182062 -0.947603 0.143713
v 0.200746 -0.943274 0.142673
v 0.220396 -0.942018 0.147668
v 0.200746 -0.932431 0.125992
v 0.220074 -0.92573 0.12338
v 0.21347 -0.920424 0.114076
v 0.232637 -0.901251 0.0949103
v 0.25873 -0.897947 0.0992709
v 0.277897 -0.895108 0.102491
v 0.411986 -0.848523 0.109386
v 0.277897 -0.876586 0.0816513
v 0.25873 -0.88836 0.0878625
v 0.236342 -0.88338 0.0745274
v 0.249066 -0.881379 0.076657
v 0.25873 -0.879797 0.0782795
v 0.316231 -0.841496 0.0591389
v 0.25873 -0.87021 0.0686712
v 0.236342 -0.864393 0.0553868
v 0.293843 -0.845219 0.0553868
v 0.335398 -0.83768 0.0629416
v 0.36125 -0.822834 0.0585811
v 0.400228 -0.784534 0.0394151
v 0.411986 -0.772015 0.0330011
v 0.411986 -0.761451 0.0234435
v 0.411986 -0.751864 0.0155844
v 0.444522 -0.71119 -0.00168024
v 0.4413 -0.690201 -0.0194265
v 0.454105 -0.686432 -0.0165871
v 0.373732 -0.819902 0.0615219
v 0.448709 -0.680149 -0.0238124
v 0.437596 -0.669073 -0.0371728
v 0.431072 -0.646316 -0.0542853
v 0.442106 -0.633332 -0.0580628
v 0.461836 -0.614437 -0.0610036
v 0.449193 -0.623512 -0.0610036
v 0.0479734 -0.792957 -0.0435869
v 0.0288063 -0.803102 -0.0370207
v 0.0135049 -0.783137 -0.0516994
v 0.105394 -0.764476 -0.0610036
v 0.0863074 -0.77853 -0.0519023
v 0.0479734 -0.802544 -0.036539
v 0.105394 -0.767733 -0.0584937
v 0.0135049 -0.93755 0.102237
v 0.0135049 -0.936526 0.10026
v 0.0288063 -0.92694 0.0872287
v 0.0479734 -0.926567 0.0873048
v 0.0479734 -0.936154 0.100513
v 0.105394 -0.93997 0.113493
v 0.117635 -0.939226 0.114507
v 0.13044 -0.938435 0.115597
v 0.143728 -0.937597 0.11684
v 0.162895 -0.936015 0.119071
v 0.0671404 -0.935223 0.101147
v 0.0863074 -0.934013 0.102338
v 0.182062 -0.93392 0.121885
v 0.182062 -0.924334 0.10893
v 0.201229 -0.914747 0.102465
v 0.220396 -0.902786 0.0928822
v 0.201229 -0.897853 0.0801809
v 0.220396 -0.89534 0.0832992
v 0.220396 -0.885754 0.0718655
v 0.220396 -0.876586 0.0623078
v 0.220396 -0.867045 0.0527248
v 0.306567 -0.823905 0.0383503
v 0.316231 -0.831909 0.0496066
v 0.277897 -0.838285 0.0431418
v 0.25873 -0.822322 0.0208069
v 0.236342 -0.845219 0.0362208
v 0.335398 -0.828093 0.0534093
v 0.360525 -0.803335 0.0396179
v 0.373732 -0.800496 0.042508
v 0.373732 -0.810316 0.0520911
v 0.316231 -0.82209 0.0400236
v 0.387504 -0.787698 0.0363983
v 0.398939 -0.764941 0.0204519
v 0.392819 -0.723104 -0.0152435
v 0.407879 -0.731201 -0.00239009
v 0.413355 -0.737623 0.00506336
v 0.417382 -0.706629 -0.017297
v 0.431072 -0.693133 -0.0216575
v 0.424871 -0.672377 -0.0394291
v 0.431153 -0.662046 -0.0440939
v 0.404657 -0.710259 -0.0200857
v 0.379692 -0.726547 -0.0179561
v 0.430025 -0.636217 -0.0610036
v 0.430992 -0.635612 -0.0610036
v 0.41859 -0.649992 -0.0564656
v 0.416898 -0.643803 -0.0610036
v 0.439126 -0.6304 -0.0610036
v 0.448065 -0.624304 -0.0610036
v 0.0288063 -0.813341 -0.0274377
v 0.0135049 -0.803195 -0.0370714
v 0.0135049 -0.79561 -0.0426995
v 0.0671404 -0.822602 -0.0179815
v 0.0479734 -0.822881 -0.0181336
v 0.120534 -0.762056 -0.0610036
v 0.0863074 -0.790584 -0.0423193
v 0.0671404 -0.801427 -0.0356264
v 0.0671404 -0.813015 -0.0260434
v 0.0863074 -0.811898 -0.0249532
v 0.0863074 -0.80017 -0.0345362
v 0.116669 -0.766756 -0.0577585
v 0.0135049 -0.92694 0.0872287
v 0.0288063 -0.918702 0.0776457
v 0.0479734 -0.918702 0.0777218
v 0.0135049 -0.920424 0.0796232
v 0.0671404 -0.918284 0.0784823
v 0.0671404 -0.925637 0.0880653
v 0.0863074 -0.924427 0.0895611
v 0.105394 -0.923217 0.0912343
v 0.0863074 -0.917167 0.0799781
v 0.124561 -0.92196 0.0929836
v 0.145661 -0.926986 0.103454
v 0.162895 -0.926474 0.106395
v 0.182062 -0.917027 0.0993469
v 0.201229 -0.90516 0.0897639
v 0.201229 -0.888267 0.0690768
v 0.182062 -0.90744 0.0872287
v 0.182062 -0.899762 0.0776457
v 0.201229 -0.879424 0.0595191
v 0.220396 -0.857459 0.0431418
v 0.277897 -0.819018 0.0240012
v 0.277897 -0.809431 0.0147224
v 0.220396 -0.838285 0.0240012
v 0.236261 -0.826045 0.0170801
v 0.25873 -0.812736 0.0115534
v 0.305279 -0.804219 0.019666
v 0.316231 -0.792305 0.0132267
v 0.316231 -0.781462 0.00364366
v 0.292474 -0.806732 0.0173337
v 0.330808 -0.768711 -0.0019591
v 0.328553 -0.748513 -0.020111
v 0.341358 -0.745488 -0.017804
v 0.39298 -0.698531 -0.0325588
v 0.399423 -0.68834 -0.0372996
v 0.403288 -0.650877 -0.0610036
v 0.335157 -0.738554 -0.0248518
v 0.322755 -0.72664 -0.0372996
v 0.409087 -0.647945 -0.0610036
v 0.414241 -0.645292 -0.0610036
v 0.0135049 -0.813341 -0.0274884
v 0.0135049 -0.80529 -0.035094
v 0.0863074 -0.821485 -0.0170942
v 0.0863074 -0.832281 -0.00751116
v 0.0863074 -0.841868 0.00115917
v 0.0671404 -0.832514 -0.00839848
v 0.0863074 -0.861228 0.0201984
v 0.0479734 -0.832514 -0.00855059
v 0.0288063 -0.822927 -0.0181336
v 0.125849 -0.760985 -0.0610036
v 0.129393 -0.7655 -0.0566938
v 0.105394 -0.819623 -0.0155731
v 0.105394 -0.810036 -0.0235589
v 0.0135049 -0.918702 0.0776457
v 0.0135049 -0.911117 0.0700402
v 0.0479734 -0.909162 0.0680881
v 0.0671404 -0.899575 0.0585051
v 0.0863074 -0.889709 0.0489221
v 0.0863074 -0.89925 0.0589614
v 0.0863074 -0.90758 0.0685191
v 0.105394 -0.898179 0.0603811
v 0.105394 -0.906137 0.0699388
v 0.105394 -0.915724 0.0816513
v 0.140507 -0.920797 0.0945301
v 0.153312 -0.919726 0.0957977
v 0.162895 -0.918935 0.0968117
v 0.182384 -0.888872 0.0654768
v 0.188988 -0.880867 0.0580487
v 0.172479 -0.900599 0.0766316
v 0.143728 -0.894782 0.0642092
v 0.201229 -0.841077 0.0211871
v 0.188988 -0.86174 0.0388827
v 0.25873 -0.802497 0.00197043
v 0.277897 -0.798914 0.00513941
v 0.220396 -0.828698 0.0144942
v 0.248019 -0.804405 0.000347915
v 0.220396 -0.818553 0.00491125
v 0.29787 -0.795517 0.00927177
v 0.303185 -0.784208 0.00120987
v 0.316231 -0.771875 -0.00462105
v 0.316231 -0.760613 -0.0142041
v 0.316231 -0.751026 -0.0221899
v 0.271374 -0.748513 -0.039277
v 0.284098 -0.745721 -0.0371982
v 0.297064 -0.742603 -0.0349926
v 0.386618 -0.691551 -0.0394291
v 0.391128 -0.656973 -0.0610036
v 0.297064 -0.733016 -0.0415841
v 0.277897 -0.723522 -0.0543614
v 0.0135049 -0.815295 -0.025587
v 0.105394 -0.831118 -0.00599005
v 0.105394 -0.840705 0.00212254
v 0.105394 -0.850804 0.0117055
v 0.105394 -0.86039 0.0210604
v 0.0863074 -0.851641 0.0107422
v 0.105394 -0.869977 0.030618
v 0.0863074 -0.880402 0.0393391
v 0.0288063 -0.832514 -0.00855059
v 0.0135049 -0.824882 -0.0161561
v 0.0135049 -0.822927 -0.0181082
v 0.143728 -0.756983 -0.0610036
v 0.143728 -0.763871 -0.0554008
v 0.182062 -0.802218 -0.0170688
v 0.167727 -0.8038 -0.0183618
v 0.162009 -0.812642 -0.0119731
v 0.143728 -0.827302 -0.00279572
v 0.105394 -0.879564 0.040201
v 0.105394 -0.888592 0.049784
v 0.124561 -0.886917 0.051584
v 0.124561 -0.896504 0.0622825
v 0.145661 -0.914002 0.0873555
v 0.162895 -0.883427 0.0554121
v 0.124561 -0.877749 0.042001
v 0.143728 -0.875841 0.0439278
v 0.182626 -0.871932 0.0478066
v 0.143728 -0.885195 0.0535108
v 0.201229 -0.83149 0.0119084
v 0.188988 -0.842566 0.0197167
v 0.25873 -0.792957 -0.00619286
v 0.277897 -0.789327 -0.00309994
v 0.29046 -0.786814 -0.000995738
v 0.244798 -0.784161 -0.0179054
v 0.235214 -0.806499 -0.00147742
v 0.231993 -0.786302 -0.0197054
v 0.201229 -0.821299 0.00232536
v 0.220396 -0.808966 -0.00345487
v 0.296903 -0.777134 -0.00692807
v 0.297064 -0.764429 -0.0174744
v 0.279347 -0.757449 -0.0292124
v 0.25873 -0.772015 -0.0238631
v 0.25873 -0.76052 -0.0334208
v 0.25873 -0.750933 -0.0411277
v 0.252368 -0.729572 -0.0584684
v 0.277817 -0.738694 -0.0440685
v 0.373813 -0.665629 -0.0610036
v 0.265092 -0.72664 -0.0564656
v 0.277897 -0.713563 -0.0610036
v 0.124561 -0.838797 0.00384647
v 0.124561 -0.848989 0.0134295
v 0.186894 -0.822974 0.000829594
v 0.124561 -0.858575 0.0228604
v 0.148077 -0.755959 -0.0610036
v 0.182062 -0.792631 -0.0248265
v 0.201229 -0.799891 -0.0152435
v 0.201229 -0.811712 -0.00566048
v 0.143728 -0.856667 0.0247617
v 0.162895 -0.845172 0.0171055
v 0.25873 -0.781602 -0.0157759
v 0.27975 -0.775598 -0.0139505
v 0.238838 -0.777088 -0.0254096
v 0.220396 -0.787884 -0.020973
v 0.226517 -0.765593 -0.0376038
v 0.239563 -0.763778 -0.0361334
v 0.274515 -0.768943 -0.0212265
v 0.239563 -0.754191 -0.0437136
v 0.239563 -0.741579 -0.0532966
v 0.239563 -0.731992 -0.0601923
v 0.249388 -0.72692 -0.0610036
v 0.25575 -0.72422 -0.0610036
v 0.260744 -0.721847 -0.0610036
v 0.143728 -0.847081 0.0152295
v 0.162895 -0.752283 -0.0610036
v 0.162895 -0.76159 -0.0535755
v 0.201229 -0.768757 -0.0401644
v 0.201068 -0.755401 -0.0508628
v 0.194625 -0.748001 -0.0580628
v 0.20735 -0.746373 -0.0567952
v 0.220235 -0.75824 -0.0447277
v 0.220396 -0.744604 -0.0554515
v 0.220396 -0.736925 -0.0610036
v 0.232557 -0.733109 -0.0610036
v 0.238275 -0.731201 -0.0610036
v 0.239483 -0.730782 -0.0610036
v 0.179243 -0.748094 -0.0610036
v 0.203323 -0.741672 -0.0610036
v 0.191082 -0.744976 -0.0610036
f 7334 7335 7340
f 7334 7340 7355
f 7334 7355 7382
f 7334 7382 7381
f 7334 7381 7409
f 7334 7409 7444
f 7334 7444 7486
f 7334 7486 7494
f 7334 7494 7490
f 7334 7490 7493
f 7334 7493 7539
f 7334 7539 7593
f 7334 7593 7663
f 7334 7663 7662
f 7334 7662 7591
f 7334 7591 7590
f 7334 7590 7661
f 7334 7661 7676
f 7334 7676 7675
f 7334 7675 7753
f 7334 7753 7752
f 7334 7752 7817
f 7334 7817 7816
f 7334 7816 7877
f 7334 7877 7888
f 7334 7888 7890
f 7334 7890 7887
f 7334 7887 7826
f 7334 7826 7763
f 7334 7763 7677
f 7334 7677 7598
f 7334 7598 7540
f 7334 7540 7496
f 7334 7496 7458
f 7334 7458 7457
f 7334 7457 7417
f 7334 7417 7386
f 7334 7386 7359
f 7334 7359 7357
f 7334 7357 7356
f 7334 7356 7341
f 7334 7341 7336
f 7334 7336 7337
f 7334 7337 7338
f 7334 7338 7339
f 7334 7339 7335
f 7335 7339 7340
f 7336 7341 7342
f 7336 7342 7337
f 7337 7342 7341
f 7337 7341 7343
f 7337 7343 7344
f 7337 7344 7345
f 7337 7345 7346
f 7337 7346 7347
f 7337 7347 7348
f 7337 7348 7338
f 7338 7348 7349
f 7338 7349 7339
f 7339 7349 7350
f 7339 7350 7351
f 7339 7351 7352
f 7339 7352 7353
f 7339 7353 7340
f 7340 7354 7355
f 7340 7353 7354
f 7341 7356 7343
f 7343 7356 7357
f 7343 7357 7358
f 7343 7358 7359
f 7343 7359 7360
f 7343 7360 7361
f 7343 7361 7362
f 7343 7362 7345
f 7343 7345 7344
f 7345 7363 7364
f 7345 7364 7365
f 7345 7365 7366
f 7345 7366 7367
f 7345 7367 7368
f 7345 7368 7346
f 7345 7362 7363
f 7346 7368 7366
f 7346 7366 7347
f 7347 7366 7372
f 7347 7372 7348
f 7348 7369 7370
f 7348 7370 7371
f 7348 7371 7349
f 7348 7372 7373
f 7348 7373 7374
f 7348 7374 7369
f 7349 7371 7370
f 7349 7370 7350
f 7350 7370 7375
f 7350 7375 7376
f 7350 7376 7377
f 7350 7377 7378
f 7350 7378 7351
f 7351 7378 7352
f 7352 7378 7353
f 7353 7379 7380
f 7353 7380 7381
f 7353 7381 7382
f 7353 7382 7354
f 7353 7378 7383
f 7353 7383 7384
f 7353 7384 7385
f 7353 7385 7379
f 7354 7382 7355
f 7357 7359 7358
f 7359 7386 7387
f 7359 7387 7360
f 7360 7387 7388
f 7360 7388 7361
f 7361 7389 7390
f 7361 7390 7363
f 7361 7363 7362
f 7361 7388 7389
f 7363 7390 7391
f 7363 7391 7392
f 7363 7392 7393
f 7363 7393 7364
f 7364 7394 7366
f 7364 7366 7365
f 7364 7393 7395
f 7364 7395 7426
f 7364 7426 7396
f 7364 7396 7394
f 7366 7368 7367
f 7366 7394 7397
f 7366 7397 7400
f 7366 7400 7372
f 7369 7375 7370
f 7369 7374 7375
f 7372 7398 7399
f 7372 7399 7373
f 7372 7400 7401
f 7372 7401 7398
f 7373 7399 7398
f 7373 7398 7375
f 7373 7375 7374
f 7375 7398 7402
f 7375 7402 7376
f 7376 7402 7377
f 7377 7403 7383
f 7377 7383 7378
f 7377 7402 7404
f 7377 7404 7405
f 7377 7405 7406
f 7377 7406 7407
f 7377 7407 7408
f 7377 7408 7403
f 7379 7385 7380
f 7380 7409 7381
f 7380 7385 7410
f 7380 7410 7411
f 7380 7411 7409
f 7383 7403 7408
f 7383 7408 7412
f 7383 7412 7413
f 7383 7413 7384
f 7384 7413 7385
f 7385 7413 7414
f 7385 7414 7415
f 7385 7415 7416
f 7385 7416 7445
f 7385 7445 7410
f 7386 7417 7388
f 7386 7388 7387
f 7388 7417 7418
f 7388 7418 7389
f 7389 7418 7419
f 7389 7419 7420
f 7389 7420 7392
f 7389 7392 7391
f 7389 7391 7390
f 7392 7421 7422
f 7392 7422 7393
f 7392 7420 7423
f 7392 7423 7421
f 7393 7422 7424
f 7393 7424 7395
f 7394 7396 7397
f 7395 7424 7465
f 7395 7465 7425
f 7395 7425 7426
f 7396 7426 7397
f 7397 7426 7427
f 7397 7427 7430
f 7397 7430 7400
f 7398 7428 7402
f 7398 7401 7429
f 7398 7429 7428
f 7400 7430 7431
f 7400 7431 7401
f 7401 7431 7432
f 7401 7432 7433
f 7401 7433 7434
f 7401 7434 7429
f 7402 7428 7404
f 7404 7428 7435
f 7404 7435 7405
f 7405 7435 7436
f 7405 7436 7437
f 7405 7437 7438
f 7405 7438 7406
f 7406 7438 7407
f 7407 7438 7439
f 7407 7439 7440
f 7407 7440 7441
f 7407 7441 7442
f 7407 7442 7443
f 7407 7443 7412
f 7407 7412 7408
f 7409 7411 7444
f 7410 7445 7446
f 7410 7446 7411
f 7411 7446 7444
f 7412 7414 7413
f 7412 7443 7414
f 7414 7443 7442
f 7414 7442 7447
f 7414 7447 7448
f 7414 7448 7449
f 7414 7449 7415
f 7415 7449 7416
f 7416 7450 7451
f 7416 7451 7452
f 7416 7452 7453
f 7416 7453 7454
f 7416 7454 7455
f 7416 7455 7456
f 7416 7456 7446
f 7416 7446 7445
f 7416 7449 7450
f 7417 7457 7418
f 7418 7457 7419
f 7419 7457 7458
f 7419 7458 7459
f 7419 7459 7421
f 7419 7421 7423
f 7419 7423 7420
f 7421 7460 7422
f 7421 7459 7461
f 7421 7461 7460
f 7422 7460 7462
f 7422 7462 7463
f 7422 7463 7464
f 7422 7464 7507
f 7422 7507 7465
f 7422 7465 7424
f 7425 7465 7466
f 7425 7466 7426
f 7426 7467 7427
f 7426 7466 7467
f 7427 7467 7468
f 7427 7468 7469
f 7427 7469 7473
f 7427 7473 7430
f 7428 7429 7470
f 7428 7470 7471
f 7428 7471 7435
f 7429 7434 7470
f 7430 7472 7431
f 7430 7473 7472
f 7431 7472 7432
f 7432 7474 7433
f 7432 7472 7475
f 7432 7475 7474
f 7433 7474 7434
f 7434 7474 7470
f 7435 7471 7436
f 7436 7471 7476
f 7436 7476 7437
f 7437 7476 7477
f 7437 7477 7478
f 7437 7478 7439
f 7437 7439 7438
f 7439 7478 7479
f 7439 7479 7480
f 7439 7480 7440
f 7440 7480 7481
f 7440 7481 7441
f 7441 7481 7482
f 7441 7482 7483
f 7441 7483 7484
f 7441 7484 7451
f 7441 7451 7485
f 7441 7485 7442
f 7442 7485 7447
f 7444 7446 7486
f 7446 7456 7486
f 7447 7485 7448
f 7448 7485 7449
f 7449 7485 7450
f 7450 7485 7451
f 7451 7454 7452
f 7451 7484 7483
f 7451 7483 7487
f 7451 7487 7488
f 7451 7488 7489
f 7451 7489 7454
f 7452 7454 7453
f 7454 7490 7491
f 7454 7491 7455
f 7454 7489 7492
f 7454 7492 7493
f 7454 7493 7490
f 7455 7491 7456
f 7456 7491 7494
f 7456 7494 7486
f 7458 7495 7459
f 7458 7496 7497
f 7458 7497 7498
f 7458 7498 7495
f 7459 7495 7498
f 7459 7498 7461
f 7460 7461 7499
f 7460 7499 7501
f 7460 7501 7462
f 7461 7498 7500
f 7461 7500 7548
f 7461 7548 7553
f 7461 7553 7504
f 7461 7504 7503
f 7461 7503 7501
f 7461 7501 7499
f 7462 7501 7503
f 7462 7503 7463
f 7463 7502 7464
f 7463 7503 7504
f 7463 7504 7505
f 7463 7505 7554
f 7463 7554 7506
f 7463 7506 7502
f 7464 7502 7507
f 7465 7507 7466
f 7466 7507 7508
f 7466 7508 7467
f 7467 7508 7468
f 7468 7508 7469
f 7469 7508 7509
f 7469 7509 7510
f 7469 7510 7511
f 7469 7511 7512
f 7469 7512 7518
f 7469 7518 7473
f 7470 7513 7514
f 7470 7514 7476
f 7470 7476 7471
f 7470 7474 7515
f 7470 7515 7516
f 7470 7516 7513
f 7472 7473 7517
f 7472 7517 7475
f 7473 7518 7519
f 7473 7519 7520
f 7473 7520 7521
f 7473 7521 7517
f 7474 7522 7516
f 7474 7516 7515
f 7474 7475 7523
f 7474 7523 7524
f 7474 7524 7525
f 7474 7525 7526
f 7474 7526 7527
f 7474 7527 7528
f 7474 7528 7522
f 7475 7517 7529
f 7475 7529 7523
f 7476 7514 7478
f 7476 7478 7477
f 7478 7514 7479
f 7479 7514 7481
f 7479 7481 7480
f 7481 7530 7483
f 7481 7483 7482
f 7481 7514 7531
f 7481 7531 7530
f 7483 7532 7492
f 7483 7492 7487
f 7483 7530 7531
f 7483 7531 7533
f 7483 7533 7534
f 7483 7534 7535
f 7483 7535 7532
f 7487 7492 7536
f 7487 7536 7488
f 7488 7536 7492
f 7488 7492 7537
f 7488 7537 7489
f 7489 7537 7492
f 7490 7494 7491
f 7492 7532 7538
f 7492 7538 7493
f 7493 7538 7539
f 7496 7540 7541
f 7496 7541 7542
f 7496 7542 7497
f 7497 7542 7543
f 7497 7543 7498
f 7498 7543 7544
f 7498 7544 7545
f 7498 7545 7500
f 7500 7545 7546
f 7500 7546 7547
f 7500 7547 7548
f 7502 7506 7549
f 7502 7549 7550
f 7502 7550 7551
f 7502 7551 7552
f 7502 7552 7507
f 7504 7553 7505
f 7505 7553 7554
f 7506 7554 7549
f 7507 7552 7508
f 7508 7552 7509
f 7509 7511 7510
f 7509 7552 7555
f 7509 7555 7556
f 7509 7556 7557
f 7509 7557 7558
f 7509 7558 7511
f 7511 7558 7512
f 7512 7558 7559
f 7512 7559 7568
f 7512 7568 7518
f 7513 7516 7514
f 7514 7516 7560
f 7514 7560 7561
f 7514 7561 7531
f 7516 7562 7560
f 7516 7522 7528
f 7516 7528 7563
f 7516 7563 7564
f 7516 7564 7565
f 7516 7565 7566
f 7516 7566 7562
f 7517 7521 7520
f 7517 7520 7567
f 7517 7567 7529
f 7518 7568 7569
f 7518 7569 7570
f 7518 7570 7571
f 7518 7571 7572
f 7518 7572 7573
f 7518 7573 7519
f 7519 7573 7574
f 7519 7574 7520
f 7520 7574 7567
f 7523 7575 7524
f 7523 7529 7576
f 7523 7576 7575
f 7524 7575 7576
f 7524 7576 7525
f 7525 7576 7577
f 7525 7577 7578
f 7525 7578 7526
f 7526 7578 7527
f 7527 7578 7579
f 7527 7579 7580
f 7527 7580 7528
f 7528 7580 7581
f 7528 7581 7582
f 7528 7582 7583
f 7528 7583 7584
f 7528 7584 7563
f 7529 7567 7585
f 7529 7585 7576
f 7531 7561 7586
f 7531 7586 7533
f 7532 7535 7538
f 7533 7587 7588
f 7533 7588 7534
f 7533 7586 7587
f 7534 7588 7535
f 7535 7588 7589
f 7535 7589 7538
f 7538 7590 7591
f 7538 7591 7592
f 7538 7592 7593
f 7538 7593 7539
f 7538 7589 7588
f 7538 7588 7594
f 7538 7594 7595
f 7538 7595 7596
f 7538 7596 7597
f 7538 7597 7590
f 7540 7598 7599
f 7540 7599 7541
f 7541 7599 7681
f 7541 7681 7680
f 7541 7680 7679
f 7541 7679 7678
f 7541 7678 7764
f 7541 7764 7828
f 7541 7828 7827
f 7541 7827 7889
f 7541 7889 7944
f 7541 7944 7994
f 7541 7994 8049
f 7541 8049 8048
f 7541 8048 8098
f 7541 8098 8097
f 7541 8097 8146
f 7541 8146 8156
f 7541 8156 8155
f 7541 8155 8111
f 7541 8111 8110
f 7541 8110 8062
f 7541 8062 8059
f 7541 8059 8000
f 7541 8000 7999
f 7541 7999 7949
f 7541 7949 7893
f 7541 7893 7892
f 7541 7892 7898
f 7541 7898 7897
f 7541 7897 7831
f 7541 7831 7766
f 7541 7766 7686
f 7541 7686 7682
f 7541 7682 7601
f 7541 7601 7543
f 7541 7543 7600
f 7541 7600 7542
f 7542 7600 7543
f 7543 7601 7544
f 7544 7602 7603
f 7544 7603 7545
f 7544 7601 7602
f 7545 7603 7604
f 7545 7604 7546
f 7546 7604 7605
f 7546 7605 7606
f 7546 7606 7607
f 7546 7607 7547
f 7547 7608 7609
f 7547 7609 7553
f 7547 7553 7548
f 7547 7607 7608
f 7549 7554 7610
f 7549 7610 7550
f 7550 7610 7611
f 7550 7611 7612
f 7550 7612 7613
f 7550 7613 7614
f 7550 7614 7551
f 7551 7614 7552
f 7552 7614 7555
f 7553 7609 7615
f 7553 7615 7554
f 7554 7615 7610
f 7555 7614 7613
f 7555 7613 7556
f 7556 7613 7557
f 7557 7613 7616
f 7557 7616 7617
f 7557 7617 7618
f 7557 7618 7619
f 7557 7619 7559
f 7557 7559 7558
f 7559 7619 7620
f 7559 7620 7632
f 7559 7632 7568
f 7560 7562 7561
f 7561 7562 7586
f 7562 7566 7586
f 7563 7584 7564
f 7564 7584 7621
f 7564 7621 7622
f 7564 7622 7565
f 7565 7622 7623
f 7565 7623 7624
f 7565 7624 7625
f 7565 7625 7566
f 7566 7625 7586
f 7567 7574 7585
f 7568 7626 7627
f 7568 7627 7628
f 7568 7628 7629
f 7568 7629 7630
f 7568 7630 7631
f 7568 7631 7569
f 7568 7632 7626
f 7569 7631 7633
f 7569 7633 7571
f 7569 7571 7570
f 7571 7633 7574
f 7571 7574 7573
f 7571 7573 7572
f 7574 7633 7585
f 7576 7585 7634
f 7576 7634 7577
f 7577 7634 7635
f 7577 7635 7578
f 7578 7635 7636
f 7578 7636 7637
f 7578 7637 7579
f 7579 7637 7635
f 7579 7635 7638
f 7579 7638 7639
f 7579 7639 7640
f 7579 7640 7641
f 7579 7641 7642
f 7579 7642 7580
f 7580 7642 7643
f 7580 7643 7644
f 7580 7644 7645
f 7580 7645 7646
f 7580 7646 7581
f 7581 7646 7582
f 7582 7646 7647
f 7582 7647 7648
f 7582 7648 7583
f 7583 7649 7621
f 7583 7621 7584
f 7583 7648 7650
f 7583 7650 7649
f 7585 7635 7634
f 7585 7633 7651
f 7585 7651 7652
f 7585 7652 7653
f 7585 7653 7654
f 7585 7654 7655
f 7585 7655 7656
f 7585 7656 7657
f 7585 7657 7635
f 7586 7625 7658
f 7586 7658 7659
f 7586 7659 7660
f 7586 7660 7587
f 7587 7660 7588
f 7588 7660 7659
f 7588 7659 7594
f 7590 7597 7661
f 7591 7662 7592
f 7592 7662 7663
f 7592 7663 7593
f 7594 7659 7664
f 7594 7664 7595
f 7595 7665 7666
f 7595 7666 7667
f 7595 7667 7668
f 7595 7668 7669
f 7595 7669 7670
f 7595 7670 7597
f 7595 7597 7596
f 7595 7664 7659
f 7595 7659 7671
f 7595 7671 7672
f 7595 7672 7673
f 7595 7673 7755
f 7595 7755 7674
f 7595 7674 7741
f 7595 7741 7665
f 7597 7670 7669
f 7597 7669 7668
f 7597 7668 7675
f 7597 7675 7676
f 7597 7676 7661
f 7598 7677 7678
f 7598 7678 7679
f 7598 7679 7680
f 7598 7680 7681
f 7598 7681 7599
f 7601 7682 7602
f 7602 7683 7684
f 7602 7684 7685
f 7602 7685 7603
f 7602 7682 7686
f 7602 7686 7683
f 7603 7685 7687
f 7603 7687 7605
f 7603 7605 7604
f 7605 7688 7689
f 7605 7689 7690
f 7605 7690 7691
f 7605 7691 7607
f 7605 7607 7606
f 7605 7687 7692
f 7605 7692 7688
f 7607 7691 7608
f 7608 7691 7693
f 7608 7693 7694
f 7608 7694 7695
f 7608 7695 7610
f 7608 7610 7615
f 7608 7615 7609
f 7610 7695 7611
f 7611 7696 7612
f 7611 7695 7694
f 7611 7694 7697
f 7611 7697 7696
f 7612 7696 7613
f 7613 7696 7616
f 7616 7696 7617
f 7617 7696 7697
f 7617 7697 7618
f 7618 7697 7698
f 7618 7698 7699
f 7618 7699 7700
f 7618 7700 7620
f 7618 7620 7701
f 7618 7701 7619
f 7619 7701 7620
f 7620 7700 7702
f 7620 7702 7711
f 7620 7711 7632
f 7621 7623 7622
f 7621 7649 7703
f 7621 7703 7623
f 7623 7703 7624
f 7624 7703 7739
f 7624 7739 7704
f 7624 7704 7659
f 7624 7659 7658
f 7624 7658 7625
f 7626 7628 7627
f 7626 7632 7705
f 7626 7705 7706
f 7626 7706 7628
f 7628 7707 7652
f 7628 7652 7708
f 7628 7708 7629
f 7628 7706 7709
f 7628 7709 7707
f 7629 7652 7710
f 7629 7710 7630
f 7629 7708 7652
f 7630 7710 7631
f 7631 7710 7633
f 7632 7711 7712
f 7632 7712 7713
f 7632 7713 7714
f 7632 7714 7706
f 7632 7706 7705
f 7633 7710 7651
f 7635 7637 7636
f 7635 7657 7715
f 7635 7715 7638
f 7638 7715 7716
f 7638 7716 7639
f 7639 7716 7717
f 7639 7717 7640
f 7640 7717 7641
f 7641 7718 7643
f 7641 7643 7642
f 7641 7717 7719
f 7641 7719 7720
f 7641 7720 7721
f 7641 7721 7722
f 7641 7722 7718
f 7643 7718 7650
f 7643 7650 7647
f 7643 7647 7723
f 7643 7723 7644
f 7644 7723 7646
f 7644 7646 7645
f 7646 7723 7647
f 7647 7650 7648
f 7649 7650 7703
f 7650 7724 7725
f 7650 7725 7726
f 7650 7726 7727
f 7650 7727 7703
f 7650 7718 7724
f 7651 7710 7652
f 7652 7707 7653
f 7653 7707 7728
f 7653 7728 7729
f 7653 7729 7730
f 7653 7730 7654
f 7654 7656 7655
f 7654 7730 7731
f 7654 7731 7732
f 7654 7732 7733
f 7654 7733 7656
f 7656 7716 7715
f 7656 7715 7657
f 7656 7733 7734
f 7656 7734 7735
f 7656 7735 7736
f 7656 7736 7716
f 7659 7737 7738
f 7659 7738 7672
f 7659 7672 7671
f 7659 7704 7739
f 7659 7739 7726
f 7659 7726 7740
f 7659 7740 7737
f 7665 7741 7742
f 7665 7742 7666
f 7666 7742 7744
f 7666 7744 7667
f 7667 7743 7668
f 7667 7744 7745
f 7667 7745 7743
f 7668 7743 7746
f 7668 7746 7747
f 7668 7747 7748
f 7668 7748 7749
f 7668 7749 7750
f 7668 7750 7751
f 7668 7751 7752
f 7668 7752 7753
f 7668 7753 7675
f 7672 7738 7740
f 7672 7740 7754
f 7672 7754 7755
f 7672 7755 7673
f 7674 7756 7757
f 7674 7757 7758
f 7674 7758 7759
f 7674 7759 7760
f 7674 7760 7745
f 7674 7745 7761
f 7674 7761 7741
f 7674 7755 7740
f 7674 7740 7762
f 7674 7762 7756
f 7677 7763 7678
f 7678 7763 7764
f 7683 7765 7684
f 7683 7686 7766
f 7683 7766 7832
f 7683 7832 7767
f 7683 7767 7765
f 7684 7768 7769
f 7684 7769 7685
f 7684 7765 7768
f 7685 7769 7770
f 7685 7770 7771
f 7685 7771 7692
f 7685 7692 7687
f 7688 7692 7771
f 7688 7771 7772
f 7688 7772 7773
f 7688 7773 7689
f 7689 7699 7693
f 7689 7693 7691
f 7689 7691 7690
f 7689 7773 7772
f 7689 7772 7774
f 7689 7774 7775
f 7689 7775 7699
f 7693 7699 7698
f 7693 7698 7697
f 7693 7697 7694
f 7699 7775 7702
f 7699 7702 7700
f 7702 7775 7774
f 7702 7774 7776
f 7702 7776 7777
f 7702 7777 7778
f 7702 7778 7783
f 7702 7783 7711
f 7703 7727 7726
f 7703 7726 7739
f 7706 7779 7709
f 7706 7714 7713
f 7706 7713 7779
f 7707 7709 7780
f 7707 7780 7728
f 7709 7779 7781
f 7709 7781 7782
f 7709 7782 7780
f 7711 7783 7713
f 7711 7713 7712
f 7713 7783 7784
f 7713 7784 7785
f 7713 7785 7779
f 7716 7736 7735
f 7716 7735 7786
f 7716 7786 7787
f 7716 7787 7788
f 7716 7788 7717
f 7717 7789 7719
f 7717 7788 7790
f 7717 7790 7791
f 7717 7791 7792
f 7717 7792 7793
f 7717 7793 7794
f 7717 7794 7795
f 7717 7795 7789
f 7718 7796 7797
f 7718 7797 7725
f 7718 7725 7724
f 7718 7722 7796
f 7719 7789 7720
f 7720 7789 7795
f 7720 7795 7798
f 7720 7798 7799
f 7720 7799 7721
f 7721 7799 7800
f 7721 7800 7722
f 7722 7800 7801
f 7722 7801 7796
f 7725 7797 7802
f 7725 7802 7726
f 7726 7802 7762
f 7726 7762 7740
f 7728 7782 7781
f 7728 7781 7803
f 7728 7803 7732
f 7728 7732 7731
f 7728 7731 7729
f 7728 7780 7782
f 7729 7731 7730
f 7732 7804 7805
f 7732 7805 7733
f 7732 7803 7806
f 7732 7806 7804
f 7733 7805 7807
f 7733 7807 7786
f 7733 7786 7808
f 7733 7808 7734
f 7734 7808 7786
f 7734 7786 7735
f 7737 7740 7738
f 7740 7755 7754
f 7741 7761 7742
f 7742 7761 7745
f 7742 7745 7744
f 7743 7745 7746
f 7745 7760 7809
f 7745 7809 7810
f 7745 7810 7811
f 7745 7811 7812
f 7745 7812 7813
f 7745 7813 7814
f 7745 7814 7815
f 7745 7815 7746
f 7746 7815 7876
f 7746 7876 7813
f 7746 7813 7812
f 7746 7812 7875
f 7746 7875 7933
f 7746 7933 7941
f 7746 7941 7990
f 7746 7990 7991
f 7746 7991 8046
f 7746 8046 8045
f 7746 8045 8042
f 7746 8042 8041
f 7746 8041 8044
f 7746 8044 8096
f 7746 8096 8095
f 7746 8095 8092
f 7746 8092 8143
f 7746 8143 8191
f 7746 8191 8193
f 7746 8193 8216
f 7746 8216 8215
f 7746 8215 8214
f 7746 8214 8229
f 7746 8229 8228
f 7746 8228 8227
f 7746 8227 8226
f 7746 8226 8231
f 7746 8231 8232
f 7746 8232 8230
f 7746 8230 8218
f 7746 8218 8198
f 7746 8198 8157
f 7746 8157 8106
f 7746 8106 8052
f 7746 8052 7995
f 7746 7995 7945
f 7746 7945 7889
f 7746 7889 7827
f 7746 7827 7877
f 7746 7877 7816
f 7746 7816 7750
f 7746 7750 7749
f 7746 7749 7748
f 7746 7748 7747
f 7750 7816 7817
f 7750 7817 7751
f 7751 7817 7752
f 7756 7762 7757
f 7757 7818 7819
f 7757 7819 7758
f 7757 7762 7820
f 7757 7820 7821
f 7757 7821 7822
f 7757 7822 7823
f 7757 7823 7818
f 7758 7819 7759
f 7759 7819 7824
f 7759 7824 7825
f 7759 7825 7760
f 7760 7825 7809
f 7762 7802 7797
f 7762 7797 7820
f 7763 7826 7827
f 7763 7827 7828
f 7763 7828 7764
f 7765 7829 7830
f 7765 7830 7768
f 7765 7767 7829
f 7766 7831 7832
f 7767 7832 7892
f 7767 7892 7829
f 7768 7830 7833
f 7768 7833 7834
f 7768 7834 7835
f 7768 7835 7769
f 7769 7835 7836
f 7769 7836 7772
f 7769 7772 7770
f 7770 7772 7771
f 7772 7836 7776
f 7772 7776 7774
f 7776 7836 7835
f 7776 7835 7777
f 7777 7835 7837
f 7777 7837 7838
f 7777 7838 7783
f 7777 7783 7778
f 7779 7785 7839
f 7779 7839 7803
f 7779 7803 7781
f 7783 7838 7840
f 7783 7840 7841
f 7783 7841 7842
f 7783 7842 7843
f 7783 7843 7844
f 7783 7844 7784
f 7784 7845 7846
f 7784 7846 7847
f 7784 7847 7839
f 7784 7839 7785
f 7784 7844 7848
f 7784 7848 7849
f 7784 7849 7850
f 7784 7850 7851
f 7784 7851 7852
f 7784 7852 7853
f 7784 7853 7845
f 7786 7807 7854
f 7786 7854 7855
f 7786 7855 7856
f 7786 7856 7790
f 7786 7790 7787
f 7787 7790 7788
f 7790 7856 7791
f 7791 7793 7792
f 7791 7856 7857
f 7791 7857 7858
f 7791 7858 7859
f 7791 7859 7793
f 7793 7860 7795
f 7793 7795 7794
f 7793 7859 7861
f 7793 7861 7862
f 7793 7862 7860
f 7795 7860 7863
f 7795 7863 7864
f 7795 7864 7865
f 7795 7865 7798
f 7796 7801 7821
f 7796 7821 7797
f 7797 7821 7820
f 7798 7865 7866
f 7798 7866 7800
f 7798 7800 7799
f 7800 7866 7801
f 7801 7866 7821
f 7803 7839 7847
f 7803 7847 7867
f 7803 7867 7806
f 7804 7855 7854
f 7804 7854 7807
f 7804 7807 7805
f 7804 7806 7867
f 7804 7867 7868
f 7804 7868 7869
f 7804 7869 7870
f 7804 7870 7855
f 7809 7825 7871
f 7809 7871 7810
f 7810 7872 7873
f 7810 7873 7874
f 7810 7874 7811
f 7810 7871 7872
f 7811 7874 7812
f 7812 7874 7875
f 7813 7876 7814
f 7814 7876 7815
f 7818 7823 7878
f 7818 7878 7879
f 7818 7879 7819
f 7819 7879 7880
f 7819 7880 7881
f 7819 7881 7882
f 7819 7882 7883
f 7819 7883 7884
f 7819 7884 7885
f 7819 7885 7873
f 7819 7873 7872
f 7819 7872 7886
f 7819 7886 7824
f 7821 7866 7822
f 7822 7866 7823
f 7823 7866 7864
f 7823 7864 7878
f 7824 7871 7825
f 7824 7886 7872
f 7824 7872 7871
f 7826 7887 7827
f 7827 7888 7877
f 7827 7887 7890
f 7827 7890 7888
f 7829 7891 7830
f 7829 7892 7893
f 7829 7893 7894
f 7829 7894 7895
f 7829 7895 7891
f 7830 7896 7833
f 7830 7891 7896
f 7831 7897 7832
f 7832 7897 7898
f 7832 7898 7892
f 7833 7899 7900
f 7833 7900 7901
f 7833 7901 7834
f 7833 7896 7899
f 7834 7901 7902
f 7834 7902 7835
f 7835 7902 7903
f 7835 7903 7904
f 7835 7904 7837
f 7837 7904 7901
f 7837 7901 7840
f 7837 7840 7838
f 7840 7905 7841
f 7840 7901 7905
f 7841 7905 7906
f 7841 7906 7842
f 7842 7906 7907
f 7842 7907 7908
f 7842 7908 7909
f 7842 7909 7910
f 7842 7910 7843
f 7843 7848 7844
f 7843 7910 7848
f 7845 7911 7912
f 7845 7912 7846
f 7845 7853 7913
f 7845 7913 7911
f 7846 7912 7847
f 7847 7914 7867
f 7847 7912 7914
f 7848 7910 7915
f 7848 7915 7849
f 7849 7915 7916
f 7849 7916 7850
f 7850 7916 7851
f 7851 7916 7917
f 7851 7917 7918
f 7851 7918 7919
f 7851 7919 7852
f 7852 7919 7853
f 7853 7919 7913
f 7855 7857 7856
f 7855 7870 7920
f 7855 7920 7921
f 7855 7921 7858
f 7855 7858 7857
f 7858 7921 7922
f 7858 7922 7861
f 7858 7861 7859
f 7860 7862 7863
f 7861 7922 7862
f 7862 7922 7921
f 7862 7921 7923
f 7862 7923 7924
f 7862 7924 7925
f 7862 7925 7863
f 7863 7926 7864
f 7863 7925 7926
f 7864 7880 7878
f 7864 7866 7865
f 7864 7926 7880
f 7867 7914 7927
f 7867 7927 7869
f 7867 7869 7868
f 7869 7928 7870
f 7869 7927 7911
f 7869 7911 7929
f 7869 7929 7930
f 7869 7930 7928
f 7870 7928 7931
f 7870 7931 7920
f 7873 7885 7874
f 7874 7885 7932
f 7874 7932 7933
f 7874 7933 7875
f 7878 7880 7879
f 7880 7926 7934
f 7880 7934 7935
f 7880 7935 7936
f 7880 7936 7882
f 7880 7882 7881
f 7882 7936 7937
f 7882 7937 7938
f 7882 7938 7939
f 7882 7939 7940
f 7882 7940 7941
f 7882 7941 7942
f 7882 7942 7943
f 7882 7943 7932
f 7882 7932 7883
f 7883 7932 7884
f 7884 7932 7885
f 7889 7945 7946
f 7889 7946 7944
f 7891 7895 7947
f 7891 7947 7948
f 7891 7948 7896
f 7893 7949 7950
f 7893 7950 7894
f 7894 7950 7895
f 7895 7950 7947
f 7896 7951 7952
f 7896 7952 7899
f 7896 7948 7953
f 7896 7953 7951
f 7899 7952 7954
f 7899 7954 7955
f 7899 7955 7956
f 7899 7956 7900
f 7900 7956 7957
f 7900 7957 7901
f 7901 7903 7902
f 7901 7957 7958
f 7901 7958 7959
f 7901 7959 7905
f 7901 7904 7903
f 7905 7959 7906
f 7906 7960 7907
f 7906 7959 7956
f 7906 7956 7960
f 7907 7909 7908
f 7907 7960 7961
f 7907 7961 7962
f 7907 7962 7963
f 7907 7963 7909
f 7909 7964 7910
f 7909 7963 7964
f 7910 7964 7965
f 7910 7965 7915
f 7911 7927 7966
f 7911 7966 7914
f 7911 7914 7912
f 7911 7913 7929
f 7913 7919 7929
f 7914 7966 7927
f 7915 7967 7916
f 7915 7965 7968
f 7915 7968 7969
f 7915 7969 7970
f 7915 7970 7971
f 7915 7971 7967
f 7916 7972 7917
f 7916 7967 7971
f 7916 7971 7973
f 7916 7973 8019
f 7916 8019 7974
f 7916 7974 7975
f 7916 7975 7972
f 7917 7972 7976
f 7917 7976 7918
f 7918 7976 7919
f 7919 7977 7930
f 7919 7930 7929
f 7919 7976 7977
f 7920 7931 7978
f 7920 7978 7979
f 7920 7979 7980
f 7920 7980 7921
f 7921 7980 7924
f 7921 7924 7923
f 7924 7980 7981
f 7924 7981 7982
f 7924 7982 7925
f 7925 7982 7983
f 7925 7983 7984
f 7925 7984 7935
f 7925 7935 7926
f 7926 7935 7934
f 7928 7978 7931
f 7928 7930 7978
f 7930 7977 7985
f 7930 7985 7978
f 7932 7943 7933
f 7933 7943 7942
f 7933 7942 7941
f 7935 7984 7986
f 7935 7986 7987
f 7935 7987 7936
f 7936 7987 7937
f 7937 7987 7988
f 7937 7988 7989
f 7937 7989 7938
f 7938 7989 7939
f 7939 7990 7940
f 7939 7989 7991
f 7939 7991 7990
f 7940 7990 7941
f 7944 7992 7993
f 7944 7993 7994
f 7944 7946 7992
f 7945 7995 7946
f 7946 7996 7997
f 7946 7997 7992
f 7946 7995 7998
f 7946 7998 7996
f 7947 7950 7999
f 7947 7999 8000
f 7947 8000 8059
f 7947 8059 8001
f 7947 8001 8002
f 7947 8002 8003
f 7947 8003 7948
f 7948 8003 7953
f 7949 7999 7950
f 7951 7953 8004
f 7951 8004 8005
f 7951 8005 8006
f 7951 8006 8007
f 7951 8007 7952
f 7952 8007 8008
f 7952 8008 7954
f 7953 8003 8009
f 7953 8009 8010
f 7953 8010 8004
f 7954 8008 7955
f 7955 8008 7956
f 7956 8008 8011
f 7956 8011 7960
f 7956 7959 7958
f 7956 7958 7957
f 7960 8011 8012
f 7960 8012 7961
f 7961 8012 7962
f 7962 8013 8014
f 7962 8014 7963
f 7962 8012 8013
f 7963 8014 8015
f 7963 8015 7964
f 7964 7968 7965
f 7964 8015 8016
f 7964 8016 8017
f 7964 8017 7968
f 7968 8017 7969
f 7969 8017 8018
f 7969 8018 7970
f 7970 8018 7971
f 7971 8018 8019
f 7971 8019 7973
f 7972 8020 8021
f 7972 8021 8025
f 7972 8025 7976
f 7972 7975 8022
f 7972 8022 8023
f 7972 8023 8020
f 7974 8019 8077
f 7974 8077 8024
f 7974 8024 7975
f 7975 8024 8022
f 7976 8025 7977
f 7977 8026 8027
f 7977 8027 8028
f 7977 8028 7985
f 7977 8025 8029
f 7977 8029 8026
f 7978 8030 7979
f 7978 7985 8030
f 7979 8030 8031
f 7979 8031 7980
f 7980 8031 7981
f 7981 8031 8032
f 7981 8032 8033
f 7981 8033 8034
f 7981 8034 7982
f 7982 8034 8033
f 7982 8033 8035
f 7982 8035 7983
f 7983 8036 7987
f 7983 7987 7986
f 7983 7986 7984
f 7983 8035 8036
f 7985 8028 8030
f 7987 8037 8038
f 7987 8038 7988
f 7987 8036 8039
f 7987 8039 8040
f 7987 8040 8037
f 7988 8041 8042
f 7988 8042 7989
f 7988 8038 8043
f 7988 8043 8044
f 7988 8044 8041
f 7989 8042 8045
f 7989 8045 8046
f 7989 8046 7991
f 7992 7997 7993
f 7993 8047 8048
f 7993 8048 8049
f 7993 8049 7994
f 7993 7997 8050
f 7993 8050 8051
f 7993 8051 8047
f 7995 8052 7998
f 7996 8053 8054
f 7996 8054 7997
f 7996 7998 8053
f 7997 8054 8055
f 7997 8055 8050
f 7998 8056 8057
f 7998 8057 8053
f 7998 8052 8058
f 7998 8058 8056
f 8001 8060 8061
f 8001 8061 8002
f 8001 8059 8062
f 8001 8062 8060
f 8002 8061 8063
f 8002 8063 8064
f 8002 8064 8009
f 8002 8009 8003
f 8004 8010 8005
f 8005 8010 8065
f 8005 8065 8006
f 8006 8066 8007
f 8006 8065 8067
f 8006 8067 8066
f 8007 8066 8068
f 8007 8068 8069
f 8007 8069 8070
f 8007 8070 8008
f 8008 8070 8012
f 8008 8012 8011
f 8009 8064 8010
f 8010 8064 8065
f 8012 8070 8071
f 8012 8071 8015
f 8012 8015 8072
f 8012 8072 8013
f 8013 8072 8014
f 8014 8072 8015
f 8015 8073 8017
f 8015 8017 8016
f 8015 8071 8074
f 8015 8074 8075
f 8015 8075 8073
f 8017 8073 8076
f 8017 8076 8018
f 8018 8076 8019
f 8019 8076 8127
f 8019 8127 8077
f 8020 8029 8021
f 8020 8023 8078
f 8020 8078 8079
f 8020 8079 8029
f 8021 8029 8025
f 8022 8024 8023
f 8023 8024 8080
f 8023 8080 8081
f 8023 8081 8082
f 8023 8082 8079
f 8023 8079 8078
f 8024 8077 8080
f 8026 8029 8083
f 8026 8083 8084
f 8026 8084 8085
f 8026 8085 8031
f 8026 8031 8030
f 8026 8030 8027
f 8027 8030 8028
f 8029 8079 8086
f 8029 8086 8083
f 8031 8085 8087
f 8031 8087 8088
f 8031 8088 8089
f 8031 8089 8040
f 8031 8040 8032
f 8032 8039 8033
f 8032 8040 8039
f 8033 8039 8035
f 8035 8039 8036
f 8037 8090 8091
f 8037 8091 8092
f 8037 8092 8043
f 8037 8043 8038
f 8037 8040 8090
f 8040 8089 8088
f 8040 8088 8093
f 8040 8093 8094
f 8040 8094 8090
f 8043 8092 8095
f 8043 8095 8096
f 8043 8096 8044
f 8047 8097 8098
f 8047 8098 8048
f 8047 8051 8097
f 8050 8055 8099
f 8050 8099 8100
f 8050 8100 8101
f 8050 8101 8102
f 8050 8102 8051
f 8051 8102 8103
f 8051 8103 8104
f 8051 8104 8105
f 8051 8105 8097
f 8052 8106 8107
f 8052 8107 8058
f 8053 8057 8054
f 8054 8057 8056
f 8054 8056 8099
f 8054 8099 8055
f 8056 8058 8099
f 8058 8107 8108
f 8058 8108 8109
f 8058 8109 8099
f 8060 8062 8110
f 8060 8110 8111
f 8060 8111 8112
f 8060 8112 8061
f 8061 8112 8113
f 8061 8113 8114
f 8061 8114 8115
f 8061 8115 8063
f 8063 8115 8116
f 8063 8116 8067
f 8063 8067 8064
f 8064 8067 8065
f 8066 8067 8068
f 8067 8116 8117
f 8067 8117 8118
f 8067 8118 8119
f 8067 8119 8068
f 8068 8120 8069
f 8068 8119 8120
f 8069 8121 8070
f 8069 8120 8121
f 8070 8122 8071
f 8070 8121 8122
f 8071 8122 8074
f 8073 8075 8123
f 8073 8123 8124
f 8073 8124 8076
f 8074 8122 8075
f 8075 8122 8125
f 8075 8125 8126
f 8075 8126 8123
f 8076 8124 8128
f 8076 8128 8174
f 8076 8174 8127
f 8077 8127 8080
f 8079 8082 8129
f 8079 8129 8130
f 8079 8130 8086
f 8080 8131 8081
f 8080 8127 8131
f 8081 8131 8082
f 8082 8132 8129
f 8082 8131 8133
f 8082 8133 8132
f 8083 8134 8135
f 8083 8135 8085
f 8083 8085 8084
f 8083 8086 8130
f 8083 8130 8134
f 8085 8135 8136
f 8085 8136 8087
f 8087 8136 8088
f 8088 8136 8135
f 8088 8135 8137
f 8088 8137 8138
f 8088 8138 8139
f 8088 8139 8140
f 8088 8140 8141
f 8088 8141 8093
f 8090 8094 8091
f 8091 8094 8142
f 8091 8142 8143
f 8091 8143 8092
f 8093 8141 8094
f 8094 8141 8144
f 8094 8144 8145
f 8094 8145 8142
f 8097 8105 8146
f 8099 8109 8108
f 8099 8108 8147
f 8099 8147 8148
f 8099 8148 8100
f 8100 8148 8101
f 8101 8148 8149
f 8101 8149 8150
f 8101 8150 8151
f 8101 8151 8102
f 8102 8151 8103
f 8103 8151 8150
f 8103 8150 8152
f 8103 8152 8153
f 8103 8153 8104
f 8104 8153 8113
f 8104 8113 8112
f 8104 8112 8111
f 8104 8111 8154
f 8104 8154 8105
f 8105 8154 8111
f 8105 8111 8155
f 8105 8155 8156
f 8105 8156 8146
f 8106 8157 8107
f 8107 8157 8158
f 8107 8158 8159
f 8107 8159 8160
f 8107 8160 8161
f 8107 8161 8162
f 8107 8162 8108
f 8108 8162 8147
f 8113 8153 8114
f 8114 8153 8163
f 8114 8163 8115
f 8115 8163 8164
f 8115 8164 8117
f 8115 8117 8116
f 8117 8164 8165
f 8117 8165 8166
f 8117 8166 8125
f 8117 8125 8167
f 8117 8167 8118
f 8118 8167 8120
f 8118 8120 8119
f 8120 8167 8121
f 8121 8167 8125
f 8121 8125 8122
f 8123 8168 8124
f 8123 8126 8168
f 8124 8168 8169
f 8124 8169 8170
f 8124 8170 8171
f 8124 8171 8128
f 8125 8166 8126
f 8126 8166 8165
f 8126 8165 8172
f 8126 8172 8168
f 8127 8173 8131
f 8127 8174 8173
f 8128 8171 8170
f 8128 8170 8169
f 8128 8169 8174
f 8129 8132 8175
f 8129 8175 8176
f 8129 8176 8130
f 8130 8176 8177
f 8130 8177 8135
f 8130 8135 8134
f 8131 8173 8133
f 8132 8178 8175
f 8132 8133 8179
f 8132 8179 8180
f 8132 8180 8178
f 8133 8173 8181
f 8133 8181 8182
f 8133 8182 8179
f 8135 8177 8137
f 8137 8177 8183
f 8137 8183 8184
f 8137 8184 8138
f 8138 8184 8185
f 8138 8185 8139
f 8139 8185 8186
f 8139 8186 8187
f 8139 8187 8188
f 8139 8188 8189
f 8139 8189 8140
f 8140 8189 8190
f 8140 8190 8144
f 8140 8144 8141
f 8142 8145 8191
f 8142 8191 8143
f 8144 8190 8192
f 8144 8192 8145
f 8145 8192 8193
f 8145 8193 8191
f 8147 8162 8148
f 8148 8194 8195
f 8148 8195 8149
f 8148 8162 8196
f 8148 8196 8194
f 8149 8195 8150
f 8150 8195 8197
f 8150 8197 8152
f 8152 8197 8169
f 8152 8169 8163
f 8152 8163 8153
f 8157 8198 8159
f 8157 8159 8158
f 8159 8199 8200
f 8159 8200 8201
f 8159 8201 8196
f 8159 8196 8160
f 8159 8198 8199
f 8160 8196 8161
f 8161 8196 8162
f 8163 8169 8165
f 8163 8165 8164
f 8165 8169 8172
f 8168 8172 8169
f 8169 8197 8202
f 8169 8202 8174
f 8173 8174 8196
f 8173 8196 8181
f 8174 8202 8203
f 8174 8203 8196
f 8175 8178 8204
f 8175 8204 8176
f 8176 8205 8183
f 8176 8183 8177
f 8176 8204 8186
f 8176 8186 8205
f 8178 8187 8186
f 8178 8186 8204
f 8178 8180 8206
f 8178 8206 8187
f 8179 8182 8180
f 8180 8182 8181
f 8180 8181 8201
f 8180 8201 8207
f 8180 8207 8208
f 8180 8208 8209
f 8180 8209 8206
f 8181 8196 8201
f 8183 8205 8184
f 8184 8205 8185
f 8185 8205 8210
f 8185 8210 8186
f 8186 8210 8205
f 8187 8206 8209
f 8187 8209 8188
f 8188 8209 8211
f 8188 8211 8212
f 8188 8212 8189
f 8189 8212 8213
f 8189 8213 8214
f 8189 8214 8215
f 8189 8215 8192
f 8189 8192 8190
f 8192 8215 8216
f 8192 8216 8193
f 8194 8196 8217
f 8194 8217 8195
f 8195 8217 8197
f 8196 8203 8217
f 8197 8217 8203
f 8197 8203 8202
f 8198 8218 8219
f 8198 8219 8200
f 8198 8200 8199
f 8200 8220 8208
f 8200 8208 8207
f 8200 8207 8201
f 8200 8219 8220
f 8208 8220 8221
f 8208 8221 8222
f 8208 8222 8223
f 8208 8223 8224
f 8208 8224 8225
f 8208 8225 8211
f 8208 8211 8209
f 8211 8225 8212
f 8212 8225 8226
f 8212 8226 8227
f 8212 8227 8213
f 8213 8227 8228
f 8213 8228 8229
f 8213 8229 8214
f 8218 8230 8222
f 8218 8222 8219
f 8219 8222 8221
f 8219 8221 8220
f 8222 8230 8223
f 8223 8231 8225
f 8223 8225 8224
f 8223 8230 8232
f 8223 8232 8231
f 8225 8231 8226
o convex_10
v -0.291479 0.507261 -0.0819874
v -0.291479 0.684805 -0.0819874
v 0.0135049 0.589043 -0.0819874
v 0.0135049 0.853834 0.140831
v 0.0135049 0.865709 0.150541
v -0.291479 0.782673 0.122987
v -0.291479 0.692333 -0.0769545
v -0.290733 0.691527 -0.0777425
v -0.286345 0.687359 -0.0819874
v 0.0135049 0.743598 -0.0819874
v 0.0135049 0.875254 0.157556
v -0.291479 0.792174 0.130003
v -0.291479 0.697352 -0.0735484
v -0.277836 0.694484 -0.079903
v -0.277836 0.691392 -0.0819874
v 0.011445 0.743643 -0.0819874
v 0.0135049 0.74669 -0.0796743
v 0.0135049 0.891207 0.166961
v -0.291479 0.833938 0.158344
v -0.291479 0.818657 0.148253
v -0.291479 0.803421 0.137959
v -0.291479 0.710841 -0.0643215
v -0.274642 0.692871 -0.0819874
v -0.277836 0.704029 -0.073218
v -0.0479338 0.743643 -0.0819874
v -0.00960181 0.780971 -0.0539762
v 0.0135049 0.771381 -0.0611696
v 0.0135049 0.75861 -0.0707524
v 0.0135049 0.901693 0.172045
v -0.291479 0.855044 0.170011
v -0.291479 0.852804 0.168893
v -0.291479 0.838688 0.16114
v -0.291479 0.722178 -0.0563147
v -0.256939 0.699951 -0.0819874
v -0.291479 0.724329 -0.0547896
v -0.262671 0.707121 -0.0752261
v -0.0576661 0.743284 -0.0819874
v -0.0479338 0.780971 -0.0539762
v 0.0135049 0.791098 -0.0463507
v 0.0135049 0.778999 -0.0554505
v 0.0135049 0.903351 0.172757
v -0.201172 0.877181 0.174383
v -0.291479 0.861632 0.172731
v -0.244669 0.704164 -0.0819874
v -0.291479 0.734949 -0.0469099
v -0.281807 0.726256 -0.0560605
v -0.269029 0.728451 -0.0576619
v -0.257237 0.716845 -0.069329
v -0.06707 0.742881 -0.0819874
v -0.06707 0.780567 -0.0536966
v -0.0479338 0.793697 -0.0443935
v 0.0135049 0.793697 -0.0443935
v 0.0135049 0.910879 0.17512
v -0.220338 0.876016 0.174714
v -0.291479 0.870594 0.174993
v -0.220338 0.712274 -0.0819874
v -0.291479 0.74297 -0.0408095
v -0.262581 0.783704 -0.0176786
v -0.249804 0.785855 -0.0193308
v -0.220338 0.778013 -0.0325993
v -0.220338 0.723791 -0.0733451
v -0.199769 0.719131 -0.0819874
v -0.0739064 0.742253 -0.0819874
v -0.0824446 0.747944 -0.0771324
v -0.086236 0.770037 -0.0601783
v -0.086236 0.779626 -0.0529086
v -0.06707 0.793204 -0.0441139
v -0.0479338 0.803287 -0.0370984
v -0.00960181 0.803287 -0.0370984
v 0.0135049 0.803287 -0.0370729
v 0.0135049 0.915137 0.175756
v -0.201172 0.890983 0.176747
v -0.220338 0.890983 0.177078
v -0.239504 0.890983 0.177154
v -0.291479 0.874672 0.175451
v -0.291479 0.75135 -0.0342769
v -0.291479 0.786527 -0.00626575
v -0.277836 0.792487 -0.00570655
v -0.277836 0.802077 0.00222401
v -0.266492 0.804183 0.000520976
v -0.253715 0.806334 -0.00130915
v -0.239504 0.808664 -0.00334263
v -0.220338 0.800329 -0.0155943
v -0.291479 0.757265 -0.0296253
v -0.291479 0.777027 -0.013993
v -0.239504 0.787558 -0.0206272
v -0.201172 0.771605 -0.042182
v -0.220338 0.79074 -0.0230165
v -0.201172 0.781195 -0.0349632
v -0.192365 0.728407 -0.0768274
v -0.182036 0.724418 -0.0819874
v -0.182036 0.762015 -0.0541287
v -0.182036 0.75247 -0.0612967
v -0.0888631 0.740685 -0.0819874
v -0.105402 0.746645 -0.0761665
v -0.105402 0.768827 -0.0592887
v -0.105402 0.778416 -0.0518157
v -0.086236 0.791905 -0.0433259
v -0.06707 0.802794 -0.0366662
v -0.06707 0.81328 -0.0270835
v -0.06707 0.822869 -0.0181108
v -0.0479338 0.813325 -0.0275156
v 0.00956419 0.813325 -0.0275156
v 0.0135049 0.811263 -0.0294728
v 0.0135049 0.929342 0.177688
v -0.25867 0.890983 0.177154
v -0.277836 0.890983 0.176951
v -0.291479 0.890983 0.176366
v -0.291479 0.7967 0.00209692
v -0.291479 0.799478 0.00438458
v -0.291479 0.807678 0.0111967
v -0.291479 0.811443 0.0143486
v -0.282493 0.822242 0.020627
v -0.269716 0.824438 0.018746
v -0.25867 0.826275 0.0171701
v -0.239504 0.829457 0.0144503
v -0.220338 0.811667 -0.00601157
v -0.201172 0.802928 -0.0176786
v -0.201172 0.793383 -0.0253804
v -0.182036 0.729975 -0.0779204
v -0.182036 0.73952 -0.0708795
v -0.16287 0.74185 -0.072735
v -0.16287 0.732305 -0.079598
v -0.1629 0.728944 -0.0819874
v -0.182036 0.774204 -0.044546
v -0.16287 0.764525 -0.0559843
v -0.16287 0.754935 -0.0631523
v -0.108029 0.73822 -0.0819874
v -0.124568 0.74539 -0.0752515
v -0.124568 0.767482 -0.0582719
v -0.124568 0.756862 -0.0664821
v -0.135733 0.766676 -0.0576619
v -0.105402 0.790381 -0.0422329
v -0.086236 0.801494 -0.0355732
v -0.148481 0.765735 -0.0569248
v -0.086236 0.812608 -0.0259905
v -0.086236 0.822197 -0.0176024
v -0.086236 0.832459 -0.00801963
v -0.0479338 0.822914 -0.0181108
v -0.086236 0.842049 0.00102935
v -0.06707 0.832504 -0.008528
v 0.0135049 0.813325 -0.0274902
v 0.0135049 0.822914 -0.0181108
v 0.0135049 0.820943 -0.0200426
v 0.0135049 0.944264 0.174968
v -0.105402 0.94395 0.174688
v -0.105402 0.929342 0.177052
v -0.201172 0.910162 0.177154
v -0.220338 0.910162 0.176951
v -0.239504 0.910162 0.176137
v -0.291479 0.895464 0.175705
v -0.291479 0.820584 0.0221013
v -0.291479 0.826992 0.0280492
v -0.283837 0.841914 0.0395129
v -0.276791 0.833176 0.0290151
v -0.25867 0.835865 0.0258124
v -0.239504 0.839047 0.022813
v -0.220338 0.821256 0.00235111
v -0.206367 0.823049 0.000826
v -0.182036 0.783794 -0.0368696
v -0.200456 0.815744 -0.00669787
v -0.188365 0.804228 -0.0186954
v -0.143704 0.743777 -0.0741076
v -0.143704 0.734232 -0.0808689
v -0.143704 0.732619 -0.0819874
v -0.169229 0.785093 -0.0378609
v -0.16284 0.77761 -0.0450543
v -0.124568 0.788813 -0.0410128
v -0.124598 0.73589 -0.0819874
v -0.142749 0.758386 -0.0632031
v -0.124867 0.735845 -0.0819874
v -0.105402 0.799971 -0.0342006
v -0.105402 0.811174 -0.0246179
v -0.105402 0.820719 -0.0164077
v -0.105402 0.831787 -0.00682496
v -0.105402 0.841377 0.00156313
v -0.105402 0.851639 0.0111205
v 0.0135049 0.830532 -0.0105106
v -0.105402 0.861228 0.0201949
v -0.086236 0.889997 0.0489177
v 0.0135049 0.953854 0.169122
v -0.086236 0.95354 0.168969
v -0.105402 0.95354 0.168791
v -0.124568 0.943726 0.174561
v -0.124568 0.929342 0.1769
v -0.143704 0.929342 0.176366
v -0.220338 0.92513 0.174612
v -0.277836 0.906443 0.174612
v -0.291479 0.904337 0.174027
v -0.291479 0.830801 0.0316332
v -0.291479 0.840525 0.0409109
v -0.291479 0.846082 0.0464776
v -0.291479 0.85966 0.0601019
v -0.283628 0.861049 0.0586784
v -0.27106 0.844021 0.0374032
v -0.25867 0.846037 0.0353951
v -0.239504 0.848995 0.0323957
v -0.220338 0.84169 0.0204236
v -0.220338 0.832101 0.0119339
v -0.193589 0.824348 -0.00034325
v -0.209591 0.842855 0.0193815
v -0.182036 0.825424 -0.00128373
v -0.16287 0.827127 -0.00273259
v -0.143704 0.82874 -0.00410518
v -0.124568 0.839898 0.0027578
v -0.124568 0.850922 0.0123151
v -0.124568 0.860511 0.0207541
v 0.0135049 0.897615 0.0565179
v -0.124568 0.870191 0.0303368
v -0.105402 0.880408 0.0393604
v -0.086236 0.899587 0.0585005
v 0.0135049 0.962054 0.159539
v -0.0287678 0.962054 0.159412
v -0.0479338 0.961965 0.159412
v -0.086236 0.961696 0.159412
v -0.124568 0.953271 0.168283
v -0.105402 0.961382 0.159234
v -0.143704 0.942427 0.174027
v -0.174961 0.939335 0.17268
v -0.239504 0.922755 0.173773
v -0.291479 0.907115 0.17235
v -0.252162 0.920693 0.172909
v -0.26494 0.918273 0.171664
v -0.291479 0.864992 0.0657194
v -0.270851 0.863021 0.056645
v -0.25867 0.855627 0.0452066
v -0.281658 0.87978 0.0786319
v -0.276254 0.8714 0.0675495
v -0.239504 0.85854 0.0423344
v -0.220338 0.860959 0.0397671
v -0.220338 0.85137 0.0300064
v -0.182036 0.845634 0.0168905
v -0.16287 0.847516 0.0152129
v -0.143704 0.858988 0.0222283
v -0.143704 0.849398 0.0137132
v -0.182036 0.855223 0.0260411
v -0.16287 0.857106 0.0241093
v 0.0135049 0.907205 0.0661006
v -0.143704 0.868622 0.0318111
v -0.124568 0.87978 0.0400975
v -0.105402 0.889773 0.0489177
v -0.086236 0.918722 0.0777169
v -0.086236 0.909132 0.0680578
v -0.0479338 0.928311 0.0872234
v -0.00960181 0.937901 0.0968061
v 0.0135049 0.964922 0.143703
v 0.00956419 0.965012 0.143703
v -0.00960181 0.965057 0.143703
v -0.0287678 0.964788 0.143703
v -0.124568 0.9608 0.1587
v -0.143704 0.959635 0.156692
v -0.143704 0.952017 0.166275
v -0.187738 0.937811 0.171969
v -0.201172 0.936422 0.170977
v -0.220338 0.934719 0.169147
v -0.291479 0.913927 0.166021
v -0.239504 0.932299 0.165563
v -0.291479 0.868712 0.0698371
v -0.25867 0.864724 0.054764
v -0.26888 0.881617 0.0764205
v -0.291479 0.878212 0.0805383
v -0.265686 0.899856 0.0966536
v -0.239504 0.867323 0.0518663
v -0.220338 0.869787 0.0493244
v -0.205471 0.899542 0.0777677
v -0.20974 0.862035 0.038547
v -0.196963 0.863334 0.0371998
v -0.182036 0.864813 0.0356239
v -0.16287 0.86674 0.0336921
v 0.00956419 0.937901 0.0968061
v 0.0135049 0.928311 0.0872234
v -0.143704 0.878212 0.041826
v -0.124568 0.888698 0.0496549
v -0.105402 0.908415 0.0683375
v -0.105402 0.899363 0.0587547
v -0.105402 0.91796 0.0786828
v -0.086236 0.927012 0.0872996
v -0.06707 0.937542 0.0976704
v -0.0479338 0.937901 0.0969586
v -0.0287678 0.937901 0.0968316
v -0.00960181 0.94646 0.106389
v 0.0135049 0.944712 0.104432
v 0.0135049 0.960934 0.12835
v 0.00956419 0.961024 0.128173
v -0.00960181 0.961024 0.128173
v -0.0287678 0.960844 0.128757
v -0.0479338 0.964026 0.143703
v -0.124568 0.9608 0.147643
v -0.143704 0.959635 0.150134
v -0.155795 0.958559 0.154455
v -0.220338 0.942427 0.159564
v -0.239504 0.940231 0.15598
v -0.249237 0.938976 0.153438
v -0.291479 0.921365 0.156438
v -0.25867 0.883007 0.07487
v -0.252909 0.901693 0.0945185
v -0.239504 0.903575 0.0923325
v -0.239504 0.895195 0.0827497
v -0.220338 0.89775 0.0797758
v -0.291479 0.883186 0.0866642
v -0.277836 0.897929 0.0991955
v -0.277836 0.905502 0.108778
v -0.25867 0.918229 0.117293
v -0.259058 0.907653 0.103974
v -0.241146 0.914375 0.106084
v -0.239504 0.876912 0.0624149
v -0.220338 0.88816 0.0693288
v -0.220338 0.906174 0.0893585
v -0.201172 0.91796 0.0980262
v -0.199918 0.906936 0.0849865
v -0.192694 0.900797 0.0763951
v -0.16287 0.87633 0.0438086
v -0.200157 0.890804 0.0672699
v -0.202277 0.872073 0.0476722
v 0.0135049 0.937901 0.0968316
v 0.0135049 0.935929 0.0948489
v -0.143704 0.886995 0.0513833
v -0.124568 0.898287 0.0599748
v -0.124568 0.924368 0.0901465
v -0.105402 0.925757 0.0882655
v -0.124568 0.906846 0.0695575
v -0.124568 0.916436 0.0805637
v -0.086236 0.936601 0.0992463
v -0.06707 0.94395 0.107253
v -0.0287678 0.955646 0.119174
v -0.0287678 0.946057 0.106414
v 0.00956419 0.94646 0.106389
v -0.00960181 0.95605 0.11859
v 0.0135049 0.94637 0.106414
v 0.0135049 0.959948 0.126393
v 0.00956419 0.95605 0.11859
v -0.105402 0.961382 0.145788
v -0.0479338 0.960127 0.130308
v -0.06707 0.959142 0.132214
v -0.0798473 0.958425 0.133485
v -0.124568 0.955826 0.13806
v -0.155795 0.958559 0.152218
v -0.143704 0.954571 0.140551
v -0.182036 0.942292 0.128249
v -0.201172 0.940545 0.131096
v -0.249237 0.938976 0.153133
v -0.291479 0.921769 0.15199
v -0.239504 0.885606 0.0719977
v -0.220338 0.915764 0.100797
v -0.291479 0.885606 0.089689
v -0.291479 0.896316 0.103542
v -0.291479 0.902858 0.112006
v -0.277836 0.915092 0.12192
v -0.277836 0.921276 0.131502
v -0.25867 0.924009 0.126876
v -0.24861 0.919618 0.115133
v -0.220338 0.923292 0.11038
v -0.201172 0.925443 0.107609
v -0.188037 0.91917 0.0965011
v -0.182036 0.901783 0.0753275
v -0.194813 0.882066 0.056772
v -0.16287 0.903486 0.0733957
v -0.143704 0.905188 0.0714893
v -0.143704 0.922844 0.0920783
v -0.181797 0.925891 0.103898
v -0.16287 0.92988 0.105372
v -0.124568 0.933957 0.103084
v -0.105402 0.935347 0.101153
v -0.143704 0.914778 0.0824955
v -0.151376 0.938663 0.115336
v -0.124568 0.940366 0.112642
v -0.086236 0.942741 0.108829
v -0.0479338 0.954705 0.120725
v 0.0135049 0.953988 0.116099
v 0.0135049 0.95596 0.118768
v -0.06707 0.95354 0.122631
v -0.105402 0.950045 0.124538
v -0.124568 0.94767 0.124538
v -0.14448 0.94413 0.12286
v -0.16287 0.943682 0.126139
v -0.212546 0.939335 0.133256
v -0.201172 0.946012 0.143703
v -0.239504 0.940231 0.150185
v -0.182036 0.936646 0.118666
v -0.201172 0.935033 0.121513
v -0.239504 0.935974 0.140602
v -0.287479 0.919752 0.13407
v -0.291479 0.920111 0.139967
v -0.291479 0.921365 0.145
v -0.235832 0.921276 0.112972
v -0.291479 0.915271 0.129952
v -0.225324 0.937766 0.136535
v -0.219502 0.933375 0.125936
v -0.16287 0.913075 0.0844019
v -0.16287 0.937946 0.116556
v -0.219502 0.941979 0.143246
f 8233 8234 8241
f 8233 8241 8247
f 8233 8247 8255
f 8233 8255 8266
f 8233 8266 8276
f 8233 8276 8288
f 8233 8288 8294
f 8233 8294 8323
f 8233 8323 8356
f 8233 8356 8397
f 8233 8397 8403
f 8233 8403 8401
f 8233 8401 8360
f 8233 8360 8326
f 8233 8326 8295
f 8233 8295 8281
f 8233 8281 8269
f 8233 8269 8257
f 8233 8257 8248
f 8233 8248 8242
f 8233 8242 8235
f 8233 8235 8236
f 8233 8236 8237
f 8233 8237 8238
f 8233 8238 8244
f 8233 8244 8253
f 8233 8253 8252
f 8233 8252 8251
f 8233 8251 8264
f 8233 8264 8263
f 8233 8263 8262
f 8233 8262 8275
f 8233 8275 8287
f 8233 8287 8307
f 8233 8307 8340
f 8233 8340 8383
f 8233 8383 8421
f 8233 8421 8453
f 8233 8453 8488
f 8233 8488 8526
f 8233 8526 8574
f 8233 8574 8616
f 8233 8616 8615
f 8233 8615 8618
f 8233 8618 8579
f 8233 8579 8578
f 8233 8578 8577
f 8233 8577 8532
f 8233 8532 8493
f 8233 8493 8490
f 8233 8490 8456
f 8233 8456 8425
f 8233 8425 8424
f 8233 8424 8423
f 8233 8423 8422
f 8233 8422 8385
f 8233 8385 8384
f 8233 8384 8344
f 8233 8344 8343
f 8233 8343 8342
f 8233 8342 8341
f 8233 8341 8309
f 8233 8309 8317
f 8233 8317 8316
f 8233 8316 8308
f 8233 8308 8289
f 8233 8289 8277
f 8233 8277 8267
f 8233 8267 8265
f 8233 8265 8254
f 8233 8254 8245
f 8233 8245 8239
f 8233 8239 8234
f 8234 8239 8240
f 8234 8240 8241
f 8235 8242 8249
f 8235 8249 8260
f 8235 8260 8259
f 8235 8259 8272
f 8235 8272 8271
f 8235 8271 8284
f 8235 8284 8302
f 8235 8302 8336
f 8235 8336 8374
f 8235 8374 8376
f 8235 8376 8375
f 8235 8375 8410
f 8235 8410 8440
f 8235 8440 8470
f 8235 8470 8503
f 8235 8503 8548
f 8235 8548 8547
f 8235 8547 8514
f 8235 8514 8561
f 8235 8561 8601
f 8235 8601 8602
f 8235 8602 8562
f 8235 8562 8515
f 8235 8515 8478
f 8235 8478 8444
f 8235 8444 8413
f 8235 8413 8377
f 8235 8377 8337
f 8235 8337 8303
f 8235 8303 8285
f 8235 8285 8273
f 8235 8273 8261
f 8235 8261 8250
f 8235 8250 8243
f 8235 8243 8237
f 8235 8237 8236
f 8237 8243 8244
f 8237 8244 8238
f 8239 8241 8240
f 8239 8245 8246
f 8239 8246 8241
f 8241 8246 8247
f 8242 8248 8249
f 8243 8250 8251
f 8243 8251 8252
f 8243 8252 8253
f 8243 8253 8244
f 8245 8254 8246
f 8246 8255 8247
f 8246 8254 8256
f 8246 8256 8255
f 8248 8257 8270
f 8248 8270 8258
f 8248 8258 8259
f 8248 8259 8260
f 8248 8260 8249
f 8250 8261 8262
f 8250 8262 8263
f 8250 8263 8264
f 8250 8264 8251
f 8254 8265 8256
f 8255 8256 8266
f 8256 8265 8267
f 8256 8267 8268
f 8256 8268 8266
f 8257 8269 8270
f 8258 8270 8271
f 8258 8271 8272
f 8258 8272 8259
f 8261 8273 8274
f 8261 8274 8262
f 8262 8274 8275
f 8266 8268 8276
f 8267 8277 8278
f 8267 8278 8268
f 8268 8278 8279
f 8268 8279 8280
f 8268 8280 8276
f 8269 8281 8282
f 8269 8282 8270
f 8270 8283 8271
f 8270 8282 8283
f 8271 8283 8284
f 8273 8285 8274
f 8274 8285 8286
f 8274 8286 8275
f 8275 8286 8287
f 8276 8280 8288
f 8277 8289 8290
f 8277 8290 8278
f 8278 8290 8291
f 8278 8291 8279
f 8279 8292 8293
f 8279 8293 8280
f 8279 8291 8292
f 8280 8293 8294
f 8280 8294 8288
f 8281 8295 8296
f 8281 8296 8282
f 8282 8296 8297
f 8282 8297 8298
f 8282 8298 8299
f 8282 8299 8283
f 8283 8299 8300
f 8283 8300 8301
f 8283 8301 8284
f 8284 8301 8302
f 8285 8303 8304
f 8285 8304 8286
f 8286 8304 8305
f 8286 8305 8287
f 8287 8305 8306
f 8287 8306 8307
f 8289 8308 8290
f 8290 8309 8310
f 8290 8310 8311
f 8290 8311 8312
f 8290 8312 8313
f 8290 8313 8314
f 8290 8314 8315
f 8290 8315 8291
f 8290 8308 8316
f 8290 8316 8317
f 8290 8317 8309
f 8291 8315 8318
f 8291 8318 8292
f 8292 8319 8294
f 8292 8294 8293
f 8292 8318 8320
f 8292 8320 8321
f 8292 8321 8319
f 8294 8322 8323
f 8294 8319 8324
f 8294 8324 8325
f 8294 8325 8322
f 8295 8326 8296
f 8296 8326 8327
f 8296 8327 8297
f 8297 8327 8298
f 8298 8327 8328
f 8298 8328 8329
f 8298 8329 8330
f 8298 8330 8331
f 8298 8331 8299
f 8299 8331 8300
f 8300 8331 8332
f 8300 8332 8333
f 8300 8333 8334
f 8300 8334 8335
f 8300 8335 8301
f 8301 8335 8302
f 8302 8335 8336
f 8303 8337 8304
f 8304 8337 8305
f 8305 8337 8306
f 8306 8338 8307
f 8306 8337 8338
f 8307 8338 8339
f 8307 8339 8340
f 8309 8341 8310
f 8310 8341 8342
f 8310 8342 8311
f 8311 8342 8343
f 8311 8343 8344
f 8311 8344 8345
f 8311 8345 8312
f 8312 8345 8346
f 8312 8346 8313
f 8313 8346 8347
f 8313 8347 8348
f 8313 8348 8314
f 8314 8349 8315
f 8314 8348 8349
f 8315 8350 8351
f 8315 8351 8321
f 8315 8321 8320
f 8315 8320 8318
f 8315 8349 8350
f 8319 8321 8324
f 8321 8351 8357
f 8321 8357 8324
f 8322 8352 8323
f 8322 8325 8353
f 8322 8353 8352
f 8323 8352 8354
f 8323 8354 8355
f 8323 8355 8356
f 8324 8357 8358
f 8324 8358 8325
f 8325 8358 8359
f 8325 8359 8353
f 8326 8360 8327
f 8327 8361 8328
f 8327 8360 8361
f 8328 8362 8329
f 8328 8361 8363
f 8328 8363 8362
f 8329 8362 8364
f 8329 8364 8330
f 8330 8365 8366
f 8330 8366 8331
f 8330 8364 8367
f 8330 8367 8365
f 8331 8366 8368
f 8331 8368 8369
f 8331 8369 8332
f 8332 8369 8370
f 8332 8370 8333
f 8333 8371 8334
f 8333 8370 8409
f 8333 8409 8372
f 8333 8372 8373
f 8333 8373 8371
f 8334 8371 8375
f 8334 8375 8335
f 8335 8374 8336
f 8335 8375 8376
f 8335 8376 8374
f 8337 8377 8378
f 8337 8378 8379
f 8337 8379 8380
f 8337 8380 8338
f 8338 8380 8381
f 8338 8381 8339
f 8339 8381 8382
f 8339 8382 8340
f 8340 8382 8383
f 8344 8384 8345
f 8345 8384 8385
f 8345 8385 8386
f 8345 8386 8387
f 8345 8387 8388
f 8345 8388 8389
f 8345 8389 8346
f 8346 8389 8347
f 8347 8389 8348
f 8348 8389 8390
f 8348 8390 8349
f 8349 8390 8391
f 8349 8391 8350
f 8350 8392 8351
f 8350 8391 8393
f 8350 8393 8394
f 8350 8394 8392
f 8351 8392 8357
f 8352 8353 8359
f 8352 8359 8354
f 8354 8359 8395
f 8354 8395 8355
f 8355 8395 8356
f 8356 8395 8396
f 8356 8396 8397
f 8357 8392 8358
f 8358 8392 8398
f 8358 8398 8399
f 8358 8399 8400
f 8358 8400 8367
f 8358 8367 8395
f 8358 8395 8359
f 8360 8401 8361
f 8361 8395 8402
f 8361 8402 8367
f 8361 8367 8363
f 8361 8401 8403
f 8361 8403 8395
f 8362 8363 8364
f 8363 8367 8364
f 8365 8400 8366
f 8365 8367 8400
f 8366 8400 8404
f 8366 8404 8405
f 8366 8405 8406
f 8366 8406 8368
f 8367 8402 8395
f 8368 8406 8437
f 8368 8437 8407
f 8368 8407 8408
f 8368 8408 8369
f 8369 8408 8409
f 8369 8409 8370
f 8371 8373 8410
f 8371 8410 8375
f 8372 8409 8411
f 8372 8411 8373
f 8373 8411 8412
f 8373 8412 8410
f 8377 8413 8414
f 8377 8414 8378
f 8378 8414 8415
f 8378 8415 8416
f 8378 8416 8417
f 8378 8417 8379
f 8379 8417 8380
f 8380 8417 8381
f 8381 8417 8418
f 8381 8418 8419
f 8381 8419 8382
f 8382 8420 8383
f 8382 8419 8420
f 8383 8420 8421
f 8385 8422 8386
f 8386 8423 8424
f 8386 8424 8425
f 8386 8425 8426
f 8386 8426 8427
f 8386 8427 8387
f 8386 8422 8423
f 8387 8427 8388
f 8388 8427 8428
f 8388 8428 8389
f 8389 8428 8429
f 8389 8429 8430
f 8389 8430 8431
f 8389 8431 8390
f 8390 8431 8391
f 8391 8432 8393
f 8391 8431 8430
f 8391 8430 8433
f 8391 8433 8432
f 8392 8394 8398
f 8393 8432 8394
f 8394 8432 8434
f 8394 8434 8435
f 8394 8435 8398
f 8395 8403 8396
f 8396 8403 8397
f 8398 8435 8436
f 8398 8436 8405
f 8398 8405 8404
f 8398 8404 8400
f 8398 8400 8399
f 8405 8436 8437
f 8405 8437 8406
f 8407 8437 8438
f 8407 8438 8408
f 8408 8438 8439
f 8408 8439 8409
f 8409 8439 8411
f 8410 8412 8440
f 8411 8439 8441
f 8411 8441 8442
f 8411 8442 8443
f 8411 8443 8412
f 8412 8443 8470
f 8412 8470 8440
f 8413 8444 8445
f 8413 8445 8414
f 8414 8445 8446
f 8414 8446 8447
f 8414 8447 8415
f 8415 8448 8416
f 8415 8447 8449
f 8415 8449 8448
f 8416 8450 8419
f 8416 8419 8418
f 8416 8418 8417
f 8416 8448 8450
f 8419 8450 8451
f 8419 8451 8452
f 8419 8452 8420
f 8420 8452 8421
f 8421 8452 8454
f 8421 8454 8455
f 8421 8455 8453
f 8425 8456 8426
f 8426 8457 8458
f 8426 8458 8428
f 8426 8428 8427
f 8426 8456 8459
f 8426 8459 8460
f 8426 8460 8457
f 8428 8458 8429
f 8429 8458 8457
f 8429 8457 8461
f 8429 8461 8462
f 8429 8462 8463
f 8429 8463 8430
f 8430 8463 8433
f 8432 8433 8464
f 8432 8464 8465
f 8432 8465 8466
f 8432 8466 8467
f 8432 8467 8434
f 8433 8463 8468
f 8433 8468 8469
f 8433 8469 8466
f 8433 8466 8464
f 8434 8467 8435
f 8435 8467 8437
f 8435 8437 8436
f 8437 8467 8438
f 8438 8467 8439
f 8439 8467 8466
f 8439 8466 8441
f 8441 8466 8471
f 8441 8471 8472
f 8441 8472 8442
f 8442 8472 8473
f 8442 8473 8474
f 8442 8474 8475
f 8442 8475 8443
f 8443 8475 8476
f 8443 8476 8477
f 8443 8477 8470
f 8444 8478 8479
f 8444 8479 8480
f 8444 8480 8445
f 8445 8480 8446
f 8446 8480 8447
f 8447 8480 8481
f 8447 8481 8449
f 8448 8449 8482
f 8448 8482 8483
f 8448 8483 8484
f 8448 8484 8485
f 8448 8485 8451
f 8448 8451 8450
f 8449 8481 8482
f 8451 8485 8452
f 8452 8485 8486
f 8452 8486 8487
f 8452 8487 8454
f 8453 8455 8488
f 8454 8487 8455
f 8455 8487 8489
f 8455 8489 8488
f 8456 8490 8459
f 8457 8491 8461
f 8457 8460 8492
f 8457 8492 8491
f 8459 8492 8460
f 8459 8490 8493
f 8459 8493 8494
f 8459 8494 8492
f 8461 8491 8495
f 8461 8495 8496
f 8461 8496 8462
f 8462 8496 8497
f 8462 8497 8498
f 8462 8498 8463
f 8463 8498 8499
f 8463 8499 8500
f 8463 8500 8468
f 8464 8466 8465
f 8466 8469 8501
f 8466 8501 8471
f 8468 8500 8501
f 8468 8501 8469
f 8470 8477 8502
f 8470 8502 8503
f 8471 8501 8504
f 8471 8504 8472
f 8472 8504 8505
f 8472 8505 8506
f 8472 8506 8507
f 8472 8507 8473
f 8473 8507 8474
f 8474 8508 8509
f 8474 8509 8510
f 8474 8510 8511
f 8474 8511 8512
f 8474 8512 8476
f 8474 8476 8475
f 8474 8507 8506
f 8474 8506 8508
f 8476 8512 8477
f 8477 8512 8513
f 8477 8513 8514
f 8477 8514 8502
f 8478 8515 8516
f 8478 8516 8479
f 8479 8516 8480
f 8480 8516 8517
f 8480 8517 8481
f 8481 8517 8518
f 8481 8518 8519
f 8481 8519 8482
f 8482 8519 8520
f 8482 8520 8521
f 8482 8521 8483
f 8483 8521 8569
f 8483 8569 8522
f 8483 8522 8523
f 8483 8523 8484
f 8484 8523 8487
f 8484 8487 8486
f 8484 8486 8485
f 8487 8524 8489
f 8487 8523 8524
f 8488 8489 8525
f 8488 8525 8526
f 8489 8524 8525
f 8491 8492 8527
f 8491 8527 8495
f 8492 8494 8528
f 8492 8528 8529
f 8492 8529 8530
f 8492 8530 8531
f 8492 8531 8527
f 8493 8532 8533
f 8493 8533 8494
f 8494 8533 8534
f 8494 8534 8535
f 8494 8535 8536
f 8494 8536 8537
f 8494 8537 8528
f 8495 8527 8538
f 8495 8538 8531
f 8495 8531 8539
f 8495 8539 8496
f 8496 8539 8497
f 8497 8539 8531
f 8497 8531 8540
f 8497 8540 8541
f 8497 8541 8542
f 8497 8542 8543
f 8497 8543 8544
f 8497 8544 8545
f 8497 8545 8546
f 8497 8546 8498
f 8498 8546 8499
f 8499 8546 8544
f 8499 8544 8500
f 8500 8544 8504
f 8500 8504 8501
f 8502 8547 8548
f 8502 8548 8503
f 8502 8514 8547
f 8504 8544 8543
f 8504 8543 8549
f 8504 8549 8550
f 8504 8550 8505
f 8505 8550 8506
f 8506 8550 8508
f 8508 8551 8552
f 8508 8552 8510
f 8508 8510 8509
f 8508 8550 8553
f 8508 8553 8554
f 8508 8554 8551
f 8510 8552 8555
f 8510 8555 8556
f 8510 8556 8557
f 8510 8557 8558
f 8510 8558 8511
f 8511 8558 8513
f 8511 8513 8512
f 8513 8559 8514
f 8513 8558 8560
f 8513 8560 8563
f 8513 8563 8559
f 8514 8559 8561
f 8515 8562 8516
f 8516 8562 8563
f 8516 8563 8560
f 8516 8560 8517
f 8517 8560 8518
f 8518 8564 8519
f 8518 8560 8557
f 8518 8557 8565
f 8518 8565 8520
f 8518 8520 8564
f 8519 8564 8520
f 8520 8565 8566
f 8520 8566 8567
f 8520 8567 8568
f 8520 8568 8521
f 8521 8568 8570
f 8521 8570 8571
f 8521 8571 8572
f 8521 8572 8569
f 8522 8569 8573
f 8522 8573 8525
f 8522 8525 8524
f 8522 8524 8523
f 8525 8573 8574
f 8525 8574 8526
f 8527 8531 8575
f 8527 8575 8538
f 8528 8537 8576
f 8528 8576 8529
f 8529 8576 8540
f 8529 8540 8530
f 8530 8540 8531
f 8531 8538 8575
f 8532 8577 8533
f 8533 8577 8534
f 8534 8577 8578
f 8534 8578 8579
f 8534 8579 8580
f 8534 8580 8535
f 8535 8581 8582
f 8535 8582 8583
f 8535 8583 8536
f 8535 8580 8581
f 8536 8583 8537
f 8537 8583 8576
f 8540 8576 8541
f 8541 8584 8585
f 8541 8585 8586
f 8541 8586 8542
f 8541 8576 8584
f 8542 8586 8543
f 8543 8587 8549
f 8543 8586 8587
f 8544 8546 8588
f 8544 8588 8545
f 8545 8588 8546
f 8549 8587 8550
f 8550 8587 8589
f 8550 8589 8590
f 8550 8590 8553
f 8551 8591 8592
f 8551 8592 8593
f 8551 8593 8594
f 8551 8594 8595
f 8551 8595 8552
f 8551 8554 8591
f 8552 8595 8555
f 8553 8590 8596
f 8553 8596 8554
f 8554 8596 8586
f 8554 8586 8591
f 8555 8595 8597
f 8555 8597 8598
f 8555 8598 8599
f 8555 8599 8556
f 8556 8599 8600
f 8556 8600 8557
f 8557 8600 8565
f 8557 8560 8558
f 8559 8563 8601
f 8559 8601 8561
f 8562 8602 8563
f 8563 8602 8601
f 8565 8600 8566
f 8566 8600 8567
f 8567 8600 8568
f 8568 8600 8603
f 8568 8603 8604
f 8568 8604 8605
f 8568 8605 8606
f 8568 8606 8607
f 8568 8607 8571
f 8568 8571 8570
f 8569 8572 8608
f 8569 8608 8609
f 8569 8609 8610
f 8569 8610 8573
f 8571 8607 8611
f 8571 8611 8612
f 8571 8612 8572
f 8572 8612 8608
f 8573 8610 8613
f 8573 8613 8581
f 8573 8581 8614
f 8573 8614 8615
f 8573 8615 8616
f 8573 8616 8574
f 8576 8583 8617
f 8576 8617 8584
f 8579 8618 8614
f 8579 8614 8580
f 8580 8614 8581
f 8581 8613 8619
f 8581 8619 8582
f 8582 8619 8608
f 8582 8608 8620
f 8582 8620 8583
f 8583 8620 8612
f 8583 8612 8617
f 8584 8617 8612
f 8584 8612 8585
f 8585 8592 8586
f 8585 8612 8611
f 8585 8611 8592
f 8586 8592 8591
f 8586 8596 8621
f 8586 8621 8587
f 8587 8621 8589
f 8589 8621 8596
f 8589 8596 8590
f 8592 8611 8593
f 8593 8611 8594
f 8594 8611 8622
f 8594 8622 8595
f 8595 8622 8597
f 8597 8622 8606
f 8597 8606 8605
f 8597 8605 8598
f 8598 8605 8604
f 8598 8604 8599
f 8599 8604 8600
f 8600 8604 8603
f 8606 8622 8607
f 8607 8622 8611
f 8608 8612 8620
f 8608 8619 8623
f 8608 8623 8609
f 8609 8623 8610
f 8610 8619 8613
f 8610 8623 8619
f 8614 8618 8615
o convex_11
v -0.450293 0.814341 0.177103
v -0.469459 0.814341 0.176164
v -0.488625 0.795197 0.176646
v -0.469459 0.795197 0.176874
v -0.431127 0.814341 0.176874
v -0.392817 0.833485 0.176874
v -0.316176 0.871836 0.176874
v -0.373674 0.852692 0.177077
v -0.392817 0.852692 0.176164
v -0.449397 0.83399 0.17449
v -0.469459 0.827546 0.173806
v -0.48764 0.814215 0.17411
v -0.520218 0.783066 0.17515
v -0.411088 0.853198 0.17449
v -0.520218 0.77599 0.175784
v -0.507769 0.77599 0.17624
v -0.291479 0.870573 0.174998
v -0.520218 0.761015 0.175429
v -0.520218 0.75634 0.174896
v -0.469459 0.778643 0.174516
v -0.291479 0.874679 0.175454
v -0.291479 0.89098 0.176367
v -0.335342 0.871836 0.17695
v -0.354508 0.871836 0.176037
v -0.372778 0.872342 0.17449
v -0.431127 0.84669 0.173831
v -0.442434 0.843847 0.172791
v -0.480609 0.824703 0.172791
v -0.502014 0.80777 0.173324
v -0.520218 0.791279 0.17373
v -0.316176 0.855409 0.174516
v -0.300592 0.859389 0.173628
v -0.291479 0.861601 0.172715
v -0.431127 0.797787 0.174516
v -0.520218 0.745662 0.172614
v -0.491849 0.76348 0.173628
v -0.29701 0.89098 0.176139
v -0.291479 0.895466 0.175682
v -0.335342 0.887632 0.174617
v -0.354508 0.884409 0.173679
v -0.392817 0.865834 0.173806
v -0.365792 0.882135 0.172791
v -0.404124 0.862991 0.172791
v -0.455196 0.840751 0.171092
v -0.493394 0.820533 0.170762
v -0.520218 0.796271 0.172284
v -0.3387 0.840182 0.173628
v -0.376988 0.820975 0.173628
v -0.520218 0.739281 0.170331
v -0.325938 0.843215 0.172411
v -0.291479 0.85503 0.170027
v -0.291479 0.904312 0.174008
v -0.29701 0.90349 0.17378
v -0.309929 0.901532 0.172918
v -0.322714 0.899257 0.171878
v -0.335342 0.897235 0.170255
v -0.378577 0.879039 0.171092
v -0.431127 0.865329 0.157727
v -0.469459 0.846121 0.157727
v -0.469459 0.837086 0.167313
v -0.486655 0.832348 0.162469
v -0.502283 0.827293 0.158006
v -0.520218 0.804421 0.166197
v -0.520218 0.800567 0.169469
v -0.514777 0.802273 0.171447
v -0.520218 0.725381 0.164042
v -0.291479 0.852819 0.168886
v -0.291479 0.907092 0.172335
v -0.291479 0.913915 0.16602
v -0.335342 0.905638 0.160668
v -0.354508 0.902416 0.156636
v -0.354508 0.89395 0.166223
v -0.371547 0.889969 0.162418
v -0.392817 0.884473 0.157727
v -0.479915 0.843531 0.154176
v -0.403296 0.881882 0.154176
v -0.520218 0.814467 0.144564
v -0.520218 0.813519 0.151183
v -0.520218 0.810487 0.160111
v -0.520218 0.719821 0.161074
v -0.291479 0.838666 0.16115
v -0.520218 0.687788 0.143575
v -0.291479 0.921308 0.156459
v -0.307197 0.919918 0.153745
v -0.364539 0.900773 0.15372
v -0.479915 0.843531 0.15197
v -0.502596 0.82723 0.143702
v -0.403296 0.881882 0.15197
v -0.520218 0.808718 0.129043
v -0.499977 0.825019 0.132441
v -0.291479 0.833927 0.158361
v -0.520218 0.276348 -0.0819874
v -0.291479 0.921813 0.15197
v -0.307197 0.919918 0.152832
v -0.364539 0.900773 0.15273
v -0.448905 0.856483 0.144843
v -0.437016 0.8604 0.139213
v -0.475325 0.841193 0.139213
v -0.487237 0.83696 0.144843
v -0.392482 0.884599 0.144843
v -0.398639 0.879544 0.139188
v -0.507634 0.814215 0.124605
v -0.520218 0.807012 0.126634
v -0.462563 0.844415 0.131681
v -0.469146 0.837023 0.125011
v -0.487304 0.827609 0.125442
v -0.480027 0.824513 0.114207
v -0.492812 0.820406 0.119685
v -0.291479 0.818637 0.148267
v -0.520218 0.543291 -0.0819874
v -0.488222 0.307813 -0.0819874
v -0.291479 0.792164 0.130007
v -0.291479 0.80341 0.13797
v -0.291479 0.921308 0.144995
v -0.291479 0.920107 0.139974
v -0.345485 0.900773 0.13376
v -0.352918 0.902164 0.145274
v -0.358247 0.898246 0.139948
v -0.372017 0.894455 0.145274
v -0.424253 0.863623 0.131579
v -0.385854 0.882704 0.13201
v -0.515292 0.803347 0.116768
v -0.520218 0.801894 0.119533
v -0.455286 0.840751 0.118924
v -0.417021 0.860021 0.118797
v -0.469459 0.827356 0.110606
v -0.457816 0.822681 0.0971134
v -0.469459 0.819016 0.101019
v -0.486699 0.81314 0.106675
v -0.502507 0.80758 0.111924
v -0.442501 0.844036 0.113725
v -0.520218 0.551631 -0.0774731
v -0.512314 0.55062 -0.0819874
v -0.291479 0.507278 -0.0819874
v -0.291479 0.782624 0.122982
v -0.291479 0.915242 0.129956
v -0.335342 0.895972 0.121891
v -0.350813 0.883778 0.112076
v -0.363576 0.881187 0.115247
v -0.373674 0.879165 0.118366
v -0.373674 0.88542 0.127953
v -0.411177 0.866339 0.124935
v -0.404281 0.86318 0.113776
v -0.520218 0.792164 0.108323
v -0.450159 0.833485 0.105432
v -0.445054 0.826219 0.0932077
v -0.45148 0.815036 0.0855233
v -0.457906 0.803537 0.0778388
v -0.469459 0.809476 0.0910774
v -0.480609 0.805875 0.094704
v -0.431127 0.846879 0.110073
v -0.431127 0.839361 0.100486
v -0.520218 0.558644 -0.0733139
v -0.517396 0.555738 -0.0766615
v -0.507298 0.554853 -0.0819874
v -0.291479 0.684755 -0.0819874
v -0.291479 0.902859 0.112026
v -0.335342 0.886431 0.108551
v -0.335342 0.878723 0.0989647
v -0.366666 0.863244 0.0946787
v -0.37945 0.860779 0.0975952
v -0.392817 0.858126 0.101044
v -0.392817 0.865644 0.110631
v -0.407035 0.845363 0.0932077
v -0.419798 0.842204 0.0968851
v -0.520218 0.773209 0.0890231
v -0.431127 0.829757 0.0894543
v -0.431127 0.820722 0.0798677
v -0.445121 0.807391 0.0740854
v -0.469459 0.790332 0.0721833
v -0.480609 0.78673 0.075531
v -0.469459 0.799872 0.0815162
v -0.520218 0.760068 0.0758607
v -0.520218 0.597438 -0.0491193
v -0.507903 0.584865 -0.0634737
v -0.507769 0.569385 -0.0732124
v -0.496865 0.573871 -0.0760275
v -0.507769 0.559782 -0.0789694
v -0.520218 0.62151 -0.0340801
v -0.503649 0.557823 -0.0819874
v -0.297547 0.681722 -0.0819874
v -0.373674 0.675531 -0.0607347
v -0.322669 0.707437 -0.0564487
v -0.316243 0.71761 -0.0517822
v -0.291479 0.690252 -0.07831
v -0.291479 0.88561 0.0896825
v -0.29701 0.885104 0.0912042
v -0.323856 0.880808 0.0965047
v -0.33373 0.867856 0.0858023
v -0.354508 0.865518 0.0920411
v -0.326251 0.862422 0.076444
v -0.339036 0.859895 0.0791576
v -0.354508 0.856862 0.0824799
v -0.392817 0.848522 0.08986
v -0.392817 0.839487 0.0802735
v -0.407729 0.826598 0.0739586
v -0.413775 0.834369 0.0851682
v -0.420514 0.823376 0.0771541
v -0.414088 0.815415 0.0659952
v -0.420447 0.804169 0.0580318
v -0.431127 0.811119 0.0703573
v -0.431127 0.801009 0.0607708
v -0.450987 0.795576 0.0665531
v -0.469459 0.780033 0.0626221
v -0.480117 0.767144 0.0568651
v -0.492902 0.762974 0.0608215
v -0.520218 0.744272 0.0603903
v -0.520218 0.754065 0.0698754
v -0.501589 0.596932 -0.0592638
v -0.475572 0.591436 -0.0751145
v -0.462809 0.596237 -0.0779042
v -0.48408 0.578673 -0.0788172
v -0.491021 0.567932 -0.0819874
v -0.493797 0.609632 -0.0552567
v -0.481012 0.61475 -0.0584522
v -0.460257 0.632567 -0.057666
v -0.520218 0.631998 -0.0272833
v -0.498432 0.632504 -0.0384422
v -0.373741 0.643624 -0.0819874
v -0.392907 0.662073 -0.0632962
v -0.373741 0.700361 -0.0441231
v -0.386571 0.672308 -0.058579
v -0.335409 0.719505 -0.0441231
v -0.29701 0.713566 -0.0607347
v -0.297077 0.698465 -0.0709553
v -0.32905 0.729677 -0.0394059
v -0.291479 0.697265 -0.0735675
v -0.291479 0.878218 0.0805525
v -0.29701 0.877333 0.0816177
v -0.316176 0.864318 0.0744151
v -0.316176 0.854904 0.0648286
v -0.367852 0.844605 0.0751252
v -0.380637 0.842014 0.0776867
v -0.392817 0.829947 0.0706109
v -0.392817 0.820343 0.0610244
v -0.407662 0.807454 0.0549123
v -0.413013 0.795829 0.0474054
v -0.418365 0.783761 0.0398731
v -0.431127 0.791406 0.0525791
v -0.444069 0.787615 0.0558
v -0.456831 0.783761 0.0590208
v -0.469459 0.77043 0.0541515
v -0.488625 0.733974 0.0334568
v -0.501096 0.730056 0.036703
v -0.520218 0.723865 0.0420035
v -0.520218 0.734542 0.0512857
v -0.502462 0.750211 0.0548616
v -0.454278 0.608937 -0.0742269
v -0.441516 0.613739 -0.0769659
v -0.446823 0.601039 -0.0819874
v -0.469347 0.584233 -0.0819874
v -0.473019 0.627512 -0.0544451
v -0.488625 0.635979 -0.0409276
v -0.47649 0.649752 -0.0370473
v -0.463705 0.654049 -0.0402429
v -0.44877 0.660683 -0.0426522
v -0.450293 0.645393 -0.0530756
v -0.437128 0.649436 -0.0560682
v -0.450293 0.635789 -0.059771
v -0.520218 0.637432 -0.0236566
v -0.520218 0.643876 -0.0190409
v -0.488625 0.645519 -0.034004
v -0.389638 0.635536 -0.0819874
v -0.411961 0.65626 -0.060684
v -0.399333 0.669086 -0.0564487
v -0.380167 0.707437 -0.0371995
v -0.392817 0.694611 -0.0415616
v -0.341835 0.726581 -0.0371995
v -0.316176 0.73252 -0.0415616
v -0.29701 0.723106 -0.0540393
v -0.291479 0.710786 -0.064336
v -0.335409 0.73669 -0.0317722
v -0.316176 0.742061 -0.0343337
v -0.291479 0.868677 0.0698501
v -0.29701 0.867729 0.070687
v -0.29701 0.858631 0.0611005
v -0.316176 0.845363 0.0552167
v -0.326341 0.843341 0.0572456
v -0.354508 0.837718 0.0628757
v -0.367875 0.825461 0.0559521
v -0.374256 0.833738 0.0668067
v -0.38066 0.82287 0.0585136
v -0.392817 0.810803 0.0516915
v -0.392817 0.800314 0.0421303
v -0.405602 0.787489 0.0368552
v -0.427007 0.750464 0.0165408
v -0.43977 0.746736 0.0196349
v -0.431127 0.77043 0.0350545
v -0.431127 0.77997 0.0430179
v -0.441941 0.767207 0.0377174
v -0.449397 0.775484 0.0483438
v -0.47069 0.73846 0.0281309
v -0.478146 0.746736 0.0387826
v -0.475997 0.726265 0.0206747
v -0.488625 0.722222 0.0238702
v -0.520218 0.714008 0.033685
v -0.431127 0.616961 -0.0790708
v -0.430702 0.612412 -0.0819874
v -0.436456 0.608684 -0.0819874
v -0.501723 0.654049 -0.0210698
v -0.492454 0.666811 -0.0162765
v -0.495656 0.688104 0.00127341
v -0.469459 0.68406 -0.0148563
v -0.454122 0.666811 -0.0354496
v -0.441359 0.671045 -0.0386197
v -0.424343 0.653038 -0.0585029
v -0.430903 0.642613 -0.0629411
v -0.431127 0.674204 -0.0408515
v -0.417939 0.687725 -0.0367684
v -0.405199 0.691389 -0.0394059
v -0.431127 0.626502 -0.0730856
v -0.520218 0.660683 -0.00669
v -0.392795 0.633894 -0.0819874
v -0.400923 0.629661 -0.0819874
v -0.405356 0.633894 -0.077676
v -0.392817 0.704215 -0.0347648
v -0.391228 0.718684 -0.0240878
v -0.352896 0.737828 -0.0241131
v -0.335342 0.750022 -0.0213741
v -0.30057 0.745157 -0.0366416
v -0.295331 0.738333 -0.0432862
v -0.291479 0.724244 -0.0547748
v -0.291479 0.722095 -0.0563218
v -0.291479 0.734921 -0.0469128
v -0.316176 0.754318 -0.0247472
v -0.291479 0.864949 0.0657162
v -0.291479 0.859642 0.060086
v -0.29701 0.849091 0.0514886
v -0.316176 0.835759 0.0456555
v -0.332722 0.832474 0.0489271
v -0.326319 0.824134 0.0381232
v -0.373987 0.814467 0.0477351
v -0.380077 0.803347 0.0395434
v -0.392817 0.790711 0.0341922
v -0.392817 0.778833 0.0246057
v -0.402893 0.766702 0.0189755
v -0.411961 0.742756 0.00363201
v -0.424522 0.729804 -0.00131343
v -0.437284 0.726139 0.00157775
v -0.450293 0.734037 0.0143091
v -0.463235 0.73012 0.0175046
v -0.450293 0.722159 0.00472253
v -0.460525 0.709396 -0.000298981
v -0.488625 0.712681 0.0162872
v -0.49879 0.709396 0.0188487
v -0.520218 0.698845 0.0219174
v -0.426918 0.614813 -0.0819874
v -0.520218 0.677931 0.0061174
v -0.444539 0.692274 -0.0210698
v -0.431127 0.683807 -0.0338011
v -0.418096 0.630419 -0.0754188
v -0.431127 0.696381 -0.0242399
v -0.42132 0.708827 -0.0190409
v -0.413237 0.700108 -0.0293375
v -0.408558 0.712429 -0.0219067
v -0.411939 0.623658 -0.0819874
v -0.396534 0.725191 -0.0168091
v -0.34544 0.747558 -0.0193452
v -0.335342 0.759625 -0.0136897
v -0.291479 0.742945 -0.0408008
v -0.291479 0.737891 -0.0446811
v -0.305317 0.766007 -0.0187873
v -0.296562 0.756719 -0.0286274
v -0.291479 0.751349 -0.034283
v -0.316176 0.763859 -0.0170881
v -0.291479 0.846058 0.0464671
v -0.291479 0.840498 0.040913
v -0.29701 0.839487 0.0419274
v -0.316176 0.826156 0.0361704
v -0.31743 0.813772 0.0253412
v -0.354508 0.808718 0.0347248
v -0.367293 0.806064 0.0371341
v -0.335342 0.80202 0.0215624
v -0.335342 0.792417 0.01332
v -0.354508 0.788184 0.016972
v -0.364628 0.785846 0.0189502
v -0.377391 0.782687 0.0215116
v -0.393131 0.756087 0.00652318
v -0.411961 0.733215 -0.00400171
v -0.430993 0.719252 -0.00661392
v -0.450293 0.712555 -0.00278438
v -0.520218 0.680901 0.00834919
v -0.353433 0.75634 -0.00915004
v -0.354821 0.775231 0.00654854
v -0.335342 0.77144 -0.00410316
v -0.315706 0.777 -0.00648711
v -0.309011 0.786541 -0.000780843
v -0.291479 0.796713 0.00208497
v -0.291479 0.78989 -0.00349449
v -0.291479 0.777 -0.013994
v -0.321773 0.784014 0.0013495
v -0.291479 0.830768 0.0316308
v -0.29701 0.829884 0.0326198
v -0.29701 0.819522 0.0230333
v -0.311877 0.807012 0.0173017
v -0.324662 0.804295 0.0195842
v -0.335342 0.780981 0.00373345
v -0.29701 0.809981 0.0148163
v -0.291479 0.799493 0.00436748
v -0.291479 0.826977 0.0280295
v -0.291479 0.820596 0.0221203
v -0.291479 0.811434 0.0143344
v -0.291479 0.807707 0.0111896
f 8624 8625 8626
f 8624 8626 8627
f 8624 8627 8628
f 8624 8628 8629
f 8624 8629 8630
f 8624 8630 8631
f 8624 8631 8632
f 8624 8632 8625
f 8625 8633 8634
f 8625 8634 8635
f 8625 8635 8636
f 8625 8636 8626
f 8625 8632 8637
f 8625 8637 8633
f 8626 8636 8638
f 8626 8638 8639
f 8626 8639 8627
f 8627 8640 8628
f 8627 8639 8641
f 8627 8641 8642
f 8627 8642 8643
f 8627 8643 8640
f 8628 8640 8629
f 8629 8640 8630
f 8630 8640 8644
f 8630 8644 8645
f 8630 8645 8646
f 8630 8646 8631
f 8631 8646 8647
f 8631 8647 8632
f 8632 8647 8648
f 8632 8648 8637
f 8633 8637 8649
f 8633 8649 8634
f 8634 8649 8650
f 8634 8650 8651
f 8634 8651 8635
f 8635 8652 8636
f 8635 8651 8652
f 8636 8652 8653
f 8636 8653 8669
f 8636 8669 8687
f 8636 8687 8686
f 8636 8686 8702
f 8636 8702 8701
f 8636 8701 8700
f 8636 8700 8712
f 8636 8712 8726
f 8636 8726 8746
f 8636 8746 8767
f 8636 8767 8789
f 8636 8789 8796
f 8636 8796 8831
f 8636 8831 8830
f 8636 8830 8869
f 8636 8869 8868
f 8636 8868 8919
f 8636 8919 8969
f 8636 8969 9005
f 8636 9005 8971
f 8636 8971 8935
f 8636 8935 8884
f 8636 8884 8883
f 8636 8883 8840
f 8636 8840 8802
f 8636 8802 8797
f 8636 8797 8776
f 8636 8776 8755
f 8636 8755 8733
f 8636 8733 8715
f 8636 8715 8705
f 8636 8705 8703
f 8636 8703 8689
f 8636 8689 8672
f 8636 8672 8658
f 8636 8658 8642
f 8636 8642 8641
f 8636 8641 8638
f 8637 8648 8649
f 8638 8641 8639
f 8640 8654 8655
f 8640 8655 8656
f 8640 8656 8674
f 8640 8674 8690
f 8640 8690 8704
f 8640 8704 8714
f 8640 8714 8732
f 8640 8732 8736
f 8640 8736 8735
f 8640 8735 8758
f 8640 8758 8757
f 8640 8757 8779
f 8640 8779 8808
f 8640 8808 8850
f 8640 8850 8894
f 8640 8894 8946
f 8640 8946 8945
f 8640 8945 8947
f 8640 8947 8984
f 8640 8984 8983
f 8640 8983 8987
f 8640 8987 9013
f 8640 9013 9012
f 8640 9012 9011
f 8640 9011 9022
f 8640 9022 9026
f 8640 9026 9025
f 8640 9025 9024
f 8640 9024 9023
f 8640 9023 9015
f 8640 9015 8990
f 8640 8990 8989
f 8640 8989 8950
f 8640 8950 8949
f 8640 8949 8897
f 8640 8897 8851
f 8640 8851 8809
f 8640 8809 8780
f 8640 8780 8759
f 8640 8759 8738
f 8640 8738 8737
f 8640 8737 8716
f 8640 8716 8706
f 8640 8706 8692
f 8640 8692 8691
f 8640 8691 8675
f 8640 8675 8661
f 8640 8661 8645
f 8640 8645 8644
f 8640 8643 8657
f 8640 8657 8654
f 8642 8658 8659
f 8642 8659 8643
f 8643 8659 8657
f 8645 8660 8646
f 8645 8661 8660
f 8646 8660 8647
f 8647 8660 8662
f 8647 8662 8648
f 8648 8662 8663
f 8648 8663 8664
f 8648 8664 8649
f 8649 8664 8665
f 8649 8665 8666
f 8649 8666 8650
f 8650 8666 8680
f 8650 8680 8667
f 8650 8667 8651
f 8651 8668 8652
f 8651 8667 8668
f 8652 8668 8669
f 8652 8669 8653
f 8654 8670 8655
f 8654 8657 8671
f 8654 8671 8670
f 8655 8670 8658
f 8655 8658 8672
f 8655 8672 8673
f 8655 8673 8656
f 8656 8673 8674
f 8657 8659 8671
f 8658 8670 8671
f 8658 8671 8659
f 8660 8661 8662
f 8661 8675 8662
f 8662 8675 8676
f 8662 8676 8663
f 8663 8665 8664
f 8663 8676 8677
f 8663 8677 8678
f 8663 8678 8665
f 8665 8678 8679
f 8665 8679 8680
f 8665 8680 8666
f 8667 8680 8697
f 8667 8697 8681
f 8667 8681 8682
f 8667 8682 8683
f 8667 8683 8668
f 8668 8683 8684
f 8668 8684 8685
f 8668 8685 8686
f 8668 8686 8687
f 8668 8687 8688
f 8668 8688 8669
f 8669 8688 8687
f 8672 8689 8674
f 8672 8674 8673
f 8674 8689 8690
f 8675 8691 8676
f 8676 8691 8677
f 8677 8691 8678
f 8678 8691 8692
f 8678 8692 8679
f 8679 8692 8693
f 8679 8693 8694
f 8679 8694 8695
f 8679 8695 8680
f 8680 8695 8696
f 8680 8696 8697
f 8681 8698 8682
f 8681 8697 8699
f 8681 8699 8698
f 8682 8698 8684
f 8682 8684 8683
f 8684 8698 8685
f 8685 8700 8701
f 8685 8701 8702
f 8685 8702 8686
f 8685 8698 8700
f 8689 8703 8690
f 8690 8703 8705
f 8690 8705 8704
f 8692 8706 8707
f 8692 8707 8693
f 8693 8707 8694
f 8694 8708 8695
f 8694 8707 8708
f 8695 8708 8696
f 8696 8708 8697
f 8697 8708 8699
f 8698 8699 8711
f 8698 8711 8709
f 8698 8709 8710
f 8698 8710 8700
f 8699 8708 8718
f 8699 8718 8711
f 8700 8710 8713
f 8700 8713 8712
f 8704 8705 8715
f 8704 8715 8714
f 8706 8716 8707
f 8707 8716 8717
f 8707 8717 8718
f 8707 8718 8708
f 8709 8719 8720
f 8709 8720 8721
f 8709 8721 8722
f 8709 8722 8710
f 8709 8711 8719
f 8710 8722 8713
f 8711 8718 8723
f 8711 8723 8724
f 8711 8724 8720
f 8711 8720 8719
f 8712 8713 8725
f 8712 8725 8726
f 8713 8722 8721
f 8713 8721 8727
f 8713 8727 8728
f 8713 8728 8729
f 8713 8729 8730
f 8713 8730 8731
f 8713 8731 8725
f 8714 8715 8732
f 8715 8733 8756
f 8715 8756 8778
f 8715 8778 8803
f 8715 8803 8836
f 8715 8836 8874
f 8715 8874 8873
f 8715 8873 8922
f 8715 8922 8921
f 8715 8921 8970
f 8715 8970 8979
f 8715 8979 8937
f 8715 8937 8936
f 8715 8936 8886
f 8715 8886 8842
f 8715 8842 8804
f 8715 8804 8779
f 8715 8779 8757
f 8715 8757 8734
f 8715 8734 8735
f 8715 8735 8736
f 8715 8736 8732
f 8716 8737 8717
f 8717 8737 8738
f 8717 8738 8739
f 8717 8739 8740
f 8717 8740 8718
f 8718 8740 8739
f 8718 8739 8741
f 8718 8741 8742
f 8718 8742 8723
f 8720 8743 8721
f 8720 8724 8743
f 8721 8743 8727
f 8723 8742 8724
f 8724 8742 8744
f 8724 8744 8743
f 8725 8731 8745
f 8725 8745 8726
f 8726 8745 8746
f 8727 8747 8728
f 8727 8743 8748
f 8727 8748 8747
f 8728 8747 8729
f 8729 8747 8730
f 8730 8749 8750
f 8730 8750 8751
f 8730 8751 8752
f 8730 8752 8753
f 8730 8753 8745
f 8730 8745 8731
f 8730 8747 8754
f 8730 8754 8749
f 8733 8755 8756
f 8734 8757 8758
f 8734 8758 8735
f 8738 8759 8739
f 8739 8760 8761
f 8739 8761 8762
f 8739 8762 8763
f 8739 8763 8764
f 8739 8764 8744
f 8739 8744 8741
f 8739 8759 8760
f 8741 8744 8742
f 8743 8765 8748
f 8743 8744 8765
f 8744 8764 8766
f 8744 8766 8748
f 8744 8748 8765
f 8745 8753 8767
f 8745 8767 8746
f 8747 8748 8754
f 8748 8766 8754
f 8749 8754 8768
f 8749 8768 8750
f 8750 8768 8769
f 8750 8769 8770
f 8750 8770 8771
f 8750 8771 8772
f 8750 8772 8773
f 8750 8773 8751
f 8751 8773 8752
f 8752 8773 8753
f 8753 8773 8767
f 8754 8774 8775
f 8754 8775 8768
f 8754 8766 8774
f 8755 8776 8777
f 8755 8777 8756
f 8756 8777 8778
f 8759 8780 8760
f 8760 8780 8781
f 8760 8781 8761
f 8761 8781 8782
f 8761 8782 8783
f 8761 8783 8784
f 8761 8784 8762
f 8762 8784 8785
f 8762 8785 8786
f 8762 8786 8766
f 8762 8766 8763
f 8763 8766 8764
f 8766 8786 8785
f 8766 8785 8787
f 8766 8787 8788
f 8766 8788 8774
f 8767 8773 8789
f 8768 8775 8769
f 8769 8775 8788
f 8769 8788 8787
f 8769 8787 8790
f 8769 8790 8791
f 8769 8791 8792
f 8769 8792 8770
f 8770 8792 8771
f 8771 8792 8793
f 8771 8793 8794
f 8771 8794 8795
f 8771 8795 8772
f 8772 8795 8794
f 8772 8794 8773
f 8773 8794 8796
f 8773 8796 8789
f 8774 8788 8775
f 8776 8797 8777
f 8777 8798 8799
f 8777 8799 8800
f 8777 8800 8801
f 8777 8801 8778
f 8777 8797 8802
f 8777 8802 8798
f 8778 8801 8800
f 8778 8800 8803
f 8779 8804 8805
f 8779 8805 8806
f 8779 8806 8807
f 8779 8807 8808
f 8780 8809 8810
f 8780 8810 8811
f 8780 8811 8781
f 8781 8811 8782
f 8782 8811 8812
f 8782 8812 8813
f 8782 8813 8783
f 8783 8813 8814
f 8783 8814 8815
f 8783 8815 8816
f 8783 8816 8817
f 8783 8817 8784
f 8784 8817 8785
f 8785 8817 8787
f 8787 8817 8818
f 8787 8818 8819
f 8787 8819 8820
f 8787 8820 8791
f 8787 8791 8790
f 8791 8820 8821
f 8791 8821 8822
f 8791 8822 8823
f 8791 8823 8824
f 8791 8824 8792
f 8792 8823 8825
f 8792 8825 8826
f 8792 8826 8827
f 8792 8827 8793
f 8792 8824 8823
f 8793 8827 8828
f 8793 8828 8794
f 8794 8828 8829
f 8794 8829 8830
f 8794 8830 8831
f 8794 8831 8796
f 8798 8832 8799
f 8798 8802 8832
f 8799 8832 8800
f 8800 8833 8834
f 8800 8834 8835
f 8800 8835 8836
f 8800 8836 8803
f 8800 8832 8837
f 8800 8837 8838
f 8800 8838 8839
f 8800 8839 8833
f 8802 8840 8841
f 8802 8841 8832
f 8804 8842 8843
f 8804 8843 8805
f 8805 8844 8806
f 8805 8843 8845
f 8805 8845 8844
f 8806 8844 8846
f 8806 8846 8807
f 8807 8847 8848
f 8807 8848 8808
f 8807 8846 8849
f 8807 8849 8847
f 8808 8848 8850
f 8809 8851 8810
f 8810 8851 8852
f 8810 8852 8811
f 8811 8852 8853
f 8811 8853 8814
f 8811 8814 8812
f 8812 8814 8813
f 8814 8853 8854
f 8814 8854 8855
f 8814 8855 8856
f 8814 8856 8815
f 8815 8856 8816
f 8816 8856 8817
f 8817 8856 8818
f 8818 8856 8857
f 8818 8857 8819
f 8819 8822 8821
f 8819 8821 8820
f 8819 8857 8858
f 8819 8858 8859
f 8819 8859 8822
f 8822 8859 8823
f 8823 8859 8860
f 8823 8860 8861
f 8823 8861 8862
f 8823 8862 8863
f 8823 8863 8825
f 8825 8863 8864
f 8825 8864 8826
f 8826 8864 8827
f 8827 8864 8828
f 8828 8864 8865
f 8828 8865 8866
f 8828 8866 8867
f 8828 8867 8868
f 8828 8868 8869
f 8828 8869 8870
f 8828 8870 8829
f 8829 8870 8869
f 8829 8869 8830
f 8832 8841 8837
f 8833 8871 8834
f 8833 8839 8871
f 8834 8871 8872
f 8834 8872 8873
f 8834 8873 8874
f 8834 8874 8835
f 8835 8874 8836
f 8837 8841 8875
f 8837 8875 8838
f 8838 8875 8839
f 8839 8875 8841
f 8839 8841 8876
f 8839 8876 8877
f 8839 8877 8878
f 8839 8878 8879
f 8839 8879 8880
f 8839 8880 8881
f 8839 8881 8882
f 8839 8882 8872
f 8839 8872 8871
f 8840 8883 8841
f 8841 8883 8884
f 8841 8884 8885
f 8841 8885 8876
f 8842 8886 8843
f 8843 8886 8887
f 8843 8887 8888
f 8843 8888 8845
f 8844 8889 8891
f 8844 8891 8846
f 8844 8845 8888
f 8844 8888 8890
f 8844 8890 8889
f 8846 8891 8849
f 8847 8849 8892
f 8847 8892 8893
f 8847 8893 8894
f 8847 8894 8850
f 8847 8850 8848
f 8849 8895 8896
f 8849 8896 8892
f 8849 8891 8895
f 8851 8897 8898
f 8851 8898 8852
f 8852 8898 8853
f 8853 8898 8899
f 8853 8899 8854
f 8854 8899 8951
f 8854 8951 8900
f 8854 8900 8901
f 8854 8901 8855
f 8855 8901 8902
f 8855 8902 8903
f 8855 8903 8904
f 8855 8904 8856
f 8856 8904 8905
f 8856 8905 8857
f 8857 8905 8858
f 8858 8906 8859
f 8858 8905 8906
f 8859 8907 8908
f 8859 8908 8860
f 8859 8906 8907
f 8860 8908 8861
f 8861 8863 8862
f 8861 8908 8909
f 8861 8909 8910
f 8861 8910 8911
f 8861 8911 8912
f 8861 8912 8863
f 8863 8912 8911
f 8863 8911 8913
f 8863 8913 8914
f 8863 8914 8865
f 8863 8865 8864
f 8865 8914 8913
f 8865 8913 8915
f 8865 8915 8916
f 8865 8916 8866
f 8866 8916 8915
f 8866 8915 8917
f 8866 8917 8918
f 8866 8918 8867
f 8867 8918 8919
f 8867 8919 8868
f 8872 8920 8921
f 8872 8921 8922
f 8872 8922 8873
f 8872 8882 8920
f 8876 8885 8877
f 8877 8923 8924
f 8877 8924 8878
f 8877 8885 8923
f 8878 8924 8925
f 8878 8925 8926
f 8878 8926 8927
f 8878 8927 8928
f 8878 8928 8879
f 8879 8928 8880
f 8880 8928 8881
f 8881 8929 8930
f 8881 8930 8882
f 8881 8928 8931
f 8881 8931 8932
f 8881 8932 8933
f 8881 8933 8929
f 8882 8934 8920
f 8882 8930 8934
f 8884 8935 8923
f 8884 8923 8885
f 8886 8936 8887
f 8887 8936 8937
f 8887 8937 8938
f 8887 8938 8929
f 8887 8929 8933
f 8887 8933 8890
f 8887 8890 8888
f 8889 8890 8933
f 8889 8933 8939
f 8889 8939 8940
f 8889 8940 8941
f 8889 8941 8891
f 8891 8941 8942
f 8891 8942 8895
f 8892 8896 8943
f 8892 8943 8944
f 8892 8944 8893
f 8893 8945 8946
f 8893 8946 8894
f 8893 8944 8947
f 8893 8947 8945
f 8895 8942 8896
f 8896 8942 8948
f 8896 8948 8943
f 8897 8949 8898
f 8898 8949 8950
f 8898 8950 8899
f 8899 8950 8951
f 8900 8951 8991
f 8900 8991 8952
f 8900 8952 8953
f 8900 8953 8901
f 8901 8953 8903
f 8901 8903 8902
f 8903 8954 8905
f 8903 8905 8904
f 8903 8953 8954
f 8905 8954 8955
f 8905 8955 8906
f 8906 8955 8956
f 8906 8956 8907
f 8907 8956 8957
f 8907 8957 8908
f 8908 8957 8958
f 8908 8958 8959
f 8908 8959 8960
f 8908 8960 8961
f 8908 8961 8909
f 8909 8961 8962
f 8909 8962 8910
f 8910 8962 8963
f 8910 8963 8913
f 8910 8913 8911
f 8913 8963 8915
f 8915 8963 8964
f 8915 8964 8917
f 8917 8965 8966
f 8917 8966 8967
f 8917 8967 8918
f 8917 8964 8965
f 8918 8967 8968
f 8918 8968 8919
f 8919 8968 8969
f 8920 8970 8921
f 8920 8934 8970
f 8923 8935 8971
f 8923 8971 8924
f 8924 8971 8925
f 8925 8971 8968
f 8925 8968 8966
f 8925 8966 8926
f 8926 8966 8927
f 8927 8966 8928
f 8928 8966 8972
f 8928 8972 8973
f 8928 8973 8931
f 8929 8938 8974
f 8929 8974 8930
f 8930 8974 8934
f 8931 8973 8932
f 8932 8973 8975
f 8932 8975 8976
f 8932 8976 8977
f 8932 8977 8933
f 8933 8977 8978
f 8933 8978 8939
f 8934 8974 8979
f 8934 8979 8970
f 8937 8979 8938
f 8938 8979 8974
f 8939 8978 8940
f 8940 8978 8980
f 8940 8980 8941
f 8941 8981 8942
f 8941 8980 8981
f 8942 8981 8982
f 8942 8982 8948
f 8943 8983 8984
f 8943 8984 8944
f 8943 8948 8985
f 8943 8985 8986
f 8943 8986 8987
f 8943 8987 8983
f 8944 8984 8947
f 8948 8982 8988
f 8948 8988 8985
f 8950 8989 8951
f 8951 8989 8990
f 8951 8990 8991
f 8952 8992 8954
f 8952 8954 8953
f 8952 8991 8992
f 8954 8992 8993
f 8954 8993 8994
f 8954 8994 8995
f 8954 8995 8956
f 8954 8956 8955
f 8956 8995 8996
f 8956 8996 8997
f 8956 8997 8998
f 8956 8998 8999
f 8956 8999 8957
f 8957 8999 9000
f 8957 9000 8958
f 8958 9001 8959
f 8958 9000 9001
f 8959 9001 8980
f 8959 8980 9002
f 8959 9002 8960
f 8960 9002 8961
f 8961 9002 8978
f 8961 8978 8976
f 8961 8976 9003
f 8961 9003 8962
f 8962 9003 8975
f 8962 8975 9004
f 8962 9004 8965
f 8962 8965 8963
f 8963 8965 8964
f 8965 9004 8966
f 8966 8968 8967
f 8966 9004 8972
f 8968 8971 9005
f 8968 9005 8969
f 8972 9004 8975
f 8972 8975 8973
f 8975 9003 8976
f 8976 8978 8977
f 8978 9002 8980
f 8980 9001 9006
f 8980 9006 8981
f 8981 9006 8982
f 8982 9006 9007
f 8982 9007 8999
f 8982 8999 9008
f 8982 9008 8988
f 8985 8988 9009
f 8985 9009 9010
f 8985 9010 9011
f 8985 9011 9012
f 8985 9012 9013
f 8985 9013 8986
f 8986 9013 8987
f 8988 9008 9014
f 8988 9014 9009
f 8990 9015 9016
f 8990 9016 8991
f 8991 9016 8992
f 8992 9016 9017
f 8992 9017 8993
f 8993 9017 9018
f 8993 9018 9019
f 8993 9019 8995
f 8993 8995 8994
f 8995 9019 8996
f 8996 9019 8997
f 8997 9014 9020
f 8997 9020 8998
f 8997 9019 9018
f 8997 9018 9014
f 8998 9020 9008
f 8998 9008 8999
f 8999 9007 9006
f 8999 9006 9000
f 9000 9006 9001
f 9008 9020 9014
f 9009 9014 9010
f 9010 9014 9021
f 9010 9021 9022
f 9010 9022 9011
f 9014 9018 9021
f 9015 9023 9016
f 9016 9023 9024
f 9016 9024 9017
f 9017 9024 9021
f 9017 9021 9018
f 9021 9024 9025
f 9021 9025 9026
f 9021 9026 9022
