o convex_0
v -0.479307 -0.518545 0.131296
v -0.479307 -0.509565 0.131296
v -0.478931 -0.5338 0.131296
v -0.479401 -0.518319 0.162541
v -0.479401 -0.509565 0.162541
v -0.396636 -0.509565 0.131296
v -0.478931 -0.5338 0.317283
v -0.474709 -0.549256 0.131296
v -0.474803 -0.549256 0.131582
v -0.479401 -0.518319 0.317283
v -0.479401 -0.509565 0.317283
v 0.00864564 -0.529292 0.131296
v 0.00864564 -0.509565 0.629679
v 0.479144 -0.525081 0.131353
v -0.478462 -0.5338 0.332648
v -0.474803 -0.549256 0.317283
v -0.474521 -0.549256 0.332648
v -0.467483 -0.5638 0.131296
v -0.448247 -0.602364 0.131296
v -0.478838 -0.518319 0.332648
v -0.478838 -0.509565 0.332648
v 0.00864564 -0.621913 0.131296
v 0.00864564 -0.509565 0.714675
v 0.479238 -0.525081 0.169225
v 0.478957 -0.533788 0.131353
v -0.471518 -0.549256 0.348128
v -0.474896 -0.5338 0.348128
v -0.448153 -0.602495 0.332648
v -0.467483 -0.563835 0.332648
v -0.466263 -0.56132 0.348128
v -0.443743 -0.611142 0.131296
v -0.443743 -0.611142 0.332648
v -0.475272 -0.518319 0.348128
v -0.476867 -0.509565 0.341445
v -0.363512 -0.63043 0.131296
v 0.474734 -0.549268 0.131353
v 0.467509 -0.563989 0.131353
v 0.452026 -0.594915 0.131353
v 0.448178 -0.602542 0.131353
v 0.443862 -0.611012 0.131353
v 0.436449 -0.622091 0.131353
v 0.425376 -0.627963 0.131353
v 0.425188 -0.627999 0.131353
v 0.409987 -0.630632 0.131353
v 0.0374536 -0.525081 0.711305
v 0.0480572 -0.525081 0.709534
v 0.0937558 -0.525081 0.70188
v 0.100512 -0.525081 0.700738
v 0.116464 -0.525081 0.697767
v 0.124065 -0.525081 0.696282
v 0.170327 -0.525081 0.680745
v 0.172485 -0.525081 0.679717
v 0.193411 -0.525081 0.669492
v 0.201575 -0.525081 0.665437
v 0.236857 -0.525081 0.647843
v 0.248681 -0.525081 0.641846
v 0.263132 -0.525081 0.63442
v 0.309487 -0.525081 0.60346
v 0.341485 -0.525081 0.573529
v 0.344394 -0.525081 0.57073
v 0.359878 -0.525081 0.55525
v 0.372452 -0.525081 0.542626
v 0.386621 -0.525081 0.525947
v 0.386715 -0.525081 0.525832
v 0.404638 -0.525081 0.4987
v 0.411863 -0.525081 0.487333
v 0.417212 -0.525081 0.478822
v 0.421247 -0.525081 0.471053
v 0.4311 -0.525081 0.451689
v 0.43673 -0.525081 0.440322
v 0.440765 -0.525081 0.431925
v 0.446114 -0.525081 0.42033
v 0.44799 -0.525081 0.41616
v 0.472482 -0.525081 0.354926
v 0.475109 -0.525081 0.348185
v 0.477174 -0.525081 0.339446
v 0.478675 -0.525081 0.332706
v 0.478957 -0.525081 0.323966
v 0.479144 -0.525081 0.317226
v 0.479238 -0.525081 0.270786
v 0.00761343 -0.509565 0.714847
v 0.478957 -0.533788 0.317226
v 0.476048 -0.549268 0.177964
v 0.47586 -0.549268 0.162484
v -0.464668 -0.558224 0.357439
v -0.46617 -0.548438 0.363037
v -0.464481 -0.542732 0.372405
v -0.464856 -0.5338 0.373376
v -0.446933 -0.599992 0.348128
v -0.462416 -0.569067 0.348128
v -0.436423 -0.622091 0.131296
v -0.436423 -0.622091 0.332648
v -0.43511 -0.620822 0.348128
v -0.441209 -0.611142 0.348128
v -0.456411 -0.5338 0.394568
v -0.448059 -0.518319 0.416331
v -0.475272 -0.509565 0.348128
v -0.378995 -0.630644 0.131296
v 0.463474 -0.586196 0.208924
v 0.462911 -0.585235 0.193444
v 0.457937 -0.595662 0.193444
v 0.451369 -0.608378 0.193444
v 0.446208 -0.616113 0.193444
v 0.436449 -0.622103 0.131525
v 0.446864 -0.61718 0.208924
v 0.425376 -0.627975 0.131525
v 0.409987 -0.630751 0.162484
v 0.394503 -0.630656 0.131353
v 0.0331371 -0.525081 0.711991
v 0.0324802 -0.533788 0.711933
v 0.100512 -0.533788 0.700509
v 0.117121 -0.533302 0.697425
v 0.123971 -0.527821 0.696225
v 0.170327 -0.527703 0.680745
v 0.193411 -0.533788 0.669492
v 0.201575 -0.533788 0.665437
v 0.240235 -0.533788 0.64613
v 0.263132 -0.52705 0.63442
v 0.309487 -0.526884 0.60346
v 0.341204 -0.529019 0.573243
v 0.356687 -0.529019 0.557763
v 0.372076 -0.529007 0.542283
v 0.386152 -0.533788 0.525204
v 0.386715 -0.52514 0.52589
v 0.404262 -0.533788 0.498186
v 0.411394 -0.533788 0.487333
v 0.417024 -0.533788 0.478536
v 0.421247 -0.533788 0.470825
v 0.42866 -0.533788 0.456373
v 0.43673 -0.533788 0.440322
v 0.443768 -0.533788 0.425413
v 0.447897 -0.533788 0.415931
v 0.450993 -0.533788 0.40822
v 0.468822 -0.533788 0.363665
v 0.474922 -0.533788 0.348185
v 0.478488 -0.533788 0.332706
v -0.00777583 -0.509565 0.714847
v 0.00761343 -0.518319 0.714847
v 0.0231904 -0.525081 0.713476
v 0.0291021 -0.525081 0.712619
v 0.475485 -0.549268 0.317226
v 0.47586 -0.549268 0.301746
v 0.476048 -0.549268 0.286266
v 0.470887 -0.564749 0.193444
v -0.449279 -0.589149 0.357439
v -0.452469 -0.565164 0.379316
v -0.445995 -0.565164 0.395482
v -0.448247 -0.555899 0.401308
v -0.462604 -0.553041 0.367721
v -0.45003 -0.545579 0.405935
v -0.447778 -0.5338 0.415874
v -0.425444 -0.627939 0.131296
v -0.425444 -0.627975 0.131582
v -0.425444 -0.628046 0.162541
v -0.425444 -0.628046 0.317283
v -0.425444 -0.628022 0.332648
v -0.425444 -0.626243 0.348128
v -0.433608 -0.619339 0.356811
v -0.420471 -0.621166 0.379088
v -0.443555 -0.5338 0.42547
v -0.443836 -0.518319 0.42547
v -0.445713 -0.509565 0.421529
v -0.448059 -0.509565 0.416331
v -0.394478 -0.630656 0.131296
v 0.463567 -0.586445 0.224404
v 0.459157 -0.595662 0.208924
v 0.452026 -0.609458 0.208924
v 0.43917 -0.622103 0.208924
v 0.447052 -0.617394 0.224404
v 0.425376 -0.628046 0.162484
v 0.439264 -0.622103 0.224404
v 0.409987 -0.630751 0.332706
v 0.00864564 -0.630751 0.162484
v 0.0231904 -0.533788 0.713247
v 0.0312604 -0.541653 0.711705
v 0.122939 -0.53813 0.695997
v 0.130071 -0.533302 0.69394
v 0.163664 -0.53323 0.682744
v 0.16967 -0.538023 0.680517
v 0.176426 -0.53323 0.677661
v 0.201387 -0.541961 0.66538
v 0.232353 -0.541949 0.649957
v 0.256469 -0.532839 0.637619
v 0.262381 -0.53737 0.633906
v 0.281993 -0.533788 0.621225
v 0.302731 -0.532732 0.607344
v 0.308549 -0.537192 0.60266
v 0.339609 -0.53934 0.571701
v 0.370575 -0.539328 0.540741
v 0.355092 -0.53934 0.556221
v 0.377519 -0.534013 0.534858
v 0.383618 -0.549268 0.522177
v 0.389436 -0.549268 0.514465
v 0.403324 -0.544381 0.496758
v 0.391407 -0.533788 0.51755
v 0.419839 -0.549268 0.467854
v 0.415241 -0.549268 0.475566
v 0.425845 -0.549268 0.456373
v 0.435229 -0.549268 0.437409
v 0.450149 -0.545294 0.406049
v 0.464506 -0.542744 0.372576
v 0.471262 -0.549268 0.348185
v 0.474546 -0.549268 0.332706
v -0.0231651 -0.509565 0.713704
v -0.00777583 -0.518319 0.714847
v 0.00761343 -0.5338 0.71439
v 0.469385 -0.564749 0.301746
v 0.465913 -0.576243 0.270786
v 0.463192 -0.585816 0.239884
v 0.470887 -0.564749 0.255363
v 0.466195 -0.578711 0.224404
v -0.435954 -0.610656 0.362694
v -0.444118 -0.594843 0.363037
v -0.445056 -0.579992 0.379316
v -0.438863 -0.566113 0.411361
v -0.435485 -0.561154 0.42547
v -0.433514 -0.557667 0.433924
v -0.440458 -0.549256 0.42547
v -0.446464 -0.550158 0.410676
v -0.409961 -0.63062 0.131296
v -0.409961 -0.630751 0.162541
v -0.409961 -0.630751 0.317283
v -0.409961 -0.630739 0.332648
v -0.409961 -0.630241 0.348128
v -0.409961 -0.628959 0.363608
v -0.409961 -0.626599 0.379088
v -0.434171 -0.605187 0.373661
v -0.4185 -0.619683 0.388627
v -0.406489 -0.611427 0.425356
v -0.421316 -0.611071 0.394111
v -0.419157 -0.605899 0.405421
v -0.405363 -0.621273 0.410105
v -0.403205 -0.619825 0.420158
v -0.43511 -0.549256 0.437009
v -0.436517 -0.5338 0.439979
v -0.436705 -0.518319 0.440265
v -0.443836 -0.509565 0.42547
v -0.439801 -0.509565 0.433867
v 0.459345 -0.595662 0.224404
v 0.452119 -0.609659 0.224404
v 0.446677 -0.616824 0.239884
v 0.436355 -0.62202 0.332706
v 0.436824 -0.622103 0.317226
v 0.438982 -0.622103 0.239884
v 0.425376 -0.628046 0.317226
v 0.425376 -0.627951 0.332706
v 0.409987 -0.63043 0.348185
v 0.394503 -0.630656 0.379145
v 0.37902 -0.630751 0.410048
v 0.0231904 -0.542827 0.712276
v 0.033794 -0.573515 0.696625
v 0.0388612 -0.565804 0.699367
v 0.0892516 -0.55571 0.695597
v 0.100512 -0.545888 0.69811
v 0.112711 -0.543479 0.697025
v 0.131478 -0.549268 0.689656
v 0.159348 -0.545235 0.68223
v 0.177928 -0.549268 0.673719
v 0.192848 -0.547987 0.667436
v 0.2286 -0.552269 0.648015
v 0.238452 -0.547975 0.644645
v 0.251871 -0.549268 0.636933
v 0.25966 -0.549268 0.632192
v 0.280398 -0.544939 0.620197
v 0.289687 -0.533788 0.616027
v 0.298133 -0.549268 0.606373
v 0.305921 -0.549268 0.600376
v 0.314179 -0.549268 0.592664
v 0.368323 -0.549268 0.538456
v 0.375924 -0.549268 0.530745
v 0.387466 -0.55839 0.511552
v 0.373015 -0.560075 0.527832
v 0.40126 -0.554701 0.493616
v 0.407078 -0.549434 0.488018
v 0.41815 -0.557952 0.464941
v 0.404638 -0.561949 0.483277
v 0.433633 -0.557857 0.434039
v 0.440577 -0.549268 0.425413
v 0.44799 -0.555603 0.400794
v 0.466195 -0.54845 0.362751
v 0.464506 -0.557868 0.356982
v 0.465913 -0.56068 0.348185
v 0.467509 -0.563847 0.332706
v 0.467602 -0.566243 0.318482
v -0.0231651 -0.518319 0.713704
v -0.037053 -0.509565 0.711534
v -0.033581 -0.518319 0.712105
v -0.00777583 -0.5338 0.71439
v 0.00761343 -0.543966 0.71279
v 0.00864564 -0.543883 0.71279
v 0.465444 -0.57514 0.286266
v 0.4585 -0.595662 0.239884
v -0.435297 -0.576303 0.407077
v -0.437925 -0.580953 0.395139
v -0.432951 -0.572163 0.417473
v -0.431075 -0.568889 0.42547
v -0.414841 -0.596219 0.426499
v -0.417281 -0.587204 0.432268
v -0.425632 -0.565057 0.441293
v -0.418031 -0.557584 0.464598
v -0.42535 -0.549256 0.456373
v -0.33264 -0.630751 0.471796
v -0.378995 -0.630739 0.394568
v -0.378995 -0.630241 0.410105
v -0.394478 -0.628959 0.394568
v -0.394478 -0.626717 0.410105
v -0.395041 -0.622779 0.425356
v -0.432388 -0.586611 0.400737
v -0.422442 -0.596219 0.41039
v -0.400578 -0.616789 0.430383
v -0.403956 -0.606468 0.436723
v -0.416718 -0.601771 0.41576
v -0.38791 -0.619825 0.451004
v -0.428353 -0.5338 0.456373
v -0.417187 -0.5338 0.478707
v -0.432857 -0.518319 0.44809
v -0.436705 -0.509565 0.440265
v 0.451556 -0.609078 0.239884
v 0.446208 -0.615946 0.255363
v 0.451087 -0.608212 0.255363
v 0.434947 -0.620715 0.348185
v 0.425376 -0.62635 0.348185
v 0.443768 -0.61113 0.332706
v 0.409987 -0.629576 0.363665
v 0.394503 -0.630074 0.394568
v 0.37902 -0.630347 0.425413
v 0.363537 -0.630751 0.440893
v 0.0231904 -0.564749 0.701823
v 0.0386735 -0.595662 0.685601
v 0.0388612 -0.57928 0.69314
v 0.0541566 -0.569838 0.694968
v 0.100512 -0.553622 0.694569
v 0.0465558 -0.603444 0.680688
v 0.117121 -0.548889 0.693597
v 0.130071 -0.564559 0.682916
v 0.142457 -0.559268 0.681773
v 0.152779 -0.555543 0.68006
v 0.147337 -0.549944 0.68423
v 0.163664 -0.549944 0.678803
v 0.176802 -0.564167 0.66755
v 0.187311 -0.558628 0.666008
v 0.19754 -0.552281 0.663437
v 0.218278 -0.558651 0.650528
v 0.248868 -0.558628 0.635105
v 0.277301 -0.555259 0.618083
v 0.271577 -0.549767 0.624138
v 0.28584 -0.549767 0.614599
v 0.29513 -0.558758 0.604317
v 0.308549 -0.571059 0.587181
v 0.31127 -0.560763 0.589751
v 0.329662 -0.580182 0.561705
v 0.345051 -0.580182 0.546225
v 0.355092 -0.571083 0.540684
v 0.378739 -0.564393 0.518064
v 0.384463 -0.568711 0.507668
v 0.386527 -0.603076 0.479336
v 0.402104 -0.572257 0.479393
v 0.399383 -0.56616 0.488018
v 0.370106 -0.570383 0.524462
v 0.342142 -0.590988 0.543311
v 0.410174 -0.565105 0.472138
v 0.402667 -0.588877 0.464941
v 0.415617 -0.568272 0.459914
v 0.420121 -0.563764 0.455402
v 0.431194 -0.581012 0.411476
v 0.438607 -0.566184 0.411476
v 0.452213 -0.56495 0.379031
v 0.415617 -0.583728 0.444378
v 0.41815 -0.58877 0.434039
v 0.462441 -0.553052 0.367321
v 0.451275 -0.579778 0.362751
v 0.449023 -0.588794 0.356982
v 0.446583 -0.599339 0.348185
v 0.459345 -0.580182 0.332706
v 0.448178 -0.602518 0.332706
v 0.448647 -0.603337 0.324537
v 0.464037 -0.5724 0.32448
v 0.461221 -0.579055 0.318482
v -0.0325488 -0.5338 0.711933
v -0.0231651 -0.5338 0.713247
v -0.0413695 -0.518319 0.710848
v -0.100581 -0.509565 0.700966
v -0.0231651 -0.542875 0.712276
v -0.00777583 -0.543966 0.71279
v 0.00761343 -0.5517 0.708963
v 0.0231904 -0.605828 0.681888
v 0.0231904 -0.595662 0.686914
v 0.0231904 -0.582198 0.693426
v 0.450524 -0.60718 0.270786
v -0.420283 -0.576896 0.438266
v -0.401422 -0.601996 0.447005
v -0.415685 -0.569019 0.456373
v -0.401704 -0.587097 0.463228
v -0.404706 -0.576789 0.467969
v -0.404331 -0.560644 0.482763
v -0.400953 -0.554476 0.493045
v -0.403486 -0.544144 0.496986
v -0.415028 -0.549256 0.475451
v -0.419533 -0.549256 0.46774
v -0.33264 -0.630205 0.487276
v -0.348029 -0.630739 0.456373
v -0.224352 -0.630751 0.580098
v -0.301673 -0.630205 0.518292
v -0.363512 -0.630241 0.440836
v -0.363512 -0.628959 0.456373
v -0.378995 -0.626717 0.440836
v -0.379558 -0.622779 0.456202
v -0.385094 -0.616611 0.461285
v -0.391006 -0.611332 0.456202
v -0.374116 -0.620822 0.471796
v -0.371582 -0.61922 0.480135
v -0.386127 -0.5338 0.524861
v -0.417374 -0.518319 0.478993
v -0.424506 -0.509565 0.464827
v -0.432857 -0.509565 0.44809
v 0.43354 -0.619292 0.356811
v 0.421247 -0.622079 0.379145
v 0.425939 -0.622945 0.362637
v 0.440671 -0.61113 0.348185
v 0.407265 -0.622957 0.410048
v 0.394503 -0.626409 0.425413
v 0.409987 -0.627927 0.379145
v 0.394503 -0.628888 0.410048
v 0.37902 -0.629268 0.440893
v 0.363537 -0.630217 0.456373
v 0.348054 -0.63043 0.471853
v 0.332571 -0.63062 0.487333
v 0.317088 -0.630727 0.502813
v 0.301605 -0.630751 0.518292
v 0.0386735 -0.604642 0.681316
v 0.0696397 -0.59119 0.682287
v 0.100512 -0.564749 0.689199
v 0.115995 -0.564749 0.686172
v 0.0386735 -0.612376 0.677204
v 0.0526552 -0.609612 0.676404
v 0.0568779 -0.601451 0.679717
v 0.123877 -0.572542 0.680745
v 0.134387 -0.601024 0.664066
v 0.1342 -0.569588 0.679317
v 0.143114 -0.590703 0.666522
v 0.153436 -0.587074 0.664808
v 0.162444 -0.564749 0.672463
v 0.17089 -0.573005 0.665494
v 0.181212 -0.568948 0.663437
v 0.181212 -0.599861 0.648015
v 0.187311 -0.589553 0.650528
v 0.192848 -0.595092 0.645044
v 0.208331 -0.595092 0.637333
v 0.223814 -0.579624 0.637333
v 0.208331 -0.564179 0.652756
v 0.239203 -0.564167 0.637333
v 0.248868 -0.589553 0.619625
v 0.25919 -0.583017 0.61637
v 0.254499 -0.564167 0.628765
v 0.266134 -0.564749 0.620939
v 0.243989 -0.568948 0.632535
v 0.273829 -0.564749 0.615798
v 0.286215 -0.56425 0.607687
v 0.281054 -0.575935 0.605174
v 0.291377 -0.569078 0.601461
v 0.305171 -0.580182 0.584724
v 0.30761 -0.60113 0.57113
v 0.311176 -0.59081 0.574043
v 0.324126 -0.602008 0.556164
v 0.326753 -0.591676 0.558791
v 0.368698 -0.595662 0.507325
v 0.357719 -0.606433 0.512923
v 0.368886 -0.615104 0.492074
v 0.383994 -0.61113 0.475908
v 0.38709 -0.619256 0.464656
v 0.389249 -0.61113 0.468197
v 0.394691 -0.59597 0.472138
v 0.400134 -0.580182 0.476194
v 0.33914 -0.601296 0.539941
v 0.356687 -0.589351 0.527032
v 0.367854 -0.581558 0.518921
v 0.400134 -0.599197 0.459914
v 0.430255 -0.595875 0.395196
v 0.43673 -0.595875 0.379031
v 0.417587 -0.603218 0.417531
v 0.402667 -0.604321 0.449576
v 0.40445 -0.610146 0.439751
v 0.402573 -0.619256 0.43381
v 0.415992 -0.600027 0.425413
v 0.435792 -0.610703 0.362637
v -0.0403373 -0.5338 0.710677
v -0.0313289 -0.541724 0.711705
v -0.100581 -0.518319 0.700966
v -0.100581 -0.5338 0.700623
v -0.116064 -0.509565 0.698053
v -0.0401496 -0.566255 0.700052
v -0.0231651 -0.550621 0.708849
v -0.00777583 -0.5517 0.708963
v -0.0231651 -0.564737 0.702394
v 0.00761343 -0.564737 0.702508
v 0.00864564 -0.605828 0.681945
v 0.0231904 -0.61355 0.677661
v -0.399358 -0.596362 0.457344
v -0.388379 -0.606279 0.466598
v -0.385001 -0.600407 0.476994
v -0.401328 -0.570941 0.47825
v -0.389786 -0.563598 0.502013
v -0.387159 -0.557691 0.511095
v -0.389317 -0.549256 0.514351
v -0.383781 -0.549256 0.52212
v -0.33264 -0.628058 0.502813
v -0.348029 -0.630157 0.471796
v -0.317156 -0.628105 0.518292
v -0.162419 -0.630751 0.611057
v -0.208869 -0.630407 0.595635
v -0.239741 -0.630205 0.580098
v -0.301673 -0.628105 0.533772
v -0.363512 -0.626184 0.471796
v -0.348029 -0.627702 0.487276
v -0.362949 -0.621842 0.486076
v -0.368579 -0.611142 0.49156
v -0.371207 -0.603361 0.494987
v -0.374116 -0.611142 0.483848
v -0.357413 -0.620264 0.496986
v -0.371488 -0.541914 0.541712
v -0.378901 -0.5338 0.533772
v -0.379183 -0.518319 0.533772
v -0.379183 -0.509565 0.533772
v -0.386127 -0.509565 0.524747
v -0.417374 -0.509565 0.478993
v -0.419063 -0.509565 0.47568
v 0.418995 -0.620324 0.390341
v 0.404262 -0.620869 0.425413
v 0.394691 -0.622672 0.439751
v 0.37902 -0.626456 0.456373
v 0.363537 -0.62807 0.471853
v 0.348054 -0.628959 0.487333
v 0.332571 -0.629659 0.502813
v 0.317088 -0.629991 0.518292
v 0.301605 -0.630217 0.533715
v 0.286122 -0.630751 0.533715
v 0.0696397 -0.598936 0.67846
v 0.0801494 -0.58909 0.681259
v 0.100512 -0.577263 0.683087
v 0.115995 -0.574132 0.681545
v 0.0386735 -0.622744 0.669435
v 0.0541566 -0.621972 0.668293
v 0.0696397 -0.620632 0.666808
v 0.0800556 -0.619529 0.665722
v 0.0696397 -0.61113 0.672348
v 0.115995 -0.605152 0.666122
v 0.124065 -0.60355 0.665265
v 0.130165 -0.609671 0.660524
v 0.147431 -0.612032 0.654127
v 0.147806 -0.595792 0.662466
v 0.162444 -0.595662 0.657268
v 0.162444 -0.576101 0.666979
v 0.17089 -0.60393 0.650071
v 0.18703 -0.619624 0.634991
v 0.19266 -0.610537 0.637219
v 0.176802 -0.609909 0.644587
v 0.202701 -0.604986 0.635105
v 0.233667 -0.604986 0.619625
v 0.243989 -0.599861 0.617055
v 0.248493 -0.619624 0.604031
v 0.254311 -0.609612 0.605802
v 0.254499 -0.595081 0.613228
v 0.262944 -0.603432 0.603346
v 0.265853 -0.595662 0.605402
v 0.263132 -0.572708 0.61894
v 0.285652 -0.594476 0.591408
v 0.310332 -0.619647 0.557706
v 0.313428 -0.61113 0.560448
v 0.280116 -0.605638 0.58918
v 0.297288 -0.607773 0.575014
v 0.302168 -0.61221 0.568673
v 0.321123 -0.61113 0.553136
v 0.328348 -0.61113 0.545425
v 0.3367 -0.612376 0.534343
v 0.339984 -0.618354 0.525547
v 0.373015 -0.620371 0.481735
v 0.389155 -0.621035 0.456373
v 0.399946 -0.614642 0.444149
v 0.396662 -0.610146 0.455402
v 0.378457 -0.621961 0.470596
v 0.434103 -0.605258 0.373776
v 0.410268 -0.61113 0.425413
v 0.422091 -0.611901 0.395082
v -0.123383 -0.538912 0.696111
v -0.113061 -0.543954 0.697082
v -0.100581 -0.546777 0.698224
v -0.100581 -0.5545 0.695197
v -0.0373345 -0.547833 0.708278
v -0.116064 -0.518319 0.698053
v -0.117284 -0.533776 0.697482
v -0.124134 -0.509565 0.696339
v -0.0541313 -0.56329 0.699081
v -0.0857544 -0.564013 0.693483
v -0.0488764 -0.604309 0.681088
v -0.0359269 -0.574084 0.696968
v -0.0231651 -0.574891 0.697368
v -0.00777583 -0.564737 0.702508
v -0.0386482 -0.605294 0.681659
v -0.0231651 -0.60584 0.681945
v 0.00864564 -0.613111 0.677946
v 0.0231904 -0.622957 0.669892
v 0.00864564 -0.613562 0.677661
v 0.00864564 -0.622957 0.669949
v -0.378432 -0.563705 0.517436
v -0.372896 -0.559411 0.527832
v -0.375242 -0.54794 0.533315
v -0.332733 -0.623028 0.518292
v -0.317626 -0.623052 0.534172
v -0.302143 -0.623052 0.549709
v -0.177902 -0.630407 0.611057
v -0.116064 -0.630751 0.626594
v -0.131547 -0.630608 0.626594
v -0.224352 -0.629244 0.595635
v -0.255224 -0.627844 0.580098
v -0.270707 -0.62807 0.564675
v -0.28619 -0.628105 0.549195
v -0.347935 -0.622732 0.502356
v -0.353002 -0.61476 0.507211
v -0.359477 -0.595662 0.514865
v -0.364732 -0.581913 0.519663
v -0.369424 -0.569719 0.523833
v -0.34268 -0.620679 0.513209
v -0.323068 -0.616943 0.539713
v -0.337988 -0.615852 0.523605
v -0.371863 -0.5338 0.542055
v -0.36811 -0.55221 0.538171
v -0.340803 -0.588651 0.541998
v -0.343618 -0.580182 0.544797
v -0.352721 -0.55221 0.553879
v -0.325133 -0.541914 0.588095
v -0.372145 -0.518319 0.54234
v -0.375242 -0.509565 0.538628
v 0.363631 -0.623194 0.487047
v 0.348805 -0.62406 0.503327
v 0.317088 -0.627014 0.533715
v 0.301605 -0.627085 0.549195
v 0.286122 -0.629968 0.549195
v 0.255249 -0.630549 0.564675
v 0.270732 -0.630715 0.549195
v 0.224283 -0.630751 0.580155
v 0.0852166 -0.594808 0.677432
v 0.100512 -0.595662 0.673948
v 0.0386735 -0.628675 0.657497
v 0.0541566 -0.627904 0.657497
v 0.0696397 -0.626421 0.657497
v 0.115995 -0.622921 0.654241
v 0.131478 -0.621581 0.65247
v 0.0903777 -0.617916 0.66458
v 0.0851228 -0.612115 0.66875
v 0.115995 -0.612874 0.662009
v 0.142551 -0.620039 0.650814
v 0.152873 -0.617785 0.649043
v 0.162444 -0.614582 0.647444
v 0.162444 -0.60686 0.651556
v 0.197352 -0.615294 0.632363
v 0.177928 -0.621308 0.636876
v 0.2088 -0.621451 0.621739
v 0.217996 -0.619624 0.619511
v 0.208331 -0.610537 0.629393
v 0.239203 -0.610537 0.613913
v 0.223626 -0.610537 0.621739
v 0.254311 -0.6224 0.595349
v 0.265759 -0.620656 0.58998
v 0.293253 -0.618082 0.571815
v 0.276081 -0.615946 0.586095
v 0.258815 -0.613752 0.600261
v 0.228224 -0.615294 0.616884
v 0.239766 -0.621451 0.606259
v 0.282931 -0.621415 0.575756
v 0.301605 -0.621676 0.560962
v 0.316149 -0.621688 0.548167
v 0.325533 -0.619541 0.542283
v 0.358564 -0.621035 0.498528
v -0.123946 -0.528616 0.696225
v -0.130045 -0.533776 0.694112
v -0.169926 -0.538865 0.680631
v -0.159604 -0.546433 0.682345
v -0.131547 -0.549256 0.69057
v -0.117284 -0.549162 0.694226
v -0.0913846 -0.556421 0.695939
v -0.116064 -0.564737 0.687714
v -0.100581 -0.564737 0.690513
v -0.0810625 -0.558367 0.696796
v -0.124134 -0.518319 0.696339
v -0.131828 -0.509565 0.693769
v -0.0591985 -0.602412 0.680231
v -0.0540375 -0.610122 0.677032
v -0.0386482 -0.613028 0.677375
v -0.0231651 -0.613574 0.677661
v 0.0231904 -0.628888 0.657497
v -0.0231651 -0.622957 0.669949
v -0.327666 -0.620751 0.529317
v -0.312746 -0.620751 0.544854
v -0.286284 -0.623052 0.564789
v -0.297263 -0.620751 0.559762
v -0.193385 -0.629244 0.611057
v -0.146936 -0.629932 0.626594
v -0.0386482 -0.630751 0.642017
v -0.0541313 -0.630739 0.642017
v -0.0696144 -0.630561 0.642017
v -0.0850975 -0.63011 0.642017
v -0.208869 -0.626978 0.611057
v -0.239741 -0.626753 0.595635
v -0.254473 -0.622281 0.595178
v -0.270426 -0.62285 0.580098
v -0.327009 -0.606611 0.543768
v -0.341742 -0.605543 0.52766
v -0.337331 -0.598983 0.537942
v -0.307585 -0.616884 0.555193
v -0.317344 -0.611747 0.549481
v -0.333203 -0.5338 0.580726
v -0.321942 -0.599043 0.55405
v -0.325414 -0.588734 0.55742
v -0.335924 -0.580182 0.552508
v -0.312558 -0.580182 0.575357
v -0.311339 -0.559873 0.589694
v -0.316781 -0.54794 0.592093
v -0.306459 -0.549256 0.600775
v -0.30918 -0.538592 0.603175
v -0.325414 -0.5338 0.588437
v -0.372145 -0.509565 0.54234
v -0.325696 -0.518319 0.588723
v -0.352251 -0.509565 0.562219
v 0.344113 -0.621545 0.515265
v 0.328911 -0.621605 0.533715
v 0.270826 -0.623693 0.580612
v 0.239766 -0.626919 0.595635
v 0.255249 -0.628449 0.580155
v 0.270732 -0.629458 0.564675
v 0.239766 -0.630264 0.580155
v 0.2088 -0.63043 0.595635
v 0.177928 -0.63043 0.611114
v 0.162444 -0.630751 0.611114
v 0.0696397 -0.630585 0.642074
v 0.085029 -0.630181 0.642074
v 0.100512 -0.629576 0.642074
v 0.115995 -0.628865 0.642074
v 0.131478 -0.627405 0.642074
v 0.162444 -0.623159 0.639675
v 0.177928 -0.626943 0.626594
v 0.19266 -0.623064 0.626937
v 0.223626 -0.623064 0.611457
v -0.170395 -0.528569 0.680802
v -0.176495 -0.533752 0.677775
v -0.201362 -0.542103 0.665437
v -0.193385 -0.54807 0.667779
v -0.177902 -0.549256 0.674519
v -0.163827 -0.550668 0.679489
v -0.154443 -0.556765 0.680631
v -0.148344 -0.550668 0.684687
v -0.131171 -0.565152 0.683944
v -0.144121 -0.560265 0.682345
v -0.116064 -0.575709 0.682345
v -0.0930737 -0.588046 0.680802
v -0.125729 -0.573598 0.681316
v -0.131828 -0.518319 0.693769
v -0.162419 -0.509565 0.683544
v -0.0696144 -0.600419 0.679203
v -0.0989854 -0.61151 0.667779
v -0.092886 -0.618865 0.665208
v -0.0850975 -0.619564 0.665951
v -0.0541313 -0.621854 0.668636
v -0.0386482 -0.622637 0.669664
v 0.00864564 -0.628888 0.657497
v 0.0386735 -0.630751 0.642074
v 0.0541566 -0.630739 0.642074
v -0.0386482 -0.628568 0.657497
v -0.0231651 -0.628876 0.657497
v -0.281311 -0.620715 0.5749
v -0.162419 -0.628734 0.626594
v -0.177902 -0.626812 0.626594
v -0.100581 -0.629422 0.642017
v -0.116064 -0.628556 0.642017
v 0.00864564 -0.630751 0.642074
v -0.193104 -0.622969 0.627108
v -0.22407 -0.622993 0.611571
v -0.239741 -0.621356 0.606602
v -0.248843 -0.619766 0.60426
v -0.265077 -0.620407 0.589694
v -0.31162 -0.606563 0.55902
v -0.291633 -0.615899 0.570159
v -0.309743 -0.588378 0.572672
v -0.307679 -0.570182 0.586381
v -0.295292 -0.558948 0.604545
v -0.298671 -0.549256 0.606716
v -0.309556 -0.528284 0.603403
v -0.315655 -0.533574 0.59752
v -0.280842 -0.545615 0.620425
v -0.262731 -0.53845 0.634134
v -0.317344 -0.518319 0.596491
v -0.325696 -0.509565 0.588723
v 0.2088 -0.627085 0.611114
v 0.224283 -0.629481 0.595635
v 0.193411 -0.629481 0.611114
v 0.146961 -0.630074 0.626594
v 0.131478 -0.630632 0.626594
v 0.115995 -0.630751 0.626594
v 0.162444 -0.62909 0.626594
v -0.162419 -0.518319 0.683544
v -0.170395 -0.509565 0.680802
v -0.178184 -0.518319 0.677089
v -0.201549 -0.5338 0.665494
v -0.232422 -0.5338 0.650014
v -0.232328 -0.542056 0.6499
v -0.229419 -0.552388 0.648472
v -0.198546 -0.552412 0.663894
v -0.188224 -0.559589 0.666579
v -0.148344 -0.565152 0.678517
v -0.177527 -0.564737 0.668521
v -0.162419 -0.564737 0.673948
v -0.162419 -0.577346 0.667722
v -0.136051 -0.570549 0.679774
v -0.136051 -0.601498 0.664294
v -0.148344 -0.596065 0.663038
v -0.144121 -0.591166 0.666865
v -0.116064 -0.583456 0.678517
v -0.0991731 -0.594191 0.676518
v -0.125729 -0.604547 0.665779
v -0.116064 -0.606646 0.666865
v -0.116064 -0.614392 0.662352
v -0.154068 -0.61858 0.649557
v -0.143839 -0.620039 0.651042
v -0.131547 -0.621403 0.652756
v -0.116064 -0.622637 0.654698
v -0.0696144 -0.62081 0.667207
v -0.0850975 -0.624867 0.657497
v -0.0696144 -0.626563 0.657497
v -0.0541313 -0.627773 0.657497
v -0.131547 -0.627192 0.642017
v -0.148156 -0.623681 0.643445
v -0.162419 -0.622803 0.640075
v -0.177902 -0.621213 0.637162
v -0.208869 -0.621391 0.622139
v -0.187755 -0.619802 0.635277
v -0.218721 -0.619814 0.619854
v -0.229043 -0.616255 0.617055
v -0.239741 -0.611107 0.614427
v -0.244902 -0.600727 0.617512
v -0.254473 -0.609731 0.606259
v -0.263106 -0.603633 0.60346
v -0.259071 -0.613942 0.600033
v -0.275399 -0.614926 0.585239
v -0.305802 -0.59871 0.569359
v -0.291539 -0.569256 0.60129
v -0.281217 -0.576125 0.605459
v -0.286284 -0.564345 0.608144
v -0.277839 -0.555947 0.618426
v -0.309556 -0.518319 0.60346
v -0.312934 -0.509565 0.60049
v -0.263106 -0.528118 0.634363
v -0.301673 -0.518319 0.60883
v -0.260385 -0.549256 0.632592
v -0.252597 -0.549256 0.637219
v -0.256632 -0.533491 0.637619
v -0.317344 -0.509565 0.596491
v -0.178184 -0.509565 0.677089
v -0.201549 -0.509565 0.665494
v -0.224352 -0.518319 0.654127
v -0.232515 -0.518319 0.650014
v -0.240116 -0.5338 0.64613
v -0.238427 -0.548035 0.645159
v -0.219097 -0.559565 0.651042
v -0.249406 -0.559494 0.635505
v -0.188224 -0.590502 0.651042
v -0.182407 -0.60081 0.648472
v -0.1825 -0.569897 0.663894
v -0.23458 -0.575021 0.635619
v -0.208869 -0.595662 0.63819
v -0.203708 -0.605958 0.635619
v -0.177527 -0.595662 0.653041
v -0.172178 -0.573989 0.666008
v -0.162419 -0.6082 0.652185
v -0.172084 -0.604914 0.650471
v -0.131171 -0.610276 0.660867
v -0.162419 -0.615935 0.6479
v -0.177527 -0.610502 0.645159
v -0.193104 -0.611118 0.638019
v -0.198077 -0.616267 0.632592
v -0.23458 -0.605958 0.62014
v -0.244902 -0.569802 0.632878
v -0.249406 -0.590395 0.620025
v -0.254849 -0.595603 0.613685
v -0.266109 -0.595662 0.605688
v -0.259728 -0.583622 0.616712
v -0.274554 -0.564737 0.616198
v -0.263576 -0.573301 0.619283
v -0.309556 -0.509565 0.60346
v -0.305051 -0.509565 0.606545
v -0.2632 -0.518319 0.63442
v -0.2632 -0.509565 0.63442
v -0.290225 -0.509565 0.616427
v -0.224352 -0.509565 0.654127
v -0.24021 -0.518319 0.64613
v -0.232515 -0.509565 0.650014
v -0.258696 -0.509565 0.636762
v -0.239741 -0.564689 0.638076
v -0.24021 -0.509565 0.64613
f 1 2 6
f 1 6 12
f 1 12 22
f 1 22 35
f 1 35 98
f 1 98 164
f 1 164 220
f 1 220 152
f 1 152 91
f 1 91 31
f 1 31 19
f 1 19 18
f 1 18 8
f 1 8 3
f 1 3 4
f 1 4 5
f 1 5 2
f 2 5 11
f 2 11 21
f 2 21 34
f 2 34 97
f 2 97 163
f 2 163 162
f 2 162 237
f 2 237 238
f 2 238 317
f 2 317 415
f 2 415 414
f 2 414 526
f 2 526 525
f 2 525 524
f 2 524 523
f 2 523 632
f 2 632 721
f 2 721 723
f 2 723 791
f 2 791 855
f 2 855 849
f 2 849 887
f 2 887 888
f 2 888 891
f 2 891 890
f 2 890 895
f 2 895 897
f 2 897 894
f 2 894 892
f 2 892 857
f 2 857 856
f 2 856 800
f 2 800 757
f 2 757 685
f 2 685 591
f 2 591 490
f 2 490 382
f 2 382 286
f 2 286 204
f 2 204 137
f 2 137 81
f 2 81 23
f 2 23 13
f 2 13 6
f 3 7 10
f 3 10 4
f 3 8 9
f 3 9 16
f 3 16 7
f 4 10 11
f 4 11 5
f 6 13 14
f 6 14 12
f 7 15 10
f 7 16 17
f 7 17 15
f 8 18 9
f 9 18 19
f 9 19 16
f 10 15 20
f 10 20 21
f 10 21 11
f 12 14 22
f 13 23 80
f 13 80 24
f 13 24 14
f 14 24 25
f 14 25 22
f 15 17 26
f 15 26 27
f 15 27 33
f 15 33 20
f 16 19 28
f 16 28 29
f 16 29 17
f 17 29 30
f 17 30 26
f 19 31 32
f 19 32 28
f 20 33 34
f 20 34 21
f 22 25 36
f 22 36 37
f 22 37 38
f 22 38 39
f 22 39 40
f 22 40 41
f 22 41 42
f 22 42 43
f 22 43 44
f 22 44 35
f 23 45 46
f 23 46 47
f 23 47 48
f 23 48 49
f 23 49 50
f 23 50 51
f 23 51 52
f 23 52 53
f 23 53 54
f 23 54 55
f 23 55 56
f 23 56 57
f 23 57 58
f 23 58 59
f 23 59 60
f 23 60 61
f 23 61 62
f 23 62 63
f 23 63 64
f 23 64 65
f 23 65 66
f 23 66 67
f 23 67 68
f 23 68 69
f 23 69 70
f 23 70 71
f 23 71 72
f 23 72 73
f 23 73 74
f 23 74 75
f 23 75 76
f 23 76 77
f 23 77 78
f 23 78 79
f 23 79 80
f 23 81 45
f 24 80 82
f 24 82 25
f 25 82 143
f 25 143 83
f 25 83 84
f 25 84 36
f 26 30 85
f 26 85 86
f 26 86 87
f 26 87 27
f 27 88 33
f 27 87 88
f 28 89 90
f 28 90 29
f 28 32 89
f 29 90 30
f 30 90 85
f 31 91 92
f 31 92 32
f 32 92 93
f 32 93 94
f 32 94 89
f 33 88 95
f 33 95 96
f 33 96 163
f 33 163 97
f 33 97 34
f 35 44 98
f 36 84 99
f 36 99 100
f 36 100 101
f 36 101 37
f 37 101 38
f 38 101 39
f 39 101 40
f 40 101 102
f 40 102 103
f 40 103 41
f 41 104 106
f 41 106 42
f 41 103 105
f 41 105 104
f 42 106 43
f 43 106 44
f 44 107 108
f 44 108 98
f 44 106 107
f 45 109 110
f 45 110 46
f 45 81 109
f 46 110 47
f 47 110 111
f 47 111 48
f 48 111 49
f 49 111 112
f 49 112 50
f 50 112 113
f 50 113 114
f 50 114 51
f 51 114 52
f 52 114 115
f 52 115 53
f 53 115 116
f 53 116 54
f 54 116 55
f 55 116 117
f 55 117 56
f 56 117 118
f 56 118 57
f 57 118 119
f 57 119 58
f 58 119 59
f 59 119 120
f 59 120 60
f 60 120 121
f 60 121 61
f 61 121 62
f 62 121 122
f 62 122 123
f 62 123 124
f 62 124 63
f 63 124 64
f 64 124 65
f 65 124 125
f 65 125 126
f 65 126 127
f 65 127 66
f 66 127 67
f 67 127 128
f 67 128 68
f 68 128 129
f 68 129 69
f 69 129 130
f 69 130 70
f 70 130 71
f 71 130 131
f 71 131 72
f 72 131 73
f 73 131 132
f 73 132 133
f 73 133 134
f 73 134 74
f 74 134 135
f 74 135 75
f 75 135 76
f 76 135 136
f 76 136 77
f 77 136 78
f 78 136 82
f 78 82 79
f 79 82 80
f 81 137 205
f 81 205 138
f 81 138 139
f 81 139 140
f 81 140 109
f 82 136 141
f 82 141 142
f 82 142 143
f 83 143 210
f 83 210 144
f 83 144 84
f 84 144 99
f 85 90 145
f 85 145 146
f 85 146 147
f 85 147 148
f 85 148 149
f 85 149 86
f 86 149 148
f 86 148 87
f 87 148 150
f 87 150 151
f 87 151 95
f 87 95 88
f 89 145 90
f 89 94 145
f 91 152 153
f 91 153 154
f 91 154 155
f 91 155 92
f 92 155 156
f 92 156 157
f 92 157 93
f 93 158 94
f 93 157 159
f 93 159 158
f 94 158 145
f 95 151 96
f 96 151 160
f 96 160 161
f 96 161 162
f 96 162 163
f 98 108 164
f 99 165 166
f 99 166 100
f 99 144 165
f 100 166 101
f 101 166 102
f 102 166 167
f 102 167 103
f 103 167 105
f 104 105 168
f 104 168 106
f 105 169 168
f 105 167 169
f 106 170 107
f 106 168 171
f 106 171 170
f 107 170 245
f 107 245 172
f 107 172 249
f 107 249 327
f 107 327 429
f 107 429 536
f 107 536 640
f 107 640 733
f 107 733 797
f 107 797 765
f 107 765 774
f 107 774 698
f 107 698 611
f 107 611 509
f 107 509 402
f 107 402 302
f 107 302 222
f 107 222 221
f 107 221 173
f 107 173 164
f 107 164 108
f 109 140 110
f 110 140 139
f 110 139 174
f 110 174 175
f 110 175 111
f 111 176 112
f 111 175 176
f 112 176 113
f 113 177 178
f 113 178 114
f 113 176 177
f 114 178 179
f 114 179 180
f 114 180 115
f 115 180 181
f 115 181 116
f 116 181 182
f 116 182 117
f 117 182 118
f 118 182 183
f 118 183 184
f 118 184 185
f 118 185 119
f 119 185 186
f 119 186 187
f 119 187 120
f 120 188 190
f 120 190 121
f 120 187 188
f 121 189 122
f 121 190 189
f 122 189 191
f 122 191 123
f 123 192 193
f 123 193 194
f 123 194 195
f 123 195 124
f 123 191 189
f 123 189 192
f 124 195 125
f 125 195 194
f 125 194 126
f 126 194 127
f 127 196 128
f 127 194 197
f 127 197 196
f 128 198 129
f 128 196 198
f 129 198 130
f 130 198 199
f 130 199 131
f 131 200 132
f 131 199 200
f 132 200 201
f 132 201 133
f 133 201 134
f 134 201 135
f 135 202 136
f 135 201 202
f 136 202 203
f 136 203 141
f 137 204 285
f 137 285 205
f 138 205 288
f 138 288 206
f 138 206 174
f 138 174 139
f 141 203 207
f 141 207 208
f 141 208 209
f 141 209 165
f 141 165 142
f 142 165 143
f 143 165 210
f 144 210 211
f 144 211 165
f 145 158 212
f 145 212 213
f 145 213 214
f 145 214 147
f 145 147 146
f 147 214 215
f 147 215 216
f 147 216 148
f 148 216 217
f 148 217 218
f 148 218 219
f 148 219 150
f 150 219 218
f 150 218 160
f 150 160 151
f 152 220 153
f 153 220 221
f 153 221 154
f 154 221 222
f 154 222 155
f 155 222 223
f 155 223 156
f 156 223 224
f 156 224 225
f 156 225 157
f 157 225 226
f 157 226 159
f 158 227 212
f 158 159 228
f 158 228 229
f 158 229 230
f 158 230 231
f 158 231 227
f 159 226 232
f 159 232 233
f 159 233 228
f 160 218 234
f 160 234 235
f 160 235 236
f 160 236 161
f 161 237 162
f 161 236 238
f 161 238 237
f 164 173 221
f 164 221 220
f 165 209 239
f 165 239 166
f 165 211 210
f 166 240 167
f 166 239 240
f 167 240 169
f 168 169 171
f 169 241 242
f 169 242 243
f 169 243 244
f 169 244 171
f 169 240 241
f 170 171 245
f 171 244 246
f 171 246 245
f 172 247 248
f 172 248 249
f 172 245 246
f 172 246 247
f 174 250 175
f 174 206 250
f 175 250 251
f 175 251 252
f 175 252 253
f 175 253 254
f 175 254 255
f 175 255 176
f 176 255 256
f 176 256 257
f 176 257 179
f 176 179 177
f 177 179 178
f 179 258 181
f 179 181 180
f 179 257 258
f 181 258 259
f 181 259 182
f 182 260 261
f 182 261 262
f 182 262 184
f 182 184 183
f 182 259 260
f 184 262 263
f 184 263 264
f 184 264 187
f 184 187 265
f 184 265 185
f 185 265 186
f 186 265 187
f 187 264 266
f 187 266 267
f 187 267 268
f 187 268 188
f 188 268 190
f 189 269 270
f 189 270 192
f 189 190 268
f 189 268 269
f 192 271 193
f 192 270 272
f 192 272 271
f 193 271 273
f 193 273 194
f 194 274 197
f 194 273 274
f 196 197 275
f 196 275 198
f 197 274 273
f 197 273 276
f 197 276 275
f 198 277 199
f 198 275 277
f 199 277 278
f 199 278 200
f 200 278 277
f 200 277 279
f 200 279 280
f 200 280 201
f 201 280 202
f 202 280 281
f 202 281 282
f 202 282 203
f 203 282 283
f 203 283 284
f 203 284 207
f 204 286 287
f 204 287 285
f 205 285 380
f 205 380 288
f 206 288 384
f 206 384 289
f 206 289 290
f 206 290 250
f 207 284 208
f 208 291 292
f 208 292 209
f 208 284 291
f 209 292 239
f 212 227 293
f 212 293 294
f 212 294 213
f 213 294 214
f 214 294 215
f 215 294 216
f 216 294 293
f 216 293 295
f 216 295 296
f 216 296 217
f 217 234 218
f 217 296 297
f 217 297 298
f 217 298 299
f 217 299 300
f 217 300 301
f 217 301 234
f 222 302 303
f 222 303 223
f 223 303 304
f 223 304 224
f 224 304 225
f 225 304 305
f 225 305 306
f 225 306 226
f 226 306 307
f 226 307 232
f 227 308 295
f 227 295 293
f 227 231 309
f 227 309 308
f 228 233 310
f 228 310 229
f 229 310 311
f 229 311 297
f 229 297 312
f 229 312 231
f 229 231 230
f 231 312 309
f 232 307 233
f 233 307 313
f 233 313 310
f 234 314 235
f 234 301 315
f 234 315 314
f 235 314 316
f 235 316 236
f 236 316 415
f 236 415 317
f 236 317 238
f 239 292 240
f 240 292 318
f 240 318 241
f 241 319 242
f 241 318 320
f 241 320 319
f 242 321 322
f 242 322 246
f 242 246 243
f 242 319 323
f 242 323 321
f 243 246 244
f 246 322 324
f 246 324 247
f 247 324 325
f 247 325 326
f 247 326 248
f 248 326 249
f 249 326 327
f 250 290 328
f 250 328 329
f 250 329 251
f 251 329 330
f 251 330 252
f 252 330 331
f 252 331 253
f 253 332 254
f 253 331 333
f 253 333 332
f 254 332 255
f 255 332 334
f 255 334 256
f 256 335 336
f 256 336 337
f 256 337 338
f 256 338 257
f 256 334 335
f 257 338 337
f 257 337 339
f 257 339 258
f 258 339 340
f 258 340 341
f 258 341 259
f 259 341 342
f 259 342 260
f 260 342 341
f 260 341 343
f 260 343 344
f 260 344 261
f 261 344 262
f 262 344 263
f 263 344 345
f 263 345 346
f 263 346 264
f 264 347 266
f 264 346 345
f 264 345 347
f 266 347 345
f 266 345 348
f 266 348 267
f 267 349 350
f 267 350 268
f 267 348 349
f 268 351 269
f 268 350 465
f 268 465 351
f 269 351 352
f 269 352 270
f 270 352 353
f 270 353 272
f 271 272 354
f 271 354 355
f 271 355 356
f 271 356 357
f 271 357 358
f 271 358 276
f 271 276 273
f 272 359 354
f 272 353 360
f 272 360 359
f 275 276 361
f 275 361 362
f 275 362 477
f 275 477 363
f 275 363 364
f 275 364 277
f 276 358 357
f 276 357 361
f 277 365 366
f 277 366 367
f 277 367 281
f 277 281 279
f 277 364 368
f 277 368 369
f 277 369 365
f 279 281 370
f 279 370 280
f 280 370 281
f 281 367 371
f 281 371 372
f 281 372 373
f 281 373 282
f 282 374 283
f 282 373 375
f 282 375 374
f 283 374 376
f 283 376 377
f 283 377 284
f 284 377 376
f 284 376 378
f 284 378 292
f 284 292 291
f 285 287 379
f 285 379 380
f 286 381 287
f 286 382 381
f 287 381 486
f 287 486 379
f 288 380 383
f 288 383 384
f 289 384 493
f 289 493 385
f 289 385 386
f 289 386 387
f 289 387 290
f 290 387 388
f 290 388 328
f 292 389 320
f 292 320 318
f 292 378 376
f 292 376 389
f 295 308 309
f 295 309 296
f 296 309 312
f 296 312 297
f 297 311 298
f 298 390 299
f 298 311 390
f 299 390 311
f 299 311 391
f 299 391 392
f 299 392 300
f 300 392 393
f 300 393 394
f 300 394 395
f 300 395 396
f 300 396 397
f 300 397 398
f 300 398 399
f 300 399 301
f 301 399 315
f 302 400 401
f 302 401 303
f 302 402 403
f 302 403 400
f 303 401 304
f 304 401 404
f 304 404 405
f 304 405 305
f 305 405 306
f 306 405 406
f 306 406 407
f 306 407 307
f 307 407 313
f 310 313 408
f 310 408 311
f 311 408 409
f 311 409 391
f 313 407 410
f 313 410 411
f 313 411 408
f 314 315 316
f 315 399 398
f 315 398 397
f 315 397 412
f 315 412 413
f 315 413 316
f 316 413 414
f 316 414 415
f 319 320 323
f 320 389 323
f 321 416 417
f 321 417 418
f 321 418 322
f 321 323 419
f 321 419 416
f 322 418 417
f 322 417 420
f 322 420 421
f 322 421 422
f 322 422 324
f 323 376 375
f 323 375 419
f 323 389 376
f 324 422 423
f 324 423 325
f 325 423 424
f 325 424 326
f 326 424 425
f 326 425 327
f 327 425 426
f 327 426 427
f 327 427 428
f 327 428 429
f 328 388 430
f 328 430 329
f 329 430 333
f 329 333 331
f 329 331 330
f 332 333 431
f 332 431 432
f 332 432 433
f 332 433 334
f 333 430 434
f 333 434 435
f 333 435 436
f 333 436 431
f 334 433 437
f 334 437 335
f 335 438 439
f 335 439 336
f 335 437 438
f 336 439 440
f 336 440 441
f 336 441 442
f 336 442 337
f 337 442 339
f 339 442 340
f 340 442 443
f 340 443 444
f 340 444 341
f 341 444 445
f 341 445 446
f 341 446 447
f 341 447 448
f 341 448 449
f 341 449 450
f 341 450 343
f 343 450 451
f 343 451 344
f 344 452 453
f 344 453 454
f 344 454 455
f 344 455 345
f 344 451 456
f 344 456 452
f 345 455 457
f 345 457 458
f 345 458 348
f 348 458 459
f 348 459 460
f 348 460 461
f 348 461 349
f 349 462 463
f 349 463 464
f 349 464 350
f 349 461 462
f 350 464 465
f 351 465 352
f 352 360 353
f 352 465 464
f 352 464 360
f 354 359 355
f 355 359 466
f 355 466 356
f 356 466 467
f 356 467 468
f 356 468 469
f 356 469 470
f 356 470 471
f 356 471 472
f 356 472 473
f 356 473 357
f 357 473 361
f 359 360 474
f 359 474 475
f 359 475 476
f 359 476 466
f 360 464 474
f 361 473 362
f 362 473 472
f 362 472 471
f 362 471 470
f 362 470 477
f 363 477 368
f 363 368 364
f 365 478 479
f 365 479 367
f 365 367 366
f 365 369 480
f 365 480 478
f 367 479 371
f 368 477 481
f 368 481 369
f 369 481 482
f 369 482 483
f 369 483 484
f 369 484 480
f 371 479 485
f 371 485 372
f 372 485 416
f 372 416 419
f 372 419 373
f 373 419 375
f 374 375 376
f 379 486 487
f 379 487 380
f 380 487 383
f 381 488 489
f 381 489 486
f 381 382 488
f 382 490 589
f 382 589 488
f 383 487 491
f 383 491 492
f 383 492 384
f 384 492 494
f 384 494 493
f 385 493 597
f 385 597 495
f 385 495 386
f 386 496 497
f 386 497 434
f 386 434 430
f 386 430 387
f 386 495 496
f 387 430 388
f 391 393 392
f 391 409 498
f 391 498 393
f 393 498 408
f 393 408 499
f 393 499 394
f 394 499 500
f 394 500 501
f 394 501 395
f 395 501 500
f 395 500 502
f 395 502 503
f 395 503 396
f 396 503 504
f 396 504 397
f 397 504 505
f 397 505 412
f 400 506 507
f 400 507 401
f 400 403 508
f 400 508 506
f 401 507 404
f 402 509 510
f 402 510 511
f 402 511 403
f 403 511 512
f 403 512 508
f 404 507 405
f 405 513 406
f 405 507 514
f 405 514 513
f 406 513 407
f 407 513 410
f 408 411 499
f 408 498 409
f 410 513 515
f 410 515 411
f 411 516 517
f 411 517 518
f 411 518 499
f 411 515 519
f 411 519 516
f 412 505 520
f 412 520 521
f 412 521 522
f 412 522 523
f 412 523 524
f 412 524 525
f 412 525 413
f 413 525 526
f 413 526 414
f 416 485 483
f 416 483 527
f 416 527 417
f 417 527 528
f 417 528 420
f 420 528 421
f 421 529 530
f 421 530 424
f 421 424 423
f 421 423 422
f 421 528 529
f 424 531 425
f 424 530 531
f 425 531 532
f 425 532 533
f 425 533 534
f 425 534 535
f 425 535 426
f 426 535 427
f 427 535 428
f 428 535 429
f 429 535 536
f 431 537 538
f 431 538 539
f 431 539 432
f 431 436 537
f 432 539 433
f 433 540 437
f 433 539 540
f 434 541 542
f 434 542 543
f 434 543 544
f 434 544 435
f 434 497 541
f 435 544 545
f 435 545 436
f 436 545 537
f 437 540 546
f 437 546 547
f 437 547 438
f 438 440 439
f 438 547 548
f 438 548 549
f 438 549 550
f 438 550 440
f 440 550 441
f 441 550 551
f 441 551 443
f 441 443 552
f 441 552 442
f 442 552 443
f 443 553 444
f 443 551 553
f 444 553 445
f 445 554 555
f 445 555 446
f 445 553 556
f 445 556 554
f 446 555 447
f 447 555 557
f 447 557 448
f 448 557 558
f 448 558 559
f 448 559 449
f 449 559 456
f 449 456 451
f 449 451 450
f 452 456 559
f 452 559 560
f 452 560 561
f 452 561 562
f 452 562 453
f 453 562 563
f 453 563 564
f 453 564 458
f 453 458 457
f 453 457 565
f 453 565 454
f 454 565 455
f 455 565 457
f 458 564 459
f 459 564 563
f 459 563 460
f 460 563 566
f 460 566 462
f 460 462 461
f 462 567 568
f 462 568 463
f 462 566 563
f 462 563 569
f 462 569 570
f 462 570 571
f 462 571 567
f 463 568 464
f 464 572 573
f 464 573 474
f 464 568 572
f 466 476 475
f 466 475 474
f 466 474 467
f 467 474 574
f 467 574 575
f 467 575 468
f 468 575 576
f 468 576 470
f 468 470 469
f 470 577 483
f 470 483 578
f 470 578 579
f 470 579 477
f 470 576 580
f 470 580 577
f 474 573 574
f 477 579 481
f 478 581 479
f 478 480 581
f 479 581 485
f 480 484 582
f 480 582 583
f 480 583 485
f 480 485 581
f 481 579 578
f 481 578 482
f 482 578 483
f 483 582 484
f 483 577 528
f 483 528 527
f 483 485 583
f 483 583 582
f 486 489 487
f 487 489 584
f 487 584 585
f 487 585 586
f 487 586 587
f 487 587 588
f 487 588 491
f 488 589 590
f 488 590 489
f 489 590 584
f 490 591 684
f 490 684 589
f 491 592 593
f 491 593 594
f 491 594 595
f 491 595 492
f 491 588 592
f 492 595 494
f 493 494 596
f 493 596 597
f 494 595 598
f 494 598 596
f 495 597 599
f 495 599 496
f 496 600 497
f 496 599 600
f 497 601 541
f 497 600 602
f 497 602 603
f 497 603 601
f 499 518 500
f 500 518 517
f 500 517 503
f 500 503 502
f 503 517 604
f 503 604 505
f 503 505 504
f 505 604 605
f 505 605 606
f 505 606 520
f 506 607 514
f 506 514 507
f 506 508 608
f 506 608 607
f 508 512 609
f 508 609 608
f 509 610 510
f 509 611 612
f 509 612 610
f 510 613 511
f 510 610 696
f 510 696 613
f 511 614 615
f 511 615 616
f 511 616 512
f 511 613 614
f 512 616 609
f 513 514 515
f 514 607 617
f 514 617 515
f 515 617 519
f 516 519 618
f 516 618 517
f 517 618 619
f 517 619 620
f 517 620 621
f 517 621 605
f 517 605 604
f 519 617 622
f 519 622 623
f 519 623 624
f 519 624 618
f 520 625 521
f 520 606 605
f 520 605 626
f 520 626 627
f 520 627 628
f 520 628 629
f 520 629 630
f 520 630 625
f 521 625 631
f 521 631 522
f 522 631 632
f 522 632 523
f 528 577 529
f 529 577 530
f 530 577 580
f 530 580 633
f 530 633 531
f 531 633 634
f 531 634 635
f 531 635 532
f 532 635 533
f 533 635 534
f 534 635 535
f 535 636 637
f 535 637 638
f 535 638 639
f 535 639 536
f 535 635 636
f 536 639 640
f 537 545 641
f 537 641 538
f 538 641 539
f 539 642 540
f 539 641 642
f 540 642 546
f 541 643 644
f 541 644 542
f 541 601 643
f 542 644 645
f 542 645 646
f 542 646 543
f 543 646 647
f 543 647 544
f 544 647 648
f 544 648 545
f 545 648 649
f 545 649 546
f 545 546 641
f 546 650 547
f 546 642 641
f 546 649 650
f 547 650 548
f 548 651 549
f 548 650 651
f 549 652 653
f 549 653 654
f 549 654 550
f 549 651 652
f 550 654 553
f 550 553 551
f 553 654 653
f 553 653 556
f 554 655 555
f 554 556 653
f 554 653 652
f 554 652 656
f 554 656 657
f 554 657 668
f 554 668 658
f 554 658 655
f 555 655 659
f 555 659 557
f 557 659 558
f 558 660 559
f 558 659 661
f 558 661 660
f 559 660 560
f 560 662 663
f 560 663 567
f 560 567 664
f 560 664 665
f 560 665 666
f 560 666 561
f 560 660 667
f 560 667 658
f 560 658 668
f 560 668 662
f 561 666 563
f 561 563 562
f 563 666 665
f 563 665 569
f 567 571 664
f 567 663 669
f 567 669 670
f 567 670 671
f 567 671 672
f 567 672 572
f 567 572 568
f 569 665 570
f 570 665 571
f 571 665 664
f 572 672 573
f 573 672 574
f 574 672 575
f 575 672 576
f 576 672 673
f 576 673 633
f 576 633 580
f 584 590 674
f 584 674 675
f 584 675 676
f 584 676 677
f 584 677 678
f 584 678 585
f 585 678 679
f 585 679 587
f 585 587 586
f 587 593 680
f 587 680 588
f 587 679 681
f 587 681 682
f 587 682 593
f 588 680 683
f 588 683 592
f 589 684 674
f 589 674 590
f 591 685 756
f 591 756 684
f 592 683 593
f 593 683 680
f 593 682 686
f 593 686 594
f 594 686 687
f 594 687 688
f 594 688 598
f 594 598 595
f 596 598 599
f 596 599 597
f 598 688 689
f 598 689 599
f 599 689 600
f 600 689 602
f 601 690 643
f 601 603 690
f 602 689 603
f 603 689 691
f 603 691 764
f 603 764 690
f 605 621 627
f 605 627 626
f 607 608 692
f 607 692 622
f 607 622 617
f 608 609 693
f 608 693 692
f 609 616 615
f 609 615 614
f 609 614 694
f 609 694 695
f 609 695 693
f 610 612 697
f 610 697 696
f 611 698 699
f 611 699 612
f 612 699 700
f 612 700 701
f 612 701 697
f 613 696 702
f 613 702 703
f 613 703 614
f 614 703 704
f 614 704 705
f 614 705 694
f 618 624 706
f 618 706 707
f 618 707 619
f 619 707 620
f 620 707 708
f 620 708 621
f 621 708 627
f 622 692 623
f 623 693 709
f 623 709 710
f 623 710 706
f 623 706 624
f 623 692 693
f 625 630 711
f 625 711 631
f 627 708 706
f 627 706 712
f 627 712 713
f 627 713 628
f 628 713 714
f 628 714 629
f 629 714 630
f 630 714 713
f 630 713 715
f 630 715 716
f 630 716 717
f 630 717 718
f 630 718 719
f 630 719 720
f 630 720 711
f 631 721 632
f 631 711 722
f 631 722 723
f 631 723 721
f 633 673 724
f 633 724 634
f 634 724 725
f 634 725 635
f 635 671 636
f 635 725 671
f 636 670 726
f 636 726 727
f 636 727 728
f 636 728 729
f 636 729 637
f 636 671 670
f 637 729 730
f 637 730 638
f 638 730 640
f 638 640 639
f 640 730 731
f 640 731 732
f 640 732 733
f 643 734 735
f 643 735 736
f 643 736 737
f 643 737 644
f 643 690 734
f 644 737 738
f 644 738 645
f 645 738 646
f 646 738 647
f 647 738 739
f 647 739 651
f 647 651 650
f 647 650 648
f 648 650 649
f 651 739 656
f 651 656 652
f 655 658 667
f 655 667 661
f 655 661 659
f 656 740 741
f 656 741 657
f 656 739 740
f 657 741 742
f 657 742 668
f 660 661 667
f 662 726 669
f 662 669 663
f 662 668 727
f 662 727 726
f 668 742 727
f 669 726 670
f 671 725 672
f 672 725 724
f 672 724 673
f 674 684 675
f 675 684 743
f 675 743 676
f 676 743 744
f 676 744 745
f 676 745 746
f 676 746 747
f 676 747 748
f 676 748 677
f 677 749 750
f 677 750 678
f 677 748 749
f 678 751 679
f 678 750 749
f 678 749 752
f 678 752 751
f 679 751 681
f 681 753 754
f 681 754 686
f 681 686 682
f 681 751 755
f 681 755 753
f 684 756 743
f 685 757 799
f 685 799 756
f 686 758 759
f 686 759 760
f 686 760 687
f 686 754 758
f 687 760 761
f 687 761 688
f 688 762 763
f 688 763 689
f 688 761 762
f 689 763 691
f 690 764 774
f 690 774 765
f 690 765 766
f 690 766 734
f 691 763 767
f 691 767 768
f 691 768 764
f 693 695 709
f 694 705 769
f 694 769 695
f 695 769 709
f 696 697 770
f 696 770 771
f 696 771 702
f 697 701 772
f 697 772 773
f 697 773 770
f 698 768 699
f 698 774 764
f 698 764 768
f 699 768 700
f 700 768 767
f 700 767 701
f 701 767 772
f 702 771 775
f 702 775 776
f 702 776 703
f 703 777 778
f 703 778 704
f 703 776 777
f 704 778 779
f 704 779 769
f 704 769 705
f 706 708 707
f 706 710 780
f 706 780 712
f 709 780 710
f 709 769 779
f 709 779 781
f 709 781 780
f 711 720 722
f 712 780 715
f 712 715 713
f 715 780 782
f 715 782 716
f 716 782 783
f 716 783 784
f 716 784 718
f 716 718 717
f 718 784 785
f 718 785 719
f 719 786 787
f 719 787 720
f 719 785 788
f 719 788 789
f 719 789 786
f 720 787 786
f 720 786 722
f 722 786 790
f 722 790 855
f 722 855 791
f 722 791 723
f 727 742 792
f 727 792 793
f 727 793 728
f 728 793 729
f 729 793 730
f 730 793 731
f 731 793 794
f 731 794 732
f 732 794 795
f 732 795 796
f 732 796 733
f 733 796 797
f 734 766 796
f 734 796 735
f 735 796 795
f 735 795 736
f 736 795 737
f 737 795 798
f 737 798 738
f 738 798 740
f 738 740 739
f 740 794 792
f 740 792 741
f 740 798 794
f 741 792 742
f 743 799 757
f 743 757 800
f 743 800 856
f 743 856 801
f 743 801 744
f 743 756 799
f 744 801 802
f 744 802 745
f 745 802 803
f 745 803 804
f 745 804 746
f 746 804 805
f 746 805 806
f 746 806 807
f 746 807 747
f 747 807 748
f 748 807 749
f 749 808 752
f 749 807 809
f 749 809 810
f 749 810 811
f 749 811 808
f 751 752 812
f 751 812 813
f 751 813 755
f 752 808 814
f 752 814 815
f 752 815 813
f 752 813 812
f 753 755 816
f 753 816 754
f 754 816 817
f 754 817 758
f 755 813 818
f 755 818 816
f 758 817 759
f 759 817 819
f 759 819 760
f 760 819 820
f 760 820 821
f 760 821 822
f 760 822 823
f 760 823 824
f 760 824 761
f 761 824 825
f 761 825 762
f 762 825 826
f 762 826 827
f 762 827 763
f 763 827 828
f 763 828 767
f 765 797 766
f 766 797 796
f 767 828 772
f 770 773 829
f 770 829 771
f 771 829 830
f 771 830 831
f 771 831 832
f 771 832 775
f 772 828 773
f 773 828 827
f 773 827 829
f 775 833 776
f 775 832 834
f 775 834 833
f 776 833 777
f 777 833 835
f 777 835 778
f 778 835 836
f 778 836 837
f 778 837 838
f 778 838 839
f 778 839 840
f 778 840 841
f 778 841 842
f 778 842 779
f 779 842 781
f 780 781 842
f 780 842 843
f 780 843 782
f 782 843 844
f 782 844 783
f 783 844 784
f 784 844 840
f 784 840 845
f 784 845 846
f 784 846 847
f 784 847 785
f 785 847 788
f 786 848 849
f 786 849 790
f 786 789 850
f 786 850 851
f 786 851 848
f 788 847 852
f 788 852 789
f 789 852 853
f 789 853 804
f 789 804 854
f 789 854 850
f 790 849 855
f 792 794 793
f 794 798 795
f 801 856 857
f 801 857 802
f 802 857 892
f 802 892 858
f 802 858 803
f 803 858 859
f 803 859 893
f 803 893 860
f 803 860 804
f 804 860 854
f 804 853 861
f 804 861 805
f 805 862 807
f 805 807 806
f 805 861 863
f 805 863 862
f 807 864 865
f 807 865 866
f 807 866 809
f 807 862 867
f 807 867 868
f 807 868 869
f 807 869 864
f 808 811 814
f 809 866 865
f 809 865 870
f 809 870 871
f 809 871 810
f 810 871 811
f 811 872 814
f 811 871 873
f 811 873 872
f 813 815 814
f 813 814 872
f 813 872 821
f 813 821 818
f 816 818 819
f 816 819 817
f 818 821 874
f 818 874 820
f 818 820 819
f 820 874 821
f 821 872 873
f 821 873 875
f 821 875 834
f 821 834 832
f 821 832 822
f 822 832 831
f 822 831 830
f 822 830 823
f 823 830 829
f 823 829 824
f 824 826 825
f 824 829 826
f 826 829 827
f 833 834 835
f 834 875 876
f 834 876 877
f 834 877 878
f 834 878 835
f 835 878 836
f 836 878 879
f 836 879 837
f 837 879 838
f 838 880 863
f 838 863 881
f 838 881 882
f 838 882 839
f 838 879 867
f 838 867 880
f 839 882 883
f 839 883 840
f 840 842 841
f 840 883 845
f 840 844 843
f 840 843 842
f 845 883 884
f 845 884 846
f 846 884 885
f 846 885 847
f 847 885 884
f 847 884 886
f 847 886 863
f 847 863 852
f 848 887 849
f 848 851 888
f 848 888 887
f 850 854 860
f 850 860 889
f 850 889 851
f 851 889 890
f 851 890 891
f 851 891 888
f 852 863 853
f 853 863 861
f 858 892 894
f 858 894 859
f 859 894 897
f 859 897 893
f 860 893 895
f 860 895 889
f 862 863 896
f 862 896 867
f 863 880 896
f 863 886 884
f 863 884 881
f 864 869 877
f 864 877 865
f 865 876 873
f 865 873 870
f 865 877 876
f 867 896 880
f 867 879 868
f 868 879 869
f 869 879 877
f 870 873 871
f 873 876 875
f 877 879 878
f 881 884 882
f 882 884 883
f 889 895 890
f 893 897 895
o convex_1
v -0.487127 0.630582 0.131253
v -0.502836 0.630582 0.131253
v -0.471883 0.63014 0.131253
v -0.471883 0.63067 0.115994
v -0.487341 0.630759 0.115994
v -0.518294 0.629964 0.131253
v -0.502836 0.630759 0.115994
v -0.181463 0.630052 -0.205342
v -0.181463 0.630405 -0.208857
v -0.455422 0.624577 0.131253
v -0.181463 0.627138 -0.193384
v -0.181463 0.630759 -0.220815
v -0.471883 0.630759 0.100521
v -0.502836 0.630759 0.100521
v -0.502836 0.630582 0.0695748
v -0.518294 0.629787 0.115994
v -0.533216 0.624136 0.131253
v -0.453418 0.623518 0.131253
v -0.181463 0.625725 -0.18974
v -0.181463 0.630759 -0.255276
v -0.487341 0.630759 0.0541444
v -0.487341 0.63067 0.0386713
v -0.487341 0.63014 0.0231981
v -0.502836 0.629964 0.0541444
v -0.518294 0.629257 0.100521
v -0.532822 0.623871 0.115994
v -0.533395 0.624047 0.131253
v -0.181463 0.621487 -0.181254
v -0.447622 0.619544 0.131253
v -0.193415 0.630759 -0.255276
v -0.181463 0.630582 -0.267235
v -0.456424 0.630759 -0.00774826
v -0.456424 0.63067 -0.0232214
v -0.456424 0.63014 -0.0386946
v -0.502836 0.628816 0.0386713
v -0.518294 0.628198 0.0850479
v -0.531427 0.623341 0.100521
v -0.540552 0.617248 0.115994
v -0.541124 0.618219 0.131253
v -0.181463 0.619456 -0.17881
v -0.443614 0.611773 0.131253
v -0.181463 0.612744 -0.173838
v -0.25532 0.630759 -0.22433
v -0.208873 0.63067 -0.255276
v -0.181463 0.630317 -0.270749
v -0.425471 0.630759 -0.069641
v -0.44093 0.63067 -0.0541678
v -0.44093 0.629699 -0.069641
v -0.456424 0.628728 -0.0541678
v -0.471883 0.628816 -0.0232214
v -0.502836 0.626078 0.0231981
v -0.515467 0.6229 0.0386713
v -0.518294 0.626432 0.0695748
v -0.529638 0.622281 0.0850479
v -0.539192 0.614599 0.100521
v -0.543092 0.606916 0.100521
v -0.543951 0.609477 0.115994
v -0.527705 0.620604 0.0695748
v -0.544202 0.610449 0.131253
v -0.440179 0.595878 0.131253
v -0.181463 0.595613 -0.168224
v -0.181463 0.608153 -0.171481
v -0.286237 0.630759 -0.208857
v -0.239826 0.63067 -0.239803
v -0.224367 0.630052 -0.255276
v -0.181463 0.627403 -0.282708
v -0.193415 0.629787 -0.270749
v -0.301732 0.630759 -0.193384
v -0.348143 0.630582 -0.162437
v -0.394519 0.630582 -0.116018
v -0.409977 0.630494 -0.100544
v -0.425471 0.63014 -0.0851141
v -0.409977 0.629169 -0.116018
v -0.425471 0.628463 -0.100544
v -0.44093 0.626785 -0.0851141
v -0.457856 0.624136 -0.0710983
v -0.471883 0.626078 -0.0386946
v -0.472062 0.622281 -0.0530105
v -0.502979 0.622281 0.00888219
v -0.512569 0.620692 0.0231981
v -0.526489 0.619456 0.0600594
v -0.537725 0.610272 0.0853051
v -0.54209 0.604532 0.0905771
v -0.543486 0.595878 0.0853051
v -0.545669 0.595613 0.100521
v -0.546527 0.595613 0.115994
v -0.544237 0.610272 0.131253
v -0.440143 0.595613 0.131253
v -0.181463 0.58016 -0.167152
v -0.270779 0.630582 -0.22433
v -0.31719 0.630582 -0.193384
v -0.25532 0.630052 -0.239803
v -0.208873 0.628463 -0.270749
v -0.239826 0.628551 -0.255276
v -0.181463 0.625902 -0.286394
v -0.348143 0.629169 -0.17791
v -0.409977 0.625195 -0.131491
v -0.426223 0.623606 -0.116618
v -0.467016 0.621045 -0.0668978
v -0.48201 0.620692 -0.0386946
v -0.497432 0.620692 -0.00774826
v -0.510815 0.619102 0.01484
v -0.524986 0.61663 0.0497297
v -0.533216 0.611067 0.0695748
v -0.540695 0.601177 0.0802903
v -0.542555 0.590845 0.0747182
v -0.545633 0.58016 0.0850479
v -0.546671 0.58016 0.100521
v -0.546921 0.595613 0.131253
v -0.439785 0.580425 0.131253
v -0.181463 0.47181 -0.166509
v -0.436493 0.409291 0.131253
v -0.426903 -0.162216 0.131253
v -0.426402 -0.193123 0.131253
v -0.425758 -0.239482 0.131253
v -0.425364 -0.27136 0.131253
v -0.301732 0.630229 -0.208857
v -0.332649 0.629169 -0.193384
v -0.270779 0.628463 -0.239803
v -0.286237 0.629699 -0.22433
v -0.208873 0.622635 -0.283094
v -0.22587 0.624224 -0.272292
v -0.256823 0.624224 -0.256819
v -0.181463 0.621575 -0.294152
v -0.348143 0.625195 -0.193384
v -0.408474 0.62025 -0.145464
v -0.417778 0.618837 -0.139292
v -0.420676 0.620604 -0.131491
v -0.435205 0.620692 -0.111817
v -0.46401 0.618749 -0.0772275
v -0.479898 0.619102 -0.0470527
v -0.495393 0.619102 -0.0161063
v -0.517364 0.611067 0.0231981
v -0.523232 0.611332 0.0384998
v -0.492816 0.614687 -0.0264361
v -0.4955 0.604356 -0.0317938
v -0.510601 0.603561 -0.00016169
v -0.512032 0.609654 0.00888219
v -0.527169 0.606387 0.0435575
v -0.528779 0.611332 0.0545731
v -0.527956 0.594112 0.0384998
v -0.526023 0.587931 0.0309133
v -0.543056 0.58016 0.0734323
v -0.533753 0.595613 0.0541444
v -0.545311 0.564707 0.0850479
v -0.54642 0.549254 0.100521
v -0.546671 0.564707 0.100521
v -0.546993 0.58016 0.131253
v -0.181463 0.376883 -0.165952
v -0.48455 -0.27136 0.131253
v -0.181463 -0.27136 -0.162609
v -0.181463 -0.224294 -0.162651
v -0.181463 -0.212903 -0.162694
v -0.181463 -0.116033 -0.163209
v -0.181463 0.0505096 -0.164109
v -0.181463 0.20619 -0.164966
v -0.181463 0.252462 -0.165223
v -0.31719 0.628639 -0.208857
v -0.270779 0.622635 -0.253305
v -0.287597 0.623959 -0.241217
v -0.301732 0.627226 -0.22433
v -0.181463 0.620515 -0.295695
v -0.187689 0.619632 -0.294624
v -0.221755 0.620868 -0.280693
v -0.239826 0.622723 -0.268778
v -0.3334 0.623694 -0.209714
v -0.348143 0.620604 -0.204142
v -0.355944 0.618837 -0.201184
v -0.362099 0.62025 -0.191883
v -0.431912 0.616718 -0.122147
v -0.405576 0.611067 -0.158065
v -0.413341 0.611067 -0.150179
v -0.416955 0.601088 -0.153779
v -0.420032 0.611067 -0.142463
v -0.472241 0.611508 -0.0699839
v -0.477358 0.614687 -0.0573824
v -0.467124 0.608418 -0.0813852
v -0.480006 0.604356 -0.0627402
v -0.480793 0.595613 -0.0642404
v -0.492387 0.595613 -0.041052
v -0.496251 0.595613 -0.033294
v -0.501261 0.595613 -0.0232214
v -0.507845 0.595613 -0.0095056
v -0.511388 0.595613 -0.00179045
v -0.515324 0.595613 0.00772492
v -0.525093 0.598263 0.0332278
v -0.522445 0.594112 0.0247411
v -0.512104 0.58016 -0.00333348
v -0.516755 0.58016 0.00772492
v -0.522946 0.58016 0.0231552
v -0.539979 0.58016 0.0657172
v -0.526023 0.572389 0.0309133
v -0.542734 0.564707 0.0742039
v -0.544452 0.549254 0.0850479
v -0.545848 0.533712 0.100521
v -0.546778 0.502629 0.131253
v -0.546957 0.518082 0.131253
v -0.546993 0.549254 0.131253
v -0.495214 -0.0786799 0.107893
v -0.479719 -0.248666 0.107979
v -0.474996 -0.27136 0.099921
v -0.492101 -0.178906 0.131253
v -0.544846 0.518259 0.100521
v -0.541589 0.494063 0.0924631
v -0.525988 0.310037 0.0931488
v -0.181463 -0.27136 -0.231102
v -0.283339 0.620868 -0.25009
v -0.301732 0.621752 -0.236846
v -0.316797 0.622723 -0.224501
v -0.181463 0.614069 -0.299853
v -0.197995 0.616718 -0.292738
v -0.232061 0.618837 -0.278465
v -0.252672 0.620868 -0.265563
v -0.328748 0.620868 -0.219444
v -0.311357 0.619897 -0.233459
v -0.339054 0.617248 -0.215415
v -0.348036 0.611685 -0.211557
v -0.358735 0.611067 -0.203413
v -0.386002 0.601088 -0.184854
v -0.374659 0.611067 -0.188712
v -0.382388 0.611067 -0.181254
v -0.401461 0.60153 -0.169381
v -0.463044 0.600558 -0.091672
v -0.403643 0.591198 -0.171567
v -0.418529 0.590757 -0.155794
v -0.464905 0.590227 -0.0937294
v -0.468627 0.595525 -0.0859714
v -0.476893 0.595613 -0.0719984
v -0.477465 0.58016 -0.0731128
v -0.492959 0.58016 -0.0421664
v -0.502406 0.58016 -0.0232214
v -0.508418 0.58016 -0.0110915
v -0.508346 0.564707 -0.0105343
v -0.511782 0.564707 -0.00277627
v -0.496752 0.549254 -0.0344084
v -0.516111 0.564707 0.00772492
v -0.528278 0.566208 0.0377283
v -0.539657 0.564707 0.0664887
v -0.539013 0.549254 0.0680746
v -0.54209 0.549254 0.0758326
v -0.541697 0.53954 0.0769042
v -0.543021 0.534153 0.0842336
v -0.542627 0.518259 0.0881769
v -0.545526 0.502805 0.115994
v -0.546027 0.487087 0.131253
v -0.510529 0.139785 0.0929774
v -0.469879 -0.27136 0.0846193
v -0.511567 0.16248 0.0898056
v -0.509706 0.177933 0.0799045
v -0.508418 0.0211042 0.131253
v -0.54438 0.487352 0.115994
v -0.526417 0.320368 0.0915201
v -0.190516 -0.193387 -0.234488
v -0.181463 -0.224294 -0.23586
v -0.213561 -0.27136 -0.215072
v -0.259113 0.100578 -0.230116
v -0.263837 0.147026 -0.232474
v -0.262978 0.618837 -0.262991
v -0.293644 0.618573 -0.247304
v -0.181463 0.610184 -0.301953
v -0.193092 0.61142 -0.297152
v -0.209374 0.61142 -0.291023
v -0.22587 0.612656 -0.283908
v -0.239826 0.60727 -0.280265
v -0.247663 0.603472 -0.278507
v -0.278651 0.603561 -0.263077
v -0.270779 0.607358 -0.265049
v -0.321699 0.614952 -0.229773
v -0.332398 0.61089 -0.224116
v -0.342775 0.606916 -0.218415
v -0.370114 0.595613 -0.200156
v -0.380134 0.59579 -0.191583
v -0.387863 0.590845 -0.186526
v -0.404681 0.58016 -0.172638
v -0.41241 0.58016 -0.164237
v -0.419102 0.58016 -0.156479
v -0.465585 0.58016 -0.0945009
v -0.471167 0.58016 -0.0851141
v -0.471274 0.564707 -0.0851141
v -0.477465 0.564707 -0.0731128
v -0.492959 0.564707 -0.0421664
v -0.496824 0.564707 -0.0344084
v -0.492959 0.549254 -0.0421236
v -0.50187 0.549254 -0.0232214
v -0.496359 0.533712 -0.0336798
v -0.507953 0.549254 -0.00911984
v -0.486518 0.533712 -0.0541678
v -0.492745 0.533712 -0.0414378
v -0.52563 0.562058 0.0319419
v -0.511102 0.549254 -0.00140469
v -0.514823 0.549254 0.00772492
v -0.521049 0.549254 0.0231981
v -0.525093 0.549254 0.0332707
v -0.527526 0.533712 0.0426574
v -0.528636 0.487352 0.0553874
v -0.527956 0.47181 0.0570591
v -0.526596 0.440904 0.060488
v -0.526167 0.431632 0.0615167
v -0.525701 0.4213 0.0627168
v -0.530031 0.440904 0.0695748
v -0.528063 0.409997 0.0718464
v -0.526202 0.369377 0.0768613
v -0.525737 0.359134 0.0782757
v -0.544846 0.47181 0.131253
v -0.4658 -0.27136 0.0724894
v -0.510708 0.199568 0.076947
v -0.542377 0.441257 0.131253
v -0.193415 -0.131486 -0.239289
v -0.181463 -0.193387 -0.238946
v -0.224367 -0.27136 -0.209671
v -0.25532 -0.27136 -0.194198
v -0.265411 0.16248 -0.233245
v -0.277578 0.0542184 -0.216143
v -0.278615 0.216169 -0.232088
v -0.286166 0.611067 -0.255276
v -0.302662 0.61248 -0.244732
v -0.298153 0.608241 -0.250176
v -0.181463 0.598263 -0.305253
v -0.204507 0.606387 -0.295266
v -0.214384 0.595613 -0.293038
v -0.224367 0.595613 -0.289051
v -0.239826 0.595613 -0.282622
v -0.248593 0.595613 -0.278936
v -0.256322 0.595613 -0.275293
v -0.270779 0.595613 -0.268221
v -0.287561 0.595613 -0.25982
v -0.302662 0.595702 -0.251547
v -0.308459 0.600823 -0.246832
v -0.316797 0.610272 -0.235945
v -0.325707 0.60462 -0.232645
v -0.352687 0.595613 -0.214086
v -0.362421 0.595613 -0.206371
v -0.371116 0.585193 -0.20097
v -0.388686 0.58016 -0.187169
v -0.396415 0.58016 -0.180396
v -0.404681 0.564707 -0.172724
v -0.41241 0.564707 -0.164023
v -0.418959 0.564707 -0.156265
v -0.465692 0.564707 -0.0946724
v -0.47063 0.549254 -0.0851141
v -0.477286 0.549254 -0.0729842
v -0.48133 0.549254 -0.065269
v -0.486948 0.549254 -0.0541678
v -0.500796 0.533712 -0.0232214
v -0.492172 0.518259 -0.0399805
v -0.495643 0.518259 -0.0322653
v -0.510708 0.539893 -0.000375998
v -0.481151 0.533712 -0.0647118
v -0.48065 0.518259 -0.063726
v -0.485445 0.518259 -0.0541678
v -0.523769 0.518259 0.0366139
v -0.51307 0.53433 0.00665337
v -0.524843 0.47181 0.0493439
v -0.523447 0.440904 0.05273
v -0.495285 0.229944 0.0304418
v -0.50942 0.301648 0.0492582
v -0.507738 0.255994 0.0554732
v -0.511102 0.270741 0.0605309
v -0.5252 0.409997 0.0641313
v -0.510672 0.261646 0.0615596
v -0.479684 -0.0780618 0.0616882
v -0.524485 0.394456 0.0660172
v -0.464189 -0.24796 0.0617739
v -0.463116 -0.27136 0.0647742
v -0.463724 -0.258291 0.0631026
v -0.193415 -0.116033 -0.240832
v -0.181463 -0.177846 -0.240489
v -0.267701 -0.27136 -0.187983
v -0.239826 0.100578 -0.239632
v -0.271745 0.210076 -0.234874
v -0.270779 0.239746 -0.238303
v -0.278043 -0.245222 -0.185411
v -0.279403 0.072674 -0.217086
v -0.294074 0.448233 -0.247561
v -0.278544 0.371143 -0.247561
v -0.181463 0.595613 -0.305982
v -0.193415 0.595613 -0.301353
v -0.206619 0.595613 -0.296124
v -0.181463 0.581838 -0.306496
v -0.193415 0.58016 -0.301781
v -0.207048 0.58016 -0.296338
v -0.239826 0.58016 -0.283222
v -0.249452 0.58016 -0.279279
v -0.257181 0.58016 -0.27585
v -0.270779 0.58016 -0.269335
v -0.280941 0.58016 -0.264234
v -0.288706 0.58016 -0.260334
v -0.301732 0.58016 -0.253562
v -0.310427 0.59058 -0.248204
v -0.316224 0.595702 -0.242418
v -0.327317 0.595613 -0.233931
v -0.335046 0.595613 -0.22793
v -0.344958 0.595613 -0.220172
v -0.328605 0.58016 -0.235003
v -0.33637 0.58016 -0.228873
v -0.353868 0.58016 -0.214986
v -0.371474 0.57495 -0.20127
v -0.377593 0.580072 -0.196084
v -0.388686 0.564707 -0.187169
v -0.396415 0.564707 -0.180482
v -0.404037 0.549254 -0.172081
v -0.417957 0.538834 -0.154979
v -0.403393 0.533712 -0.171395
v -0.402749 0.518259 -0.17071
v -0.401926 0.498832 -0.169852
v -0.406864 0.456357 -0.160123
v -0.404323 0.394456 -0.157165
v -0.436851 0.518259 -0.128448
v -0.465191 0.549254 -0.094158
v -0.464547 0.533712 -0.0933865
v -0.469485 0.533712 -0.0851141
v -0.476821 0.533712 -0.0724699
v -0.494749 0.498655 -0.0302079
v -0.493568 0.47181 -0.0272505
v -0.479755 0.416355 -0.0467098
v -0.478753 0.394456 -0.0446096
v -0.479791 0.338382 -0.0313652
v -0.494641 0.425451 -0.0143919
v -0.511495 0.487352 0.0131684
v -0.480077 0.505631 -0.0627402
v -0.476177 0.518259 -0.0714412
v -0.467159 0.487352 -0.0825424
v -0.465835 0.456357 -0.0803136
v -0.465155 0.440904 -0.0791992
v -0.479576 0.495299 -0.0618829
v -0.483155 0.501392 -0.0557108
v -0.483011 0.487352 -0.0533963
v -0.482296 0.47181 -0.051939
v -0.479362 0.188618 0.000609826
v -0.446262 -0.131486 -0.00954847
v -0.432199 -0.27136 -0.0129774
v -0.446119 -0.27136 0.0218265
v -0.459036 -0.27136 0.0541444
v -0.480077 -0.0695846 0.0607023
v -0.462937 -0.27136 0.0643027
v -0.215386 0.0542184 -0.246961
v -0.201824 -0.00317955 -0.247861
v -0.185184 -0.0904244 -0.247304
v -0.184111 -0.100491 -0.246832
v -0.181463 -0.126099 -0.245589
v -0.247448 0.217229 -0.247475
v -0.275144 -0.27136 -0.184211
v -0.277041 -0.255201 -0.184897
v -0.285808 -0.27136 -0.178125
v -0.279009 -0.234891 -0.185926
v -0.293823 0.294848 -0.231959
v -0.295756 0.317101 -0.233117
v -0.300622 0.300676 -0.228487
v -0.309175 0.233653 -0.216443
v -0.304809 0.332643 -0.229216
v -0.294718 0.456357 -0.24799
v -0.286237 0.47181 -0.253519
v -0.286237 0.456357 -0.252104
v -0.279331 0.379002 -0.247947
v -0.270779 0.394456 -0.253519
v -0.181463 0.58016 -0.306539
v -0.181463 0.564707 -0.306539
v -0.193415 0.564707 -0.301696
v -0.206762 0.564707 -0.296252
v -0.224367 0.564707 -0.289051
v -0.239826 0.564707 -0.282708
v -0.248808 0.564707 -0.279022
v -0.256537 0.564707 -0.27555
v -0.270779 0.564707 -0.268863
v -0.280512 0.564707 -0.26402
v -0.288277 0.564707 -0.260034
v -0.310856 0.58016 -0.248504
v -0.301732 0.564707 -0.252833
v -0.31032 0.564707 -0.248118
v -0.318586 0.58016 -0.242718
v -0.371474 0.570712 -0.20127
v -0.328283 0.564707 -0.234702
v -0.388006 0.549254 -0.186611
v -0.395735 0.549254 -0.179839
v -0.417527 0.528502 -0.154465
v -0.403071 0.363549 -0.155665
v -0.40257 0.351893 -0.155108
v -0.390833 0.425451 -0.173667
v -0.387004 0.167601 -0.154936
v -0.435598 0.487352 -0.126862
v -0.464189 0.525235 -0.092915
v -0.433344 0.431455 -0.123947
v -0.432485 0.409997 -0.12279
v -0.402319 0.0458295 -0.123819
v -0.467625 0.519318 -0.0863143
v -0.479326 0.328051 -0.0302508
v -0.48201 0.317101 -0.0213355
v -0.464225 0.246722 -0.0465812
v -0.448802 -0.00132516 -0.0312366
v -0.464762 0.177933 -0.0322653
v -0.43363 -0.239747 -0.0164064
v -0.433236 -0.24796 -0.015592
v -0.464583 0.428276 -0.0782134
v -0.448659 0.34059 -0.0927864
v -0.464118 0.417945 -0.0773561
v -0.46376 0.409997 -0.0766703
v -0.402141 -0.0759425 -0.108045
v -0.464476 0.336969 -0.0625259
v -0.434059 -0.0695846 -0.0481243
v -0.433058 -0.0912192 -0.0461526
v -0.431912 -0.116033 -0.0438809
v -0.448695 -0.0774436 -0.0155491
v -0.427547 -0.27136 -0.0232214
v -0.23292 0.150647 -0.247947
v -0.186222 -0.0800928 -0.247818
v -0.270779 0.440904 -0.257934
v -0.269526 0.456445 -0.259991
v -0.181463 -0.117711 -0.246404
v -0.296543 -0.27136 -0.171738
v -0.296615 -0.270742 -0.171781
v -0.287704 -0.224294 -0.181897
v -0.279939 -0.224294 -0.186483
v -0.289028 -0.208841 -0.182711
v -0.294861 0.00777021 -0.201656
v -0.300622 0.224293 -0.220601
v -0.310964 0.255288 -0.217558
v -0.311035 -0.193387 -0.171138
v -0.353296 -0.27136 -0.137706
v -0.333722 -0.0373534 -0.173667
v -0.34045 -0.0312604 -0.170238
v -0.306097 0.348096 -0.229988
v -0.303592 0.47181 -0.243703
v -0.308924 0.544838 -0.247218
v -0.309711 0.55517 -0.24769
v -0.295863 0.47181 -0.248675
v -0.279474 0.549254 -0.263506
v -0.278723 0.540246 -0.26312
v -0.30853 0.379002 -0.231445
v -0.309962 0.398606 -0.232431
v -0.27382 0.487352 -0.260805
v -0.272282 0.47181 -0.26012
v -0.276755 0.518259 -0.262177
v -0.181463 0.551638 -0.306025
v -0.181463 0.549254 -0.305896
v -0.193415 0.549254 -0.300967
v -0.224367 0.549254 -0.288066
v -0.247985 0.554993 -0.278636
v -0.253996 0.549607 -0.275464
v -0.270779 0.549254 -0.267706
v -0.287203 0.549254 -0.259434
v -0.318049 0.564707 -0.242418
v -0.324633 0.497419 -0.231874
v -0.325241 0.50775 -0.232302
v -0.336012 0.564707 -0.228659
v -0.353654 0.564707 -0.214857
v -0.32746 0.549254 -0.23406
v -0.37906 0.549254 -0.193641
v -0.383855 0.47181 -0.183354
v -0.386682 0.341296 -0.170109
v -0.387219 0.35154 -0.170538
v -0.388578 0.379002 -0.171695
v -0.422251 0.348096 -0.129605
v -0.402141 0.341561 -0.154593
v -0.402069 0.188088 -0.138992
v -0.386539 0.15727 -0.154465
v -0.449697 0.363549 -0.0942437
v -0.449124 0.350922 -0.0934722
v -0.46376 0.514903 -0.0921864
v -0.40189 0.0354978 -0.123218
v -0.387219 -0.131486 -0.124333
v -0.386861 -0.139787 -0.123861
v -0.418028 0.24372 -0.124161
v -0.407651 0.177933 -0.130719
v -0.397238 0.0696717 -0.13282
v -0.389151 -0.0850378 -0.126905
v -0.388507 -0.100491 -0.12609
v -0.412983 0.23904 -0.130205
v -0.434346 -0.146939 -0.0332511
v -0.433236 -0.170605 -0.0310652
v -0.432771 -0.180848 -0.0300365
v -0.429837 -0.253964 -0.0217641
v -0.416883 -0.27136 -0.0448667
v -0.417456 -0.259969 -0.0458954
v -0.420927 -0.255024 -0.0399376
v -0.420676 -0.27136 -0.0374088
v -0.181463 -0.0695846 -0.250861
v -0.181463 -0.0807992 -0.249833
v -0.181463 -0.0947513 -0.248547
v -0.181463 -0.104906 -0.247604
v -0.261403 0.440904 -0.262263
v -0.263515 0.461744 -0.263249
v -0.245694 0.363549 -0.262177
v -0.23317 0.317101 -0.263506
v -0.216638 0.231975 -0.263034
v -0.266091 0.487352 -0.264406
v -0.330788 -0.27136 -0.151207
v -0.309175 -0.214934 -0.170024
v -0.294718 -0.143407 -0.186097
v -0.362707 -0.27136 -0.129948
v -0.366106 -0.208841 -0.135391
v -0.355514 -0.245487 -0.139035
v -0.356373 -0.235156 -0.139549
v -0.357232 -0.224294 -0.140106
v -0.358413 -0.208841 -0.140878
v -0.341058 -0.0231364 -0.170624
v -0.314113 0.456357 -0.235217
v -0.322951 0.47181 -0.230673
v -0.323989 0.487352 -0.231402
v -0.327031 0.20884 -0.202556
v -0.322236 0.301648 -0.214772
v -0.267558 0.502805 -0.265134
v -0.271888 0.534507 -0.265906
v -0.181463 0.538569 -0.304996
v -0.193415 0.533712 -0.299638
v -0.202539 0.518259 -0.294538
v -0.211879 0.533712 -0.291966
v -0.224367 0.533712 -0.286737
v -0.240971 0.549607 -0.281122
v -0.246875 0.544662 -0.278207
v -0.25532 0.533712 -0.273493
v -0.354942 0.224293 -0.184983
v -0.355586 0.234448 -0.185454
v -0.340915 0.47181 -0.217
v -0.344243 0.533712 -0.219615
v -0.358413 0.286194 -0.18764
v -0.354369 0.394456 -0.199941
v -0.361025 0.518259 -0.205171
v -0.361741 0.348096 -0.190255
v -0.37083 0.190207 -0.169809
v -0.376663 0.11612 -0.158922
v -0.386682 0.00123567 -0.13912
v -0.375016 0.085125 -0.157508
v -0.374158 0.0696717 -0.156822
v -0.385215 0.131573 -0.153222
v -0.385537 -0.0231364 -0.137834
v -0.38475 -0.038678 -0.137063
v -0.383962 -0.0541313 -0.136248
v -0.383104 -0.0695846 -0.135477
v -0.382245 -0.0850378 -0.134663
v -0.381314 -0.100491 -0.133805
v -0.375696 -0.193387 -0.128576
v -0.374694 -0.208841 -0.127633
v -0.373657 -0.224294 -0.126605
v -0.372619 -0.239747 -0.125404
v -0.371832 -0.251404 -0.124461
v -0.371116 -0.261735 -0.123433
v -0.3704 -0.27136 -0.122233
v -0.181463 -0.0041509 -0.256776
v -0.199963 0.147026 -0.26252
v -0.25532 0.502805 -0.270707
v -0.25532 0.487352 -0.269292
v -0.370114 -0.27136 -0.122533
v -0.367216 -0.193387 -0.136291
v -0.368289 -0.177846 -0.137106
v -0.369398 -0.162393 -0.137877
v -0.371116 -0.137932 -0.13912
v -0.361705 -0.162393 -0.143192
v -0.343276 0.00777021 -0.172124
v -0.340235 0.125127 -0.18554
v -0.326637 0.363549 -0.217772
v -0.340664 0.292022 -0.201313
v -0.341308 0.301648 -0.201784
v -0.181463 0.534153 -0.30461
v -0.193415 0.518259 -0.29831
v -0.201537 0.508722 -0.294109
v -0.204543 0.363549 -0.279922
v -0.224367 0.518259 -0.285365
v -0.238001 0.533712 -0.280993
v -0.371581 0.0290516 -0.154893
v -0.372225 0.0387651 -0.155365
v -0.373227 0.0542184 -0.156094
v -0.374516 -0.0850378 -0.141649
v -0.375374 -0.0695846 -0.142421
v -0.381887 0.0696717 -0.150179
v -0.373585 -0.100491 -0.14092
v -0.371832 -0.127601 -0.139592
v -0.181463 0.0395598 -0.26072
v -0.193415 0.193386 -0.269421
v -0.181463 0.0654331 -0.263034
v -0.213919 0.379002 -0.27735
v -0.362242 -0.0848612 -0.150307
v -0.362385 0.00777021 -0.159137
v -0.359093 -0.038678 -0.156908
v -0.356194 -0.079563 -0.154936
v -0.35759 0.100578 -0.171352
v -0.181463 0.502894 -0.301867
v -0.199247 0.487352 -0.293166
v -0.181463 0.394367 -0.292266
v -0.202897 0.348096 -0.279236
v -0.363602 0.0542184 -0.16278
v -0.181463 0.219436 -0.27675
v -0.184862 0.251226 -0.278165
v -0.183646 0.239746 -0.27765
v -0.181463 0.260498 -0.280393
f 898 899 903
f 898 903 914
f 898 914 924
f 898 924 936
f 898 936 956
f 898 956 984
f 898 984 1006
f 898 1006 1045
f 898 1045 1095
f 898 1095 1094
f 898 1094 1093
f 898 1093 1142
f 898 1142 1201
f 898 1201 1204
f 898 1204 1147
f 898 1147 1099
f 898 1099 1047
f 898 1047 1013
f 898 1013 1012
f 898 1012 1011
f 898 1011 1010
f 898 1010 1009
f 898 1009 1007
f 898 1007 985
f 898 985 957
f 898 957 938
f 898 938 926
f 898 926 915
f 898 915 907
f 898 907 900
f 898 900 901
f 898 901 902
f 898 902 904
f 898 904 899
f 899 904 903
f 900 905 906
f 900 906 901
f 900 907 908
f 900 908 905
f 901 909 910
f 901 910 902
f 901 906 909
f 902 910 909
f 902 909 917
f 902 917 927
f 902 927 940
f 902 940 960
f 902 960 965
f 902 965 943
f 902 943 929
f 902 929 918
f 902 918 911
f 902 911 904
f 903 904 911
f 903 911 912
f 903 912 913
f 903 913 914
f 905 908 916
f 905 916 925
f 905 925 937
f 905 937 939
f 905 939 959
f 905 959 958
f 905 958 986
f 905 986 1008
f 905 1008 1046
f 905 1046 1054
f 905 1054 1053
f 905 1053 1052
f 905 1052 1051
f 905 1051 1050
f 905 1050 1049
f 905 1049 1048
f 905 1048 1103
f 905 1103 1151
f 905 1151 1206
f 905 1206 1264
f 905 1264 1337
f 905 1337 1405
f 905 1405 1476
f 905 1476 1475
f 905 1475 1474
f 905 1474 1473
f 905 1473 1535
f 905 1535 1564
f 905 1564 1566
f 905 1566 1578
f 905 1578 1581
f 905 1581 1575
f 905 1575 1573
f 905 1573 1550
f 905 1550 1500
f 905 1500 1431
f 905 1431 1430
f 905 1430 1354
f 905 1354 1353
f 905 1353 1276
f 905 1276 1273
f 905 1273 1215
f 905 1215 1157
f 905 1157 1107
f 905 1107 1059
f 905 1059 1021
f 905 1021 992
f 905 992 963
f 905 963 942
f 905 942 928
f 905 928 917
f 905 917 909
f 905 909 906
f 907 915 916
f 907 916 908
f 911 918 919
f 911 919 912
f 912 919 920
f 912 920 921
f 912 921 922
f 912 922 913
f 913 922 923
f 913 923 914
f 914 923 924
f 915 925 916
f 915 926 925
f 917 928 927
f 918 929 930
f 918 930 919
f 919 930 931
f 919 931 920
f 920 931 932
f 920 932 921
f 921 932 933
f 921 933 922
f 922 933 923
f 923 934 935
f 923 935 936
f 923 936 924
f 923 933 934
f 925 926 937
f 926 938 939
f 926 939 937
f 927 928 941
f 927 941 961
f 927 961 940
f 928 942 941
f 929 943 930
f 930 943 944
f 930 944 931
f 931 944 945
f 931 945 946
f 931 946 947
f 931 947 932
f 932 947 974
f 932 974 948
f 932 948 949
f 932 949 950
f 932 950 933
f 933 950 934
f 934 950 951
f 934 951 935
f 935 952 953
f 935 953 954
f 935 954 936
f 935 951 955
f 935 955 952
f 936 954 956
f 938 957 958
f 938 958 959
f 938 959 939
f 940 961 960
f 941 942 962
f 941 962 989
f 941 989 961
f 942 963 964
f 942 964 962
f 943 965 966
f 943 966 967
f 943 967 968
f 943 968 944
f 944 968 969
f 944 969 945
f 945 970 971
f 945 971 946
f 945 969 970
f 946 971 972
f 946 972 973
f 946 973 974
f 946 974 947
f 948 974 975
f 948 975 976
f 948 976 977
f 948 977 949
f 949 977 978
f 949 978 955
f 949 955 951
f 949 951 950
f 952 955 978
f 952 978 979
f 952 979 980
f 952 980 953
f 953 980 981
f 953 981 982
f 953 982 954
f 954 982 983
f 954 983 984
f 954 984 956
f 957 985 958
f 958 985 986
f 960 961 987
f 960 987 988
f 960 988 965
f 961 989 987
f 962 964 990
f 962 990 991
f 962 991 989
f 963 990 964
f 963 992 990
f 965 988 966
f 966 988 993
f 966 993 970
f 966 970 967
f 967 970 968
f 968 970 969
f 970 993 1022
f 970 1022 994
f 970 994 971
f 971 994 995
f 971 995 973
f 971 973 972
f 973 995 996
f 973 996 974
f 974 996 975
f 975 996 997
f 975 997 976
f 976 997 998
f 976 998 977
f 977 998 999
f 977 999 1000
f 977 1000 978
f 978 1000 1001
f 978 1001 980
f 978 980 979
f 980 1002 1003
f 980 1003 981
f 980 1001 1002
f 981 1003 1004
f 981 1004 982
f 982 1004 1005
f 982 1005 983
f 983 1005 1006
f 983 1006 984
f 985 1007 986
f 986 1007 1009
f 986 1009 1010
f 986 1010 1011
f 986 1011 1012
f 986 1012 1013
f 986 1013 1008
f 987 1014 988
f 987 989 1014
f 988 1014 1015
f 988 1015 993
f 989 991 1016
f 989 1016 1017
f 989 1017 1014
f 990 992 1018
f 990 1018 1019
f 990 1019 991
f 991 1019 1020
f 991 1020 1016
f 992 1021 1018
f 993 1015 1022
f 994 1022 1066
f 994 1066 1023
f 994 1023 1024
f 994 1024 1025
f 994 1025 995
f 995 1025 1026
f 995 1026 1027
f 995 1027 996
f 996 1027 1028
f 996 1028 997
f 997 1028 1029
f 997 1029 999
f 997 999 998
f 999 1030 1031
f 999 1031 1000
f 999 1029 1032
f 999 1032 1033
f 999 1033 1034
f 999 1034 1035
f 999 1035 1030
f 1000 1031 1036
f 1000 1036 1037
f 1000 1037 1001
f 1001 1037 1002
f 1002 1036 1003
f 1002 1037 1036
f 1003 1038 1039
f 1003 1039 1040
f 1003 1040 1004
f 1003 1036 1041
f 1003 1041 1038
f 1004 1040 1042
f 1004 1042 1043
f 1004 1043 1044
f 1004 1044 1005
f 1005 1044 1095
f 1005 1095 1045
f 1005 1045 1006
f 1008 1013 1046
f 1013 1047 1098
f 1013 1098 1144
f 1013 1144 1202
f 1013 1202 1261
f 1013 1261 1332
f 1013 1332 1330
f 1013 1330 1329
f 1013 1329 1328
f 1013 1328 1400
f 1013 1400 1472
f 1013 1472 1469
f 1013 1469 1534
f 1013 1534 1539
f 1013 1539 1486
f 1013 1486 1415
f 1013 1415 1483
f 1013 1483 1406
f 1013 1406 1341
f 1013 1341 1339
f 1013 1339 1265
f 1013 1265 1208
f 1013 1208 1207
f 1013 1207 1152
f 1013 1152 1103
f 1013 1103 1048
f 1013 1048 1049
f 1013 1049 1050
f 1013 1050 1051
f 1013 1051 1052
f 1013 1052 1053
f 1013 1053 1054
f 1013 1054 1046
f 1014 1017 1055
f 1014 1055 1015
f 1015 1055 1022
f 1016 1020 1056
f 1016 1056 1057
f 1016 1057 1058
f 1016 1058 1055
f 1016 1055 1017
f 1018 1021 1059
f 1018 1059 1060
f 1018 1060 1061
f 1018 1061 1019
f 1019 1061 1062
f 1019 1062 1020
f 1020 1062 1056
f 1022 1063 1064
f 1022 1064 1065
f 1022 1065 1066
f 1022 1055 1063
f 1023 1066 1065
f 1023 1065 1024
f 1024 1067 1027
f 1024 1027 1026
f 1024 1026 1025
f 1024 1065 1068
f 1024 1068 1069
f 1024 1069 1070
f 1024 1070 1071
f 1024 1071 1067
f 1027 1072 1073
f 1027 1073 1028
f 1027 1067 1074
f 1027 1074 1072
f 1028 1073 1029
f 1029 1073 1032
f 1030 1035 1034
f 1030 1034 1036
f 1030 1036 1031
f 1032 1073 1033
f 1033 1075 1076
f 1033 1076 1077
f 1033 1077 1078
f 1033 1078 1079
f 1033 1079 1080
f 1033 1080 1034
f 1033 1073 1075
f 1034 1080 1081
f 1034 1081 1082
f 1034 1082 1083
f 1034 1083 1036
f 1036 1083 1041
f 1038 1084 1039
f 1038 1041 1083
f 1038 1083 1084
f 1039 1084 1082
f 1039 1082 1081
f 1039 1081 1085
f 1039 1085 1086
f 1039 1086 1087
f 1039 1087 1088
f 1039 1088 1040
f 1040 1088 1089
f 1040 1089 1090
f 1040 1090 1042
f 1042 1090 1091
f 1042 1091 1092
f 1042 1092 1043
f 1043 1092 1093
f 1043 1093 1044
f 1044 1093 1094
f 1044 1094 1095
f 1047 1096 1097
f 1047 1097 1098
f 1047 1099 1100
f 1047 1100 1101
f 1047 1101 1102
f 1047 1102 1096
f 1055 1058 1063
f 1056 1104 1057
f 1056 1062 1104
f 1057 1104 1105
f 1057 1105 1058
f 1058 1105 1106
f 1058 1106 1063
f 1059 1107 1060
f 1060 1107 1108
f 1060 1108 1109
f 1060 1109 1061
f 1061 1110 1062
f 1061 1109 1110
f 1062 1110 1104
f 1063 1106 1111
f 1063 1111 1064
f 1064 1111 1065
f 1065 1111 1112
f 1065 1112 1113
f 1065 1113 1114
f 1065 1114 1115
f 1065 1115 1116
f 1065 1116 1117
f 1065 1117 1118
f 1065 1118 1068
f 1067 1071 1074
f 1068 1118 1119
f 1068 1119 1069
f 1069 1119 1070
f 1070 1120 1074
f 1070 1074 1071
f 1070 1119 1121
f 1070 1121 1122
f 1070 1122 1123
f 1070 1123 1120
f 1072 1074 1075
f 1072 1075 1073
f 1074 1120 1124
f 1074 1124 1075
f 1075 1124 1125
f 1075 1125 1076
f 1076 1125 1126
f 1076 1126 1127
f 1076 1127 1077
f 1077 1127 1128
f 1077 1128 1078
f 1078 1128 1079
f 1079 1128 1129
f 1079 1129 1080
f 1080 1129 1085
f 1080 1085 1081
f 1082 1084 1083
f 1085 1130 1131
f 1085 1131 1086
f 1085 1129 1132
f 1085 1132 1130
f 1086 1131 1089
f 1086 1089 1087
f 1087 1089 1088
f 1089 1131 1133
f 1089 1133 1134
f 1089 1134 1135
f 1089 1135 1090
f 1090 1135 1136
f 1090 1136 1137
f 1090 1137 1091
f 1091 1137 1138
f 1091 1138 1139
f 1091 1139 1140
f 1091 1140 1101
f 1091 1101 1100
f 1091 1100 1092
f 1092 1100 1141
f 1092 1141 1142
f 1092 1142 1093
f 1096 1102 1143
f 1096 1143 1097
f 1097 1143 1098
f 1098 1143 1145
f 1098 1145 1146
f 1098 1146 1144
f 1099 1147 1100
f 1100 1148 1141
f 1100 1147 1148
f 1101 1140 1102
f 1102 1140 1138
f 1102 1138 1149
f 1102 1149 1143
f 1103 1150 1151
f 1103 1152 1153
f 1103 1153 1154
f 1103 1154 1150
f 1104 1110 1155
f 1104 1155 1156
f 1104 1156 1105
f 1105 1156 1112
f 1105 1112 1106
f 1106 1112 1111
f 1107 1157 1108
f 1108 1157 1158
f 1108 1158 1159
f 1108 1159 1109
f 1109 1155 1110
f 1109 1159 1160
f 1109 1160 1161
f 1109 1161 1162
f 1109 1162 1163
f 1109 1163 1164
f 1109 1164 1155
f 1112 1156 1165
f 1112 1165 1113
f 1113 1165 1166
f 1113 1166 1167
f 1113 1167 1114
f 1114 1167 1115
f 1115 1167 1116
f 1116 1167 1168
f 1116 1168 1169
f 1116 1169 1170
f 1116 1170 1121
f 1116 1121 1119
f 1116 1119 1118
f 1116 1118 1117
f 1120 1123 1124
f 1121 1170 1171
f 1121 1171 1122
f 1122 1171 1172
f 1122 1172 1173
f 1122 1173 1174
f 1122 1174 1123
f 1123 1125 1124
f 1123 1174 1175
f 1123 1175 1125
f 1125 1175 1126
f 1126 1175 1176
f 1126 1176 1177
f 1126 1177 1178
f 1126 1178 1127
f 1127 1178 1128
f 1128 1178 1179
f 1128 1179 1129
f 1129 1179 1180
f 1129 1180 1132
f 1130 1132 1181
f 1130 1181 1131
f 1131 1181 1182
f 1131 1182 1183
f 1131 1183 1133
f 1132 1180 1184
f 1132 1184 1185
f 1132 1185 1182
f 1132 1182 1181
f 1133 1186 1134
f 1133 1183 1187
f 1133 1187 1188
f 1133 1188 1189
f 1133 1189 1186
f 1134 1186 1135
f 1135 1186 1136
f 1136 1190 1191
f 1136 1191 1192
f 1136 1192 1138
f 1136 1138 1137
f 1136 1186 1190
f 1138 1140 1139
f 1138 1192 1193
f 1138 1193 1194
f 1138 1194 1195
f 1138 1195 1196
f 1138 1196 1197
f 1138 1197 1198
f 1138 1198 1199
f 1138 1199 1200
f 1138 1200 1143
f 1138 1143 1149
f 1141 1148 1142
f 1142 1148 1201
f 1143 1200 1145
f 1144 1146 1203
f 1144 1203 1202
f 1145 1200 1203
f 1145 1203 1146
f 1147 1204 1148
f 1148 1204 1201
f 1150 1154 1151
f 1151 1154 1205
f 1151 1205 1263
f 1151 1263 1206
f 1152 1207 1153
f 1153 1207 1208
f 1153 1208 1154
f 1154 1209 1205
f 1154 1208 1210
f 1154 1210 1211
f 1154 1211 1209
f 1155 1164 1163
f 1155 1163 1212
f 1155 1212 1156
f 1156 1213 1165
f 1156 1212 1214
f 1156 1214 1213
f 1157 1215 1216
f 1157 1216 1158
f 1158 1216 1159
f 1159 1216 1160
f 1160 1216 1161
f 1161 1216 1162
f 1162 1216 1217
f 1162 1217 1218
f 1162 1218 1219
f 1162 1219 1220
f 1162 1220 1221
f 1162 1221 1222
f 1162 1222 1163
f 1163 1222 1223
f 1163 1223 1224
f 1163 1224 1225
f 1163 1225 1214
f 1163 1214 1212
f 1165 1213 1226
f 1165 1226 1227
f 1165 1227 1166
f 1166 1227 1167
f 1167 1227 1228
f 1167 1228 1229
f 1167 1229 1168
f 1168 1229 1230
f 1168 1230 1170
f 1168 1170 1169
f 1170 1230 1231
f 1170 1231 1232
f 1170 1232 1171
f 1171 1232 1297
f 1171 1297 1233
f 1171 1233 1172
f 1172 1233 1234
f 1172 1234 1173
f 1173 1234 1235
f 1173 1235 1236
f 1173 1236 1174
f 1174 1236 1175
f 1175 1236 1176
f 1176 1236 1237
f 1176 1237 1238
f 1176 1238 1239
f 1176 1239 1177
f 1177 1239 1240
f 1177 1240 1178
f 1178 1240 1180
f 1178 1180 1179
f 1180 1240 1184
f 1182 1241 1183
f 1182 1185 1242
f 1182 1242 1243
f 1182 1243 1241
f 1183 1241 1244
f 1183 1244 1187
f 1184 1240 1239
f 1184 1239 1245
f 1184 1245 1246
f 1184 1246 1247
f 1184 1247 1185
f 1185 1247 1242
f 1186 1189 1190
f 1187 1244 1188
f 1188 1248 1189
f 1188 1244 1249
f 1188 1249 1250
f 1188 1250 1248
f 1189 1248 1191
f 1189 1191 1190
f 1191 1248 1192
f 1192 1248 1193
f 1193 1248 1250
f 1193 1250 1194
f 1194 1250 1251
f 1194 1251 1252
f 1194 1252 1253
f 1194 1253 1195
f 1195 1253 1254
f 1195 1254 1255
f 1195 1255 1196
f 1196 1256 1197
f 1196 1255 1257
f 1196 1257 1258
f 1196 1258 1256
f 1197 1256 1198
f 1198 1256 1259
f 1198 1259 1260
f 1198 1260 1199
f 1199 1260 1203
f 1199 1203 1200
f 1202 1203 1261
f 1203 1260 1262
f 1203 1262 1261
f 1205 1209 1263
f 1206 1263 1264
f 1208 1265 1210
f 1209 1266 1263
f 1209 1211 1267
f 1209 1267 1268
f 1209 1268 1266
f 1210 1265 1269
f 1210 1269 1270
f 1210 1270 1211
f 1211 1271 1272
f 1211 1272 1267
f 1211 1270 1271
f 1213 1214 1226
f 1214 1225 1226
f 1215 1273 1216
f 1216 1273 1274
f 1216 1274 1275
f 1216 1275 1217
f 1217 1275 1276
f 1217 1276 1277
f 1217 1277 1278
f 1217 1278 1218
f 1218 1278 1279
f 1218 1279 1280
f 1218 1280 1219
f 1219 1280 1220
f 1220 1280 1281
f 1220 1281 1221
f 1221 1281 1282
f 1221 1282 1222
f 1222 1282 1223
f 1223 1282 1283
f 1223 1283 1284
f 1223 1284 1285
f 1223 1285 1286
f 1223 1286 1224
f 1224 1286 1225
f 1225 1227 1226
f 1225 1286 1287
f 1225 1287 1227
f 1227 1287 1288
f 1227 1288 1289
f 1227 1289 1290
f 1227 1290 1228
f 1228 1290 1286
f 1228 1286 1230
f 1228 1230 1229
f 1230 1286 1291
f 1230 1291 1292
f 1230 1292 1293
f 1230 1293 1294
f 1230 1294 1295
f 1230 1295 1231
f 1231 1295 1294
f 1231 1294 1368
f 1231 1368 1296
f 1231 1296 1297
f 1231 1297 1232
f 1233 1297 1298
f 1233 1298 1234
f 1234 1299 1235
f 1234 1298 1300
f 1234 1300 1301
f 1234 1301 1302
f 1234 1302 1303
f 1234 1303 1304
f 1234 1304 1299
f 1235 1299 1305
f 1235 1305 1306
f 1235 1306 1236
f 1236 1306 1237
f 1237 1306 1307
f 1237 1307 1308
f 1237 1308 1309
f 1237 1309 1245
f 1237 1245 1238
f 1238 1245 1239
f 1241 1243 1310
f 1241 1310 1311
f 1241 1311 1244
f 1242 1247 1312
f 1242 1312 1313
f 1242 1313 1314
f 1242 1314 1243
f 1243 1314 1310
f 1244 1311 1315
f 1244 1315 1316
f 1244 1316 1251
f 1244 1251 1250
f 1244 1250 1249
f 1245 1309 1246
f 1246 1317 1247
f 1246 1309 1318
f 1246 1318 1319
f 1246 1319 1320
f 1246 1320 1321
f 1246 1321 1390
f 1246 1390 1317
f 1247 1317 1322
f 1247 1322 1323
f 1247 1323 1324
f 1247 1324 1325
f 1247 1325 1312
f 1251 1316 1252
f 1252 1316 1315
f 1252 1315 1326
f 1252 1326 1327
f 1252 1327 1328
f 1252 1328 1253
f 1253 1328 1254
f 1254 1328 1329
f 1254 1329 1330
f 1254 1330 1255
f 1255 1330 1331
f 1255 1331 1257
f 1256 1258 1260
f 1256 1260 1259
f 1257 1331 1258
f 1258 1331 1260
f 1260 1331 1330
f 1260 1330 1262
f 1261 1262 1332
f 1262 1330 1332
f 1263 1333 1334
f 1263 1334 1335
f 1263 1335 1336
f 1263 1336 1337
f 1263 1337 1264
f 1263 1266 1272
f 1263 1272 1338
f 1263 1338 1333
f 1265 1339 1269
f 1266 1268 1272
f 1267 1272 1268
f 1269 1339 1340
f 1269 1340 1341
f 1269 1341 1342
f 1269 1342 1343
f 1269 1343 1271
f 1269 1271 1270
f 1271 1343 1344
f 1271 1344 1345
f 1271 1345 1346
f 1271 1346 1347
f 1271 1347 1348
f 1271 1348 1349
f 1271 1349 1350
f 1271 1350 1351
f 1271 1351 1272
f 1272 1351 1352
f 1272 1352 1338
f 1273 1276 1274
f 1274 1276 1275
f 1276 1353 1277
f 1277 1353 1354
f 1277 1354 1278
f 1278 1354 1279
f 1279 1354 1355
f 1279 1355 1356
f 1279 1356 1357
f 1279 1357 1280
f 1280 1357 1358
f 1280 1358 1359
f 1280 1359 1281
f 1281 1359 1360
f 1281 1360 1361
f 1281 1361 1282
f 1282 1361 1362
f 1282 1362 1283
f 1283 1362 1284
f 1284 1362 1363
f 1284 1363 1285
f 1285 1364 1286
f 1285 1363 1365
f 1285 1365 1366
f 1285 1366 1364
f 1286 1290 1289
f 1286 1289 1288
f 1286 1288 1287
f 1286 1364 1367
f 1286 1367 1291
f 1291 1368 1294
f 1291 1294 1292
f 1291 1367 1369
f 1291 1369 1368
f 1292 1294 1293
f 1296 1368 1370
f 1296 1370 1297
f 1297 1370 1371
f 1297 1371 1298
f 1298 1371 1300
f 1299 1372 1305
f 1299 1304 1373
f 1299 1373 1374
f 1299 1374 1450
f 1299 1450 1372
f 1300 1371 1301
f 1301 1371 1302
f 1302 1373 1304
f 1302 1304 1303
f 1302 1371 1375
f 1302 1375 1376
f 1302 1376 1373
f 1305 1372 1377
f 1305 1377 1307
f 1305 1307 1306
f 1307 1378 1308
f 1307 1377 1379
f 1307 1379 1380
f 1307 1380 1381
f 1307 1381 1378
f 1308 1378 1382
f 1308 1382 1318
f 1308 1318 1309
f 1310 1314 1311
f 1311 1314 1383
f 1311 1383 1384
f 1311 1384 1315
f 1312 1385 1313
f 1312 1325 1385
f 1313 1385 1386
f 1313 1386 1387
f 1313 1387 1314
f 1314 1387 1388
f 1314 1388 1389
f 1314 1389 1383
f 1315 1384 1326
f 1317 1390 1391
f 1317 1391 1392
f 1317 1392 1393
f 1317 1393 1394
f 1317 1394 1322
f 1318 1382 1319
f 1319 1382 1391
f 1319 1391 1320
f 1320 1391 1321
f 1321 1391 1390
f 1322 1395 1396
f 1322 1396 1397
f 1322 1397 1398
f 1322 1398 1385
f 1322 1385 1324
f 1322 1324 1323
f 1322 1394 1395
f 1324 1385 1325
f 1326 1384 1327
f 1327 1384 1399
f 1327 1399 1328
f 1328 1399 1389
f 1328 1389 1400
f 1333 1401 1334
f 1333 1338 1401
f 1334 1402 1335
f 1334 1401 1352
f 1334 1352 1403
f 1334 1403 1404
f 1334 1404 1402
f 1335 1402 1336
f 1336 1402 1405
f 1336 1405 1337
f 1338 1352 1401
f 1339 1341 1340
f 1341 1406 1407
f 1341 1407 1408
f 1341 1408 1409
f 1341 1409 1342
f 1342 1409 1343
f 1343 1409 1408
f 1343 1408 1410
f 1343 1410 1344
f 1344 1410 1411
f 1344 1411 1412
f 1344 1412 1346
f 1344 1346 1345
f 1346 1413 1347
f 1346 1412 1411
f 1346 1411 1414
f 1346 1414 1415
f 1346 1415 1416
f 1346 1416 1417
f 1346 1417 1413
f 1347 1413 1417
f 1347 1417 1418
f 1347 1418 1348
f 1348 1419 1420
f 1348 1420 1421
f 1348 1421 1422
f 1348 1422 1423
f 1348 1423 1424
f 1348 1424 1349
f 1348 1418 1425
f 1348 1425 1426
f 1348 1426 1419
f 1349 1427 1428
f 1349 1428 1350
f 1349 1424 1429
f 1349 1429 1427
f 1350 1428 1404
f 1350 1404 1403
f 1350 1403 1352
f 1350 1352 1351
f 1354 1430 1355
f 1355 1430 1356
f 1356 1430 1357
f 1357 1430 1358
f 1358 1430 1359
f 1359 1430 1431
f 1359 1431 1432
f 1359 1432 1433
f 1359 1433 1434
f 1359 1434 1360
f 1360 1434 1435
f 1360 1435 1436
f 1360 1436 1361
f 1361 1436 1423
f 1361 1423 1362
f 1362 1423 1363
f 1363 1423 1437
f 1363 1437 1365
f 1364 1366 1438
f 1364 1438 1367
f 1365 1437 1422
f 1365 1422 1366
f 1366 1422 1421
f 1366 1421 1439
f 1366 1439 1440
f 1366 1440 1438
f 1367 1438 1369
f 1368 1369 1441
f 1368 1441 1442
f 1368 1442 1370
f 1369 1438 1443
f 1369 1443 1441
f 1370 1442 1444
f 1370 1444 1445
f 1370 1445 1446
f 1370 1446 1447
f 1370 1447 1448
f 1370 1448 1375
f 1370 1375 1371
f 1372 1449 1377
f 1372 1450 1451
f 1372 1451 1449
f 1373 1376 1374
f 1374 1376 1452
f 1374 1452 1450
f 1375 1448 1376
f 1376 1448 1452
f 1377 1449 1379
f 1378 1453 1454
f 1378 1454 1455
f 1378 1455 1382
f 1378 1381 1456
f 1378 1456 1457
f 1378 1457 1458
f 1378 1458 1453
f 1379 1449 1459
f 1379 1459 1381
f 1379 1381 1380
f 1381 1460 1451
f 1381 1451 1461
f 1381 1461 1462
f 1381 1462 1463
f 1381 1463 1457
f 1381 1457 1456
f 1381 1459 1449
f 1381 1449 1464
f 1381 1464 1460
f 1382 1455 1391
f 1383 1389 1399
f 1383 1399 1384
f 1385 1398 1465
f 1385 1465 1466
f 1385 1466 1386
f 1386 1466 1467
f 1386 1467 1388
f 1386 1388 1387
f 1388 1467 1468
f 1388 1468 1400
f 1388 1400 1389
f 1391 1393 1392
f 1391 1455 1454
f 1391 1454 1458
f 1391 1458 1394
f 1391 1394 1393
f 1394 1458 1469
f 1394 1469 1470
f 1394 1470 1395
f 1395 1470 1396
f 1396 1470 1397
f 1397 1470 1398
f 1398 1470 1471
f 1398 1471 1472
f 1398 1472 1466
f 1398 1466 1465
f 1400 1468 1467
f 1400 1467 1472
f 1402 1473 1474
f 1402 1474 1475
f 1402 1475 1476
f 1402 1476 1405
f 1402 1404 1477
f 1402 1477 1478
f 1402 1478 1479
f 1402 1479 1480
f 1402 1480 1481
f 1402 1481 1473
f 1404 1428 1482
f 1404 1482 1478
f 1404 1478 1477
f 1406 1483 1407
f 1407 1410 1408
f 1407 1483 1415
f 1407 1415 1484
f 1407 1484 1414
f 1407 1414 1485
f 1407 1485 1410
f 1410 1485 1411
f 1411 1485 1414
f 1414 1484 1415
f 1415 1486 1487
f 1415 1487 1488
f 1415 1488 1417
f 1415 1417 1416
f 1417 1488 1489
f 1417 1489 1490
f 1417 1490 1491
f 1417 1491 1492
f 1417 1492 1426
f 1417 1426 1425
f 1417 1425 1418
f 1419 1426 1420
f 1420 1426 1421
f 1421 1426 1493
f 1421 1493 1494
f 1421 1494 1495
f 1421 1495 1439
f 1422 1437 1423
f 1423 1436 1424
f 1424 1436 1429
f 1426 1492 1496
f 1426 1496 1497
f 1426 1497 1493
f 1427 1429 1498
f 1427 1498 1428
f 1428 1498 1482
f 1429 1436 1499
f 1429 1499 1498
f 1431 1500 1432
f 1432 1500 1501
f 1432 1501 1502
f 1432 1502 1503
f 1432 1503 1433
f 1433 1503 1504
f 1433 1504 1505
f 1433 1505 1434
f 1434 1505 1504
f 1434 1504 1506
f 1434 1506 1507
f 1434 1507 1435
f 1435 1507 1436
f 1436 1507 1499
f 1438 1440 1443
f 1439 1495 1508
f 1439 1508 1509
f 1439 1509 1440
f 1440 1510 1511
f 1440 1511 1443
f 1440 1509 1512
f 1440 1512 1513
f 1440 1513 1510
f 1441 1443 1442
f 1442 1443 1511
f 1442 1511 1514
f 1442 1514 1444
f 1444 1514 1445
f 1445 1514 1515
f 1445 1515 1516
f 1445 1516 1446
f 1446 1516 1517
f 1446 1517 1452
f 1446 1452 1447
f 1447 1452 1448
f 1449 1451 1464
f 1450 1452 1518
f 1450 1518 1451
f 1451 1518 1461
f 1451 1460 1464
f 1452 1517 1519
f 1452 1519 1520
f 1452 1520 1521
f 1452 1521 1518
f 1453 1458 1454
f 1457 1463 1518
f 1457 1518 1458
f 1458 1518 1522
f 1458 1522 1523
f 1458 1523 1524
f 1458 1524 1525
f 1458 1525 1526
f 1458 1526 1527
f 1458 1527 1528
f 1458 1528 1529
f 1458 1529 1530
f 1458 1530 1531
f 1458 1531 1532
f 1458 1532 1533
f 1458 1533 1469
f 1461 1518 1462
f 1462 1518 1463
f 1466 1472 1467
f 1469 1533 1534
f 1469 1472 1470
f 1470 1472 1471
f 1473 1481 1536
f 1473 1536 1535
f 1478 1482 1537
f 1478 1537 1538
f 1478 1538 1479
f 1479 1538 1480
f 1480 1538 1481
f 1481 1538 1537
f 1481 1537 1506
f 1481 1506 1536
f 1482 1498 1537
f 1486 1539 1533
f 1486 1533 1532
f 1486 1532 1531
f 1486 1531 1530
f 1486 1530 1487
f 1487 1530 1529
f 1487 1529 1540
f 1487 1540 1488
f 1488 1540 1489
f 1489 1540 1490
f 1490 1540 1491
f 1491 1540 1541
f 1491 1541 1542
f 1491 1542 1543
f 1491 1543 1544
f 1491 1544 1492
f 1492 1544 1545
f 1492 1545 1496
f 1493 1497 1546
f 1493 1546 1547
f 1493 1547 1494
f 1494 1547 1548
f 1494 1548 1549
f 1494 1549 1508
f 1494 1508 1495
f 1496 1545 1546
f 1496 1546 1497
f 1498 1499 1507
f 1498 1507 1537
f 1500 1550 1551
f 1500 1551 1501
f 1501 1551 1502
f 1502 1551 1552
f 1502 1552 1553
f 1502 1553 1554
f 1502 1554 1504
f 1502 1504 1503
f 1504 1555 1506
f 1504 1554 1555
f 1506 1537 1507
f 1506 1555 1536
f 1508 1549 1556
f 1508 1556 1557
f 1508 1557 1558
f 1508 1558 1509
f 1509 1558 1520
f 1509 1520 1519
f 1509 1519 1517
f 1509 1517 1516
f 1509 1516 1512
f 1510 1513 1514
f 1510 1514 1511
f 1512 1515 1514
f 1512 1514 1513
f 1512 1516 1515
f 1518 1521 1522
f 1520 1558 1562
f 1520 1562 1559
f 1520 1559 1560
f 1520 1560 1561
f 1520 1561 1521
f 1521 1561 1523
f 1521 1523 1522
f 1523 1561 1560
f 1523 1560 1524
f 1524 1560 1559
f 1524 1559 1525
f 1525 1559 1562
f 1525 1562 1526
f 1526 1562 1563
f 1526 1563 1543
f 1526 1543 1527
f 1527 1543 1528
f 1528 1541 1540
f 1528 1540 1529
f 1528 1543 1542
f 1528 1542 1541
f 1533 1539 1534
f 1535 1536 1564
f 1536 1565 1566
f 1536 1566 1564
f 1536 1555 1567
f 1536 1567 1565
f 1543 1568 1544
f 1543 1563 1562
f 1543 1562 1557
f 1543 1557 1556
f 1543 1556 1569
f 1543 1569 1568
f 1544 1568 1570
f 1544 1570 1571
f 1544 1571 1545
f 1545 1571 1546
f 1546 1571 1570
f 1546 1570 1572
f 1546 1572 1547
f 1547 1572 1548
f 1548 1572 1556
f 1548 1556 1549
f 1550 1573 1551
f 1551 1574 1552
f 1551 1573 1575
f 1551 1575 1574
f 1552 1574 1576
f 1552 1576 1553
f 1553 1576 1567
f 1553 1567 1554
f 1554 1567 1555
f 1556 1572 1577
f 1556 1577 1569
f 1557 1562 1558
f 1565 1567 1576
f 1565 1576 1566
f 1566 1576 1579
f 1566 1579 1580
f 1566 1580 1578
f 1568 1569 1570
f 1569 1577 1572
f 1569 1572 1570
f 1574 1575 1581
f 1574 1581 1580
f 1574 1580 1579
f 1574 1579 1576
f 1578 1580 1581
o convex_2
v -0.038705 -0.509968 -0.358683
v 0.023183 -0.509968 -0.358683
v -0.0541498 -0.621442 -0.219915
v -0.048494 -0.51095 -0.356476
v -0.0494729 -0.509968 -0.35758
v 0.0386278 -0.509968 -0.358587
v 0.054127 -0.621442 -0.219915
v -0.038705 -0.627377 -0.208787
v -0.0541498 -0.627353 -0.208787
v -0.069649 -0.625757 -0.208787
v -0.069649 -0.620247 -0.218333
v -0.131537 -0.620153 -0.202408
v -0.140021 -0.619136 -0.201304
v -0.173793 -0.620094 -0.18701
v -0.217571 -0.619231 -0.170558
v -0.056162 -0.509968 -0.354894
v 0.0460783 -0.509968 -0.358107
v 0.0695718 -0.621181 -0.219244
v 0.054127 -0.627377 -0.208787
v 0.0695718 -0.627022 -0.208787
v -0.0541498 -0.630747 -0.19339
v -0.069649 -0.630309 -0.19339
v -0.146982 -0.629635 -0.177897
v -0.131537 -0.625875 -0.19339
v -0.145894 -0.622896 -0.19387
v -0.162481 -0.621832 -0.189217
v -0.20887 -0.620673 -0.172237
v -0.22339 -0.62273 -0.162835
v -0.239814 -0.620862 -0.157463
v -0.227904 -0.616618 -0.168255
v -0.0583917 -0.509968 -0.353982
v 0.0491237 -0.509968 -0.35758
v 0.0762065 -0.620649 -0.21862
v 0.0762065 -0.622955 -0.214831
v 0.054127 -0.630747 -0.19339
v 0.0695718 -0.63064 -0.19339
v 0.0762065 -0.626325 -0.208787
v 0.0762065 -0.62837 -0.202216
v 0.0762065 -0.630475 -0.19339
v -0.162481 -0.630723 -0.162404
v -0.131537 -0.630534 -0.177897
v -0.069649 -0.630759 -0.177897
v -0.193425 -0.630747 -0.146958
v -0.162481 -0.627755 -0.177897
v -0.177926 -0.630238 -0.162404
v -0.193425 -0.628808 -0.162404
v -0.20887 -0.626431 -0.162404
v -0.193425 -0.622884 -0.175307
v -0.239814 -0.626006 -0.146958
v -0.248134 -0.619183 -0.155113
v -0.181406 -0.509968 -0.229941
v -0.246014 -0.601897 -0.169359
v -0.255748 -0.596316 -0.166385
v -0.261186 -0.586124 -0.169023
v -0.265809 -0.575802 -0.171997
v -0.280438 -0.559332 -0.171565
v -0.283701 -0.54927 -0.173916
v -0.291478 -0.54927 -0.168255
v -0.311056 -0.544328 -0.15588
v -0.337323 -0.533805 -0.136933
v -0.348036 -0.510288 -0.128731
v -0.352169 -0.510288 -0.125373
v -0.354997 -0.510288 -0.122831
v 0.0582057 -0.509968 -0.354318
v 0.0586952 -0.509968 -0.353982
v 0.0653843 -0.509968 -0.345732
v 0.0672333 -0.509968 -0.340552
v 0.0762065 -0.614477 -0.223993
v 0.0762065 -0.6307 -0.186771
v 0.0762065 -0.630759 -0.177897
v -0.20887 -0.630558 -0.146958
v -0.069649 -0.630759 -0.162404
v -0.394479 -0.630747 0.0850562
v -0.348091 -0.630747 -0.00780714
v -0.317147 -0.630747 -0.0387456
v -0.239814 -0.630747 -0.11602
v -0.224315 -0.630747 -0.131465
v -0.224315 -0.629352 -0.146958
v -0.255259 -0.627176 -0.131465
v -0.302898 -0.623854 -0.10187
v -0.286638 -0.623109 -0.116595
v -0.270323 -0.622269 -0.131417
v -0.254117 -0.621335 -0.146239
v -0.298548 -0.62085 -0.111943
v -0.308826 -0.618498 -0.107865
v -0.292076 -0.617516 -0.122207
v -0.258467 -0.614856 -0.150892
v -0.264014 -0.604546 -0.155496
v -0.254117 -0.610268 -0.158039
v -0.181461 -0.509968 -0.176074
v -0.35739 -0.510288 -0.119905
v -0.360708 -0.510288 -0.115828
v -0.38915 -0.510288 -0.0803327
v -0.396872 -0.510288 -0.0706434
v -0.403018 -0.510288 -0.0629208
v -0.409272 -0.510288 -0.0541429
v -0.416178 -0.510288 -0.0437341
v -0.418299 -0.510288 -0.0397049
v -0.420257 -0.510288 -0.0359635
v -0.42352 -0.510288 -0.0293921
v -0.426457 -0.510288 -0.0232524
v -0.431623 -0.510288 -0.0116924
v -0.450277 -0.510288 0.0348831
v -0.457945 -0.510288 0.0541177
v -0.460337 -0.510288 0.0604014
v -0.462567 -0.510288 0.0663013
v -0.463981 -0.510288 0.0702825
v -0.465232 -0.510288 0.0739759
v -0.474096 -0.510288 0.100501
v -0.476163 -0.510288 0.10856
v -0.478012 -0.510288 0.115995
v -0.479372 -0.510288 0.131248
v -0.270867 -0.58065 -0.165425
v -0.276142 -0.569642 -0.168399
v -0.325087 -0.557239 -0.139332
v -0.307902 -0.55465 -0.153578
v -0.302354 -0.5494 -0.160101
v -0.327534 -0.54927 -0.141202
v -0.335256 -0.54927 -0.135158
v -0.344284 -0.54927 -0.127436
v -0.34635 -0.533805 -0.129163
v -0.360436 -0.533805 -0.114005
v -0.354073 -0.533805 -0.121728
v 0.0695174 -0.509968 -0.332637
v 0.0762065 -0.58052 -0.251046
v 0.0762065 -0.630723 -0.171325
v -0.379035 -0.630735 0.115995
v -0.394479 -0.630747 0.115995
v -0.270758 -0.63051 -0.100575
v -0.255259 -0.630262 -0.11602
v -0.239814 -0.629955 -0.131465
v -0.379035 -0.63064 0.0386245
v -0.409979 -0.630664 0.115995
v -0.363535 -0.63064 0.00768607
v -0.317147 -0.630688 -0.0541429
v -0.301702 -0.630723 -0.0696361
v -0.286203 -0.630676 -0.0851293
v -0.286203 -0.628961 -0.100575
v -0.270758 -0.628146 -0.11602
v -0.317147 -0.625793 -0.0851293
v -0.317147 -0.620945 -0.0966893
v -0.325359 -0.619171 -0.0932836
v -0.318506 -0.612456 -0.105083
v -0.314319 -0.608175 -0.11223
v -0.297514 -0.607194 -0.12662
v -0.280764 -0.605941 -0.141058
v -0.324597 -0.603056 -0.108057
v -0.307847 -0.60159 -0.122495
v -0.295611 -0.589813 -0.140531
v -0.310403 -0.573603 -0.140003
v -0.278698 -0.58817 -0.154825
v -0.181461 -0.509968 -0.127916
v -0.402148 -0.537718 -0.0617696
v -0.407151 -0.53306 -0.0556299
v -0.41607 -0.533805 -0.0436862
v -0.416178 -0.518328 -0.0437341
v -0.420257 -0.533805 -0.0359635
v -0.426457 -0.518328 -0.0232524
v -0.431623 -0.518328 -0.0116924
v -0.4394 -0.518328 0.00768607
v -0.457945 -0.518328 0.0541177
v -0.462567 -0.518328 0.0663013
v -0.465232 -0.518328 0.0739759
v -0.474096 -0.518328 0.100501
v -0.478012 -0.518328 0.115995
v -0.479317 -0.518529 0.131248
v -0.39622 -0.510288 0.131248
v -0.282015 -0.580189 -0.157367
v -0.302354 -0.565811 -0.151083
v -0.331286 -0.563222 -0.130458
v -0.341728 -0.558883 -0.125038
v -0.352006 -0.54927 -0.11933
v -0.387736 -0.543666 -0.0785579
v -0.37327 -0.545806 -0.0952982
v 0.0710401 -0.509968 -0.326401
v 0.0762065 -0.550724 -0.270424
v 0.0762065 -0.630617 -0.162404
v -0.379035 -0.63064 0.131248
v -0.394479 -0.630652 0.131248
v -0.409979 -0.630629 0.131248
v -0.301702 -0.629541 -0.0851293
v -0.394479 -0.630416 0.069563
v -0.379035 -0.629647 0.0231313
v -0.425424 -0.627945 0.131248
v -0.409979 -0.629955 0.100501
v -0.363535 -0.629541 -0.00780714
v -0.348091 -0.630096 -0.0232524
v -0.332591 -0.630463 -0.0387456
v -0.317147 -0.629588 -0.0696361
v -0.332591 -0.628855 -0.0541429
v -0.348091 -0.627744 -0.0387456
v -0.333897 -0.623842 -0.0707873
v -0.32873 -0.620992 -0.0851293
v -0.339824 -0.618462 -0.0766872
v -0.337105 -0.612432 -0.0865204
v -0.340151 -0.60308 -0.0925641
v -0.328948 -0.611131 -0.0968811
v -0.334495 -0.597913 -0.102397
v -0.339172 -0.58642 -0.107098
v -0.327208 -0.575057 -0.125565
v 0.0762065 -0.509968 -0.174923
v -0.406389 -0.54927 -0.0516966
v -0.419387 -0.545226 -0.0342847
v -0.426239 -0.533805 -0.0232524
v -0.43146 -0.533805 -0.0112128
v -0.448645 -0.526179 0.0309019
v -0.45751 -0.533805 0.0541177
v -0.46235 -0.533805 0.0668289
v -0.465014 -0.533805 0.0745995
v -0.473661 -0.533805 0.100501
v -0.477631 -0.533805 0.115995
v -0.478991 -0.533805 0.131248
v 0.0762065 -0.529395 0.131248
v -0.342707 -0.576098 -0.110983
v -0.347384 -0.563541 -0.115108
v -0.356411 -0.557878 -0.109017
v -0.358478 -0.54927 -0.111655
v -0.366962 -0.550287 -0.100527
v -0.370823 -0.556116 -0.0922763
v -0.385234 -0.553976 -0.075488
v -0.400298 -0.54927 -0.0594192
v 0.0737049 -0.509968 -0.309997
v 0.0762065 -0.533805 -0.276852
v 0.0762065 -0.630475 -0.155832
v -0.363535 -0.630428 0.131248
v -0.394479 -0.629233 0.0541177
v -0.394479 -0.627081 0.0386245
v -0.379035 -0.627365 0.00768607
v -0.436463 -0.622092 0.131248
v -0.425424 -0.62694 0.115995
v -0.409979 -0.628276 0.0850562
v -0.363535 -0.626372 -0.0232524
v -0.348526 -0.622884 -0.0542388
v -0.343631 -0.620768 -0.0664223
v -0.371965 -0.619325 -0.0319343
v -0.353964 -0.61715 -0.0594672
v -0.358315 -0.606828 -0.0652232
v -0.344121 -0.608152 -0.0822513
v -0.343522 -0.592757 -0.0967852
v -0.354453 -0.601353 -0.075536
v -0.38605 -0.571333 -0.0609542
v -0.389422 -0.561058 -0.0652232
v 0.0762065 -0.509968 -0.273638
v -0.403779 -0.559237 -0.0484349
v -0.414438 -0.549944 -0.0391773
v -0.421834 -0.549944 -0.0236841
v -0.433962 -0.543193 -0.00200319
v -0.41694 -0.555548 -0.0292003
v -0.448428 -0.536501 0.0314775
v -0.450984 -0.532327 0.0374254
v -0.464579 -0.542554 0.0758466
v -0.473444 -0.54927 0.115995
v -0.474749 -0.54927 0.131248
v 0.0762065 -0.622364 0.131248
v 0.0762065 -0.518328 -0.275749
v 0.0762065 -0.533521 -0.276852
v -0.40813 -0.623298 0.0541177
v -0.395186 -0.623203 0.0233711
v -0.37985 -0.623203 -0.00785511
v -0.443751 -0.611131 0.131248
v -0.44201 -0.611131 0.115995
v -0.435376 -0.621075 0.115995
v -0.426239 -0.623452 0.100741
v -0.363155 -0.621725 -0.0377383
v -0.374738 -0.621087 -0.0232524
v -0.368049 -0.615447 -0.0422472
v -0.385561 -0.617623 -0.0130835
v -0.383277 -0.611935 -0.0247394
v -0.386703 -0.603281 -0.0308311
v -0.375445 -0.610623 -0.0377383
v -0.372509 -0.605137 -0.0480511
v -0.368648 -0.599532 -0.058364
v -0.386376 -0.587354 -0.0459406
v -0.403561 -0.574608 -0.0332294
v -0.406607 -0.564534 -0.0385058
v -0.429067 -0.548714 -0.00742342
v -0.446415 -0.549956 0.0374254
v -0.45044 -0.545262 0.0417903
v -0.419006 -0.559427 -0.0188395
v -0.433472 -0.557547 0.0146412
v -0.431406 -0.553503 0.00437638
v -0.405628 -0.579941 -0.0225329
v -0.402909 -0.589045 -0.0169208
v -0.402256 -0.603458 -0.000132485
v -0.465504 -0.559746 0.104147
v -0.468604 -0.550393 0.0995901
v -0.459739 -0.548324 0.0702345
v -0.462295 -0.553361 0.0850562
v -0.474695 -0.549448 0.131248
v -0.466863 -0.562465 0.115995
v -0.40503 -0.621241 0.0386245
v -0.422052 -0.622352 0.0850562
v -0.403072 -0.619644 0.0286475
v -0.390455 -0.621536 0.00768607
v -0.387954 -0.619786 -0.00277066
v -0.448101 -0.602595 0.131248
v -0.447503 -0.601105 0.115995
v -0.437225 -0.611687 0.100741
v -0.433962 -0.619656 0.106018
v -0.450005 -0.590641 0.104339
v -0.400788 -0.617244 0.0183826
v -0.389422 -0.607312 -0.0205663
v -0.384092 -0.597132 -0.0399927
v -0.39486 -0.596175 -0.023876
v -0.400298 -0.58493 -0.0272336
v -0.447884 -0.555584 0.0483138
v -0.452724 -0.549956 0.053734
v -0.416178 -0.569749 -0.0117404
v -0.409707 -0.595666 0.00768607
v -0.430916 -0.568377 0.0231313
v -0.431188 -0.599733 0.0668769
v -0.438204 -0.565764 0.0377611
v -0.3997 -0.599367 -0.0104453
v -0.403833 -0.606095 0.00768607
v -0.418789 -0.60529 0.043709
v -0.461425 -0.564842 0.0995901
v -0.449842 -0.559285 0.0586266
v -0.451419 -0.564558 0.0704744
v -0.449026 -0.573189 0.0762303
v -0.44821 -0.587106 0.094026
v -0.456531 -0.564747 0.0850562
v -0.4636 -0.57164 0.131248
v -0.41955 -0.620496 0.072489
v -0.417538 -0.618687 0.0621761
v -0.445763 -0.595749 0.099686
v -0.434723 -0.606083 0.0850562
v -0.431949 -0.617221 0.0957048
v -0.415906 -0.616286 0.0541177
v -0.406498 -0.611711 0.0233711
v -0.4332 -0.603481 0.0771897
v -0.440379 -0.595666 0.0850562
f 1582 1583 1588
f 1582 1588 1584
f 1582 1584 1585
f 1582 1585 1586
f 1582 1586 1597
f 1582 1597 1612
f 1582 1612 1632
f 1582 1632 1671
f 1582 1671 1733
f 1582 1733 1782
f 1582 1782 1824
f 1582 1824 1803
f 1582 1803 1756
f 1582 1756 1705
f 1582 1705 1648
f 1582 1648 1647
f 1582 1647 1646
f 1582 1646 1645
f 1582 1645 1613
f 1582 1613 1598
f 1582 1598 1587
f 1582 1587 1583
f 1583 1587 1588
f 1584 1586 1585
f 1584 1588 1600
f 1584 1600 1589
f 1584 1589 1590
f 1584 1590 1591
f 1584 1591 1592
f 1584 1592 1586
f 1586 1592 1593
f 1586 1593 1594
f 1586 1594 1595
f 1586 1595 1596
f 1586 1596 1597
f 1587 1598 1599
f 1587 1599 1588
f 1588 1599 1601
f 1588 1601 1600
f 1589 1600 1616
f 1589 1616 1602
f 1589 1602 1590
f 1590 1602 1603
f 1590 1603 1604
f 1590 1604 1605
f 1590 1605 1591
f 1591 1605 1592
f 1592 1605 1593
f 1593 1605 1606
f 1593 1606 1594
f 1594 1606 1607
f 1594 1607 1595
f 1595 1607 1608
f 1595 1608 1596
f 1596 1608 1609
f 1596 1609 1610
f 1596 1610 1611
f 1596 1611 1612
f 1596 1612 1597
f 1598 1613 1599
f 1599 1614 1615
f 1599 1615 1601
f 1599 1613 1614
f 1600 1601 1617
f 1600 1617 1616
f 1601 1615 1618
f 1601 1618 1619
f 1601 1619 1620
f 1601 1620 1617
f 1602 1621 1622
f 1602 1622 1603
f 1602 1616 1651
f 1602 1651 1623
f 1602 1623 1624
f 1602 1624 1621
f 1603 1622 1604
f 1604 1625 1605
f 1604 1622 1626
f 1604 1626 1627
f 1604 1627 1625
f 1605 1625 1606
f 1606 1625 1628
f 1606 1628 1629
f 1606 1629 1607
f 1607 1629 1608
f 1608 1629 1609
f 1609 1629 1628
f 1609 1628 1630
f 1609 1630 1610
f 1610 1630 1631
f 1610 1631 1611
f 1611 1631 1612
f 1612 1631 1633
f 1612 1633 1634
f 1612 1634 1635
f 1612 1635 1636
f 1612 1636 1637
f 1612 1637 1638
f 1612 1638 1639
f 1612 1639 1640
f 1612 1640 1641
f 1612 1641 1642
f 1612 1642 1643
f 1612 1643 1644
f 1612 1644 1632
f 1613 1645 1614
f 1614 1645 1646
f 1614 1646 1647
f 1614 1647 1648
f 1614 1648 1649
f 1614 1649 1706
f 1614 1706 1757
f 1614 1757 1804
f 1614 1804 1837
f 1614 1837 1836
f 1614 1836 1824
f 1614 1824 1782
f 1614 1782 1794
f 1614 1794 1835
f 1614 1835 1805
f 1614 1805 1758
f 1614 1758 1707
f 1614 1707 1651
f 1614 1651 1650
f 1614 1650 1620
f 1614 1620 1619
f 1614 1619 1618
f 1614 1618 1615
f 1616 1617 1650
f 1616 1650 1651
f 1617 1620 1650
f 1621 1624 1652
f 1621 1652 1622
f 1622 1652 1626
f 1623 1651 1653
f 1623 1653 1709
f 1623 1709 1654
f 1623 1654 1655
f 1623 1655 1656
f 1623 1656 1657
f 1623 1657 1658
f 1623 1658 1624
f 1624 1658 1652
f 1625 1627 1628
f 1626 1652 1659
f 1626 1659 1627
f 1627 1659 1628
f 1628 1659 1630
f 1630 1660 1661
f 1630 1661 1662
f 1630 1662 1663
f 1630 1663 1664
f 1630 1664 1631
f 1630 1659 1660
f 1631 1664 1665
f 1631 1665 1666
f 1631 1666 1667
f 1631 1667 1668
f 1631 1668 1669
f 1631 1669 1670
f 1631 1670 1633
f 1632 1644 1672
f 1632 1672 1673
f 1632 1673 1674
f 1632 1674 1675
f 1632 1675 1676
f 1632 1676 1677
f 1632 1677 1678
f 1632 1678 1679
f 1632 1679 1680
f 1632 1680 1681
f 1632 1681 1682
f 1632 1682 1683
f 1632 1683 1684
f 1632 1684 1685
f 1632 1685 1686
f 1632 1686 1687
f 1632 1687 1688
f 1632 1688 1689
f 1632 1689 1690
f 1632 1690 1691
f 1632 1691 1692
f 1632 1692 1693
f 1632 1693 1671
f 1633 1670 1669
f 1633 1669 1634
f 1634 1669 1635
f 1635 1669 1694
f 1635 1694 1695
f 1635 1695 1636
f 1636 1695 1637
f 1637 1695 1696
f 1637 1696 1697
f 1637 1697 1639
f 1637 1639 1638
f 1639 1697 1698
f 1639 1698 1640
f 1640 1698 1697
f 1640 1697 1699
f 1640 1699 1700
f 1640 1700 1641
f 1641 1700 1701
f 1641 1701 1702
f 1641 1702 1643
f 1641 1643 1642
f 1643 1702 1644
f 1644 1703 1672
f 1644 1702 1704
f 1644 1704 1703
f 1648 1705 1649
f 1649 1705 1706
f 1651 1707 1708
f 1651 1708 1709
f 1651 1709 1653
f 1652 1658 1710
f 1652 1710 1711
f 1652 1711 1712
f 1652 1712 1659
f 1654 1713 1655
f 1654 1709 1714
f 1654 1714 1713
f 1655 1713 1715
f 1655 1715 1716
f 1655 1716 1717
f 1655 1717 1656
f 1656 1717 1657
f 1657 1717 1658
f 1658 1717 1718
f 1658 1718 1710
f 1659 1712 1719
f 1659 1719 1720
f 1659 1720 1660
f 1660 1720 1721
f 1660 1721 1661
f 1661 1721 1722
f 1661 1722 1665
f 1661 1665 1662
f 1662 1665 1663
f 1663 1665 1664
f 1665 1722 1723
f 1665 1723 1666
f 1666 1723 1724
f 1666 1724 1725
f 1666 1725 1726
f 1666 1726 1667
f 1667 1726 1727
f 1667 1727 1669
f 1667 1669 1668
f 1669 1727 1728
f 1669 1728 1729
f 1669 1729 1730
f 1669 1730 1731
f 1669 1731 1696
f 1669 1696 1732
f 1669 1732 1694
f 1671 1693 1733
f 1672 1703 1673
f 1673 1703 1734
f 1673 1734 1674
f 1674 1734 1675
f 1675 1734 1676
f 1676 1734 1735
f 1676 1735 1736
f 1676 1736 1677
f 1677 1736 1737
f 1677 1737 1678
f 1678 1737 1679
f 1679 1737 1738
f 1679 1738 1680
f 1680 1738 1681
f 1681 1738 1739
f 1681 1739 1682
f 1682 1739 1740
f 1682 1740 1683
f 1683 1740 1741
f 1683 1741 1684
f 1684 1742 1685
f 1684 1741 1742
f 1685 1742 1686
f 1686 1742 1743
f 1686 1743 1687
f 1687 1743 1688
f 1688 1743 1744
f 1688 1744 1689
f 1689 1744 1745
f 1689 1745 1690
f 1690 1745 1691
f 1691 1745 1746
f 1691 1746 1692
f 1692 1746 1693
f 1693 1746 1747
f 1693 1747 1793
f 1693 1793 1834
f 1693 1834 1870
f 1693 1870 1903
f 1693 1903 1877
f 1693 1877 1841
f 1693 1841 1810
f 1693 1810 1765
f 1693 1765 1761
f 1693 1761 1760
f 1693 1760 1759
f 1693 1759 1806
f 1693 1806 1835
f 1693 1835 1794
f 1693 1794 1748
f 1693 1748 1733
f 1694 1732 1749
f 1694 1749 1695
f 1695 1749 1750
f 1695 1750 1696
f 1696 1750 1749
f 1696 1749 1732
f 1696 1731 1751
f 1696 1751 1752
f 1696 1752 1700
f 1696 1700 1699
f 1696 1699 1697
f 1700 1752 1701
f 1701 1752 1753
f 1701 1753 1704
f 1701 1704 1702
f 1703 1704 1754
f 1703 1754 1734
f 1704 1753 1755
f 1704 1755 1754
f 1705 1756 1706
f 1706 1756 1757
f 1707 1758 1759
f 1707 1759 1708
f 1708 1759 1760
f 1708 1760 1709
f 1709 1760 1761
f 1709 1761 1714
f 1710 1718 1762
f 1710 1762 1711
f 1711 1762 1712
f 1712 1762 1719
f 1713 1714 1763
f 1713 1763 1764
f 1713 1764 1715
f 1714 1765 1766
f 1714 1766 1763
f 1714 1761 1765
f 1715 1767 1768
f 1715 1768 1769
f 1715 1769 1716
f 1715 1764 1767
f 1716 1770 1717
f 1716 1769 1770
f 1717 1770 1762
f 1717 1762 1718
f 1719 1762 1721
f 1719 1721 1720
f 1721 1762 1770
f 1721 1770 1771
f 1721 1771 1772
f 1721 1772 1773
f 1721 1773 1774
f 1721 1774 1723
f 1721 1723 1722
f 1723 1728 1724
f 1723 1774 1775
f 1723 1775 1776
f 1723 1776 1777
f 1723 1777 1778
f 1723 1778 1728
f 1724 1728 1725
f 1725 1728 1726
f 1726 1728 1727
f 1728 1778 1777
f 1728 1777 1779
f 1728 1779 1780
f 1728 1780 1752
f 1728 1752 1781
f 1728 1781 1729
f 1729 1781 1730
f 1730 1781 1731
f 1731 1781 1751
f 1733 1748 1782
f 1734 1783 1736
f 1734 1736 1735
f 1734 1754 1783
f 1736 1784 1738
f 1736 1738 1737
f 1736 1783 1784
f 1738 1784 1785
f 1738 1785 1739
f 1739 1785 1740
f 1740 1785 1786
f 1740 1786 1787
f 1740 1787 1741
f 1741 1787 1742
f 1742 1788 1789
f 1742 1789 1743
f 1742 1787 1788
f 1743 1789 1744
f 1744 1789 1790
f 1744 1790 1745
f 1745 1790 1791
f 1745 1791 1792
f 1745 1792 1746
f 1746 1792 1793
f 1746 1793 1747
f 1748 1794 1782
f 1751 1781 1752
f 1752 1780 1795
f 1752 1795 1796
f 1752 1796 1797
f 1752 1797 1753
f 1753 1797 1798
f 1753 1798 1755
f 1754 1755 1799
f 1754 1799 1800
f 1754 1800 1801
f 1754 1801 1802
f 1754 1802 1783
f 1755 1798 1799
f 1756 1803 1757
f 1757 1803 1804
f 1758 1805 1806
f 1758 1806 1759
f 1763 1807 1764
f 1763 1766 1807
f 1764 1807 1808
f 1764 1808 1809
f 1764 1809 1767
f 1765 1810 1811
f 1765 1811 1766
f 1766 1812 1807
f 1766 1811 1812
f 1767 1813 1772
f 1767 1772 1771
f 1767 1771 1770
f 1767 1770 1768
f 1767 1809 1813
f 1768 1770 1769
f 1772 1813 1773
f 1773 1813 1814
f 1773 1814 1815
f 1773 1815 1774
f 1774 1815 1775
f 1775 1815 1816
f 1775 1816 1817
f 1775 1817 1818
f 1775 1818 1819
f 1775 1819 1776
f 1776 1819 1777
f 1777 1820 1780
f 1777 1780 1779
f 1777 1819 1818
f 1777 1818 1821
f 1777 1821 1822
f 1777 1822 1823
f 1777 1823 1820
f 1780 1820 1797
f 1780 1797 1795
f 1783 1802 1801
f 1783 1801 1825
f 1783 1825 1826
f 1783 1826 1784
f 1784 1827 1828
f 1784 1828 1785
f 1784 1826 1829
f 1784 1829 1827
f 1785 1828 1786
f 1786 1828 1830
f 1786 1830 1787
f 1787 1830 1831
f 1787 1831 1788
f 1788 1831 1830
f 1788 1830 1832
f 1788 1832 1789
f 1789 1832 1790
f 1790 1832 1791
f 1791 1833 1792
f 1791 1832 1833
f 1792 1833 1793
f 1793 1833 1834
f 1795 1797 1796
f 1797 1800 1798
f 1797 1820 1823
f 1797 1823 1800
f 1798 1800 1799
f 1800 1823 1825
f 1800 1825 1801
f 1803 1824 1836
f 1803 1836 1837
f 1803 1837 1804
f 1805 1835 1806
f 1807 1812 1808
f 1808 1838 1839
f 1808 1839 1809
f 1808 1812 1811
f 1808 1811 1838
f 1809 1839 1840
f 1809 1840 1813
f 1810 1841 1842
f 1810 1842 1843
f 1810 1843 1811
f 1811 1843 1844
f 1811 1844 1838
f 1813 1845 1814
f 1813 1840 1846
f 1813 1846 1845
f 1814 1845 1815
f 1815 1845 1816
f 1816 1847 1817
f 1816 1845 1846
f 1816 1846 1848
f 1816 1848 1849
f 1816 1849 1850
f 1816 1850 1851
f 1816 1851 1847
f 1817 1847 1851
f 1817 1851 1852
f 1817 1852 1818
f 1818 1852 1821
f 1821 1852 1853
f 1821 1853 1854
f 1821 1854 1822
f 1822 1854 1825
f 1822 1825 1823
f 1825 1855 1856
f 1825 1856 1826
f 1825 1854 1850
f 1825 1850 1855
f 1826 1856 1829
f 1827 1829 1828
f 1828 1829 1857
f 1828 1857 1858
f 1828 1858 1859
f 1828 1859 1832
f 1828 1832 1830
f 1829 1860 1861
f 1829 1861 1862
f 1829 1862 1858
f 1829 1858 1857
f 1829 1856 1855
f 1829 1855 1863
f 1829 1863 1864
f 1829 1864 1865
f 1829 1865 1860
f 1832 1866 1867
f 1832 1867 1833
f 1832 1859 1868
f 1832 1868 1869
f 1832 1869 1866
f 1833 1870 1834
f 1833 1867 1866
f 1833 1866 1871
f 1833 1871 1870
f 1838 1872 1839
f 1838 1844 1873
f 1838 1873 1872
f 1839 1872 1874
f 1839 1874 1875
f 1839 1875 1840
f 1840 1875 1876
f 1840 1876 1846
f 1841 1877 1878
f 1841 1878 1842
f 1842 1879 1880
f 1842 1880 1843
f 1842 1878 1881
f 1842 1881 1879
f 1843 1880 1844
f 1844 1880 1873
f 1846 1876 1848
f 1848 1876 1874
f 1848 1874 1882
f 1848 1882 1865
f 1848 1865 1883
f 1848 1883 1850
f 1848 1850 1849
f 1850 1854 1884
f 1850 1884 1852
f 1850 1852 1851
f 1850 1883 1885
f 1850 1885 1886
f 1850 1886 1855
f 1852 1884 1853
f 1853 1884 1854
f 1855 1886 1863
f 1858 1862 1861
f 1858 1861 1887
f 1858 1887 1859
f 1859 1887 1888
f 1859 1888 1868
f 1860 1865 1889
f 1860 1889 1861
f 1861 1889 1890
f 1861 1890 1891
f 1861 1891 1892
f 1861 1892 1893
f 1861 1893 1887
f 1863 1886 1864
f 1864 1886 1894
f 1864 1894 1865
f 1865 1894 1883
f 1865 1882 1895
f 1865 1895 1896
f 1865 1896 1892
f 1865 1892 1890
f 1865 1890 1889
f 1866 1869 1897
f 1866 1897 1881
f 1866 1881 1878
f 1866 1878 1871
f 1868 1888 1887
f 1868 1887 1898
f 1868 1898 1899
f 1868 1899 1900
f 1868 1900 1901
f 1868 1901 1902
f 1868 1902 1869
f 1869 1902 1881
f 1869 1881 1897
f 1870 1871 1903
f 1871 1878 1877
f 1871 1877 1903
f 1872 1873 1904
f 1872 1904 1874
f 1873 1880 1904
f 1874 1876 1875
f 1874 1904 1880
f 1874 1880 1905
f 1874 1905 1882
f 1879 1881 1906
f 1879 1906 1907
f 1879 1907 1908
f 1879 1908 1880
f 1880 1908 1905
f 1881 1902 1906
f 1882 1905 1909
f 1882 1909 1910
f 1882 1910 1895
f 1883 1894 1885
f 1885 1894 1886
f 1887 1893 1892
f 1887 1892 1911
f 1887 1911 1898
f 1890 1892 1891
f 1892 1896 1911
f 1895 1910 1909
f 1895 1909 1896
f 1896 1909 1908
f 1896 1908 1907
f 1896 1907 1911
f 1898 1911 1912
f 1898 1912 1900
f 1898 1900 1899
f 1900 1912 1906
f 1900 1906 1901
f 1901 1906 1902
f 1905 1908 1909
f 1906 1912 1907
f 1907 1912 1911
o convex_3
v -0.181457 -0.510258 -0.127779
v -0.181457 -0.510258 -0.229911
v -0.181457 -0.442483 -0.135228
v -0.396252 -0.510258 0.131296
v -0.208636 -0.510258 -0.216324
v -0.244213 -0.27136 -0.199758
v -0.181457 -0.27136 -0.231117
v -0.181457 -0.43093 -0.136789
v -0.42539 -0.27136 0.131296
v -0.479364 -0.510258 0.131296
v -0.181457 -0.425457 -0.137534
v -0.181457 -0.409998 -0.139698
v -0.181457 -0.401977 -0.140833
v -0.181457 -0.383548 -0.143459
v -0.181457 -0.379081 -0.144097
v -0.25531 -0.510258 -0.192982
v -0.254836 -0.27136 -0.194436
v -0.181457 -0.27136 -0.162615
v -0.484556 -0.27136 0.131296
v -0.181457 -0.369048 -0.145587
v -0.181457 -0.363599 -0.146438
v -0.181457 -0.353683 -0.14807
v -0.181457 -0.348257 -0.149028
v -0.478058 -0.510258 0.116006
v -0.266497 -0.510258 -0.187377
v -0.267684 -0.27136 -0.18798
v -0.47518 -0.27136 0.100539
v -0.474141 -0.510258 0.100539
v -0.270502 -0.510258 -0.185248
v -0.275131 -0.27136 -0.184219
v -0.470017 -0.27136 0.085072
v -0.468979 -0.510258 0.085072
v -0.274211 -0.510258 -0.183226
v -0.285783 -0.27136 -0.178153
v -0.465804 -0.27136 0.0725138
v -0.467198 -0.510258 0.0797507
v -0.285338 -0.510258 -0.175493
v -0.361506 -0.379081 -0.128524
v -0.361892 -0.363599 -0.128843
v -0.350468 -0.363599 -0.136576
v -0.353258 -0.27136 -0.137712
v -0.330796 -0.27136 -0.151192
v -0.296554 -0.27136 -0.171732
v -0.463994 -0.510258 0.0703143
v -0.46527 -0.510258 0.0740392
v -0.463133 -0.27136 0.0647802
v -0.348065 -0.510258 -0.128736
v -0.357768 -0.456422 -0.125756
v -0.359311 -0.425457 -0.127034
v -0.360053 -0.409998 -0.127601
v -0.360794 -0.394516 -0.128098
v -0.369251 -0.379081 -0.120967
v -0.369637 -0.363599 -0.121322
v -0.362664 -0.27136 -0.129943
v -0.362278 -0.27136 -0.130262
v -0.462599 -0.510258 0.0663056
v -0.459038 -0.27136 0.0541377
v -0.45797 -0.510258 0.0541377
v -0.460374 -0.510258 0.0604523
v -0.352219 -0.510258 -0.125366
v -0.356255 -0.487362 -0.124231
v -0.357026 -0.47188 -0.125012
v -0.368539 -0.394516 -0.120258
v -0.386757 -0.432216 -0.0928001
v -0.370408 -0.27136 -0.122244
v -0.370111 -0.27136 -0.122564
v -0.386846 -0.421902 -0.0929065
v -0.458801 -0.27136 0.0535346
v -0.455003 -0.510258 0.0466879
v -0.355038 -0.510258 -0.122883
v -0.355305 -0.505604 -0.123167
v -0.355869 -0.495291 -0.12377
v -0.367797 -0.409998 -0.119371
v -0.386372 -0.440939 -0.0923035
v -0.403403 -0.502821 -0.0633558
v -0.403819 -0.487362 -0.0641008
v -0.403878 -0.47188 -0.0644555
v -0.416904 -0.27136 -0.0448733
v -0.41008 -0.487362 -0.0541323
v -0.416222 -0.510258 -0.0437026
v -0.435301 -0.27136 -0.0052476
v -0.451798 -0.510258 0.0386706
v -0.360735 -0.510258 -0.115859
v -0.371328 -0.464163 -0.108303
v -0.378271 -0.456422 -0.100569
v -0.373227 -0.425457 -0.11068
v -0.379784 -0.440939 -0.100569
v -0.390288 -0.487362 -0.0817319
v -0.397261 -0.502821 -0.0710894
v -0.403047 -0.510258 -0.0628946
v -0.409278 -0.510258 -0.0541323
v -0.409664 -0.502821 -0.0541323
v -0.420287 -0.510258 -0.035969
v -0.42085 -0.27136 -0.0371397
v -0.432185 -0.27136 -0.0129812
v -0.434767 -0.510258 -0.00389955
v -0.445597 -0.510258 0.0231679
v -0.375245 -0.510258 -0.0977312
v -0.386194 -0.510258 -0.0840378
v -0.396905 -0.510258 -0.0706282
v -0.423521 -0.510258 -0.0293707
v -0.426488 -0.510258 -0.0232335
v -0.427319 -0.27136 -0.0237301
v -0.431651 -0.510258 -0.0116331
v -0.427556 -0.27136 -0.0232335
f 1913 1914 1919
f 1913 1919 1930
f 1913 1930 1935
f 1913 1935 1934
f 1913 1934 1933
f 1913 1933 1932
f 1913 1932 1927
f 1913 1927 1926
f 1913 1926 1925
f 1913 1925 1924
f 1913 1924 1923
f 1913 1923 1920
f 1913 1920 1915
f 1913 1915 1916
f 1913 1916 1922
f 1913 1922 1936
f 1913 1936 1940
f 1913 1940 1944
f 1913 1944 1948
f 1913 1948 1957
f 1913 1957 1956
f 1913 1956 1968
f 1913 1968 1971
f 1913 1971 1970
f 1913 1970 1981
f 1913 1981 1994
f 1913 1994 2009
f 1913 2009 2008
f 1913 2008 2016
f 1913 2016 2014
f 1913 2014 2013
f 1913 2013 2005
f 1913 2005 1992
f 1913 1992 2003
f 1913 2003 2002
f 1913 2002 2012
f 1913 2012 2011
f 1913 2011 2010
f 1913 2010 1995
f 1913 1995 1982
f 1913 1982 1972
f 1913 1972 1959
f 1913 1959 1949
f 1913 1949 1945
f 1913 1945 1941
f 1913 1941 1937
f 1913 1937 1928
f 1913 1928 1917
f 1913 1917 1914
f 1914 1917 1918
f 1914 1918 1919
f 1915 1920 1916
f 1916 1921 1931
f 1916 1931 1922
f 1916 1920 1923
f 1916 1923 1924
f 1916 1924 1925
f 1916 1925 1926
f 1916 1926 1927
f 1916 1927 1921
f 1917 1928 1918
f 1918 1928 1929
f 1918 1929 1938
f 1918 1938 1942
f 1918 1942 1946
f 1918 1946 1955
f 1918 1955 1954
f 1918 1954 1953
f 1918 1953 1967
f 1918 1967 1966
f 1918 1966 1978
f 1918 1978 1977
f 1918 1977 1990
f 1918 1990 2006
f 1918 2006 2015
f 1918 2015 2017
f 1918 2017 2007
f 1918 2007 1993
f 1918 1993 1980
f 1918 1980 1969
f 1918 1969 1958
f 1918 1958 1947
f 1918 1947 1943
f 1918 1943 1939
f 1918 1939 1931
f 1918 1931 1921
f 1918 1921 1930
f 1918 1930 1919
f 1921 1927 1932
f 1921 1932 1933
f 1921 1933 1934
f 1921 1934 1935
f 1921 1935 1930
f 1922 1931 1936
f 1928 1937 1929
f 1929 1937 1938
f 1931 1939 1940
f 1931 1940 1936
f 1937 1941 1942
f 1937 1942 1938
f 1939 1943 1944
f 1939 1944 1940
f 1941 1945 1942
f 1942 1945 1946
f 1943 1947 1948
f 1943 1948 1944
f 1945 1949 1950
f 1945 1950 1951
f 1945 1951 1952
f 1945 1952 1953
f 1945 1953 1954
f 1945 1954 1955
f 1945 1955 1946
f 1947 1956 1957
f 1947 1957 1948
f 1947 1958 1956
f 1949 1959 1960
f 1949 1960 1961
f 1949 1961 1962
f 1949 1962 1963
f 1949 1963 1950
f 1950 1963 1964
f 1950 1964 1965
f 1950 1965 1951
f 1951 1965 1966
f 1951 1966 1967
f 1951 1967 1953
f 1951 1953 1952
f 1956 1958 1968
f 1958 1969 1970
f 1958 1970 1971
f 1958 1971 1968
f 1959 1972 1973
f 1959 1973 1974
f 1959 1974 1960
f 1960 1974 1975
f 1960 1975 1964
f 1960 1964 1961
f 1961 1964 1962
f 1962 1964 1963
f 1964 1975 1976
f 1964 1976 1965
f 1965 1977 1978
f 1965 1978 1966
f 1965 1976 1979
f 1965 1979 1977
f 1969 1980 1970
f 1970 1980 1981
f 1972 1982 1983
f 1972 1983 1984
f 1972 1984 1973
f 1973 1984 1985
f 1973 1985 1975
f 1973 1975 1974
f 1975 1985 1986
f 1975 1986 1976
f 1976 1986 1987
f 1976 1987 1988
f 1976 1988 1989
f 1976 1989 1979
f 1977 1979 1989
f 1977 1989 1991
f 1977 1991 1992
f 1977 1992 1990
f 1980 1993 1994
f 1980 1994 1981
f 1982 1995 1983
f 1983 1995 1984
f 1984 1995 1985
f 1985 1995 1996
f 1985 1996 1997
f 1985 1997 1998
f 1985 1998 1986
f 1986 1998 1999
f 1986 1999 2000
f 1986 2000 2001
f 1986 2001 1987
f 1987 2002 2003
f 1987 2003 1988
f 1987 2001 2012
f 1987 2012 2002
f 1988 2003 2004
f 1988 2004 1992
f 1988 1992 1989
f 1989 1992 1991
f 1990 1992 2005
f 1990 2005 2006
f 1992 2004 2003
f 1993 2007 2016
f 1993 2016 2008
f 1993 2008 2009
f 1993 2009 1994
f 1995 2010 1996
f 1996 2010 2011
f 1996 2011 2000
f 1996 2000 1997
f 1997 2000 1998
f 1998 2000 1999
f 2000 2011 2012
f 2000 2012 2001
f 2005 2013 2006
f 2006 2013 2014
f 2006 2014 2015
f 2007 2017 2014
f 2007 2014 2016
f 2014 2017 2015
o convex_4
v 0.0762065 0.597082 -0.348289
v 0.0669662 0.607839 -0.394545
v 0.0674048 0.608133 -0.379091
v 0.0682971 0.608646 -0.348289
v 0.0762065 0.563639 -0.348289
v 0.0762065 0.596554 -0.349018
v 0.0757982 0.564725 -0.487358
v 0.0758284 0.580192 -0.440973
v 0.0756772 0.580192 -0.456449
v 0.075042 0.580192 -0.471882
v 0.0725921 0.595659 -0.440973
v 0.0656505 0.606738 -0.440973
v 0.0665277 0.607502 -0.410021
v 0.0541418 0.613958 -0.394545
v 0.0541418 0.614472 -0.379091
v 0.0541418 0.614971 -0.363614
v 0.054293 0.615367 -0.348289
v 0.0762065 0.564725 -0.348933
v 0.0753596 0.561878 -0.348289
v 0.0632459 0.507845 -0.567572
v 0.0681459 0.518323 -0.567572
v 0.0733936 0.53379 -0.564717
v 0.0734692 0.53379 -0.567572
v 0.0754504 0.549243 -0.533786
v 0.0755562 0.549243 -0.549262
v 0.0762065 0.580192 -0.356102
v 0.0756621 0.564725 -0.502834
v 0.0750269 0.564725 -0.51831
v 0.0739532 0.564725 -0.533786
v 0.0739532 0.580192 -0.487358
v 0.0717603 0.595659 -0.456449
v 0.0649246 0.606034 -0.456449
v 0.0541418 0.612197 -0.440973
v 0.0541418 0.613401 -0.410021
v 0.0386707 0.614311 -0.440973
v 0.0541418 0.615426 -0.348289
v 0.0695523 0.551429 -0.348289
v 0.0591022 0.500434 -0.567572
v 0.0737263 0.549243 -0.567572
v 0.074422 0.549243 -0.564717
v 0.0722442 0.564725 -0.549262
v 0.0722594 0.580192 -0.502834
v 0.0678585 0.59698 -0.472891
v 0.0635786 0.604816 -0.468405
v 0.0541418 0.610613 -0.456449
v 0.0386707 0.61255 -0.456449
v -0.0386694 0.614311 -0.440973
v 0.0386707 0.615206 -0.410021
v 0.0386707 0.616981 -0.348289
v 0.0688718 0.550255 -0.348289
v 0.0511322 0.486699 -0.567572
v 0.0674804 0.56562 -0.565125
v 0.0669965 0.564754 -0.567572
v 0.0654388 0.575848 -0.549262
v 0.0654388 0.591315 -0.502834
v 0.0669965 0.593839 -0.487358
v 0.0635786 0.589349 -0.514812
v 0.0605389 0.603026 -0.478708
v 0.0548828 0.606269 -0.472891
v -0.0386694 0.61255 -0.456449
v 0.0386707 0.608441 -0.471882
v -0.0541404 0.610759 -0.456449
v -0.0541404 0.612021 -0.440973
v -0.0386694 0.615206 -0.410021
v -0.0386694 0.616981 -0.348289
v 0.0682063 0.549477 -0.348289
v 0.0490906 0.484189 -0.567572
v 0.0635786 0.573867 -0.560231
v 0.0627317 0.568202 -0.567572
v 0.0605238 0.587544 -0.525136
v 0.0548828 0.590802 -0.519298
v 0.0502248 0.604229 -0.482099
v -0.0386694 0.608441 -0.471882
v -0.0541404 0.607296 -0.471882
v 0.0386707 0.60464 -0.483323
v -0.0649233 0.606195 -0.456449
v -0.062065 0.603554 -0.480082
v -0.0633656 0.604772 -0.471882
v -0.0654072 0.606562 -0.440973
v -0.0541404 0.613342 -0.394545
v -0.0541404 0.614648 -0.348289
v 0.0610379 0.542492 -0.348289
v 0.0448712 0.480902 -0.561132
v 0.0417256 0.476969 -0.567572
v 0.0545803 0.57328 -0.567572
v 0.0527051 0.574821 -0.565125
v 0.0541418 0.580911 -0.549262
v 0.0502097 0.588747 -0.528506
v 0.0386707 0.592973 -0.51831
v -0.0386694 0.60464 -0.483323
v -0.0541404 0.604126 -0.48182
v -0.0717892 0.595659 -0.456449
v -0.0725605 0.595659 -0.440973
v -0.0694753 0.595659 -0.471882
v -0.0541404 0.588659 -0.528227
v -0.062065 0.588072 -0.52651
v -0.0633656 0.589334 -0.51831
v -0.0653316 0.591667 -0.502834
v -0.0662239 0.607223 -0.394545
v -0.0747836 0.597787 -0.348289
v -0.0669195 0.607927 -0.348289
v 0.0532041 0.536593 -0.348289
v 0.0391849 0.474563 -0.567572
v 0.0506937 0.574058 -0.567572
v 0.0386707 0.582598 -0.549262
v 0.0386707 0.586575 -0.537478
v -0.0386694 0.592973 -0.51831
v -0.076311 0.580192 -0.456449
v -0.0773092 0.58728 -0.400555
v -0.0721975 0.580192 -0.502834
v -0.0739064 0.580192 -0.487358
v -0.0753583 0.580192 -0.471882
v -0.0774453 0.588175 -0.390252
v -0.0782771 0.590053 -0.348289
v -0.0782468 0.590127 -0.348289
v -0.0694753 0.580192 -0.51831
v -0.0386694 0.586575 -0.537478
v -0.0386694 0.582598 -0.549262
v -0.0541404 0.581263 -0.549262
v -0.063668 0.574175 -0.560832
v -0.0653165 0.576186 -0.549262
v -0.0670556 0.607854 -0.348289
v 0.033544 0.52387 -0.348289
v 0.0231997 0.468164 -0.567572
v 0.0334532 0.523811 -0.348289
v 0.0333473 0.523767 -0.348289
v 0.0415592 0.574879 -0.567572
v 0.0386707 0.576244 -0.564717
v -0.0768555 0.579355 -0.441553
v -0.0769765 0.583141 -0.425497
v -0.0752524 0.564725 -0.51831
v -0.0761598 0.564725 -0.502834
v -0.0771882 0.585651 -0.410021
v -0.0774453 0.573632 -0.436766
v -0.0775814 0.575408 -0.425497
v -0.0782922 0.589951 -0.348289
v -0.0721673 0.564725 -0.549262
v -0.0738762 0.564725 -0.533786
v -0.0386694 0.576244 -0.564717
v -0.0509494 0.574263 -0.567572
v -0.0527491 0.574997 -0.56549
v -0.0543068 0.573779 -0.567572
v -0.0593125 0.572532 -0.567572
v -0.0670859 0.565033 -0.567572
v -0.0675093 0.565781 -0.56549
v 0.01771 0.467754 -0.567572
v 0.0231997 0.519746 -0.348289
v 0.00772863 0.517736 -0.348289
v 0.0386707 0.574894 -0.567572
v -0.0744509 0.549243 -0.564717
v -0.0757364 0.549243 -0.549262
v -0.0765833 0.564725 -0.487358
v -0.0774453 0.57171 -0.436766
v -0.0777326 0.577903 -0.410021
v -0.0775814 0.571196 -0.425497
v -0.0782922 0.5832 -0.348289
v -0.0679479 0.563448 -0.567572
v -0.0737552 0.549243 -0.567572
v -0.0386694 0.574894 -0.567572
v 0.00772863 0.467064 -0.567572
v -0.00772729 0.517663 -0.348289
v -0.0743148 0.54641 -0.567572
v -0.073604 0.53379 -0.567572
v -0.075812 0.549243 -0.533786
v -0.0778385 0.571108 -0.394545
v -0.0777326 0.571035 -0.410021
v -0.0777024 0.571622 -0.379091
v -0.0774755 0.572194 -0.36971
v -0.076795 0.575496 -0.348289
v -0.00772729 0.467093 -0.567572
v -0.0231983 0.519438 -0.348289
v -0.0125213 0.467636 -0.567572
v -0.07312 0.530958 -0.567572
v -0.0735737 0.53379 -0.564717
v -0.0724244 0.564739 -0.348289
v -0.0767647 0.575408 -0.348289
v -0.0731805 0.53379 -0.549262
v -0.0685075 0.518323 -0.567572
v -0.0674791 0.515579 -0.567572
v -0.0233193 0.519482 -0.348289
v -0.0231983 0.468942 -0.567572
v -0.0652408 0.552794 -0.348289
v -0.0635168 0.507302 -0.567572
v -0.0601443 0.500963 -0.567572
v -0.0582539 0.497661 -0.567572
v -0.0338904 0.523576 -0.348289
v -0.0375956 0.474827 -0.567572
v -0.0586623 0.54506 -0.348289
v -0.0520383 0.488152 -0.567572
v -0.0416335 0.529461 -0.348289
v -0.0434029 0.47854 -0.567572
v -0.0509192 0.537195 -0.348289
v -0.0466091 0.481929 -0.567572
f 2018 2019 2020
f 2018 2020 2021
f 2018 2021 2034
f 2018 2034 2053
f 2018 2053 2066
f 2018 2066 2082
f 2018 2082 2098
f 2018 2098 2118
f 2018 2118 2139
f 2018 2139 2117
f 2018 2117 2132
f 2018 2132 2131
f 2018 2131 2153
f 2018 2153 2173
f 2018 2173 2186
f 2018 2186 2193
f 2018 2193 2192
f 2018 2192 2199
f 2018 2199 2205
f 2018 2205 2209
f 2018 2209 2207
f 2018 2207 2203
f 2018 2203 2197
f 2018 2197 2188
f 2018 2188 2178
f 2018 2178 2165
f 2018 2165 2164
f 2018 2164 2143
f 2018 2143 2142
f 2018 2142 2140
f 2018 2140 2119
f 2018 2119 2099
f 2018 2099 2083
f 2018 2083 2067
f 2018 2067 2054
f 2018 2054 2036
f 2018 2036 2022
f 2018 2022 2035
f 2018 2035 2043
f 2018 2043 2023
f 2018 2023 2024
f 2018 2024 2025
f 2018 2025 2026
f 2018 2026 2027
f 2018 2027 2028
f 2018 2028 2029
f 2018 2029 2030
f 2018 2030 2019
f 2019 2031 2032
f 2019 2032 2020
f 2019 2030 2031
f 2020 2032 2033
f 2020 2033 2034
f 2020 2034 2021
f 2022 2036 2037
f 2022 2037 2038
f 2022 2038 2039
f 2022 2039 2040
f 2022 2040 2041
f 2022 2041 2042
f 2022 2042 2024
f 2022 2024 2035
f 2023 2043 2024
f 2024 2042 2044
f 2024 2044 2025
f 2024 2043 2035
f 2025 2044 2026
f 2026 2044 2045
f 2026 2045 2027
f 2027 2045 2046
f 2027 2046 2047
f 2027 2047 2048
f 2027 2048 2028
f 2028 2048 2029
f 2029 2048 2049
f 2029 2049 2050
f 2029 2050 2051
f 2029 2051 2030
f 2030 2051 2031
f 2031 2051 2052
f 2031 2052 2032
f 2032 2052 2033
f 2033 2053 2034
f 2033 2052 2053
f 2036 2054 2037
f 2037 2055 2068
f 2037 2068 2084
f 2037 2084 2101
f 2037 2101 2120
f 2037 2120 2141
f 2037 2141 2163
f 2037 2163 2177
f 2037 2177 2187
f 2037 2187 2189
f 2037 2189 2198
f 2037 2198 2204
f 2037 2204 2208
f 2037 2208 2210
f 2037 2210 2206
f 2037 2206 2202
f 2037 2202 2201
f 2037 2201 2200
f 2037 2200 2196
f 2037 2196 2195
f 2037 2195 2190
f 2037 2190 2180
f 2037 2180 2179
f 2037 2179 2175
f 2037 2175 2174
f 2037 2174 2161
f 2037 2161 2160
f 2037 2160 2159
f 2037 2159 2157
f 2037 2157 2176
f 2037 2176 2166
f 2037 2166 2144
f 2037 2144 2121
f 2037 2121 2102
f 2037 2102 2086
f 2037 2086 2070
f 2037 2070 2056
f 2037 2056 2040
f 2037 2040 2038
f 2037 2054 2055
f 2038 2040 2039
f 2040 2056 2057
f 2040 2057 2042
f 2040 2042 2041
f 2042 2057 2046
f 2042 2046 2045
f 2042 2045 2044
f 2046 2057 2058
f 2046 2058 2059
f 2046 2059 2047
f 2047 2059 2048
f 2048 2059 2060
f 2048 2060 2061
f 2048 2061 2049
f 2049 2062 2050
f 2049 2061 2062
f 2050 2062 2052
f 2050 2052 2051
f 2052 2062 2063
f 2052 2063 2077
f 2052 2077 2064
f 2052 2064 2081
f 2052 2081 2065
f 2052 2065 2053
f 2053 2065 2066
f 2054 2067 2055
f 2055 2067 2068
f 2056 2069 2058
f 2056 2058 2057
f 2056 2070 2069
f 2058 2069 2071
f 2058 2071 2059
f 2059 2072 2073
f 2059 2073 2060
f 2059 2071 2072
f 2060 2073 2061
f 2061 2073 2072
f 2061 2072 2071
f 2061 2071 2074
f 2061 2074 2075
f 2061 2075 2076
f 2061 2076 2062
f 2062 2076 2063
f 2063 2076 2078
f 2063 2078 2090
f 2063 2090 2077
f 2064 2077 2079
f 2064 2079 2080
f 2064 2080 2081
f 2065 2081 2082
f 2065 2082 2066
f 2067 2083 2084
f 2067 2084 2068
f 2069 2070 2085
f 2069 2085 2071
f 2070 2086 2085
f 2071 2085 2074
f 2074 2087 2075
f 2074 2085 2087
f 2075 2087 2088
f 2075 2088 2076
f 2076 2088 2089
f 2076 2089 2078
f 2077 2090 2091
f 2077 2091 2079
f 2078 2089 2092
f 2078 2092 2107
f 2078 2107 2090
f 2079 2093 2080
f 2079 2091 2094
f 2079 2094 2095
f 2079 2095 2093
f 2080 2093 2096
f 2080 2096 2097
f 2080 2097 2082
f 2080 2082 2081
f 2082 2097 2098
f 2083 2099 2100
f 2083 2100 2084
f 2084 2100 2101
f 2085 2086 2102
f 2085 2102 2103
f 2085 2103 2104
f 2085 2104 2087
f 2087 2104 2088
f 2088 2104 2105
f 2088 2105 2089
f 2089 2105 2106
f 2089 2106 2092
f 2090 2107 2108
f 2090 2108 2091
f 2091 2108 2094
f 2092 2106 2124
f 2092 2124 2107
f 2093 2109 2110
f 2093 2110 2096
f 2093 2095 2111
f 2093 2111 2109
f 2094 2108 2112
f 2094 2112 2113
f 2094 2113 2114
f 2094 2114 2095
f 2095 2114 2115
f 2095 2115 2111
f 2096 2116 2098
f 2096 2098 2097
f 2096 2110 2117
f 2096 2117 2116
f 2098 2116 2118
f 2099 2119 2120
f 2099 2120 2100
f 2100 2120 2101
f 2102 2121 2103
f 2103 2121 2122
f 2103 2122 2104
f 2104 2122 2105
f 2105 2122 2123
f 2105 2123 2106
f 2106 2123 2134
f 2106 2134 2124
f 2107 2124 2112
f 2107 2112 2108
f 2109 2125 2126
f 2109 2126 2110
f 2109 2111 2127
f 2109 2127 2128
f 2109 2128 2129
f 2109 2129 2125
f 2110 2126 2130
f 2110 2130 2131
f 2110 2131 2132
f 2110 2132 2117
f 2111 2115 2133
f 2111 2133 2127
f 2112 2124 2134
f 2112 2134 2135
f 2112 2135 2136
f 2112 2136 2113
f 2113 2136 2137
f 2113 2137 2138
f 2113 2138 2114
f 2114 2138 2115
f 2115 2138 2133
f 2116 2117 2139
f 2116 2139 2118
f 2119 2140 2120
f 2120 2140 2142
f 2120 2142 2143
f 2120 2143 2141
f 2121 2144 2122
f 2122 2144 2145
f 2122 2145 2156
f 2122 2156 2135
f 2122 2135 2134
f 2122 2134 2123
f 2125 2146 2147
f 2125 2147 2126
f 2125 2129 2148
f 2125 2148 2149
f 2125 2149 2146
f 2126 2147 2150
f 2126 2150 2146
f 2126 2146 2151
f 2126 2151 2152
f 2126 2152 2153
f 2126 2153 2131
f 2126 2131 2130
f 2127 2133 2154
f 2127 2154 2155
f 2127 2155 2128
f 2128 2155 2129
f 2129 2155 2148
f 2133 2138 2154
f 2135 2156 2157
f 2135 2157 2158
f 2135 2158 2136
f 2136 2158 2159
f 2136 2159 2160
f 2136 2160 2137
f 2137 2160 2161
f 2137 2161 2162
f 2137 2162 2154
f 2137 2154 2138
f 2141 2143 2164
f 2141 2164 2165
f 2141 2165 2163
f 2144 2166 2145
f 2145 2166 2176
f 2145 2176 2156
f 2146 2149 2151
f 2146 2150 2147
f 2148 2155 2167
f 2148 2167 2168
f 2148 2168 2149
f 2149 2168 2169
f 2149 2169 2151
f 2151 2170 2172
f 2151 2172 2152
f 2151 2169 2168
f 2151 2168 2170
f 2152 2171 2153
f 2152 2172 2183
f 2152 2183 2171
f 2153 2171 2183
f 2153 2183 2173
f 2154 2162 2174
f 2154 2174 2175
f 2154 2175 2167
f 2154 2167 2155
f 2156 2176 2157
f 2157 2159 2158
f 2161 2174 2162
f 2163 2165 2177
f 2165 2178 2177
f 2167 2175 2179
f 2167 2179 2168
f 2168 2179 2180
f 2168 2180 2181
f 2168 2181 2182
f 2168 2182 2183
f 2168 2183 2172
f 2168 2172 2170
f 2173 2184 2185
f 2173 2185 2186
f 2173 2183 2182
f 2173 2182 2184
f 2177 2178 2187
f 2178 2188 2189
f 2178 2189 2187
f 2180 2190 2191
f 2180 2191 2181
f 2181 2191 2182
f 2182 2191 2190
f 2182 2190 2184
f 2184 2190 2185
f 2185 2192 2193
f 2185 2193 2186
f 2185 2190 2194
f 2185 2194 2195
f 2185 2195 2196
f 2185 2196 2192
f 2188 2197 2198
f 2188 2198 2189
f 2190 2195 2194
f 2192 2196 2200
f 2192 2200 2201
f 2192 2201 2202
f 2192 2202 2199
f 2197 2203 2198
f 2198 2203 2204
f 2199 2202 2206
f 2199 2206 2205
f 2203 2207 2208
f 2203 2208 2204
f 2205 2206 2210
f 2205 2210 2208
f 2205 2208 2209
f 2207 2209 2208
o convex_5
v -0.425482 0.630647 0.476875
v -0.456408 0.630647 0.270766
v -0.440945 0.630759 0.394506
v -0.440945 0.630759 0.440917
v -0.440945 0.630647 0.476875
v -0.410019 0.629977 0.476875
v -0.471896 0.630647 0.177944
v -0.471896 0.630759 0.193403
v -0.456408 0.630759 0.440917
v -0.456408 0.630647 0.471869
v -0.456408 0.630424 0.476875
v -0.393642 0.62674 0.476875
v -0.471674 0.630089 0.131296
v -0.487137 0.630647 0.131296
v -0.487359 0.630759 0.162451
v -0.471896 0.630759 0.425458
v -0.487359 0.630759 0.394506
v -0.471896 0.630535 0.440917
v -0.487359 0.630424 0.409999
v -0.471896 0.629642 0.45641
v -0.471896 0.628638 0.471869
v -0.471896 0.627968 0.476875
v -0.379068 0.622499 0.476875
v -0.45542 0.624508 0.131296
v -0.502822 0.630647 0.131296
v -0.502822 0.630759 0.162451
v -0.502822 0.630759 0.348095
v -0.502822 0.630647 0.363554
v -0.502822 0.630201 0.379047
v -0.502822 0.628973 0.394506
v -0.502822 0.626963 0.409999
v -0.484271 0.622275 0.476875
v -0.37482 0.620713 0.476875
v -0.454605 0.624173 0.131296
v -0.51831 0.629977 0.131296
v -0.51831 0.629977 0.317143
v -0.51831 0.629866 0.332636
v -0.51831 0.629084 0.348095
v -0.51831 0.627633 0.363554
v -0.51831 0.625624 0.379047
v -0.51868 0.622387 0.393525
v -0.513765 0.621271 0.409999
v -0.526338 0.61915 0.387707
v -0.511591 0.619708 0.420147
v -0.489533 0.616471 0.476875
v -0.447615 0.619485 0.131296
v -0.453444 0.623503 0.131296
v -0.367879 0.613569 0.476875
v -0.533773 0.625178 0.162451
v -0.533773 0.625401 0.177944
v -0.533205 0.624173 0.131296
v -0.533773 0.625401 0.286259
v -0.533773 0.625289 0.301718
v -0.533773 0.624843 0.317143
v -0.53523 0.623057 0.333279
v -0.53234 0.623168 0.348095
v -0.52987 0.621829 0.363554
v -0.541331 0.61848 0.338894
v -0.540072 0.615801 0.348095
v -0.541924 0.604751 0.357228
v -0.527869 0.610444 0.393525
v -0.52656 0.604862 0.403774
v -0.524115 0.615132 0.398024
v -0.491978 0.612676 0.476875
v -0.365927 0.611113 0.476875
v -0.364742 0.609327 0.476875
v -0.358937 0.600063 0.476875
v -0.443638 0.611783 0.131296
v -0.533402 0.624061 0.131296
v -0.542641 0.619931 0.162451
v -0.54311 0.620155 0.177944
v -0.543406 0.620266 0.193403
v -0.543555 0.620266 0.208896
v -0.543555 0.620266 0.239814
v -0.54348 0.620266 0.255307
v -0.543308 0.620266 0.270766
v -0.54311 0.620155 0.286259
v -0.542789 0.620043 0.301718
v -0.542245 0.619596 0.317143
v -0.541801 0.61915 0.328577
v -0.556893 0.603077 0.259095
v -0.556449 0.601514 0.270766
v -0.544197 0.612453 0.333279
v -0.543085 0.607988 0.348095
v -0.546074 0.595598 0.348095
v -0.542986 0.595598 0.360408
v -0.540492 0.595598 0.368154
v -0.53691 0.595598 0.379047
v -0.495708 0.604862 0.476875
v -0.52162 0.610444 0.409356
v -0.531747 0.595598 0.394506
v -0.527598 0.595598 0.406041
v -0.52451 0.595598 0.413787
v -0.514382 0.611448 0.425356
v -0.494251 0.607988 0.476875
v -0.355923 0.593031 0.476875
v -0.440155 0.595598 0.131296
v -0.541134 0.618145 0.131296
v -0.541159 0.618257 0.131533
v -0.542048 0.619373 0.150645
v -0.556992 0.603411 0.201014
v -0.551286 0.611113 0.208896
v -0.551286 0.611113 0.239814
v -0.552324 0.609551 0.254461
v -0.557017 0.603411 0.248778
v -0.560277 0.595598 0.239814
v -0.559265 0.597049 0.254461
v -0.558746 0.593812 0.270766
v -0.555806 0.595821 0.287375
v -0.55383 0.595598 0.301718
v -0.551508 0.595598 0.317143
v -0.549014 0.595598 0.332636
v -0.547507 0.580194 0.348095
v -0.543802 0.580194 0.362877
v -0.541282 0.580194 0.370624
v -0.496573 0.600621 0.476875
v -0.533304 0.580194 0.394506
v -0.528388 0.580194 0.407563
v -0.497264 0.595598 0.476875
v -0.353626 0.580194 0.476875
v -0.39673 -0.509565 0.131296
v -0.544197 0.610444 0.131296
v -0.556325 0.601179 0.190697
v -0.558771 0.595821 0.194891
v -0.560228 0.595598 0.208896
v -0.560277 0.595598 0.224355
v -0.557017 0.603411 0.208896
v -0.563489 0.580194 0.224355
v -0.563266 0.580194 0.239814
v -0.557733 0.59091 0.282977
v -0.562204 0.580194 0.255307
v -0.550199 0.580194 0.332636
v -0.547457 0.564679 0.348095
v -0.543802 0.564679 0.362742
v -0.541233 0.564679 0.370488
v -0.538269 0.564679 0.379047
v -0.532908 0.564679 0.394506
v -0.498129 0.580194 0.476875
v -0.528116 0.564679 0.407191
v -0.524831 0.564679 0.414937
v -0.49803 0.571041 0.476875
v -0.311164 -0.509565 0.476875
v -0.312276 -0.509565 0.471869
v -0.323639 -0.509565 0.425458
v -0.479356 -0.509565 0.131296
v -0.546939 0.595598 0.131296
v -0.557807 0.590798 0.182544
v -0.561167 0.580194 0.193403
v -0.563167 0.580194 0.208896
v -0.563242 0.564679 0.224355
v -0.562525 0.564679 0.239814
v -0.560129 0.580194 0.270766
v -0.55677 0.580194 0.292584
v -0.555312 0.580194 0.301718
v -0.552768 0.580194 0.317143
v -0.561142 0.564679 0.255307
v -0.478911 -0.509565 0.332636
v -0.559191 0.564679 0.270766
v -0.550002 0.564679 0.332636
v -0.546889 0.549163 0.348095
v -0.543555 0.549163 0.361795
v -0.540862 0.549163 0.369507
v -0.537453 0.549163 0.379047
v -0.531896 0.549163 0.394506
v -0.527573 0.549163 0.406075
v -0.524436 0.549163 0.413821
v -0.49677 0.539452 0.476875
v -0.497264 0.549163 0.476875
v -0.49761 0.556307 0.476875
v -0.418516 -0.509565 0.476875
v -0.47938 -0.509565 0.131431
v -0.546049 0.487325 0.131296
v -0.546988 0.580194 0.131296
v -0.56045 0.564679 0.193403
v -0.562575 0.564679 0.208896
v -0.546988 0.518244 0.131296
v -0.54679 0.502617 0.131296
v -0.562402 0.549163 0.224355
v -0.556449 0.564679 0.290149
v -0.554744 0.564679 0.301718
v -0.552398 0.564679 0.317143
v -0.47938 -0.509565 0.317143
v -0.475329 -0.509565 0.348095
v -0.541529 0.494804 0.355875
v -0.549261 0.549163 0.332636
v -0.542418 0.518244 0.358446
v -0.543011 0.53376 0.360104
v -0.462015 -0.509565 0.381415
v -0.459051 -0.509565 0.388823
v -0.448084 -0.509565 0.416223
v -0.496153 0.528737 0.476875
v -0.496474 0.534206 0.476875
v -0.419134 -0.509565 0.475657
v -0.561685 0.549163 0.208896
v -0.559438 0.549163 0.193403
v -0.443934 -0.509565 0.425458
v -0.43682 -0.509565 0.440342
v -0.428792 -0.509565 0.45641
v -0.421332 -0.509565 0.471294
f 2211 2212 2213
f 2211 2213 2214
f 2211 2214 2219
f 2211 2219 2215
f 2211 2215 2221
f 2211 2221 2232
f 2211 2232 2242
f 2211 2242 2255
f 2211 2255 2274
f 2211 2274 2305
f 2211 2305 2299
f 2211 2299 2326
f 2211 2326 2329
f 2211 2329 2348
f 2211 2348 2351
f 2211 2351 2379
f 2211 2379 2378
f 2211 2378 2377
f 2211 2377 2402
f 2211 2402 2401
f 2211 2401 2380
f 2211 2380 2352
f 2211 2352 2330
f 2211 2330 2306
f 2211 2306 2277
f 2211 2277 2276
f 2211 2276 2275
f 2211 2275 2258
f 2211 2258 2243
f 2211 2243 2233
f 2211 2233 2222
f 2211 2222 2216
f 2211 2216 2212
f 2212 2217 2218
f 2212 2218 2213
f 2212 2216 2217
f 2213 2218 2225
f 2213 2225 2236
f 2213 2236 2237
f 2213 2237 2227
f 2213 2227 2226
f 2213 2226 2219
f 2213 2219 2214
f 2215 2219 2220
f 2215 2220 2221
f 2216 2222 2223
f 2216 2223 2217
f 2217 2224 2218
f 2217 2223 2224
f 2218 2224 2225
f 2219 2226 2220
f 2220 2226 2227
f 2220 2227 2228
f 2220 2228 2221
f 2221 2229 2230
f 2221 2230 2231
f 2221 2231 2232
f 2221 2228 2229
f 2222 2233 2223
f 2223 2233 2234
f 2223 2234 2244
f 2223 2244 2257
f 2223 2257 2256
f 2223 2256 2278
f 2223 2278 2307
f 2223 2307 2331
f 2223 2331 2355
f 2223 2355 2382
f 2223 2382 2387
f 2223 2387 2386
f 2223 2386 2383
f 2223 2383 2356
f 2223 2356 2332
f 2223 2332 2308
f 2223 2308 2279
f 2223 2279 2261
f 2223 2261 2245
f 2223 2245 2235
f 2223 2235 2224
f 2224 2235 2236
f 2224 2236 2225
f 2227 2237 2238
f 2227 2238 2229
f 2227 2229 2228
f 2229 2239 2231
f 2229 2231 2230
f 2229 2238 2239
f 2231 2240 2241
f 2231 2241 2232
f 2231 2239 2240
f 2232 2241 2242
f 2233 2243 2244
f 2233 2244 2234
f 2235 2245 2236
f 2236 2245 2246
f 2236 2246 2237
f 2237 2246 2247
f 2237 2247 2238
f 2238 2247 2239
f 2239 2247 2248
f 2239 2248 2240
f 2240 2248 2249
f 2240 2249 2250
f 2240 2250 2241
f 2241 2250 2251
f 2241 2251 2242
f 2242 2251 2252
f 2242 2252 2253
f 2242 2253 2254
f 2242 2254 2255
f 2243 2256 2257
f 2243 2257 2244
f 2243 2258 2256
f 2245 2259 2260
f 2245 2260 2262
f 2245 2262 2246
f 2245 2261 2259
f 2246 2262 2247
f 2247 2262 2263
f 2247 2263 2264
f 2247 2264 2248
f 2248 2264 2265
f 2248 2265 2266
f 2248 2266 2249
f 2249 2266 2250
f 2250 2266 2267
f 2250 2267 2253
f 2250 2253 2251
f 2251 2253 2252
f 2253 2268 2269
f 2253 2269 2270
f 2253 2270 2271
f 2253 2271 2272
f 2253 2272 2273
f 2253 2273 2274
f 2253 2274 2255
f 2253 2255 2254
f 2253 2267 2268
f 2256 2258 2275
f 2256 2275 2276
f 2256 2276 2277
f 2256 2277 2278
f 2259 2261 2279
f 2259 2279 2280
f 2259 2280 2281
f 2259 2281 2282
f 2259 2282 2260
f 2260 2282 2283
f 2260 2283 2284
f 2260 2284 2262
f 2262 2284 2285
f 2262 2285 2286
f 2262 2286 2263
f 2263 2286 2287
f 2263 2287 2288
f 2263 2288 2264
f 2264 2288 2289
f 2264 2289 2265
f 2265 2289 2290
f 2265 2290 2268
f 2265 2268 2266
f 2266 2268 2267
f 2268 2290 2291
f 2268 2291 2292
f 2268 2292 2293
f 2268 2293 2294
f 2268 2294 2269
f 2269 2294 2270
f 2270 2272 2271
f 2270 2294 2295
f 2270 2295 2296
f 2270 2296 2297
f 2270 2297 2298
f 2270 2298 2272
f 2272 2299 2300
f 2272 2300 2273
f 2272 2298 2301
f 2272 2301 2302
f 2272 2302 2303
f 2272 2303 2299
f 2273 2300 2304
f 2273 2304 2274
f 2274 2304 2305
f 2277 2306 2278
f 2278 2306 2307
f 2279 2308 2309
f 2279 2309 2310
f 2279 2310 2280
f 2280 2310 2311
f 2280 2311 2281
f 2281 2311 2312
f 2281 2312 2282
f 2282 2312 2283
f 2283 2312 2313
f 2283 2313 2284
f 2284 2313 2285
f 2285 2313 2286
f 2286 2313 2314
f 2286 2314 2287
f 2287 2314 2288
f 2288 2314 2291
f 2288 2291 2289
f 2289 2291 2290
f 2291 2314 2315
f 2291 2315 2316
f 2291 2316 2317
f 2291 2317 2292
f 2292 2317 2318
f 2292 2318 2319
f 2292 2319 2320
f 2292 2320 2293
f 2293 2320 2321
f 2293 2321 2294
f 2294 2321 2322
f 2294 2322 2295
f 2295 2322 2323
f 2295 2323 2324
f 2295 2324 2296
f 2296 2324 2297
f 2297 2324 2325
f 2297 2325 2298
f 2298 2325 2301
f 2299 2303 2326
f 2299 2305 2300
f 2300 2305 2304
f 2301 2325 2327
f 2301 2327 2302
f 2302 2327 2328
f 2302 2328 2303
f 2303 2328 2329
f 2303 2329 2326
f 2306 2330 2307
f 2307 2330 2331
f 2308 2332 2309
f 2309 2332 2311
f 2309 2311 2310
f 2311 2332 2333
f 2311 2333 2334
f 2311 2334 2335
f 2311 2335 2336
f 2311 2336 2337
f 2311 2337 2312
f 2312 2337 2315
f 2312 2315 2313
f 2313 2315 2314
f 2315 2337 2336
f 2315 2336 2316
f 2316 2336 2338
f 2316 2338 2339
f 2316 2339 2317
f 2317 2339 2318
f 2318 2340 2320
f 2318 2320 2319
f 2318 2339 2341
f 2318 2341 2340
f 2320 2340 2321
f 2321 2340 2322
f 2322 2340 2342
f 2322 2342 2323
f 2323 2342 2343
f 2323 2343 2344
f 2323 2344 2324
f 2324 2344 2325
f 2325 2344 2345
f 2325 2345 2327
f 2327 2345 2346
f 2327 2346 2347
f 2327 2347 2328
f 2328 2348 2329
f 2328 2347 2349
f 2328 2349 2350
f 2328 2350 2351
f 2328 2351 2348
f 2330 2352 2353
f 2330 2353 2354
f 2330 2354 2331
f 2331 2354 2353
f 2331 2353 2352
f 2331 2352 2380
f 2331 2380 2403
f 2331 2403 2409
f 2331 2409 2408
f 2331 2408 2407
f 2331 2407 2406
f 2331 2406 2400
f 2331 2400 2399
f 2331 2399 2398
f 2331 2398 2393
f 2331 2393 2367
f 2331 2367 2392
f 2331 2392 2381
f 2331 2381 2355
f 2332 2356 2357
f 2332 2357 2334
f 2332 2334 2333
f 2334 2357 2358
f 2334 2358 2359
f 2334 2359 2335
f 2335 2359 2338
f 2335 2338 2336
f 2338 2359 2360
f 2338 2360 2339
f 2339 2360 2361
f 2339 2361 2341
f 2340 2341 2362
f 2340 2362 2363
f 2340 2363 2364
f 2340 2364 2365
f 2340 2365 2342
f 2341 2361 2366
f 2341 2366 2367
f 2341 2367 2368
f 2341 2368 2362
f 2342 2365 2343
f 2343 2369 2370
f 2343 2370 2371
f 2343 2371 2344
f 2343 2365 2364
f 2343 2364 2369
f 2344 2371 2345
f 2345 2371 2346
f 2346 2371 2347
f 2347 2371 2372
f 2347 2372 2373
f 2347 2373 2374
f 2347 2374 2375
f 2347 2375 2349
f 2349 2375 2376
f 2349 2376 2350
f 2350 2376 2377
f 2350 2377 2378
f 2350 2378 2379
f 2350 2379 2351
f 2355 2381 2382
f 2356 2383 2358
f 2356 2358 2357
f 2358 2384 2385
f 2358 2385 2359
f 2358 2383 2386
f 2358 2386 2387
f 2358 2387 2384
f 2359 2385 2360
f 2360 2385 2388
f 2360 2388 2361
f 2361 2388 2367
f 2361 2367 2366
f 2362 2389 2390
f 2362 2390 2391
f 2362 2391 2363
f 2362 2368 2389
f 2363 2391 2369
f 2363 2369 2364
f 2367 2393 2394
f 2367 2394 2370
f 2367 2370 2395
f 2367 2395 2389
f 2367 2389 2368
f 2367 2388 2392
f 2369 2391 2370
f 2370 2394 2396
f 2370 2396 2397
f 2370 2397 2371
f 2370 2391 2395
f 2371 2397 2393
f 2371 2393 2372
f 2372 2393 2373
f 2373 2393 2374
f 2374 2393 2375
f 2375 2393 2398
f 2375 2398 2399
f 2375 2399 2400
f 2375 2400 2376
f 2376 2401 2402
f 2376 2402 2377
f 2376 2400 2401
f 2380 2401 2403
f 2381 2392 2388
f 2381 2388 2404
f 2381 2404 2405
f 2381 2405 2382
f 2382 2405 2384
f 2382 2384 2387
f 2384 2405 2404
f 2384 2404 2385
f 2385 2404 2388
f 2389 2395 2390
f 2390 2395 2391
f 2393 2397 2396
f 2393 2396 2394
f 2400 2406 2401
f 2401 2406 2407
f 2401 2407 2408
f 2401 2408 2409
f 2401 2409 2403
o convex_6
v 0.422187 0.630759 0.506149
v 0.37907 0.630759 0.506149
v 0.437622 0.630547 0.506149
v 0.456417 0.630759 0.471878
v 0.37907 0.630759 0.50281
v 0.375759 0.630653 0.506149
v 0.440933 0.630547 0.50281
v 0.440933 0.63023 0.506149
v 0.487361 0.630759 0.39453
v 0.456417 0.630124 0.487325
v 0.471877 0.63023 0.456393
v 0.487361 0.630547 0.409977
v 0.487361 0.630759 0.162485
v 0.487361 0.630653 0.131296
v 0.471877 0.630124 0.131296
v 0.37907 0.630547 0.487325
v 0.36361 0.629913 0.506149
v 0.453106 0.628538 0.506149
v 0.502821 0.630653 0.363561
v 0.502821 0.630759 0.348113
v 0.456417 0.628327 0.50281
v 0.471877 0.629067 0.471878
v 0.487361 0.629701 0.425461
v 0.502821 0.630124 0.379045
v 0.502821 0.630759 0.162485
v 0.503045 0.630653 0.131296
v 0.455396 0.624626 0.131296
v 0.360299 0.629384 0.506149
v 0.36361 0.629807 0.50281
v 0.456417 0.627692 0.506149
v 0.518305 0.629807 0.332629
v 0.518305 0.630018 0.317181
v 0.471877 0.626952 0.487325
v 0.487361 0.626529 0.456393
v 0.487361 0.628327 0.440909
v 0.502821 0.629067 0.39453
v 0.518305 0.629067 0.348113
v 0.518305 0.630018 0.162485
v 0.518504 0.629913 0.131296
v 0.347877 0.624414 0.506149
v 0.45333 0.623568 0.131296
v 0.469661 0.623145 0.506149
v 0.532993 0.623885 0.332629
v 0.533764 0.625049 0.301734
v 0.533764 0.625366 0.286249
v 0.533764 0.625472 0.270765
v 0.472648 0.622722 0.503397
v 0.481511 0.620184 0.498627
v 0.484199 0.621665 0.487325
v 0.488332 0.622934 0.472318
v 0.502821 0.627481 0.409977
v 0.502821 0.625154 0.425461
v 0.518305 0.627692 0.363561
v 0.531848 0.623145 0.348113
v 0.533764 0.625472 0.177932
v 0.533764 0.625154 0.162485
v 0.533416 0.624097 0.131296
v 0.345637 0.623251 0.506149
v 0.444667 0.61384 0.131296
v 0.340035 0.618704 0.506149
v 0.343247 0.621665 0.506149
v 0.471678 0.622299 0.506149
v 0.54188 0.619233 0.312815
v 0.542453 0.619762 0.301734
v 0.543 0.620184 0.286249
v 0.543324 0.620184 0.270765
v 0.543523 0.620184 0.255317
v 0.543548 0.620184 0.239833
v 0.479196 0.617858 0.506149
v 0.494157 0.616695 0.477785
v 0.496248 0.619867 0.467475
v 0.518305 0.625895 0.379045
v 0.510911 0.619127 0.434121
v 0.512256 0.620184 0.425461
v 0.519077 0.622616 0.394346
v 0.530055 0.621876 0.363561
v 0.540735 0.617541 0.332629
v 0.543548 0.620184 0.224349
v 0.543498 0.620184 0.208901
v 0.543324 0.620184 0.193417
v 0.543075 0.620184 0.177932
v 0.542602 0.619867 0.162485
v 0.542005 0.619339 0.15067
v 0.541059 0.618281 0.131296
v 0.443572 0.611831 0.131296
v 0.335728 0.610456 0.506149
v 0.556692 0.602526 0.258326
v 0.557016 0.603372 0.248016
v 0.552211 0.60961 0.253996
v 0.55129 0.611196 0.239833
v 0.481088 0.614157 0.506149
v 0.483776 0.611514 0.503397
v 0.491767 0.611302 0.486885
v 0.495825 0.606332 0.481418
v 0.512131 0.611091 0.437166
v 0.526719 0.619444 0.389062
v 0.528039 0.620502 0.379045
v 0.52657 0.605486 0.403739
v 0.524753 0.615743 0.399373
v 0.53959 0.615003 0.348113
v 0.543075 0.607284 0.348113
v 0.544046 0.609822 0.332629
v 0.55129 0.611196 0.224349
v 0.55124 0.611196 0.208901
v 0.551938 0.60961 0.194811
v 0.557016 0.603372 0.200902
v 0.541158 0.618175 0.131296
v 0.440136 0.595653 0.131296
v 0.331521 0.595653 0.506149
v 0.556045 0.599353 0.270765
v 0.559132 0.596604 0.253996
v 0.557016 0.603477 0.239833
v 0.560277 0.595653 0.239833
v 0.48288 0.610033 0.506149
v 0.488357 0.595653 0.50281
v 0.493684 0.595653 0.491692
v 0.496896 0.595653 0.48395
v 0.501775 0.595653 0.471878
v 0.510264 0.60168 0.447917
v 0.528113 0.610774 0.394346
v 0.54193 0.604641 0.357213
v 0.537822 0.610351 0.362864
v 0.524728 0.595653 0.414197
v 0.527616 0.595653 0.406455
v 0.531773 0.595653 0.39453
v 0.536926 0.595653 0.379045
v 0.540511 0.595653 0.368147
v 0.545515 0.595653 0.348113
v 0.558111 0.591634 0.270765
v 0.557016 0.603477 0.208901
v 0.560252 0.595653 0.208901
v 0.558783 0.596075 0.194811
v 0.556468 0.601574 0.190555
v 0.544195 0.610456 0.131296
v 0.330376 0.580109 0.506149
v 0.409765 -0.449493 0.131296
v 0.561995 0.580109 0.255317
v 0.563265 0.580109 0.239833
v 0.563489 0.580109 0.224349
v 0.560277 0.595653 0.224349
v 0.48649 0.595653 0.506149
v 0.487062 0.580109 0.506149
v 0.488905 0.580109 0.50281
v 0.494008 0.580109 0.492609
v 0.497319 0.580109 0.484867
v 0.511185 0.591423 0.450266
v 0.520346 0.595653 0.425461
v 0.542975 0.595653 0.360405
v 0.525425 0.580109 0.416142
v 0.528387 0.580109 0.408399
v 0.533316 0.580109 0.39453
v 0.538494 0.580109 0.379045
v 0.541283 0.580109 0.370643
v 0.543822 0.580109 0.3629
v 0.546386 0.580109 0.348113
v 0.563165 0.580109 0.208901
v 0.561173 0.580109 0.193417
v 0.557813 0.591211 0.182556
v 0.546909 0.595864 0.131296
v 0.330152 0.569852 0.506149
v 0.479345 -0.449493 0.131296
v 0.309191 -0.449493 0.506149
v 0.546386 0.56467 0.348113
v 0.546137 0.549232 0.348113
v 0.54554 0.533688 0.348113
v 0.544643 0.51825 0.348113
v 0.561074 0.56467 0.255317
v 0.562518 0.56467 0.239833
v 0.56324 0.56467 0.224349
v 0.486714 0.575456 0.506149
v 0.485469 0.559595 0.506149
v 0.487685 0.56467 0.50281
v 0.434684 -0.449493 0.444615
v 0.436775 -0.449493 0.440359
v 0.439987 -0.449493 0.433681
v 0.44392 -0.449493 0.425461
v 0.445787 -0.449493 0.421315
v 0.448078 -0.449493 0.416215
v 0.501601 0.56467 0.471878
v 0.5077 0.56467 0.457237
v 0.520894 0.56467 0.425461
v 0.502696 0.580109 0.471878
v 0.508223 0.580109 0.458375
v 0.521641 0.580109 0.425461
v 0.525076 0.56467 0.415334
v 0.528138 0.56467 0.407629
v 0.532918 0.56467 0.39453
v 0.541233 0.56467 0.370496
v 0.543822 0.56467 0.362754
v 0.562592 0.56467 0.208901
v 0.546983 0.58032 0.131296
v 0.546934 0.595653 0.131296
v 0.560451 0.56467 0.193417
v 0.546112 0.487268 0.131296
v 0.546834 0.503023 0.131296
v 0.546983 0.51825 0.131296
v 0.47937 -0.449493 0.131406
v 0.400952 -0.449493 0.506149
v 0.543573 0.549232 0.3618
v 0.543025 0.533688 0.360148
v 0.541532 0.494775 0.355892
v 0.478897 -0.449493 0.332629
v 0.561373 0.549232 0.239833
v 0.562393 0.549232 0.224349
v 0.481909 0.516135 0.506149
v 0.417457 -0.449493 0.479033
v 0.421341 -0.449493 0.471291
v 0.430651 -0.449493 0.452687
v 0.449472 -0.449493 0.412766
v 0.465105 -0.449493 0.373688
v 0.475337 -0.449493 0.348113
v 0.527566 0.549232 0.406124
v 0.531897 0.549232 0.39453
v 0.537474 0.549232 0.379045
v 0.540884 0.549232 0.369542
v 0.561696 0.549232 0.208901
v 0.559431 0.549232 0.193417
v 0.47937 -0.449493 0.317181
v 0.560501 0.533688 0.208901
v 0.557389 0.490229 0.213011
v 0.561173 0.533688 0.224349
v 0.402396 -0.449493 0.5038
v 0.479519 0.487268 0.506149
v 0.479121 -0.449493 0.325694
v 0.414694 -0.449493 0.483619
v 0.40501 -0.449493 0.499544
v 0.408346 -0.449493 0.494077
v 0.412453 -0.449493 0.487325
f 2410 2411 2415
f 2410 2415 2426
f 2410 2426 2437
f 2410 2437 2449
f 2410 2449 2467
f 2410 2467 2470
f 2410 2470 2469
f 2410 2469 2495
f 2410 2495 2518
f 2410 2518 2544
f 2410 2544 2569
f 2410 2569 2571
f 2410 2571 2607
f 2410 2607 2632
f 2410 2632 2614
f 2410 2614 2580
f 2410 2580 2579
f 2410 2579 2551
f 2410 2551 2550
f 2410 2550 2523
f 2410 2523 2500
f 2410 2500 2478
f 2410 2478 2471
f 2410 2471 2451
f 2410 2451 2439
f 2410 2439 2427
f 2410 2427 2417
f 2410 2417 2412
f 2410 2412 2413
f 2410 2413 2418
f 2410 2418 2429
f 2410 2429 2434
f 2410 2434 2422
f 2410 2422 2414
f 2410 2414 2411
f 2411 2414 2415
f 2412 2416 2413
f 2412 2417 2416
f 2413 2416 2419
f 2413 2419 2420
f 2413 2420 2421
f 2413 2421 2418
f 2414 2422 2423
f 2414 2423 2424
f 2414 2424 2415
f 2415 2424 2425
f 2415 2425 2426
f 2416 2417 2419
f 2417 2427 2419
f 2418 2421 2428
f 2418 2428 2429
f 2419 2427 2430
f 2419 2430 2431
f 2419 2431 2420
f 2420 2431 2432
f 2420 2432 2433
f 2420 2433 2421
f 2421 2433 2428
f 2422 2434 2435
f 2422 2435 2423
f 2423 2435 2448
f 2423 2448 2466
f 2423 2466 2493
f 2423 2493 2516
f 2423 2516 2543
f 2423 2543 2568
f 2423 2568 2601
f 2423 2601 2600
f 2423 2600 2605
f 2423 2605 2604
f 2423 2604 2603
f 2423 2603 2570
f 2423 2570 2545
f 2423 2545 2517
f 2423 2517 2494
f 2423 2494 2468
f 2423 2468 2450
f 2423 2450 2436
f 2423 2436 2424
f 2424 2436 2437
f 2424 2437 2438
f 2424 2438 2426
f 2424 2426 2425
f 2426 2438 2437
f 2427 2439 2430
f 2428 2433 2440
f 2428 2440 2441
f 2428 2441 2429
f 2429 2441 2447
f 2429 2447 2434
f 2430 2439 2442
f 2430 2442 2431
f 2431 2442 2443
f 2431 2443 2444
f 2431 2444 2445
f 2431 2445 2432
f 2432 2445 2433
f 2433 2445 2446
f 2433 2446 2440
f 2434 2447 2435
f 2435 2447 2448
f 2436 2449 2437
f 2436 2450 2449
f 2439 2451 2442
f 2440 2446 2452
f 2440 2452 2453
f 2440 2453 2454
f 2440 2454 2441
f 2441 2454 2455
f 2441 2455 2464
f 2441 2464 2447
f 2442 2451 2456
f 2442 2456 2457
f 2442 2457 2458
f 2442 2458 2459
f 2442 2459 2443
f 2443 2460 2444
f 2443 2459 2461
f 2443 2461 2460
f 2444 2460 2445
f 2445 2460 2462
f 2445 2462 2446
f 2446 2462 2463
f 2446 2463 2452
f 2447 2464 2448
f 2448 2464 2465
f 2448 2465 2466
f 2449 2450 2467
f 2450 2468 2469
f 2450 2469 2470
f 2450 2470 2467
f 2451 2471 2456
f 2452 2463 2472
f 2452 2472 2473
f 2452 2473 2453
f 2453 2473 2474
f 2453 2474 2454
f 2454 2474 2475
f 2454 2475 2476
f 2454 2476 2455
f 2455 2476 2477
f 2455 2477 2487
f 2455 2487 2464
f 2456 2471 2457
f 2457 2471 2478
f 2457 2478 2479
f 2457 2479 2480
f 2457 2480 2458
f 2458 2480 2459
f 2459 2480 2461
f 2460 2461 2481
f 2460 2481 2462
f 2461 2480 2482
f 2461 2482 2483
f 2461 2483 2484
f 2461 2484 2481
f 2462 2481 2463
f 2463 2485 2486
f 2463 2486 2472
f 2463 2481 2485
f 2464 2487 2488
f 2464 2488 2489
f 2464 2489 2490
f 2464 2490 2465
f 2465 2490 2491
f 2465 2491 2466
f 2466 2491 2492
f 2466 2492 2493
f 2468 2494 2469
f 2469 2494 2495
f 2472 2486 2496
f 2472 2496 2497
f 2472 2497 2473
f 2473 2497 2474
f 2474 2497 2498
f 2474 2498 2499
f 2474 2499 2475
f 2475 2499 2476
f 2476 2499 2477
f 2477 2499 2512
f 2477 2512 2487
f 2478 2500 2479
f 2479 2482 2480
f 2479 2500 2501
f 2479 2501 2502
f 2479 2502 2503
f 2479 2503 2504
f 2479 2504 2482
f 2481 2484 2505
f 2481 2505 2506
f 2481 2506 2485
f 2482 2504 2507
f 2482 2507 2508
f 2482 2508 2505
f 2482 2505 2483
f 2483 2505 2484
f 2485 2506 2486
f 2486 2506 2509
f 2486 2509 2510
f 2486 2510 2511
f 2486 2511 2496
f 2487 2512 2513
f 2487 2513 2488
f 2488 2513 2489
f 2489 2513 2490
f 2490 2513 2514
f 2490 2514 2515
f 2490 2515 2491
f 2491 2515 2492
f 2492 2515 2516
f 2492 2516 2493
f 2494 2517 2518
f 2494 2518 2495
f 2496 2519 2520
f 2496 2520 2497
f 2496 2511 2510
f 2496 2510 2519
f 2497 2521 2499
f 2497 2499 2498
f 2497 2520 2522
f 2497 2522 2521
f 2499 2521 2539
f 2499 2539 2512
f 2500 2523 2501
f 2501 2523 2503
f 2501 2503 2502
f 2503 2523 2524
f 2503 2524 2525
f 2503 2525 2526
f 2503 2526 2527
f 2503 2527 2528
f 2503 2528 2504
f 2504 2528 2507
f 2505 2508 2529
f 2505 2529 2530
f 2505 2530 2531
f 2505 2531 2509
f 2505 2509 2506
f 2507 2530 2529
f 2507 2529 2508
f 2507 2528 2532
f 2507 2532 2533
f 2507 2533 2534
f 2507 2534 2535
f 2507 2535 2536
f 2507 2536 2530
f 2509 2531 2530
f 2509 2530 2510
f 2510 2530 2537
f 2510 2537 2538
f 2510 2538 2519
f 2512 2539 2513
f 2513 2539 2515
f 2513 2515 2514
f 2515 2539 2540
f 2515 2540 2541
f 2515 2541 2542
f 2515 2542 2516
f 2516 2542 2543
f 2517 2544 2518
f 2517 2545 2544
f 2519 2538 2520
f 2520 2538 2546
f 2520 2546 2547
f 2520 2547 2522
f 2521 2522 2549
f 2521 2549 2539
f 2522 2547 2548
f 2522 2548 2549
f 2523 2550 2524
f 2524 2550 2551
f 2524 2551 2552
f 2524 2552 2553
f 2524 2553 2525
f 2525 2553 2554
f 2525 2554 2555
f 2525 2555 2526
f 2526 2555 2527
f 2527 2555 2556
f 2527 2556 2528
f 2528 2556 2532
f 2530 2536 2557
f 2530 2557 2537
f 2532 2556 2555
f 2532 2555 2558
f 2532 2558 2559
f 2532 2559 2533
f 2533 2559 2560
f 2533 2560 2534
f 2534 2560 2561
f 2534 2561 2535
f 2535 2561 2562
f 2535 2562 2536
f 2536 2562 2563
f 2536 2563 2557
f 2537 2557 2563
f 2537 2563 2564
f 2537 2564 2546
f 2537 2546 2538
f 2539 2549 2540
f 2540 2549 2548
f 2540 2548 2565
f 2540 2565 2541
f 2541 2565 2566
f 2541 2566 2567
f 2541 2567 2543
f 2541 2543 2542
f 2543 2567 2568
f 2544 2545 2569
f 2545 2570 2606
f 2545 2606 2627
f 2545 2627 2633
f 2545 2633 2611
f 2545 2611 2620
f 2545 2620 2619
f 2545 2619 2618
f 2545 2618 2587
f 2545 2587 2586
f 2545 2586 2585
f 2545 2585 2584
f 2545 2584 2583
f 2545 2583 2582
f 2545 2582 2617
f 2545 2617 2616
f 2545 2616 2615
f 2545 2615 2634
f 2545 2634 2637
f 2545 2637 2636
f 2545 2636 2635
f 2545 2635 2631
f 2545 2631 2607
f 2545 2607 2571
f 2545 2571 2569
f 2546 2564 2572
f 2546 2572 2573
f 2546 2573 2574
f 2546 2574 2575
f 2546 2575 2576
f 2546 2576 2577
f 2546 2577 2547
f 2547 2577 2578
f 2547 2578 2548
f 2548 2578 2565
f 2551 2579 2552
f 2552 2579 2580
f 2552 2580 2581
f 2552 2581 2553
f 2553 2581 2582
f 2553 2582 2583
f 2553 2583 2584
f 2553 2584 2585
f 2553 2585 2586
f 2553 2586 2587
f 2553 2587 2554
f 2554 2588 2589
f 2554 2589 2590
f 2554 2590 2591
f 2554 2591 2555
f 2554 2587 2588
f 2555 2591 2592
f 2555 2592 2593
f 2555 2593 2558
f 2558 2593 2594
f 2558 2594 2595
f 2558 2595 2559
f 2559 2595 2596
f 2559 2596 2560
f 2560 2596 2597
f 2560 2597 2598
f 2560 2598 2561
f 2561 2598 2562
f 2562 2598 2563
f 2563 2598 2572
f 2563 2572 2564
f 2565 2578 2599
f 2565 2599 2566
f 2566 2600 2601
f 2566 2601 2567
f 2566 2599 2602
f 2566 2602 2603
f 2566 2603 2604
f 2566 2604 2605
f 2566 2605 2600
f 2567 2601 2568
f 2570 2603 2606
f 2572 2598 2573
f 2573 2598 2608
f 2573 2608 2574
f 2574 2608 2609
f 2574 2609 2575
f 2575 2609 2610
f 2575 2610 2611
f 2575 2611 2576
f 2576 2611 2577
f 2577 2611 2612
f 2577 2612 2613
f 2577 2613 2578
f 2578 2613 2599
f 2580 2614 2615
f 2580 2615 2581
f 2581 2615 2616
f 2581 2616 2617
f 2581 2617 2582
f 2587 2618 2594
f 2587 2594 2590
f 2587 2590 2589
f 2587 2589 2588
f 2590 2594 2591
f 2591 2594 2592
f 2592 2594 2593
f 2594 2618 2619
f 2594 2619 2620
f 2594 2620 2595
f 2595 2621 2622
f 2595 2622 2596
f 2595 2620 2621
f 2596 2622 2623
f 2596 2623 2624
f 2596 2624 2608
f 2596 2608 2597
f 2597 2608 2598
f 2599 2613 2625
f 2599 2625 2602
f 2602 2625 2626
f 2602 2626 2603
f 2603 2626 2625
f 2603 2625 2606
f 2606 2625 2628
f 2606 2628 2629
f 2606 2629 2630
f 2606 2630 2627
f 2607 2631 2632
f 2608 2624 2609
f 2609 2624 2620
f 2609 2620 2610
f 2610 2620 2611
f 2611 2633 2630
f 2611 2630 2613
f 2611 2613 2612
f 2613 2630 2629
f 2613 2629 2625
f 2614 2632 2615
f 2615 2632 2634
f 2620 2624 2623
f 2620 2623 2622
f 2620 2622 2621
f 2625 2629 2628
f 2627 2630 2633
f 2631 2635 2632
f 2632 2635 2636
f 2632 2636 2637
f 2632 2637 2634
o convex_7
v 0.008703 -0.449493 0.642857
v 0.123201 -0.449493 0.587671
v 0.008703 -0.449493 0.714763
v 0.008703 -0.363526 0.641317
v 0.124699 -0.449493 0.586969
v 0.0152123 -0.449493 0.714303
v 0.008703 0.487268 0.779916
v 0.008703 -0.348087 0.641317
v 0.30916 -0.449493 0.506149
v 0.008703 -0.332544 0.641398
v 0.330327 0.580109 0.506149
v 0.329999 0.56467 0.506149
v 0.0232201 -0.449493 0.713709
v 0.0232201 0.51825 0.780618
v 0.008703 0.503658 0.781023
v 0.400945 -0.449493 0.506149
v 0.008703 -0.318057 0.641614
v 0.008703 0.18009 0.650069
v 0.008703 0.331723 0.65277
v 0.008703 0.580109 0.6572
v 0.008703 0.594701 0.657578
v 0.008703 0.595653 0.657605
v 0.331498 0.595653 0.506149
v 0.008703 -0.301667 0.641884
v 0.008703 -0.162406 0.64418
v 0.008703 -0.131424 0.644693
v 0.008703 -0.00855254 0.646746
v 0.008703 0.0843939 0.648367
v 0.008703 0.114847 0.648907
v 0.0337099 -0.449493 0.712142
v 0.131536 0.487268 0.763087
v 0.0541743 0.549232 0.778673
v 0.0387206 0.533688 0.779808
v 0.0387206 0.549232 0.780834
v 0.0232201 0.533688 0.781482
v 0.008703 0.519202 0.781752
v 0.400243 -0.449493 0.50731
v 0.479525 0.487268 0.506149
v 0.478401 0.487268 0.50831
v 0.479057 0.502812 0.509525
v 0.479431 0.512434 0.510282
v 0.472688 0.487268 0.518331
v 0.462292 0.394533 0.522842
v 0.448899 0.260347 0.526435
v 0.450023 0.286148 0.528218
v 0.008703 0.611091 0.660712
v 0.335712 0.610456 0.506149
v 0.0371752 -0.449493 0.711575
v 0.14699 0.51825 0.762196
v 0.14699 0.533688 0.763249
v 0.131536 0.502812 0.76406
v 0.0541743 0.56467 0.7797
v 0.0851285 -0.449493 0.70358
v 0.0920592 -0.449493 0.702418
v 0.100582 -0.449493 0.700987
v 0.107513 -0.449493 0.69969
v 0.116083 -0.449493 0.698069
v 0.0387206 0.56467 0.781563
v 0.0232201 0.549232 0.781942
v 0.008703 0.53464 0.782077
v 0.38774 -0.449493 0.527623
v 0.417336 -0.00770661 0.540859
v 0.484161 0.543522 0.506149
v 0.485472 0.559595 0.506149
v 0.480321 0.533688 0.511821
v 0.480977 0.549232 0.512902
v 0.475966 0.517933 0.517035
v 0.463978 0.435137 0.525786
v 0.450678 0.301692 0.529271
v 0.418132 0.0107981 0.542129
v 0.008703 0.619867 0.664412
v 0.340021 0.618704 0.506149
v 0.154951 0.494035 0.758198
v 0.155841 0.502812 0.758549
v 0.157386 0.51825 0.75917
v 0.158885 0.533688 0.759792
v 0.119689 -0.449493 0.697313
v 0.124137 -0.449493 0.69634
v 0.160383 0.549232 0.760386
v 0.163474 0.565939 0.76044
v 0.162491 0.580109 0.761385
v 0.14699 0.549232 0.763979
v 0.0541743 0.580109 0.780294
v 0.0387206 0.580109 0.781969
v 0.0232201 0.56467 0.782104
v 0.008703 0.550078 0.782104
v 0.382963 -0.449493 0.535349
v 0.48669 0.575456 0.506149
v 0.475732 0.533688 0.519547
v 0.481632 0.56467 0.513847
v 0.464867 0.456391 0.527191
v 0.451334 0.31713 0.53027
v 0.418647 0.0232756 0.542912
v 0.40029 -0.100547 0.554257
v 0.399634 -0.115986 0.553312
v 0.404926 -0.115986 0.545586
v 0.40427 -0.131424 0.544614
v 0.403615 -0.146968 0.543614
v 0.432836 0.177869 0.540994
v 0.433164 0.1858 0.541508
v 0.345593 0.623251 0.506149
v 0.343205 0.621665 0.506149
v 0.008703 0.625366 0.673002
v 0.360251 0.629384 0.506149
v 0.347841 0.624414 0.506149
v 0.138654 -0.449493 0.691505
v 0.14699 -0.449493 0.688723
v 0.16605 -0.449493 0.682348
v 0.170452 -0.449493 0.680863
v 0.170311 0.571966 0.758144
v 0.14699 0.580109 0.76487
v 0.14699 0.56467 0.764573
v 0.170452 0.580109 0.758198
v 0.170452 0.588356 0.758198
v 0.162678 0.594384 0.760062
v 0.14699 0.595653 0.763952
v 0.0541743 0.595653 0.777971
v 0.0387206 0.595653 0.780051
v 0.0232201 0.595653 0.781158
v 0.008703 0.595653 0.781834
v 0.0232201 0.580109 0.782104
v 0.008703 0.580109 0.782104
v 0.375189 -0.449493 0.547153
v 0.487018 0.580109 0.506149
v 0.476247 0.549232 0.520627
v 0.466787 0.502812 0.530027
v 0.465523 0.47183 0.528164
v 0.482241 0.580109 0.514685
v 0.413168 0.0232756 0.550638
v 0.434147 0.208851 0.542831
v 0.402023 -0.0589911 0.556661
v 0.388629 -0.193388 0.559443
v 0.398979 -0.131424 0.552339
v 0.397714 -0.162406 0.550313
v 0.387927 -0.208826 0.558552
v 0.446276 0.31713 0.537996
v 0.008703 0.630336 0.68848
v 0.363576 0.629913 0.506149
v 0.178178 -0.449493 0.677108
v 0.276098 0.533688 0.71063
v 0.268372 0.533688 0.714033
v 0.255259 0.549232 0.720867
v 0.245425 0.56467 0.72627
v 0.237698 0.56467 0.729511
v 0.224352 0.580109 0.73621
v 0.212645 0.580109 0.740991
v 0.193445 0.580109 0.748825
v 0.237886 0.595653 0.7297
v 0.224352 0.595653 0.735319
v 0.211334 0.595653 0.740532
v 0.176539 0.594384 0.754686
v 0.16797 0.598719 0.757253
v 0.15762 0.606544 0.759143
v 0.145679 0.611514 0.760116
v 0.0541743 0.605381 0.774567
v 0.0387206 0.607813 0.775783
v 0.0232201 0.610033 0.776917
v 0.00926494 0.612677 0.777269
v 0.008703 0.612571 0.777296
v 0.369382 -0.449493 0.554878
v 0.486503 0.595653 0.506149
v 0.476668 0.56467 0.5216
v 0.467396 0.51825 0.530838
v 0.461402 0.502812 0.537753
v 0.448524 0.373279 0.541318
v 0.446885 0.332568 0.538941
v 0.47709 0.580109 0.52241
v 0.482007 0.595653 0.514171
v 0.416259 0.100467 0.555041
v 0.41565 0.0851341 0.554203
v 0.403521 -0.0231448 0.55866
v 0.402444 -0.0486285 0.557256
v 0.389285 -0.177844 0.560308
v 0.38685 -0.0935685 0.572544
v 0.386382 -0.103825 0.572004
v 0.385117 -0.131424 0.570545
v 0.008703 0.630759 0.703958
v 0.379029 0.630759 0.506149
v 0.375704 0.630653 0.506149
v 0.193445 -0.449493 0.669599
v 0.286214 0.533688 0.705308
v 0.286214 0.549232 0.706551
v 0.277363 0.549232 0.711197
v 0.269636 0.549232 0.714655
v 0.228052 -0.449493 0.652284
v 0.247017 -0.449493 0.642776
v 0.258818 -0.449493 0.636752
v 0.26322 -0.449493 0.634483
v 0.255259 0.56467 0.721975
v 0.238822 0.580109 0.730106
v 0.245613 0.595653 0.726324
v 0.235076 0.60813 0.728377
v 0.20164 0.604112 0.742828
v 0.193445 0.595653 0.74769
v 0.193117 0.610033 0.744557
v 0.187732 0.61955 0.743368
v 0.162678 0.611514 0.755308
v 0.14994 0.616906 0.757063
v 0.139638 0.618916 0.758171
v 0.0154464 0.61881 0.773568
v 0.008703 0.613629 0.776836
v 0.365121 -0.449493 0.558768
v 0.386428 0.0500281 0.587563
v 0.375096 -0.177844 0.575948
v 0.482897 0.610033 0.506149
v 0.480836 0.60665 0.512389
v 0.467958 0.533688 0.531486
v 0.461964 0.51825 0.538563
v 0.453066 0.487268 0.547234
v 0.451849 0.456391 0.545667
v 0.444731 0.425409 0.551799
v 0.431431 0.286148 0.554662
v 0.428949 0.22429 0.551394
v 0.469363 0.580109 0.533134
v 0.468942 0.56467 0.532594
v 0.468473 0.549232 0.532026
v 0.476575 0.595653 0.521924
v 0.40605 0.0387138 0.561956
v 0.404785 0.00783734 0.560335
v 0.419349 0.177869 0.559146
v 0.412231 0.146887 0.565251
v 0.400103 0.0387138 0.569708
v 0.399447 0.0232756 0.568898
v 0.397527 -0.0231448 0.566386
v 0.391252 -0.131424 0.56282
v 0.390596 -0.146968 0.561983
v 0.386897 0.0603907 0.588076
v 0.399681 0.177869 0.584673
v 0.402163 0.388083 0.603284
v 0.401133 0.363551 0.602014
v 0.008703 0.630759 0.734914
v 0.422159 0.630759 0.506149
v 0.295392 0.502812 0.697205
v 0.296422 0.51825 0.697907
v 0.297312 0.533688 0.698636
v 0.297921 0.549232 0.699312
v 0.286214 0.56467 0.707091
v 0.277878 0.56467 0.711413
v 0.270151 0.56467 0.715114
v 0.246549 0.580109 0.726729
v 0.266686 -0.449493 0.632187
v 0.255259 0.580109 0.722569
v 0.255259 0.595653 0.721705
v 0.266171 0.611091 0.71325
v 0.231657 0.618387 0.726945
v 0.177944 0.620607 0.744962
v 0.221355 0.620079 0.728647
v 0.225663 0.623251 0.72084
v 0.177944 0.625895 0.734914
v 0.008703 0.623145 0.768382
v 0.162491 0.622088 0.747501
v 0.145679 0.622616 0.75131
v 0.131536 0.624731 0.750365
v 0.008703 0.623885 0.767328
v 0.361656 -0.449493 0.56174
v 0.371724 -0.0809853 0.588265
v 0.371115 -0.0913479 0.587806
v 0.3706 -0.100547 0.587374
v 0.398744 0.47183 0.615277
v 0.386616 0.217945 0.603284
v 0.48107 0.614157 0.506149
v 0.478307 0.616906 0.508958
v 0.464493 0.619127 0.526516
v 0.466366 0.611091 0.529055
v 0.434522 0.606544 0.574219
v 0.448711 0.603477 0.557066
v 0.462432 0.533688 0.539211
v 0.454237 0.51825 0.548774
v 0.449414 0.549232 0.557985
v 0.448992 0.536966 0.557445
v 0.444075 0.532525 0.563468
v 0.447119 0.487268 0.554986
v 0.431057 0.425409 0.569681
v 0.44534 0.440847 0.552609
v 0.420286 0.348112 0.575813
v 0.417991 0.290695 0.572814
v 0.417195 0.27071 0.571761
v 0.46365 0.580109 0.540859
v 0.456672 0.56467 0.54926
v 0.462854 0.549232 0.539779
v 0.468848 0.595653 0.532377
v 0.402631 0.100467 0.57295
v 0.402304 0.0923245 0.572517
v 0.402023 0.235075 0.587644
v 0.403474 0.27071 0.589481
v 0.407221 0.363551 0.594289
v 0.402585 0.39834 0.603797
v 0.403053 0.409971 0.604391
v 0.069628 0.630759 0.734914
v 0.008703 0.630336 0.750365
v 0.437613 0.630547 0.506149
v 0.409984 0.630759 0.533782
v 0.425437 0.630653 0.518331
v 0.270947 -0.449493 0.629351
v 0.290288 -0.449493 0.616466
v 0.295392 -0.449493 0.613062
v 0.301667 -0.449493 0.608876
v 0.305226 -0.449493 0.606498
v 0.309581 -0.449493 0.603554
v 0.304196 0.51825 0.692397
v 0.314545 0.51825 0.684671
v 0.340957 0.533688 0.665736
v 0.360157 0.56467 0.653121
v 0.298108 0.56467 0.699663
v 0.298155 0.580109 0.699663
v 0.286214 0.580109 0.707118
v 0.277878 0.580109 0.711413
v 0.270151 0.580109 0.715276
v 0.269261 0.595653 0.714817
v 0.276988 0.595653 0.710954
v 0.286214 0.595653 0.706092
v 0.296141 0.607284 0.697772
v 0.273897 0.611091 0.708955
v 0.263642 0.619127 0.712007
v 0.239853 0.621982 0.717113
v 0.255259 0.624943 0.703958
v 0.208898 0.627058 0.719436
v 0.162491 0.627904 0.734914
v 0.14699 0.629384 0.734914
v 0.131536 0.63023 0.734914
v 0.069628 0.627904 0.750365
v 0.0541743 0.628644 0.750365
v 0.0387206 0.629278 0.750365
v 0.0232201 0.629913 0.750365
v 0.008703 0.626423 0.760683
v 0.367931 -0.146968 0.585186
v 0.365964 -0.00770661 0.599286
v 0.364184 -0.038583 0.597909
v 0.373082 0.116011 0.604797
v 0.40427 0.440847 0.605985
v 0.404879 0.456391 0.606769
v 0.405441 0.47183 0.607552
v 0.40605 0.487268 0.608038
v 0.39926 0.487268 0.615791
v 0.391533 0.487268 0.622922
v 0.391018 0.47183 0.6223
v 0.390222 0.456391 0.621625
v 0.389379 0.440847 0.62095
v 0.387084 0.399608 0.619113
v 0.385023 0.363551 0.617519
v 0.479197 0.617858 0.506149
v 0.417523 0.618598 0.587698
v 0.431806 0.616801 0.570789
v 0.467303 0.620502 0.518331
v 0.455689 0.62103 0.53254
v 0.450023 0.619867 0.543452
v 0.420239 0.608236 0.59094
v 0.429792 0.595653 0.583781
v 0.435974 0.595653 0.576056
v 0.443701 0.595653 0.565872
v 0.456204 0.595653 0.54926
v 0.463088 0.595653 0.540103
v 0.444075 0.56467 0.566278
v 0.436348 0.56467 0.576569
v 0.435786 0.549232 0.575867
v 0.429277 0.533688 0.582836
v 0.419162 0.47183 0.589805
v 0.422721 0.409971 0.578973
v 0.415556 0.378989 0.585159
v 0.421504 0.378989 0.577406
v 0.430448 0.409971 0.568898
v 0.420895 0.363551 0.576623
v 0.414339 0.348112 0.583538
v 0.457422 0.580109 0.54926
v 0.450163 0.580109 0.559011
v 0.14699 0.630759 0.719436
v 0.0851285 0.630653 0.734914
v 0.39453 0.630547 0.564738
v 0.425437 0.629913 0.533782
v 0.440938 0.63023 0.506149
v 0.39453 0.630759 0.54926
v 0.379029 0.630653 0.580216
v 0.360906 0.0387138 0.607336
v 0.363576 0.100467 0.610766
v 0.35243 0.239728 0.631728
v 0.342643 0.378989 0.651582
v 0.337023 0.456391 0.662737
v 0.329297 0.456391 0.668599
v 0.328407 0.440847 0.667897
v 0.32068 0.487268 0.677648
v 0.313843 0.502812 0.683996
v 0.32157 0.502812 0.678242
v 0.322319 0.51825 0.678783
v 0.348684 0.533688 0.659793
v 0.359502 0.549232 0.652635
v 0.331685 0.502812 0.670517
v 0.375002 0.502812 0.637211
v 0.367275 0.549232 0.646584
v 0.367884 0.56467 0.646854
v 0.360391 0.580109 0.65331
v 0.297687 0.595653 0.699096
v 0.292817 0.617647 0.695368
v 0.341098 0.604746 0.665817
v 0.282514 0.620396 0.698528
v 0.269589 0.621453 0.703796
v 0.27076 0.627692 0.68848
v 0.239853 0.627692 0.703958
v 0.287103 0.623357 0.689533
v 0.193445 0.62875 0.719436
v 0.177944 0.630018 0.719436
v 0.162491 0.630653 0.719436
v 0.373738 0.301692 0.620761
v 0.413215 0.47183 0.59753
v 0.413777 0.487268 0.598314
v 0.420942 0.51825 0.592074
v 0.414339 0.502812 0.59907
v 0.414713 0.51825 0.599826
v 0.3994 0.502812 0.61598
v 0.391673 0.502812 0.623408
v 0.414901 0.533688 0.600313
v 0.383384 0.51825 0.631431
v 0.382729 0.502812 0.631133
v 0.381183 0.47183 0.630026
v 0.38198 0.487268 0.630647
v 0.380294 0.456391 0.629378
v 0.371864 0.443808 0.63478
v 0.365496 0.332568 0.629864
v 0.471658 0.622299 0.506149
v 0.421504 0.620819 0.577379
v 0.406284 0.620819 0.595667
v 0.402631 0.619127 0.603932
v 0.413589 0.612465 0.595937
v 0.469644 0.623145 0.506149
v 0.456391 0.625049 0.518331
v 0.440844 0.622088 0.548855
v 0.426186 0.622934 0.565278
v 0.404973 0.611091 0.606255
v 0.414901 0.595653 0.600367
v 0.422019 0.595653 0.592641
v 0.430354 0.580109 0.5847
v 0.436676 0.580109 0.576974
v 0.444403 0.580109 0.566737
v 0.430167 0.56467 0.584322
v 0.429792 0.549232 0.583592
v 0.416774 0.409971 0.586699
v 0.193445 0.630759 0.703958
v 0.379029 0.629807 0.595667
v 0.39453 0.629384 0.580216
v 0.440938 0.629384 0.518331
v 0.453066 0.628538 0.506149
v 0.363576 0.630759 0.580216
v 0.363576 0.630653 0.595667
v 0.349527 0.301163 0.639399
v 0.345312 0.425409 0.653634
v 0.346202 0.440847 0.65431
v 0.347092 0.456391 0.654985
v 0.355474 0.467811 0.649502
v 0.337866 0.47183 0.663359
v 0.33014 0.47183 0.669274
v 0.366479 0.533688 0.646098
v 0.338662 0.487268 0.663953
v 0.375658 0.51825 0.637805
v 0.376173 0.549232 0.638886
v 0.368165 0.580109 0.646962
v 0.367369 0.595653 0.646503
v 0.359642 0.595653 0.65277
v 0.34934 0.595653 0.660523
v 0.35435 0.617224 0.64861
v 0.309862 0.619021 0.681052
v 0.357862 0.606861 0.651446
v 0.301667 0.620713 0.684212
v 0.286214 0.629173 0.673002
v 0.255259 0.62949 0.68848
v 0.301667 0.625577 0.673002
v 0.224352 0.629384 0.703958
v 0.344048 0.620396 0.6525
v 0.348778 0.62304 0.642911
v 0.208898 0.630441 0.703958
v 0.3994 0.51825 0.616061
v 0.391673 0.533688 0.623786
v 0.383946 0.549232 0.631512
v 0.391673 0.51825 0.623678
v 0.414901 0.549232 0.600529
v 0.407174 0.533688 0.608308
v 0.383759 0.533688 0.631512
v 0.42244 0.56467 0.592857
v 0.363576 0.456391 0.642289
v 0.372567 0.456391 0.635347
v 0.349433 0.47257 0.654526
v 0.411435 0.623674 0.58162
v 0.393312 0.620819 0.609902
v 0.39453 0.625895 0.595667
v 0.387365 0.619127 0.619356
v 0.397386 0.611091 0.613981
v 0.456391 0.627692 0.506149
v 0.440938 0.626529 0.533782
v 0.407127 0.595653 0.608308
v 0.422627 0.580109 0.592857
v 0.255259 0.630759 0.673002
v 0.239853 0.630441 0.68848
v 0.363576 0.629384 0.611145
v 0.379029 0.626 0.611145
v 0.348075 0.630547 0.611145
v 0.332621 0.630336 0.626622
v 0.409984 0.628644 0.564738
v 0.332621 0.630759 0.611145
v 0.286214 0.630653 0.657551
v 0.37622 0.56467 0.639156
v 0.37622 0.580109 0.639264
v 0.383806 0.595653 0.631512
v 0.376079 0.595653 0.638805
v 0.374393 0.608447 0.637022
v 0.371209 0.618704 0.634294
v 0.332621 0.627692 0.6421
v 0.348075 0.628644 0.626622
v 0.27076 0.630441 0.673002
v 0.365074 0.62378 0.628135
v 0.360906 0.620819 0.638319
v 0.379029 0.620925 0.623057
v 0.379357 0.612571 0.630377
v 0.38966 0.611091 0.621679
v 0.391673 0.595653 0.623786
v 0.3994 0.595653 0.616061
f 2638 2639 2642
f 2638 2642 2646
f 2638 2646 2653
f 2638 2653 2674
f 2638 2674 2698
f 2638 2698 2724
f 2638 2724 2760
f 2638 2760 2797
f 2638 2797 2839
f 2638 2839 2892
f 2638 2892 2936
f 2638 2936 2935
f 2638 2935 2934
f 2638 2934 2933
f 2638 2933 2932
f 2638 2932 2931
f 2638 2931 2878
f 2638 2878 2825
f 2638 2825 2824
f 2638 2824 2823
f 2638 2823 2822
f 2638 2822 2817
f 2638 2817 2776
f 2638 2776 2746
f 2638 2746 2745
f 2638 2745 2744
f 2638 2744 2743
f 2638 2743 2715
f 2638 2715 2714
f 2638 2714 2694
f 2638 2694 2693
f 2638 2693 2692
f 2638 2692 2691
f 2638 2691 2690
f 2638 2690 2685
f 2638 2685 2667
f 2638 2667 2650
f 2638 2650 2643
f 2638 2643 2640
f 2638 2640 2644
f 2638 2644 2652
f 2638 2652 2673
f 2638 2673 2697
f 2638 2697 2723
f 2638 2723 2759
f 2638 2759 2757
f 2638 2757 2796
f 2638 2796 2838
f 2638 2838 2887
f 2638 2887 2891
f 2638 2891 2962
f 2638 2962 2927
f 2638 2927 2868
f 2638 2868 2814
f 2638 2814 2774
f 2638 2774 2740
f 2638 2740 2708
f 2638 2708 2683
f 2638 2683 2659
f 2638 2659 2658
f 2638 2658 2657
f 2638 2657 2656
f 2638 2656 2655
f 2638 2655 2666
f 2638 2666 2665
f 2638 2665 2664
f 2638 2664 2663
f 2638 2663 2662
f 2638 2662 2661
f 2638 2661 2654
f 2638 2654 2647
f 2638 2647 2645
f 2638 2645 2641
f 2638 2641 2639
f 2639 2641 2642
f 2640 2643 2644
f 2641 2645 2642
f 2642 2645 2647
f 2642 2647 2648
f 2642 2648 2649
f 2642 2649 2646
f 2643 2650 2644
f 2644 2651 2652
f 2644 2650 2651
f 2646 2649 2648
f 2646 2648 2660
f 2646 2660 2684
f 2646 2684 2709
f 2646 2709 2739
f 2646 2739 2738
f 2646 2738 2742
f 2646 2742 2741
f 2646 2741 2775
f 2646 2775 2816
f 2646 2816 2815
f 2646 2815 2869
f 2646 2869 2928
f 2646 2928 3007
f 2646 3007 3077
f 2646 3077 3122
f 2646 3122 3060
f 2646 3060 3055
f 2646 3055 2978
f 2646 2978 2898
f 2646 2898 2842
f 2646 2842 2798
f 2646 2798 2761
f 2646 2761 2725
f 2646 2725 2701
f 2646 2701 2700
f 2646 2700 2675
f 2646 2675 2653
f 2647 2654 2648
f 2648 2655 2656
f 2648 2656 2657
f 2648 2657 2658
f 2648 2658 2659
f 2648 2659 2660
f 2648 2654 2661
f 2648 2661 2662
f 2648 2662 2663
f 2648 2663 2664
f 2648 2664 2665
f 2648 2665 2666
f 2648 2666 2655
f 2650 2667 2668
f 2650 2668 2669
f 2650 2669 2670
f 2650 2670 2651
f 2651 2670 2671
f 2651 2671 2672
f 2651 2672 2652
f 2652 2672 2673
f 2653 2675 2676
f 2653 2676 2677
f 2653 2677 2678
f 2653 2678 2679
f 2653 2679 2680
f 2653 2680 2681
f 2653 2681 2682
f 2653 2682 2674
f 2659 2683 2684
f 2659 2684 2660
f 2667 2685 2668
f 2668 2686 2687
f 2668 2687 2688
f 2668 2688 2689
f 2668 2689 2669
f 2668 2685 2690
f 2668 2690 2691
f 2668 2691 2692
f 2668 2692 2693
f 2668 2693 2694
f 2668 2694 2686
f 2669 2689 2670
f 2670 2689 2671
f 2671 2689 2695
f 2671 2695 2672
f 2672 2695 2696
f 2672 2696 2673
f 2673 2696 2697
f 2674 2682 2699
f 2674 2699 2698
f 2675 2700 2677
f 2675 2677 2676
f 2677 2700 2701
f 2677 2701 2678
f 2678 2701 2702
f 2678 2702 2679
f 2679 2702 2703
f 2679 2703 2704
f 2679 2704 2705
f 2679 2705 2680
f 2680 2705 2682
f 2680 2682 2681
f 2682 2705 2706
f 2682 2706 2707
f 2682 2707 2699
f 2683 2708 2709
f 2683 2709 2684
f 2686 2710 2711
f 2686 2711 2712
f 2686 2712 2713
f 2686 2713 2687
f 2686 2694 2714
f 2686 2714 2715
f 2686 2715 2710
f 2687 2713 2716
f 2687 2716 2717
f 2687 2717 2718
f 2687 2718 2719
f 2687 2719 2689
f 2687 2689 2688
f 2689 2719 2749
f 2689 2749 2720
f 2689 2720 2695
f 2695 2720 2721
f 2695 2721 2696
f 2696 2721 2697
f 2697 2721 2722
f 2697 2722 2723
f 2698 2699 2724
f 2699 2707 2724
f 2701 2703 2702
f 2701 2725 2703
f 2703 2726 2704
f 2703 2725 2727
f 2703 2727 2726
f 2704 2728 2705
f 2704 2726 2728
f 2705 2728 2706
f 2706 2728 2729
f 2706 2729 2707
f 2707 2730 2731
f 2707 2731 2732
f 2707 2732 2733
f 2707 2733 2734
f 2707 2734 2735
f 2707 2735 2724
f 2707 2729 2736
f 2707 2736 2737
f 2707 2737 2730
f 2708 2738 2739
f 2708 2739 2709
f 2708 2740 2741
f 2708 2741 2742
f 2708 2742 2738
f 2710 2715 2743
f 2710 2743 2744
f 2710 2744 2745
f 2710 2745 2746
f 2710 2746 2711
f 2711 2746 2712
f 2712 2746 2713
f 2713 2746 2716
f 2716 2746 2717
f 2717 2747 2718
f 2717 2746 2747
f 2718 2748 2749
f 2718 2749 2719
f 2718 2747 2750
f 2718 2750 2751
f 2718 2751 2752
f 2718 2752 2753
f 2718 2753 2748
f 2720 2748 2753
f 2720 2753 2754
f 2720 2754 2755
f 2720 2755 2721
f 2720 2749 2748
f 2721 2755 2756
f 2721 2756 2757
f 2721 2757 2758
f 2721 2758 2722
f 2722 2758 2759
f 2722 2759 2723
f 2724 2735 2760
f 2725 2761 2727
f 2726 2727 2762
f 2726 2762 2763
f 2726 2763 2764
f 2726 2764 2728
f 2727 2761 2765
f 2727 2765 2762
f 2728 2764 2729
f 2729 2737 2736
f 2729 2764 2737
f 2730 2766 2731
f 2730 2737 2767
f 2730 2767 2766
f 2731 2766 2768
f 2731 2768 2769
f 2731 2769 2732
f 2732 2770 2771
f 2732 2771 2733
f 2732 2769 2772
f 2732 2772 2760
f 2732 2760 2770
f 2733 2771 2734
f 2734 2771 2760
f 2734 2760 2735
f 2737 2764 2773
f 2737 2773 2767
f 2740 2774 2741
f 2741 2774 2775
f 2746 2776 2777
f 2746 2777 2778
f 2746 2778 2779
f 2746 2779 2780
f 2746 2780 2781
f 2746 2781 2747
f 2747 2781 2782
f 2747 2782 2783
f 2747 2783 2784
f 2747 2784 2750
f 2750 2784 2751
f 2751 2785 2786
f 2751 2786 2787
f 2751 2787 2788
f 2751 2788 2789
f 2751 2789 2752
f 2751 2784 2783
f 2751 2783 2782
f 2751 2782 2785
f 2752 2789 2790
f 2752 2790 2753
f 2753 2790 2791
f 2753 2791 2754
f 2754 2791 2755
f 2755 2791 2792
f 2755 2792 2793
f 2755 2793 2794
f 2755 2794 2795
f 2755 2795 2756
f 2756 2795 2757
f 2757 2759 2758
f 2757 2795 2796
f 2760 2772 2769
f 2760 2769 2797
f 2760 2771 2770
f 2761 2798 2765
f 2762 2765 2799
f 2762 2799 2800
f 2762 2800 2763
f 2763 2800 2801
f 2763 2801 2802
f 2763 2802 2803
f 2763 2803 2773
f 2763 2773 2764
f 2765 2804 2799
f 2765 2798 2805
f 2765 2805 2804
f 2766 2767 2768
f 2767 2773 2803
f 2767 2803 2802
f 2767 2802 2806
f 2767 2806 2807
f 2767 2807 2808
f 2767 2808 2809
f 2767 2809 2768
f 2768 2809 2810
f 2768 2810 2769
f 2769 2810 2811
f 2769 2811 2812
f 2769 2812 2813
f 2769 2813 2797
f 2774 2814 2815
f 2774 2815 2816
f 2774 2816 2775
f 2776 2817 2777
f 2777 2818 2819
f 2777 2819 2820
f 2777 2820 2821
f 2777 2821 2778
f 2777 2817 2822
f 2777 2822 2823
f 2777 2823 2824
f 2777 2824 2825
f 2777 2825 2818
f 2778 2821 2779
f 2779 2821 2780
f 2780 2821 2826
f 2780 2826 2827
f 2780 2827 2782
f 2780 2782 2781
f 2782 2827 2785
f 2785 2827 2877
f 2785 2877 2828
f 2785 2828 2829
f 2785 2829 2786
f 2786 2829 2830
f 2786 2830 2787
f 2787 2831 2788
f 2787 2830 2831
f 2788 2831 2830
f 2788 2830 2789
f 2789 2830 2832
f 2789 2832 2790
f 2790 2832 2833
f 2790 2833 2834
f 2790 2834 2835
f 2790 2835 2791
f 2791 2793 2792
f 2791 2835 2836
f 2791 2836 2793
f 2793 2836 2794
f 2794 2836 2837
f 2794 2837 2795
f 2795 2837 2838
f 2795 2838 2796
f 2797 2813 2840
f 2797 2840 2841
f 2797 2841 2839
f 2798 2842 2843
f 2798 2843 2805
f 2799 2804 2844
f 2799 2844 2800
f 2800 2845 2801
f 2800 2844 2845
f 2801 2845 2846
f 2801 2846 2847
f 2801 2847 2802
f 2802 2847 2848
f 2802 2848 2849
f 2802 2849 2850
f 2802 2850 2806
f 2804 2851 2852
f 2804 2852 2853
f 2804 2853 2844
f 2804 2805 2854
f 2804 2854 2851
f 2805 2843 2854
f 2806 2855 2856
f 2806 2856 2807
f 2806 2850 2849
f 2806 2849 2857
f 2806 2857 2858
f 2806 2858 2855
f 2807 2856 2808
f 2808 2856 2859
f 2808 2859 2860
f 2808 2860 2861
f 2808 2861 2862
f 2808 2862 2863
f 2808 2863 2810
f 2808 2810 2809
f 2810 2863 2811
f 2811 2864 2840
f 2811 2840 2812
f 2811 2863 2862
f 2811 2862 2861
f 2811 2861 2860
f 2811 2860 2859
f 2811 2859 2865
f 2811 2865 2866
f 2811 2866 2867
f 2811 2867 2864
f 2812 2840 2813
f 2814 2868 2926
f 2814 2926 3003
f 2814 3003 3073
f 2814 3073 3126
f 2814 3126 3133
f 2814 3133 3078
f 2814 3078 3008
f 2814 3008 2929
f 2814 2929 2869
f 2814 2869 2815
f 2818 2870 2871
f 2818 2871 2872
f 2818 2872 2819
f 2818 2825 2870
f 2819 2873 2874
f 2819 2874 2820
f 2819 2872 2873
f 2820 2874 2875
f 2820 2875 2876
f 2820 2876 2877
f 2820 2877 2826
f 2820 2826 2821
f 2825 2878 2871
f 2825 2871 2870
f 2826 2877 2827
f 2828 2877 2879
f 2828 2879 2880
f 2828 2880 2881
f 2828 2881 2829
f 2829 2881 2882
f 2829 2882 2830
f 2830 2882 2832
f 2832 2882 2833
f 2833 2883 2836
f 2833 2836 2835
f 2833 2835 2834
f 2833 2882 2884
f 2833 2884 2885
f 2833 2885 2886
f 2833 2886 2883
f 2836 2887 2837
f 2836 2883 2888
f 2836 2888 2889
f 2836 2889 2890
f 2836 2890 2891
f 2836 2891 2887
f 2837 2887 2838
f 2839 2841 2893
f 2839 2893 2894
f 2839 2894 2895
f 2839 2895 2892
f 2840 2893 2841
f 2840 2864 2896
f 2840 2896 2897
f 2840 2897 2893
f 2842 2898 2899
f 2842 2899 2843
f 2843 2899 2900
f 2843 2900 2901
f 2843 2901 2902
f 2843 2902 2903
f 2843 2903 2854
f 2844 2853 2904
f 2844 2904 2845
f 2845 2905 2846
f 2845 2904 2906
f 2845 2906 2907
f 2845 2907 2905
f 2846 2905 2908
f 2846 2908 2909
f 2846 2909 2910
f 2846 2910 2911
f 2846 2911 2847
f 2847 2911 2848
f 2848 2911 2999
f 2848 2999 2912
f 2848 2912 2913
f 2848 2913 2849
f 2849 2913 2914
f 2849 2914 2858
f 2849 2858 2857
f 2851 2915 2916
f 2851 2916 2917
f 2851 2917 2852
f 2851 2854 2918
f 2851 2918 2915
f 2852 2917 2904
f 2852 2904 2853
f 2854 2903 2918
f 2855 2858 2919
f 2855 2919 2920
f 2855 2920 2856
f 2856 2920 2859
f 2858 2914 2919
f 2859 2920 2865
f 2864 2867 2866
f 2864 2866 2896
f 2865 2921 2866
f 2865 2920 2919
f 2865 2919 2921
f 2866 2921 2922
f 2866 2922 2923
f 2866 2923 2924
f 2866 2924 2925
f 2866 2925 2896
f 2868 2927 2926
f 2869 2929 2930
f 2869 2930 2928
f 2871 2878 2931
f 2871 2931 2932
f 2871 2932 2933
f 2871 2933 2934
f 2871 2934 2935
f 2871 2935 2936
f 2871 2936 2872
f 2872 2936 2937
f 2872 2937 2873
f 2873 2937 2938
f 2873 2938 2939
f 2873 2939 2940
f 2873 2940 2941
f 2873 2941 2874
f 2874 2941 2942
f 2874 2942 2943
f 2874 2943 2875
f 2875 2943 2944
f 2875 2944 2945
f 2875 2945 2879
f 2875 2879 2876
f 2876 2879 2877
f 2879 2945 2880
f 2880 2945 2946
f 2880 2946 2881
f 2881 2946 2947
f 2881 2947 2948
f 2881 2948 2949
f 2881 2949 2950
f 2881 2950 2951
f 2881 2951 2882
f 2882 2951 2884
f 2883 2886 2888
f 2884 2951 2952
f 2884 2952 2885
f 2885 2952 2953
f 2885 2953 2954
f 2885 2954 2886
f 2886 2954 2955
f 2886 2955 2889
f 2886 2889 2888
f 2889 2955 2890
f 2890 2955 2956
f 2890 2956 2957
f 2890 2957 2958
f 2890 2958 2891
f 2891 2958 2959
f 2891 2959 2960
f 2891 2960 2961
f 2891 2961 2962
f 2892 2895 2963
f 2892 2963 2936
f 2893 2964 2965
f 2893 2965 2936
f 2893 2936 2894
f 2893 2897 2966
f 2893 2966 2964
f 2894 2936 2895
f 2895 2936 2963
f 2896 2925 2967
f 2896 2967 2968
f 2896 2968 2969
f 2896 2969 2970
f 2896 2970 2971
f 2896 2971 2972
f 2896 2972 2973
f 2896 2973 2974
f 2896 2974 2897
f 2897 2974 2975
f 2897 2975 2976
f 2897 2976 2977
f 2897 2977 2966
f 2898 2978 2899
f 2899 2978 2900
f 2900 2979 2980
f 2900 2980 2902
f 2900 2902 2901
f 2900 2978 2981
f 2900 2981 2982
f 2900 2982 2983
f 2900 2983 2979
f 2902 2980 2979
f 2902 2979 2984
f 2902 2984 2985
f 2902 2985 2986
f 2902 2986 2903
f 2903 2986 2987
f 2903 2987 2988
f 2903 2988 2989
f 2903 2989 2918
f 2904 2917 2906
f 2905 2907 2908
f 2906 2917 2916
f 2906 2916 2990
f 2906 2990 2991
f 2906 2991 2907
f 2907 2991 2908
f 2908 2991 2992
f 2908 2992 2993
f 2908 2993 2909
f 2909 2993 2994
f 2909 2994 2910
f 2910 2995 2996
f 2910 2996 2997
f 2910 2997 2999
f 2910 2999 2998
f 2910 2998 2911
f 2910 2994 2995
f 2911 2998 2999
f 2912 2999 2996
f 2912 2996 3000
f 2912 3000 2913
f 2913 3000 2919
f 2913 2919 2914
f 2915 3001 2990
f 2915 2990 2916
f 2915 2918 3001
f 2918 2989 3069
f 2918 3069 3002
f 2918 3002 3001
f 2919 3000 2923
f 2919 2923 2922
f 2919 2922 2921
f 2923 3000 2996
f 2923 2996 2925
f 2923 2925 2924
f 2925 2996 2967
f 2926 2927 3004
f 2926 3004 3038
f 2926 3038 3003
f 2927 2962 2961
f 2927 2961 2957
f 2927 2957 3004
f 2928 3005 3006
f 2928 3006 3007
f 2928 2930 3005
f 2929 3008 3009
f 2929 3009 3005
f 2929 3005 2930
f 2936 2965 2964
f 2936 2964 3010
f 2936 3010 3011
f 2936 3011 3012
f 2936 3012 3013
f 2936 3013 3014
f 2936 3014 3015
f 2936 3015 3016
f 2936 3016 3017
f 2936 3017 2937
f 2937 3017 3018
f 2937 3018 3019
f 2937 3019 2938
f 2938 3019 3020
f 2938 3020 2939
f 2939 3021 3022
f 2939 3022 2940
f 2939 3020 3019
f 2939 3019 3023
f 2939 3023 3024
f 2939 3024 3021
f 2940 3022 3025
f 2940 3025 3026
f 2940 3026 3027
f 2940 3027 2941
f 2941 3027 2942
f 2942 3027 3028
f 2942 3028 2943
f 2943 3028 2948
f 2943 2948 2947
f 2943 2947 2944
f 2944 2947 2946
f 2944 2946 2945
f 2948 3028 2949
f 2949 3029 2951
f 2949 2951 2950
f 2949 3028 3030
f 2949 3030 3029
f 2951 3029 3031
f 2951 3031 3032
f 2951 3032 2953
f 2951 2953 2952
f 2953 3033 3034
f 2953 3034 2954
f 2953 3032 3035
f 2953 3035 3033
f 2954 3034 3036
f 2954 3036 2955
f 2955 3036 2956
f 2956 3037 2957
f 2956 3036 3037
f 2957 2961 2960
f 2957 2960 2959
f 2957 2959 2958
f 2957 3037 3105
f 2957 3105 3038
f 2957 3038 3004
f 2964 2966 3010
f 2966 2977 3039
f 2966 3039 3011
f 2966 3011 3010
f 2967 2996 2968
f 2968 3040 3041
f 2968 3041 2969
f 2968 2996 3040
f 2969 3041 2993
f 2969 2993 3042
f 2969 3042 3043
f 2969 3043 2970
f 2970 3043 3044
f 2970 3044 2971
f 2971 3045 3046
f 2971 3046 2972
f 2971 3044 3047
f 2971 3047 3045
f 2972 3046 3048
f 2972 3048 3049
f 2972 3049 2973
f 2973 3050 2974
f 2973 3049 3051
f 2973 3051 3050
f 2974 3050 2975
f 2975 3050 3052
f 2975 3052 2976
f 2976 3052 3053
f 2976 3053 2977
f 2977 3054 3039
f 2977 3053 3054
f 2978 3055 2981
f 2979 2983 3056
f 2979 3056 3057
f 2979 3057 3058
f 2979 3058 3059
f 2979 3059 2984
f 2981 3055 3060
f 2981 3060 3061
f 2981 3061 2982
f 2982 3062 2983
f 2982 3061 3062
f 2983 3062 3063
f 2983 3063 3056
f 2984 3059 3064
f 2984 3064 3065
f 2984 3065 3066
f 2984 3066 2985
f 2985 3066 3067
f 2985 3067 3068
f 2985 3068 2986
f 2986 3068 2987
f 2987 3068 3069
f 2987 3069 2988
f 2988 3069 2989
f 2990 3001 3002
f 2990 3002 3069
f 2990 3069 2991
f 2991 3069 3068
f 2991 3068 3070
f 2991 3070 3071
f 2991 3071 2993
f 2991 2993 2992
f 2993 3071 3042
f 2993 3041 3040
f 2993 3040 2994
f 2994 3040 3072
f 2994 3072 2995
f 2995 3072 2996
f 2996 2999 2997
f 2996 3072 3040
f 3003 3038 3073
f 3005 3074 3006
f 3005 3009 3074
f 3006 3074 3075
f 3006 3075 3076
f 3006 3076 3007
f 3007 3076 3077
f 3008 3078 3009
f 3009 3078 3079
f 3009 3079 3074
f 3011 3039 3012
f 3012 3039 3054
f 3012 3054 3080
f 3012 3080 3013
f 3013 3080 3081
f 3013 3081 3014
f 3014 3081 3082
f 3014 3082 3083
f 3014 3083 3084
f 3014 3084 3085
f 3014 3085 3086
f 3014 3086 3015
f 3015 3086 3017
f 3015 3017 3016
f 3017 3086 3019
f 3017 3019 3018
f 3019 3086 3023
f 3021 3024 3087
f 3021 3087 3022
f 3022 3087 3025
f 3023 3086 3085
f 3023 3085 3088
f 3023 3088 3051
f 3023 3051 3024
f 3024 3051 3087
f 3025 3087 3051
f 3025 3051 3089
f 3025 3089 3049
f 3025 3049 3048
f 3025 3048 3026
f 3026 3090 3091
f 3026 3091 3027
f 3026 3048 3090
f 3027 3091 3092
f 3027 3092 3093
f 3027 3093 3094
f 3027 3094 3028
f 3028 3094 3030
f 3029 3095 3096
f 3029 3096 3031
f 3029 3030 3095
f 3030 3094 3093
f 3030 3093 3092
f 3030 3092 3097
f 3030 3097 3095
f 3031 3096 3098
f 3031 3098 3035
f 3031 3035 3032
f 3033 3099 3100
f 3033 3100 3034
f 3033 3035 3101
f 3033 3101 3099
f 3034 3100 3102
f 3034 3102 3036
f 3035 3098 3103
f 3035 3103 3104
f 3035 3104 3101
f 3036 3102 3037
f 3037 3102 3105
f 3038 3105 3073
f 3042 3071 3043
f 3043 3071 3044
f 3044 3071 3070
f 3044 3070 3047
f 3045 3106 3107
f 3045 3107 3108
f 3045 3108 3109
f 3045 3109 3046
f 3045 3047 3110
f 3045 3110 3111
f 3045 3111 3106
f 3046 3109 3112
f 3046 3112 3048
f 3047 3070 3067
f 3047 3067 3113
f 3047 3113 3110
f 3048 3112 3090
f 3049 3089 3051
f 3050 3051 3084
f 3050 3084 3114
f 3050 3114 3115
f 3050 3115 3052
f 3051 3088 3116
f 3051 3116 3084
f 3052 3115 3053
f 3053 3115 3114
f 3053 3114 3054
f 3054 3114 3081
f 3054 3081 3080
f 3056 3063 3117
f 3056 3117 3057
f 3057 3118 3058
f 3057 3117 3119
f 3057 3119 3118
f 3058 3118 3120
f 3058 3120 3121
f 3058 3121 3064
f 3058 3064 3059
f 3060 3122 3061
f 3061 3122 3123
f 3061 3123 3062
f 3062 3123 3063
f 3063 3123 3119
f 3063 3119 3117
f 3064 3121 3124
f 3064 3124 3065
f 3065 3124 3125
f 3065 3125 3067
f 3065 3067 3066
f 3067 3125 3113
f 3067 3070 3068
f 3073 3105 3127
f 3073 3127 3143
f 3073 3143 3126
f 3074 3128 3129
f 3074 3129 3119
f 3074 3119 3075
f 3074 3079 3130
f 3074 3130 3131
f 3074 3131 3099
f 3074 3099 3128
f 3075 3119 3132
f 3075 3132 3076
f 3076 3132 3123
f 3076 3123 3122
f 3076 3122 3077
f 3078 3133 3079
f 3079 3134 3130
f 3079 3133 3134
f 3081 3114 3082
f 3082 3114 3083
f 3083 3114 3084
f 3084 3116 3085
f 3085 3116 3088
f 3090 3112 3135
f 3090 3135 3091
f 3091 3136 3137
f 3091 3137 3138
f 3091 3138 3092
f 3091 3135 3136
f 3092 3138 3139
f 3092 3139 3097
f 3095 3097 3140
f 3095 3140 3096
f 3096 3140 3103
f 3096 3103 3098
f 3097 3139 3140
f 3099 3101 3141
f 3099 3141 3142
f 3099 3142 3128
f 3099 3131 3143
f 3099 3143 3100
f 3100 3143 3127
f 3100 3127 3105
f 3100 3105 3102
f 3101 3129 3141
f 3101 3104 3144
f 3101 3144 3129
f 3103 3145 3104
f 3103 3140 3145
f 3104 3145 3144
f 3106 3111 3136
f 3106 3136 3107
f 3107 3136 3108
f 3108 3135 3112
f 3108 3112 3109
f 3108 3136 3135
f 3110 3113 3125
f 3110 3125 3111
f 3111 3125 3136
f 3118 3146 3120
f 3118 3119 3129
f 3118 3129 3146
f 3119 3123 3132
f 3120 3146 3140
f 3120 3140 3147
f 3120 3147 3148
f 3120 3148 3121
f 3121 3148 3149
f 3121 3149 3150
f 3121 3150 3124
f 3124 3150 3125
f 3125 3150 3136
f 3126 3143 3134
f 3126 3134 3133
f 3128 3142 3129
f 3129 3142 3141
f 3129 3144 3146
f 3130 3134 3131
f 3131 3134 3143
f 3136 3150 3149
f 3136 3149 3137
f 3137 3149 3148
f 3137 3148 3139
f 3137 3139 3138
f 3139 3148 3147
f 3139 3147 3140
f 3140 3146 3145
f 3144 3145 3146
o convex_8
v 0.296646 -0.525063 0.480517
v 0.296646 -0.449493 0.516106
v 0.296646 -0.525063 0.611912
v 0.270317 -0.525063 0.490583
v 0.296646 -0.449493 0.61221
v 0.15547 -0.449493 0.574006
v 0.296646 -0.51831 0.61221
v 0.264904 -0.525063 0.63326
v 0.239195 -0.525063 0.505397
v 0.124658 -0.449493 0.586963
v 0.26668 -0.449493 0.63216
v 0.282551 -0.51831 0.621588
v 0.263156 -0.525063 0.63443
v 0.208214 -0.525063 0.520783
v 0.00865617 -0.449493 0.642845
v 0.123221 -0.449493 0.58765
v 0.263213 -0.449493 0.634453
v 0.263213 -0.51831 0.634453
v 0.270937 -0.51831 0.629316
v 0.248723 -0.525063 0.641859
v 0.0226103 -0.525063 0.613654
v 0.00865617 -0.525063 0.622253
v 0.00865617 -0.449493 0.71478
v 0.258843 -0.449493 0.636723
v 0.255263 -0.487367 0.638557
v 0.255263 -0.51831 0.638534
v 0.246975 -0.449493 0.642754
v 0.240238 -0.525063 0.646148
v 0.00865617 -0.525063 0.714574
v 0.00865617 -0.51831 0.71478
v 0.0146888 -0.449493 0.714344
v 0.255263 -0.449493 0.638557
v 0.235981 -0.449493 0.648303
v 0.232514 -0.525063 0.650023
v 0.0164648 -0.525063 0.714023
v 0.0232304 -0.525063 0.713542
v 0.0232304 -0.51831 0.713725
v 0.0232304 -0.449493 0.713725
v 0.228003 -0.449493 0.652293
v 0.198009 -0.525063 0.66729
v 0.0331815 -0.525063 0.712074
v 0.033689 -0.51831 0.712143
v 0.033689 -0.449493 0.712143
v 0.201561 -0.449493 0.665501
v 0.193386 -0.449493 0.669583
v 0.193386 -0.525063 0.669583
v 0.0481223 -0.525063 0.709575
v 0.100584 -0.51831 0.700999
v 0.0696313 -0.51831 0.706158
v 0.0414131 -0.51831 0.710859
v 0.0371564 -0.449493 0.71157
v 0.178163 -0.449493 0.677104
v 0.178163 -0.51831 0.677104
v 0.172525 -0.525063 0.679787
v 0.100584 -0.525063 0.700792
v 0.11654 -0.525063 0.697811
v 0.11606 -0.51831 0.698086
v 0.100584 -0.449493 0.700999
v 0.0696313 -0.449493 0.706158
v 0.170411 -0.449493 0.680865
v 0.170411 -0.51831 0.680865
v 0.170355 -0.525063 0.680842
v 0.124066 -0.525063 0.696321
v 0.124151 -0.51831 0.696344
v 0.11606 -0.449493 0.698086
v 0.162433 -0.449493 0.683548
v 0.162433 -0.51831 0.683548
v 0.124151 -0.449493 0.696344
v 0.138641 -0.449493 0.691505
f 3151 3152 3155
f 3151 3155 3157
f 3151 3157 3153
f 3151 3153 3158
f 3151 3158 3163
f 3151 3163 3170
f 3151 3170 3178
f 3151 3178 3184
f 3151 3184 3190
f 3151 3190 3196
f 3151 3196 3204
f 3151 3204 3212
f 3151 3212 3213
f 3151 3213 3206
f 3151 3206 3205
f 3151 3205 3197
f 3151 3197 3191
f 3151 3191 3186
f 3151 3186 3185
f 3151 3185 3179
f 3151 3179 3172
f 3151 3172 3171
f 3151 3171 3164
f 3151 3164 3159
f 3151 3159 3154
f 3151 3154 3152
f 3152 3154 3156
f 3152 3156 3160
f 3152 3160 3166
f 3152 3166 3165
f 3152 3165 3173
f 3152 3173 3181
f 3152 3181 3188
f 3152 3188 3193
f 3152 3193 3201
f 3152 3201 3209
f 3152 3209 3208
f 3152 3208 3215
f 3152 3215 3218
f 3152 3218 3219
f 3152 3219 3216
f 3152 3216 3210
f 3152 3210 3202
f 3152 3202 3195
f 3152 3195 3194
f 3152 3194 3189
f 3152 3189 3183
f 3152 3183 3177
f 3152 3177 3182
f 3152 3182 3174
f 3152 3174 3167
f 3152 3167 3161
f 3152 3161 3155
f 3153 3157 3158
f 3154 3159 3160
f 3154 3160 3156
f 3155 3161 3157
f 3157 3161 3162
f 3157 3162 3163
f 3157 3163 3158
f 3159 3164 3165
f 3159 3165 3166
f 3159 3166 3160
f 3161 3167 3168
f 3161 3168 3169
f 3161 3169 3162
f 3162 3169 3163
f 3163 3169 3168
f 3163 3168 3170
f 3164 3171 3165
f 3165 3171 3172
f 3165 3172 3179
f 3165 3179 3180
f 3165 3180 3173
f 3167 3174 3168
f 3168 3174 3175
f 3168 3175 3176
f 3168 3176 3170
f 3170 3176 3175
f 3170 3175 3177
f 3170 3177 3178
f 3173 3180 3181
f 3174 3182 3175
f 3175 3182 3177
f 3177 3183 3178
f 3178 3183 3184
f 3179 3185 3180
f 3180 3185 3186
f 3180 3186 3187
f 3180 3187 3181
f 3181 3187 3188
f 3183 3189 3190
f 3183 3190 3184
f 3186 3191 3187
f 3187 3191 3192
f 3187 3192 3193
f 3187 3193 3188
f 3189 3194 3190
f 3190 3194 3195
f 3190 3195 3196
f 3191 3197 3198
f 3191 3198 3199
f 3191 3199 3200
f 3191 3200 3192
f 3192 3200 3201
f 3192 3201 3193
f 3195 3202 3203
f 3195 3203 3196
f 3196 3203 3204
f 3197 3205 3198
f 3198 3205 3206
f 3198 3206 3207
f 3198 3207 3215
f 3198 3215 3208
f 3198 3208 3209
f 3198 3209 3199
f 3199 3209 3201
f 3199 3201 3200
f 3202 3210 3211
f 3202 3211 3203
f 3203 3211 3212
f 3203 3212 3204
f 3206 3213 3207
f 3207 3213 3214
f 3207 3214 3218
f 3207 3218 3215
f 3210 3216 3217
f 3210 3217 3211
f 3211 3217 3212
f 3212 3217 3213
f 3213 3217 3214
f 3214 3217 3219
f 3214 3219 3218
f 3216 3219 3217
o convex_9
v 0.0415515 0.574875 -0.567572
v -0.0386776 0.574875 -0.567572
v 0.0506897 0.574045 -0.567572
v 0.0465871 0.57248 -0.572545
v 0.0386783 0.572503 -0.572565
v -0.0509556 0.574258 -0.567572
v -0.0386776 0.572503 -0.572565
v -0.0466753 0.57248 -0.572545
v 0.0545849 0.573286 -0.567572
v 0.0386783 0.568116 -0.580308
v 0.0569101 0.571365 -0.570575
v 0.0483792 0.542054 -0.619707
v 0.0386783 0.560362 -0.593045
v -0.0543028 0.57376 -0.567572
v -0.0569835 0.57165 -0.571161
v -0.0386776 0.568116 -0.580308
v -0.0386776 0.560362 -0.593045
v -0.049282 0.542054 -0.619707
v 0.0627307 0.568187 -0.567572
v 0.0669962 0.564749 -0.567572
v 0.0644784 0.560219 -0.580211
v 0.0621679 0.557231 -0.588344
v 0.0587022 0.540489 -0.617367
v 0.0537851 0.545611 -0.611789
v 0.0386783 0.542315 -0.620117
v 0.0386783 0.548291 -0.611165
v 0.0550144 0.534252 -0.626983
v 0.0513265 0.528039 -0.63652
v 0.0386783 0.529035 -0.637593
v 0.0386783 0.536766 -0.62786
v -0.0593088 0.572527 -0.567572
v -0.059605 0.540963 -0.618069
v -0.0386776 0.548291 -0.611165
v -0.0386776 0.542315 -0.620117
v -0.0386776 0.536766 -0.62786
v -0.0386776 0.529035 -0.637593
v -0.0513258 0.528039 -0.63652
v 0.0737202 0.54924 -0.567572
v 0.07061 0.54924 -0.580211
v 0.067796 0.534703 -0.611789
v 0.0640785 0.543809 -0.607049
v 0.0616347 0.525928 -0.634238
v 0.0513265 0.512719 -0.651988
v 0.0386783 0.521517 -0.645317
v -0.0642259 0.54407 -0.607751
v -0.0645221 0.56048 -0.580211
v -0.0670843 0.565033 -0.567572
v -0.0616488 0.525928 -0.634238
v -0.0652034 0.530647 -0.62394
v -0.0386776 0.521517 -0.645317
v -0.0513258 0.512719 -0.651988
v 0.0734684 0.533778 -0.567572
v 0.0749347 0.502831 -0.611165
v 0.0743422 0.518292 -0.611165
v 0.0728464 0.533778 -0.595697
v 0.0685957 0.519786 -0.628094
v 0.0651449 0.530173 -0.62392
v 0.0652633 0.515613 -0.639407
v 0.0616495 0.510443 -0.649725
v 0.0386783 0.506056 -0.660784
v 0.0386783 0.513787 -0.65306
v 0.0616347 0.494981 -0.665192
v 0.0564806 0.472903 -0.689514
v 0.0513265 0.481772 -0.682902
v -0.0679285 0.534987 -0.612218
v -0.0679582 0.563444 -0.567572
v -0.0652774 0.515613 -0.639407
v -0.0564947 0.50385 -0.6586
v -0.0616488 0.494981 -0.665192
v -0.0686394 0.519786 -0.628114
v -0.0386776 0.513787 -0.65306
v -0.0386776 0.506056 -0.660784
v -0.0513258 0.481772 -0.682902
v 0.0752753 0.487345 -0.626632
v 0.0681366 0.518292 -0.567572
v 0.0689956 0.332633 -0.719454
v 0.0739127 0.332633 -0.734921
v 0.0754827 0.410013 -0.6885
v 0.0746236 0.502831 -0.626632
v 0.0686698 0.504301 -0.643581
v 0.0686698 0.488839 -0.659048
v 0.0652633 0.484665 -0.670322
v 0.0386783 0.482839 -0.683975
v 0.0652633 0.46918 -0.685789
v 0.0616347 0.479496 -0.68064
v 0.0616199 0.46401 -0.696107
v 0.0513117 0.466287 -0.698135
v 0.0386783 0.475085 -0.691718
v -0.0743712 0.518292 -0.611165
v -0.0729345 0.533778 -0.595697
v -0.0706537 0.54924 -0.580211
v -0.0737491 0.54924 -0.567572
v -0.0652774 0.500127 -0.654874
v -0.0686691 0.488839 -0.659048
v -0.0686691 0.504301 -0.643581
v -0.0652626 0.484665 -0.670341
v -0.0564799 0.472903 -0.689514
v -0.061634 0.46401 -0.696107
v -0.0652626 0.46918 -0.685808
v -0.074697 0.487345 -0.642099
v -0.0746229 0.502831 -0.626632
v -0.0386776 0.482839 -0.683975
v -0.0386776 0.475085 -0.691718
v -0.051311 0.466287 -0.698135
v 0.0754827 0.471883 -0.642099
v 0.0632491 0.507834 -0.567572
v 0.0594576 0.332633 -0.700671
v 0.063649 0.332633 -0.708395
v 0.0711283 0.332633 -0.750388
v 0.074046 0.348142 -0.734921
v 0.0754975 0.379066 -0.719454
v 0.0748162 0.363604 -0.719454
v 0.0756456 0.394551 -0.703967
v 0.0755863 0.456422 -0.657585
v 0.0756604 0.44096 -0.673033
v 0.0746977 0.487345 -0.642099
v 0.0747125 0.471883 -0.657585
v 0.0747125 0.456422 -0.673033
v 0.0686698 0.473354 -0.674496
v 0.0685809 0.457868 -0.689982
v 0.0651152 0.453718 -0.700593
v 0.0642414 0.437237 -0.714266
v 0.0584208 0.447552 -0.710911
v 0.0481126 0.449165 -0.712023
v 0.0386783 0.467354 -0.699091
v -0.0743267 0.546418 -0.567572
v -0.0686691 0.473354 -0.674515
v -0.0747118 0.456422 -0.673033
v -0.0747118 0.471883 -0.657585
v -0.0578869 0.446912 -0.710462
v -0.0625375 0.418597 -0.727743
v -0.064063 0.436596 -0.713934
v -0.0650553 0.453718 -0.700144
v -0.0685358 0.457868 -0.689982
v -0.0756449 0.44096 -0.673033
v -0.075556 0.456422 -0.657585
v -0.0754375 0.471883 -0.642099
v -0.0752154 0.487345 -0.626632
v -0.0386776 0.467354 -0.699091
v -0.0475787 0.449165 -0.712023
v 0.0591021 0.500412 -0.567572
v 0.0509267 0.332633 -0.687447
v 0.0644488 0.332633 -0.76055
v 0.0711283 0.332657 -0.750388
v 0.0733351 0.363604 -0.734921
v 0.0744755 0.394551 -0.719454
v 0.0751864 0.410013 -0.703967
v 0.0756011 0.425498 -0.6885
v 0.0744904 0.44096 -0.6885
v 0.06787 0.441814 -0.70504
v 0.0662705 0.424834 -0.719434
v 0.06513 0.410013 -0.731196
v 0.0629825 0.419261 -0.728172
v 0.0541406 0.421182 -0.72944
v 0.0386783 0.449426 -0.712179
v 0.0386783 0.457133 -0.706815
v 0.0386783 0.422344 -0.73024
v -0.073601 0.533778 -0.567572
v -0.0754079 0.410013 -0.6885
v -0.0744304 0.44096 -0.6885
v -0.0756004 0.425498 -0.6885
v -0.0532956 0.441434 -0.715494
v -0.0541399 0.420684 -0.729128
v -0.0541399 0.410013 -0.735623
v -0.0541399 0.399721 -0.741397
v -0.0631151 0.389192 -0.74362
v -0.0647739 0.410013 -0.730454
v -0.0658847 0.424455 -0.719239
v -0.067736 0.441434 -0.704767
v -0.0731567 0.425498 -0.703967
v -0.0756004 0.394551 -0.703967
v -0.0386776 0.457133 -0.706815
v -0.0386776 0.449426 -0.712179
v -0.0386776 0.422344 -0.73024
v 0.051134 0.486681 -0.567572
v 0.0459947 0.332633 -0.680991
v 0.0541406 0.332633 -0.76488
v 0.0541406 0.332657 -0.76488
v 0.0628788 0.344206 -0.758931
v 0.0648931 0.379066 -0.745765
v 0.0663889 0.363604 -0.74834
v 0.0671443 0.348877 -0.751695
v 0.0715875 0.379066 -0.734921
v 0.0714986 0.410013 -0.719454
v 0.0733203 0.425498 -0.703967
v 0.0672776 0.395144 -0.735974
v 0.063338 0.390377 -0.743991
v 0.0541406 0.400622 -0.741826
v 0.0541406 0.410013 -0.736364
v 0.0386783 0.410013 -0.737515
v -0.0731122 0.530932 -0.567572
v -0.0736454 0.332633 -0.734921
v -0.0746377 0.363604 -0.719454
v -0.07446 0.394551 -0.719454
v -0.0751709 0.410013 -0.703967
v -0.075482 0.379066 -0.719454
v -0.0386776 0.410013 -0.737515
v -0.0386776 0.401357 -0.742196
v -0.0386776 0.393626 -0.745785
v -0.0541399 0.39199 -0.744946
v -0.0671288 0.394432 -0.735643
v -0.0541399 0.379066 -0.749822
v -0.0584942 0.353383 -0.757234
v -0.0629225 0.343067 -0.758931
v -0.0648924 0.379066 -0.745395
v -0.0711128 0.410013 -0.719454
v 0.0490901 0.484167 -0.567572
v 0.0395521 0.332633 -0.677168
v 0.0417145 0.476958 -0.567572
v 0.0391967 0.474539 -0.567572
v 0.0386783 0.332633 -0.766811
v 0.0386783 0.332657 -0.766811
v 0.0493864 0.356988 -0.758502
v 0.0596945 0.354521 -0.757722
v 0.0541406 0.392891 -0.745219
v 0.0541406 0.379066 -0.750193
v 0.0386783 0.401357 -0.742196
v 0.0386783 0.393626 -0.745785
v -0.0685062 0.518292 -0.567572
v -0.0682988 0.332633 -0.719454
v -0.0740897 0.348142 -0.734921
v -0.0711128 0.332633 -0.750388
v -0.0716016 0.379066 -0.734921
v -0.073601 0.363604 -0.734921
v -0.0386776 0.379066 -0.7515
v -0.0481712 0.356988 -0.758502
v -0.0536511 0.348189 -0.760082
v -0.0541399 0.332633 -0.764802
v -0.0644629 0.332657 -0.760452
v -0.0666548 0.363604 -0.747872
v 0.0232012 0.332633 -0.670595
v 0.0232012 0.468137 -0.567572
v -0.0386776 0.332633 -0.766811
v -0.0386776 0.332657 -0.766811
v 0.0386783 0.348142 -0.761818
v 0.0386783 0.365288 -0.756103
v 0.0386783 0.379066 -0.7515
v -0.0674694 0.515565 -0.567572
v -0.0631743 0.332633 -0.709175
v -0.0711128 0.332657 -0.750388
v -0.0644629 0.332633 -0.760452
v -0.0386776 0.365288 -0.756103
v -0.0386776 0.348142 -0.761818
v 0.00772409 0.332633 -0.668664
v 0.0177064 0.467733 -0.567572
v -0.0635298 0.507289 -0.567572
v -0.0592199 0.332633 -0.701432
v -0.00772338 0.332633 -0.668644
v 0.00772409 0.467046 -0.567572
v -0.0601382 0.500957 -0.567572
v -0.0508519 0.332633 -0.68733
v -0.0232005 0.332633 -0.669678
v -0.00772338 0.467069 -0.567572
v -0.0582424 0.497637 -0.567572
v -0.0507482 0.332633 -0.687193
v -0.0254665 0.332633 -0.670575
v -0.012522 0.467615 -0.567572
v -0.0232005 0.468919 -0.567572
v -0.0375964 0.474824 -0.567572
v -0.0520367 0.488128 -0.567572
v -0.0399661 0.332633 -0.676388
v -0.039818 0.332633 -0.676271
v -0.0434022 0.478523 -0.567572
v -0.0466013 0.481915 -0.567572
f 3220 3221 3225
f 3220 3225 3233
f 3220 3233 3250
f 3220 3250 3266
f 3220 3266 3285
f 3220 3285 3311
f 3220 3311 3345
f 3220 3345 3377
f 3220 3377 3410
f 3220 3410 3438
f 3220 3438 3457
f 3220 3457 3465
f 3220 3465 3469
f 3220 3469 3473
f 3220 3473 3479
f 3220 3479 3483
f 3220 3483 3482
f 3220 3482 3478
f 3220 3478 3477
f 3220 3477 3476
f 3220 3476 3472
f 3220 3472 3468
f 3220 3468 3464
f 3220 3464 3451
f 3220 3451 3429
f 3220 3429 3428
f 3220 3428 3426
f 3220 3426 3394
f 3220 3394 3360
f 3220 3360 3325
f 3220 3325 3294
f 3220 3294 3271
f 3220 3271 3257
f 3220 3257 3239
f 3220 3239 3238
f 3220 3238 3228
f 3220 3228 3222
f 3220 3222 3223
f 3220 3223 3224
f 3220 3224 3226
f 3220 3226 3221
f 3221 3226 3227
f 3221 3227 3225
f 3222 3228 3223
f 3223 3229 3224
f 3223 3228 3230
f 3223 3230 3231
f 3223 3231 3232
f 3223 3232 3229
f 3224 3229 3235
f 3224 3235 3226
f 3225 3227 3234
f 3225 3234 3233
f 3226 3235 3227
f 3227 3235 3236
f 3227 3236 3237
f 3227 3237 3234
f 3228 3238 3230
f 3229 3232 3236
f 3229 3236 3235
f 3230 3238 3239
f 3230 3239 3240
f 3230 3240 3241
f 3230 3241 3242
f 3230 3242 3243
f 3230 3243 3231
f 3231 3244 3245
f 3231 3245 3232
f 3231 3243 3242
f 3231 3242 3246
f 3231 3246 3247
f 3231 3247 3248
f 3231 3248 3249
f 3231 3249 3244
f 3232 3245 3252
f 3232 3252 3236
f 3233 3234 3250
f 3234 3237 3251
f 3234 3251 3250
f 3236 3252 3237
f 3237 3252 3253
f 3237 3253 3254
f 3237 3254 3255
f 3237 3255 3256
f 3237 3256 3251
f 3239 3257 3258
f 3239 3258 3259
f 3239 3259 3260
f 3239 3260 3240
f 3240 3260 3241
f 3241 3260 3242
f 3242 3261 3246
f 3242 3260 3261
f 3244 3249 3254
f 3244 3254 3253
f 3244 3253 3252
f 3244 3252 3245
f 3246 3261 3247
f 3247 3261 3262
f 3247 3262 3263
f 3247 3263 3248
f 3248 3263 3269
f 3248 3269 3255
f 3248 3255 3254
f 3248 3254 3249
f 3250 3251 3264
f 3250 3264 3265
f 3250 3265 3266
f 3251 3256 3267
f 3251 3267 3268
f 3251 3268 3264
f 3255 3269 3256
f 3256 3269 3270
f 3256 3270 3267
f 3257 3271 3272
f 3257 3272 3273
f 3257 3273 3274
f 3257 3274 3258
f 3258 3274 3259
f 3259 3274 3273
f 3259 3273 3275
f 3259 3275 3276
f 3259 3276 3260
f 3260 3276 3261
f 3261 3276 3277
f 3261 3277 3278
f 3261 3278 3262
f 3262 3279 3280
f 3262 3280 3263
f 3262 3278 3281
f 3262 3281 3282
f 3262 3282 3283
f 3262 3283 3279
f 3263 3280 3290
f 3263 3290 3269
f 3264 3266 3265
f 3264 3268 3284
f 3264 3284 3266
f 3266 3284 3285
f 3267 3286 3268
f 3267 3270 3287
f 3267 3287 3288
f 3267 3288 3286
f 3268 3286 3289
f 3268 3289 3284
f 3269 3290 3270
f 3270 3290 3291
f 3270 3291 3292
f 3270 3292 3287
f 3271 3293 3272
f 3271 3294 3295
f 3271 3295 3296
f 3271 3296 3297
f 3271 3297 3293
f 3272 3293 3273
f 3273 3293 3298
f 3273 3298 3275
f 3275 3298 3299
f 3275 3299 3277
f 3275 3277 3276
f 3277 3299 3300
f 3277 3300 3301
f 3277 3301 3281
f 3277 3281 3278
f 3279 3291 3290
f 3279 3290 3280
f 3279 3283 3302
f 3279 3302 3321
f 3279 3321 3291
f 3281 3301 3303
f 3281 3303 3304
f 3281 3304 3305
f 3281 3305 3282
f 3282 3305 3306
f 3282 3306 3283
f 3283 3306 3307
f 3283 3307 3302
f 3284 3289 3308
f 3284 3308 3309
f 3284 3309 3310
f 3284 3310 3285
f 3285 3310 3311
f 3286 3312 3346
f 3286 3346 3313
f 3286 3313 3314
f 3286 3314 3289
f 3286 3288 3315
f 3286 3315 3318
f 3286 3318 3312
f 3287 3292 3316
f 3287 3316 3288
f 3288 3316 3317
f 3288 3317 3318
f 3288 3318 3315
f 3289 3314 3319
f 3289 3319 3320
f 3289 3320 3308
f 3291 3321 3292
f 3292 3321 3322
f 3292 3322 3323
f 3292 3323 3316
f 3293 3324 3298
f 3293 3297 3324
f 3294 3325 3326
f 3294 3326 3327
f 3294 3327 3295
f 3295 3327 3326
f 3295 3326 3361
f 3295 3361 3395
f 3295 3395 3427
f 3295 3427 3450
f 3295 3450 3463
f 3295 3463 3467
f 3295 3467 3471
f 3295 3471 3475
f 3295 3475 3481
f 3295 3481 3480
f 3295 3480 3474
f 3295 3474 3470
f 3295 3470 3466
f 3295 3466 3458
f 3295 3458 3439
f 3295 3439 3411
f 3295 3411 3441
f 3295 3441 3460
f 3295 3460 3447
f 3295 3447 3452
f 3295 3452 3430
f 3295 3430 3396
f 3295 3396 3362
f 3295 3362 3328
f 3295 3328 3296
f 3296 3328 3329
f 3296 3329 3330
f 3296 3330 3331
f 3296 3331 3297
f 3297 3331 3332
f 3297 3332 3324
f 3298 3324 3333
f 3298 3333 3334
f 3298 3334 3335
f 3298 3335 3299
f 3299 3335 3336
f 3299 3336 3300
f 3300 3336 3337
f 3300 3337 3338
f 3300 3338 3303
f 3300 3303 3301
f 3302 3307 3322
f 3302 3322 3321
f 3303 3339 3340
f 3303 3340 3305
f 3303 3305 3304
f 3303 3338 3339
f 3305 3340 3341
f 3305 3341 3342
f 3305 3342 3306
f 3306 3342 3343
f 3306 3343 3344
f 3306 3344 3307
f 3307 3344 3358
f 3307 3358 3322
f 3308 3320 3345
f 3308 3345 3311
f 3308 3311 3309
f 3309 3311 3310
f 3312 3318 3346
f 3313 3346 3347
f 3313 3347 3348
f 3313 3348 3314
f 3314 3348 3319
f 3316 3323 3317
f 3317 3323 3349
f 3317 3349 3350
f 3317 3350 3351
f 3317 3351 3352
f 3317 3352 3318
f 3318 3352 3353
f 3318 3353 3346
f 3319 3348 3354
f 3319 3354 3320
f 3320 3354 3355
f 3320 3355 3356
f 3320 3356 3357
f 3320 3357 3345
f 3322 3358 3323
f 3323 3358 3359
f 3323 3359 3349
f 3324 3332 3333
f 3325 3360 3361
f 3325 3361 3326
f 3328 3362 3363
f 3328 3363 3329
f 3329 3363 3364
f 3329 3364 3330
f 3330 3364 3365
f 3330 3365 3366
f 3330 3366 3367
f 3330 3367 3332
f 3330 3332 3331
f 3332 3367 3334
f 3332 3334 3333
f 3334 3367 3337
f 3334 3337 3336
f 3334 3336 3335
f 3337 3339 3338
f 3337 3367 3368
f 3337 3368 3339
f 3339 3368 3369
f 3339 3369 3340
f 3340 3369 3341
f 3341 3370 3371
f 3341 3371 3372
f 3341 3372 3342
f 3341 3369 3370
f 3342 3372 3373
f 3342 3373 3343
f 3343 3374 3375
f 3343 3375 3344
f 3343 3373 3376
f 3343 3376 3374
f 3344 3375 3391
f 3344 3391 3358
f 3345 3357 3378
f 3345 3378 3377
f 3346 3353 3347
f 3347 3353 3379
f 3347 3379 3380
f 3347 3380 3354
f 3347 3354 3348
f 3349 3359 3381
f 3349 3381 3382
f 3349 3382 3350
f 3350 3382 3383
f 3350 3383 3384
f 3350 3384 3385
f 3350 3385 3386
f 3350 3386 3351
f 3351 3386 3387
f 3351 3387 3388
f 3351 3388 3352
f 3352 3388 3353
f 3353 3388 3389
f 3353 3389 3379
f 3354 3380 3390
f 3354 3390 3355
f 3355 3390 3356
f 3356 3390 3378
f 3356 3378 3357
f 3358 3391 3359
f 3359 3391 3392
f 3359 3392 3393
f 3359 3393 3382
f 3359 3382 3381
f 3360 3394 3361
f 3361 3394 3395
f 3362 3396 3397
f 3362 3397 3398
f 3362 3398 3399
f 3362 3399 3400
f 3362 3400 3401
f 3362 3401 3363
f 3363 3401 3400
f 3363 3400 3402
f 3363 3402 3364
f 3364 3402 3365
f 3365 3403 3404
f 3365 3404 3368
f 3365 3368 3366
f 3365 3402 3403
f 3366 3368 3367
f 3368 3404 3369
f 3369 3404 3403
f 3369 3403 3370
f 3370 3403 3371
f 3371 3403 3405
f 3371 3405 3406
f 3371 3406 3372
f 3372 3406 3407
f 3372 3407 3408
f 3372 3408 3373
f 3373 3408 3376
f 3374 3392 3391
f 3374 3391 3375
f 3374 3376 3393
f 3374 3393 3392
f 3376 3408 3409
f 3376 3409 3416
f 3376 3416 3393
f 3377 3378 3411
f 3377 3411 3410
f 3378 3390 3412
f 3378 3412 3411
f 3379 3389 3413
f 3379 3413 3414
f 3379 3414 3380
f 3380 3414 3415
f 3380 3415 3390
f 3382 3393 3383
f 3383 3416 3384
f 3383 3393 3416
f 3384 3416 3417
f 3384 3417 3418
f 3384 3418 3419
f 3384 3419 3385
f 3385 3420 3386
f 3385 3419 3421
f 3385 3421 3422
f 3385 3422 3423
f 3385 3423 3424
f 3385 3424 3420
f 3386 3420 3425
f 3386 3425 3387
f 3387 3425 3388
f 3388 3425 3389
f 3389 3425 3413
f 3390 3415 3412
f 3394 3426 3395
f 3395 3426 3428
f 3395 3428 3429
f 3395 3429 3427
f 3396 3430 3431
f 3396 3431 3397
f 3397 3431 3432
f 3397 3432 3433
f 3397 3433 3398
f 3398 3433 3406
f 3398 3406 3399
f 3399 3402 3400
f 3399 3406 3405
f 3399 3405 3402
f 3402 3405 3403
f 3406 3434 3407
f 3406 3433 3435
f 3406 3435 3434
f 3407 3436 3409
f 3407 3409 3408
f 3407 3434 3437
f 3407 3437 3436
f 3409 3436 3417
f 3409 3417 3416
f 3410 3411 3439
f 3410 3439 3438
f 3411 3412 3415
f 3411 3415 3440
f 3411 3440 3441
f 3413 3425 3442
f 3413 3442 3443
f 3413 3443 3415
f 3413 3415 3414
f 3415 3443 3440
f 3417 3436 3437
f 3417 3437 3418
f 3418 3437 3456
f 3418 3456 3444
f 3418 3444 3419
f 3419 3444 3421
f 3420 3424 3442
f 3420 3442 3425
f 3421 3444 3445
f 3421 3445 3422
f 3422 3445 3446
f 3422 3446 3447
f 3422 3447 3423
f 3423 3447 3448
f 3423 3448 3424
f 3424 3448 3449
f 3424 3449 3442
f 3427 3429 3450
f 3429 3451 3450
f 3430 3452 3453
f 3430 3453 3431
f 3431 3453 3462
f 3431 3462 3454
f 3431 3454 3432
f 3432 3455 3456
f 3432 3456 3435
f 3432 3435 3433
f 3432 3454 3455
f 3434 3435 3456
f 3434 3456 3437
f 3438 3439 3457
f 3439 3458 3457
f 3440 3459 3441
f 3440 3443 3459
f 3441 3459 3448
f 3441 3448 3460
f 3442 3449 3459
f 3442 3459 3443
f 3444 3456 3455
f 3444 3455 3461
f 3444 3461 3445
f 3445 3461 3462
f 3445 3462 3453
f 3445 3453 3447
f 3445 3447 3446
f 3447 3460 3448
f 3447 3453 3452
f 3448 3459 3449
f 3450 3451 3463
f 3451 3464 3463
f 3454 3462 3461
f 3454 3461 3455
f 3457 3458 3466
f 3457 3466 3465
f 3463 3464 3468
f 3463 3468 3467
f 3465 3466 3470
f 3465 3470 3469
f 3467 3468 3472
f 3467 3472 3471
f 3469 3470 3473
f 3470 3474 3473
f 3471 3472 3476
f 3471 3476 3477
f 3471 3477 3478
f 3471 3478 3475
f 3473 3474 3479
f 3474 3480 3479
f 3475 3478 3481
f 3478 3482 3481
f 3479 3480 3483
f 3480 3481 3482
f 3480 3482 3483
o convex_10
v -0.418513 -0.400032 0.476898
v -0.418472 -0.509565 0.476898
v -0.417384 -0.509565 0.479065
v -0.417803 -0.400032 0.478296
v -0.334008 -0.400032 0.476898
v -0.311136 -0.509565 0.476898
v -0.417384 -0.400032 0.479065
v -0.386108 -0.509565 0.524814
v -0.386191 -0.400032 0.525001
v -0.318746 -0.470631 0.476898
v 0.00865617 -0.400032 0.651884
v 0.00865617 -0.509565 0.629684
v -0.382261 -0.509565 0.529893
v -0.37925 -0.509565 0.533783
v -0.379334 -0.400032 0.533783
v 0.00865617 -0.400032 0.714778
v 0.00865617 -0.509565 0.714778
v -0.372184 -0.509565 0.542378
v -0.372184 -0.400032 0.542378
v 0.00769445 -0.400032 0.714824
v 0.00769445 -0.509565 0.714824
v -0.356713 -0.509565 0.557869
v -0.356713 -0.400032 0.557869
v -0.00777664 -0.400032 0.714824
v -0.00777664 -0.509565 0.714824
v -0.32577 -0.509565 0.588803
v -0.32577 -0.400032 0.588803
v -0.0232477 -0.400032 0.713706
v -0.0144669 -0.509565 0.714359
v -0.321004 -0.509565 0.593183
v -0.320335 -0.400032 0.593812
v -0.0269274 -0.400032 0.713171
v -0.0232477 -0.509565 0.713706
v -0.317366 -0.509565 0.596514
v -0.317366 -0.400032 0.596514
v -0.0336594 -0.509565 0.712146
v -0.0277636 -0.509565 0.713031
v -0.0336594 -0.400032 0.712146
v -0.30963 -0.509565 0.603548
v -0.30963 -0.400032 0.603548
v -0.0370463 -0.509565 0.711587
v -0.069661 -0.400032 0.706159
v -0.0413949 -0.410015 0.710864
v -0.290312 -0.509565 0.61643
v -0.290312 -0.400032 0.61643
v -0.0413949 -0.509565 0.710864
v -0.069661 -0.509565 0.706159
v -0.0906097 -0.400032 0.702665
v -0.276012 -0.509565 0.625957
v -0.282577 -0.400032 0.621578
v -0.100603 -0.509565 0.700988
v -0.100603 -0.400032 0.700988
v -0.263217 -0.509565 0.63446
v -0.263217 -0.400032 0.63446
v -0.27505 -0.400032 0.626586
v -0.106081 -0.400032 0.699963
v -0.107293 -0.509565 0.69973
v -0.255272 -0.509565 0.638559
v -0.258074 -0.400032 0.637115
v -0.116074 -0.400032 0.698076
v -0.116074 -0.509565 0.698076
v -0.246784 -0.509565 0.642846
v -0.255272 -0.400032 0.638559
v -0.118918 -0.400032 0.69747
v -0.119587 -0.509565 0.697331
v -0.240219 -0.509565 0.646153
v -0.240219 -0.400032 0.646153
v -0.124144 -0.400032 0.696329
v -0.124144 -0.509565 0.696329
v -0.235871 -0.509565 0.648343
v -0.227884 -0.509565 0.65235
v -0.227215 -0.400032 0.652676
v -0.126904 -0.400032 0.69542
v -0.127531 -0.509565 0.695211
v -0.204343 -0.400032 0.664136
v -0.196984 -0.509565 0.667817
v -0.13188 -0.410015 0.693767
v -0.13188 -0.509565 0.693767
v -0.162488 -0.400032 0.683564
v -0.19343 -0.400032 0.669587
v -0.19343 -0.509565 0.669587
v -0.162488 -0.509565 0.683564
v -0.170474 -0.400032 0.680862
v -0.184816 -0.509565 0.67385
v -0.17821 -0.400032 0.677111
v -0.170474 -0.509565 0.680862
v -0.17821 -0.509565 0.677111
f 3484 3485 3486
f 3484 3486 3487
f 3484 3487 3490
f 3484 3490 3492
f 3484 3492 3498
f 3484 3498 3502
f 3484 3502 3506
f 3484 3506 3510
f 3484 3510 3514
f 3484 3514 3518
f 3484 3518 3523
f 3484 3523 3528
f 3484 3528 3533
f 3484 3533 3538
f 3484 3538 3537
f 3484 3537 3542
f 3484 3542 3546
f 3484 3546 3550
f 3484 3550 3555
f 3484 3555 3558
f 3484 3558 3563
f 3484 3563 3568
f 3484 3568 3566
f 3484 3566 3562
f 3484 3562 3556
f 3484 3556 3551
f 3484 3551 3547
f 3484 3547 3543
f 3484 3543 3539
f 3484 3539 3535
f 3484 3535 3531
f 3484 3531 3525
f 3484 3525 3521
f 3484 3521 3515
f 3484 3515 3511
f 3484 3511 3507
f 3484 3507 3503
f 3484 3503 3499
f 3484 3499 3494
f 3484 3494 3488
f 3484 3488 3493
f 3484 3493 3489
f 3484 3489 3485
f 3485 3489 3495
f 3485 3495 3500
f 3485 3500 3504
f 3485 3504 3508
f 3485 3508 3512
f 3485 3512 3516
f 3485 3516 3520
f 3485 3520 3519
f 3485 3519 3524
f 3485 3524 3529
f 3485 3529 3530
f 3485 3530 3534
f 3485 3534 3540
f 3485 3540 3544
f 3485 3544 3548
f 3485 3548 3552
f 3485 3552 3557
f 3485 3557 3561
f 3485 3561 3565
f 3485 3565 3569
f 3485 3569 3570
f 3485 3570 3567
f 3485 3567 3564
f 3485 3564 3559
f 3485 3559 3554
f 3485 3554 3553
f 3485 3553 3549
f 3485 3549 3545
f 3485 3545 3541
f 3485 3541 3536
f 3485 3536 3532
f 3485 3532 3527
f 3485 3527 3522
f 3485 3522 3517
f 3485 3517 3513
f 3485 3513 3509
f 3485 3509 3505
f 3485 3505 3501
f 3485 3501 3497
f 3485 3497 3496
f 3485 3496 3491
f 3485 3491 3486
f 3486 3490 3487
f 3486 3491 3492
f 3486 3492 3490
f 3488 3494 3495
f 3488 3495 3493
f 3489 3493 3495
f 3491 3496 3492
f 3492 3496 3497
f 3492 3497 3498
f 3494 3499 3500
f 3494 3500 3495
f 3497 3501 3498
f 3498 3501 3502
f 3499 3503 3504
f 3499 3504 3500
f 3501 3505 3506
f 3501 3506 3502
f 3503 3507 3508
f 3503 3508 3504
f 3505 3509 3510
f 3505 3510 3506
f 3507 3511 3512
f 3507 3512 3508
f 3509 3513 3514
f 3509 3514 3510
f 3511 3515 3516
f 3511 3516 3512
f 3513 3517 3514
f 3514 3517 3518
f 3515 3519 3520
f 3515 3520 3516
f 3515 3521 3519
f 3517 3522 3523
f 3517 3523 3518
f 3519 3521 3524
f 3521 3525 3526
f 3521 3526 3524
f 3522 3527 3528
f 3522 3528 3523
f 3524 3526 3529
f 3525 3530 3529
f 3525 3529 3526
f 3525 3531 3530
f 3527 3532 3528
f 3528 3532 3533
f 3530 3531 3534
f 3531 3535 3534
f 3532 3536 3537
f 3532 3537 3538
f 3532 3538 3533
f 3534 3535 3539
f 3534 3539 3540
f 3536 3541 3542
f 3536 3542 3537
f 3539 3543 3544
f 3539 3544 3540
f 3541 3545 3546
f 3541 3546 3542
f 3543 3547 3548
f 3543 3548 3544
f 3545 3549 3550
f 3545 3550 3546
f 3547 3551 3548
f 3548 3551 3552
f 3549 3553 3550
f 3550 3553 3554
f 3550 3554 3555
f 3551 3556 3552
f 3552 3556 3557
f 3554 3558 3555
f 3554 3559 3558
f 3556 3560 3561
f 3556 3561 3557
f 3556 3562 3560
f 3558 3559 3563
f 3559 3564 3563
f 3560 3562 3565
f 3560 3565 3561
f 3562 3566 3569
f 3562 3569 3565
f 3563 3564 3567
f 3563 3567 3568
f 3566 3568 3570
f 3566 3570 3569
f 3567 3570 3568
o convex_11
v 0.479366 -0.51625 0.131296
v 0.479366 -0.518324 0.131296
v 0.478024 -0.51625 0.116031
v 0.39302 -0.51625 0.131296
v 0.479011 -0.53358 0.131296
v 0.477748 -0.533793 0.116031
v 0.478024 -0.518324 0.116031
v 0.477511 -0.51625 0.113953
v 0.0762065 -0.529399 0.131296
v 0.0762065 -0.51625 -0.165295
v 0.478972 -0.533793 0.131296
v 0.474157 -0.549263 0.116031
v 0.471 -0.549263 0.100526
v 0.473881 -0.533793 0.100526
v 0.474118 -0.518324 0.100526
v 0.474118 -0.51625 0.100526
v 0.0762065 -0.622362 0.131296
v 0.0762065 -0.51625 -0.275228
v 0.474828 -0.549263 0.131296
v 0.467527 -0.56378 0.116031
v 0.466225 -0.561224 0.100526
v 0.464725 -0.558152 0.0910952
v 0.462989 -0.553713 0.0807452
v 0.466225 -0.548837 0.0855805
v 0.464725 -0.5434 0.0755503
v 0.46875 -0.533793 0.085061
v 0.473447 -0.51625 0.098448
v 0.465278 -0.518324 0.0740318
v 0.100595 -0.623618 0.131296
v 0.0762065 -0.63049 -0.155864
v 0.162474 -0.51625 -0.239303
v 0.0762065 -0.518324 -0.275748
v 0.467685 -0.56369 0.131296
v 0.459437 -0.580191 0.131296
v 0.46366 -0.571514 0.116031
v 0.462397 -0.568959 0.100526
v 0.449255 -0.58908 0.0911751
v 0.460029 -0.56388 0.0855805
v 0.453281 -0.565708 0.0688768
v 0.450558 -0.560484 0.0541312
v 0.461016 -0.548837 0.0700756
v 0.4489 -0.557446 0.0457793
v 0.455057 -0.549263 0.0541312
v 0.434141 -0.544487 -0.00237381
v 0.448585 -0.536562 0.0311535
v 0.457819 -0.533793 0.0541312
v 0.462515 -0.533793 0.066599
v 0.465159 -0.533793 0.0743515
v 0.468474 -0.51625 0.0835825
v 0.465278 -0.51625 0.0740318
v 0.462594 -0.518324 0.0662793
v 0.464923 -0.51625 0.0729928
v 0.107777 -0.623977 0.131296
v 0.0762065 -0.630613 -0.162458
v 0.36358 -0.630456 0.131296
v 0.162474 -0.625804 0.131296
v 0.147004 -0.625423 0.131296
v 0.131534 -0.624952 0.131296
v 0.172182 -0.51625 -0.234548
v 0.162474 -0.518324 -0.239303
v 0.0762065 -0.533793 -0.276946
v 0.452215 -0.594618 0.131296
v 0.44819 -0.602431 0.116031
v 0.450755 -0.592152 0.100526
v 0.444165 -0.594808 0.0856605
v 0.447361 -0.585527 0.0808651
v 0.450084 -0.575202 0.0735123
v 0.451781 -0.580292 0.0856605
v 0.446848 -0.599887 0.100526
v 0.44815 -0.571514 0.0632023
v 0.443257 -0.563454 0.0398251
v 0.434496 -0.559329 0.0122519
v 0.432405 -0.5548 0.00190203
v 0.450321 -0.549263 0.0422228
v 0.430352 -0.549487 -0.00760871
v 0.422578 -0.550462 -0.0245122
v 0.419421 -0.546113 -0.034023
v 0.426406 -0.533793 -0.0232335
v 0.431576 -0.533793 -0.011445
v 0.434693 -0.533793 -0.00373249
v 0.45111 -0.532358 0.0372276
v 0.448664 -0.526249 0.0309138
v 0.457977 -0.518324 0.0541312
v 0.462594 -0.51625 0.0662793
v 0.0762065 -0.630736 -0.171329
v 0.37905 -0.630658 0.131296
v 0.173681 -0.518324 -0.233788
v 0.234061 -0.51625 -0.203618
v 0.162474 -0.533793 -0.239023
v 0.0762065 -0.55072 -0.270433
v 0.172103 -0.544487 -0.233029
v 0.162947 -0.549487 -0.235547
v 0.168433 -0.5548 -0.231311
v 0.448229 -0.602555 0.131296
v 0.443888 -0.611018 0.131296
v 0.443415 -0.611141 0.116031
v 0.435759 -0.610704 0.0863398
v 0.440534 -0.611141 0.100526
v 0.433391 -0.619055 0.092334
v 0.435009 -0.591199 0.057368
v 0.43422 -0.605256 0.074791
v 0.423604 -0.597207 0.0371077
v 0.417724 -0.603395 0.0309138
v 0.429642 -0.564587 0.00733674
v 0.422657 -0.56564 -0.00844789
v 0.420052 -0.561089 -0.0201964
v 0.417448 -0.556426 -0.0305064
v 0.414093 -0.550462 -0.0390181
v 0.387416 -0.542705 -0.07814
v 0.415711 -0.533793 -0.0434538
v 0.420289 -0.533793 -0.0357413
v 0.426485 -0.518324 -0.0232335
v 0.431655 -0.518324 -0.0116448
v 0.445585 -0.518324 0.0231613
v 0.457148 -0.51625 0.0520532
v 0.457977 -0.51625 0.0541312
v 0.0762065 -0.630759 -0.177923
v 0.36358 -0.630759 0.100526
v 0.37905 -0.630747 0.116031
v 0.39452 -0.630759 0.116031
v 0.39452 -0.630658 0.131296
v 0.193413 -0.533793 -0.223638
v 0.181101 -0.533793 -0.229792
v 0.173366 -0.533793 -0.233629
v 0.2665 -0.518324 -0.187394
v 0.2665 -0.51625 -0.187394
v 0.0762065 -0.580527 -0.251012
v 0.158093 -0.559408 -0.233469
v 0.161645 -0.580168 -0.219922
v 0.155962 -0.588744 -0.217085
v 0.147675 -0.612139 -0.206095
v 0.153279 -0.617968 -0.200421
v 0.142979 -0.620232 -0.202499
v 0.203082 -0.544487 -0.217564
v 0.199649 -0.5548 -0.215846
v 0.177549 -0.549487 -0.228633
v 0.189349 -0.560652 -0.218403
v 0.183981 -0.570965 -0.215846
v 0.443809 -0.611141 0.131296
v 0.436627 -0.621959 0.131296
v 0.436154 -0.621634 0.116031
v 0.434614 -0.620154 0.100526
v 0.419776 -0.607139 0.0412637
v 0.425459 -0.625434 0.100526
v 0.425617 -0.622138 0.0863398
v 0.420644 -0.621174 0.0695961
v 0.41875 -0.619829 0.0590064
v 0.402215 -0.618843 0.0155288
v 0.416619 -0.617452 0.0486965
v 0.432168 -0.601512 0.0644811
v 0.416146 -0.60057 0.0232013
v 0.416382 -0.585583 0.00322075
v 0.421276 -0.580337 0.008096
v 0.417093 -0.571402 -0.0140424
v 0.419263 -0.57527 -0.00373249
v 0.403596 -0.574395 -0.0327442
v 0.399689 -0.568566 -0.0430542
v 0.403083 -0.558253 -0.0474499
v 0.405648 -0.549263 -0.0507267
v 0.403557 -0.589999 -0.0175191
v 0.38643 -0.61845 -0.0148816
v 0.389902 -0.608126 -0.0198368
v 0.399492 -0.549263 -0.0584392
v 0.358529 -0.546303 -0.111667
v 0.353477 -0.533793 -0.120579
v 0.415869 -0.518324 -0.0436136
v 0.420289 -0.518324 -0.0358612
v 0.426485 -0.51625 -0.0232335
v 0.431655 -0.51625 -0.0116448
v 0.444757 -0.51625 0.0210833
v 0.0762065 -0.630691 -0.186794
v 0.116065 -0.630759 -0.177923
v 0.409989 -0.630691 0.116031
v 0.409989 -0.630635 0.131296
v 0.39452 -0.630759 0.085061
v 0.266184 -0.533793 -0.187234
v 0.274235 -0.518324 -0.183358
v 0.274235 -0.51625 -0.183358
v 0.0931759 -0.618966 -0.216685
v 0.0851253 -0.619963 -0.217684
v 0.0762065 -0.614482 -0.223958
v 0.173642 -0.574989 -0.218124
v 0.162947 -0.564632 -0.228474
v 0.166262 -0.585303 -0.215007
v 0.171432 -0.604214 -0.20162
v 0.162474 -0.607195 -0.203418
v 0.192624 -0.611119 -0.188992
v 0.186902 -0.619392 -0.186155
v 0.177944 -0.620883 -0.187873
v 0.162474 -0.622744 -0.19083
v 0.147675 -0.623775 -0.194507
v 0.131534 -0.621578 -0.204057
v 0.234021 -0.544487 -0.202059
v 0.239428 -0.549487 -0.197704
v 0.230588 -0.5548 -0.200381
v 0.264921 -0.544342 -0.186594
v 0.220288 -0.560652 -0.202938
v 0.225024 -0.565383 -0.198223
v 0.215118 -0.570965 -0.200381
v 0.209554 -0.580841 -0.198223
v 0.189112 -0.59047 -0.202659
v 0.214921 -0.601904 -0.184916
v 0.436509 -0.622105 0.131296
v 0.43639 -0.622183 0.131296
v 0.425459 -0.627519 0.116031
v 0.409989 -0.626846 0.0695961
v 0.410857 -0.623203 0.0539713
v 0.406674 -0.622026 0.0386662
v 0.404109 -0.620423 0.0258387
v 0.396059 -0.623932 0.0216828
v 0.39227 -0.622452 0.00769638
v 0.388955 -0.620625 -0.00453171
v 0.400202 -0.600313 -0.0116448
v 0.402886 -0.604438 -0.00133482
v 0.405688 -0.595358 -0.00700929
v 0.383193 -0.596692 -0.0394977
v 0.371986 -0.604393 -0.04737
v 0.357818 -0.606265 -0.0644733
v 0.385838 -0.58658 -0.0452121
v 0.386193 -0.602521 -0.0301468
v 0.389389 -0.576256 -0.0497277
v 0.371591 -0.588363 -0.0622755
v 0.385285 -0.570147 -0.0600376
v 0.388639 -0.559834 -0.0642336
v 0.355608 -0.556616 -0.107991
v 0.370052 -0.554845 -0.0912473
v 0.384496 -0.553018 -0.0745036
v 0.380392 -0.623988 -0.00892743
v 0.375577 -0.621667 -0.0232335
v 0.372183 -0.619694 -0.0321848
v 0.339981 -0.618417 -0.0769012
v 0.383628 -0.61243 -0.0243124
v 0.35182 -0.550586 -0.116503
v 0.343296 -0.549263 -0.126493
v 0.345743 -0.533793 -0.12917
v 0.345703 -0.518324 -0.12945
v 0.345703 -0.51625 -0.12945
v 0.415869 -0.51625 -0.0436136
v 0.419697 -0.51625 -0.0369002
v 0.420289 -0.51625 -0.0358612
v 0.0762065 -0.630478 -0.193388
v 0.131534 -0.630624 -0.177923
v 0.162474 -0.630747 -0.162458
v 0.193413 -0.630759 -0.146953
v 0.425262 -0.628012 0.131296
v 0.37905 -0.630691 0.0386662
v 0.39452 -0.63049 0.0695961
v 0.409989 -0.630086 0.100526
v 0.34811 -0.630759 -0.00776856
v 0.36358 -0.630691 0.00769638
v 0.273919 -0.533793 -0.183118
v 0.284456 -0.51625 -0.176644
v 0.286034 -0.518324 -0.175605
v 0.285758 -0.533793 -0.175365
v 0.0762065 -0.622968 -0.214847
v 0.0762065 -0.620659 -0.218603
v 0.0851253 -0.625378 -0.208853
v 0.204621 -0.60594 -0.187154
v 0.209396 -0.611119 -0.181919
v 0.197241 -0.616253 -0.183837
v 0.219933 -0.620333 -0.171689
v 0.208883 -0.621914 -0.173847
v 0.177944 -0.62642 -0.177923
v 0.131534 -0.627396 -0.193388
v 0.255884 -0.549409 -0.189432
v 0.261409 -0.554666 -0.184716
v 0.251109 -0.560652 -0.187474
v 0.310581 -0.543131 -0.155585
v 0.282483 -0.549263 -0.173048
v 0.270367 -0.549409 -0.1812
v 0.240493 -0.565383 -0.190471
v 0.230588 -0.586424 -0.184916
v 0.225024 -0.596311 -0.182758
v 0.224826 -0.611713 -0.174846
v 0.425459 -0.627967 0.131296
v 0.409989 -0.628763 0.085061
v 0.39452 -0.6279 0.0386662
v 0.37905 -0.628326 0.00769638
v 0.374275 -0.580191 -0.0655922
v 0.353793 -0.600279 -0.0747433
v 0.353004 -0.583621 -0.0893291
v 0.356398 -0.573319 -0.0934851
v 0.35916 -0.564732 -0.0970016
v 0.343493 -0.608092 -0.0811371
v 0.342704 -0.591412 -0.0955231
v 0.341757 -0.574474 -0.109829
v 0.344322 -0.563387 -0.115384
v 0.340612 -0.557334 -0.123975
v 0.36358 -0.627082 -0.0232335
v 0.348623 -0.623551 -0.0543632
v 0.363304 -0.622362 -0.0378592
v 0.343809 -0.621309 -0.0666312
v 0.357976 -0.620591 -0.0493281
v 0.328694 -0.621264 -0.0850932
v 0.325182 -0.619156 -0.0931254
v 0.336508 -0.612408 -0.0858125
v 0.339192 -0.601725 -0.0914471
v 0.332838 -0.550014 -0.134765
v 0.327787 -0.545362 -0.141398
v 0.337297 -0.533793 -0.136923
v 0.337613 -0.518324 -0.137163
v 0.337613 -0.51625 -0.137163
v 0.0762065 -0.628382 -0.202259
v 0.0851253 -0.630232 -0.193388
v 0.147004 -0.629918 -0.177923
v 0.177944 -0.630366 -0.162458
v 0.208883 -0.630624 -0.146953
v 0.224353 -0.630759 -0.131488
v 0.37905 -0.629985 0.0232013
v 0.39452 -0.629503 0.0541312
v 0.286232 -0.630759 -0.0696683
v 0.301701 -0.630747 -0.0696683
v 0.317171 -0.630714 -0.0541634
v 0.332641 -0.630512 -0.0386984
v 0.34811 -0.630232 -0.0232335
v 0.36358 -0.629895 -0.00776856
v 0.286034 -0.51625 -0.175605
v 0.292743 -0.51625 -0.17081
v 0.293769 -0.518324 -0.170051
v 0.293493 -0.533793 -0.169811
v 0.0762065 -0.62632 -0.208853
v 0.230272 -0.617262 -0.169091
v 0.239822 -0.621275 -0.158062
v 0.224826 -0.623685 -0.163337
v 0.208883 -0.627721 -0.162458
v 0.116065 -0.628606 -0.193388
v 0.162474 -0.628685 -0.177923
v 0.279168 -0.557816 -0.17069
v 0.27017 -0.563679 -0.173727
v 0.249965 -0.590807 -0.171849
v 0.255884 -0.565383 -0.182239
v 0.235166 -0.606949 -0.172009
v 0.246058 -0.570965 -0.184876
v 0.319263 -0.533793 -0.15047
v 0.301583 -0.54868 -0.159181
v 0.290217 -0.549263 -0.167373
v 0.301701 -0.533793 -0.163657
v 0.328102 -0.611141 -0.0962024
v 0.326248 -0.574194 -0.124894
v 0.331891 -0.563387 -0.127212
v 0.32388 -0.602095 -0.107312
v 0.309673 -0.6191 -0.10851
v 0.34811 -0.628315 -0.0386984
v 0.333943 -0.624414 -0.0709071
v 0.317171 -0.626432 -0.0850932
v 0.31575 -0.62095 -0.0991995
v 0.320446 -0.611141 -0.103915
v 0.32384 -0.555675 -0.138441
v 0.306674 -0.553444 -0.152627
v 0.329878 -0.518324 -0.142997
v 0.336587 -0.51625 -0.137962
v 0.100595 -0.629469 -0.193388
v 0.193413 -0.629335 -0.162458
v 0.224353 -0.629738 -0.146953
v 0.239822 -0.630187 -0.131488
v 0.255292 -0.630467 -0.116023
v 0.270762 -0.630691 -0.100558
v 0.286232 -0.630747 -0.0850932
v 0.301701 -0.629974 -0.0850932
v 0.317171 -0.629907 -0.0696683
v 0.332641 -0.629324 -0.0541634
v 0.293769 -0.51625 -0.170051
v 0.300636 -0.51625 -0.164935
v 0.301701 -0.518324 -0.164136
v 0.245466 -0.60112 -0.168772
v 0.240138 -0.611713 -0.165815
v 0.248149 -0.619302 -0.155145
v 0.265276 -0.620333 -0.140919
v 0.254108 -0.621925 -0.146434
v 0.239822 -0.626645 -0.146953
v 0.264606 -0.574306 -0.171329
v 0.31354 -0.561941 -0.142318
v 0.309239 -0.572254 -0.139121
v 0.307542 -0.601131 -0.122297
v 0.318079 -0.566156 -0.136283
v 0.301701 -0.621152 -0.111627
v 0.282483 -0.621129 -0.126733
v 0.292822 -0.617621 -0.122856
v 0.302096 -0.611937 -0.11938
v 0.301701 -0.62632 -0.100558
v 0.318552 -0.51625 -0.151509
v 0.255292 -0.628023 -0.131488
v 0.270762 -0.629133 -0.116023
v 0.286232 -0.629817 -0.100558
v 0.256437 -0.596994 -0.163257
v 0.25174 -0.611141 -0.157822
v 0.270565 -0.623248 -0.131728
v 0.28706 -0.624246 -0.117022
v 0.277471 -0.586693 -0.153946
v 0.262869 -0.603182 -0.154586
v 0.280036 -0.605256 -0.140399
v 0.297202 -0.607308 -0.126213
f 3571 3572 3577
f 3571 3577 3573
f 3571 3573 3578
f 3571 3578 3586
f 3571 3586 3597
f 3571 3597 3619
f 3571 3619 3620
f 3571 3620 3622
f 3571 3622 3654
f 3571 3654 3686
f 3571 3686 3685
f 3571 3685 3740
f 3571 3740 3739
f 3571 3739 3738
f 3571 3738 3810
f 3571 3810 3809
f 3571 3809 3808
f 3571 3808 3807
f 3571 3807 3872
f 3571 3872 3921
f 3571 3921 3951
f 3571 3951 3933
f 3571 3933 3932
f 3571 3932 3888
f 3571 3888 3887
f 3571 3887 3822
f 3571 3822 3748
f 3571 3748 3696
f 3571 3696 3658
f 3571 3658 3629
f 3571 3629 3601
f 3571 3601 3588
f 3571 3588 3580
f 3571 3580 3574
f 3571 3574 3579
f 3571 3579 3587
f 3571 3587 3599
f 3571 3599 3623
f 3571 3623 3628
f 3571 3628 3627
f 3571 3627 3626
f 3571 3626 3625
f 3571 3625 3656
f 3571 3656 3691
f 3571 3691 3744
f 3571 3744 3815
f 3571 3815 3845
f 3571 3845 3774
f 3571 3774 3773
f 3571 3773 3710
f 3571 3710 3709
f 3571 3709 3665
f 3571 3665 3664
f 3571 3664 3632
f 3571 3632 3604
f 3571 3604 3603
f 3571 3603 3589
f 3571 3589 3581
f 3571 3581 3575
f 3571 3575 3572
f 3572 3575 3576
f 3572 3576 3577
f 3573 3577 3578
f 3574 3580 3579
f 3575 3581 3576
f 3576 3581 3582
f 3576 3582 3583
f 3576 3583 3584
f 3576 3584 3577
f 3577 3584 3585
f 3577 3585 3578
f 3578 3585 3586
f 3579 3580 3588
f 3579 3588 3602
f 3579 3602 3631
f 3579 3631 3660
f 3579 3660 3697
f 3579 3697 3751
f 3579 3751 3826
f 3579 3826 3825
f 3579 3825 3891
f 3579 3891 3873
f 3579 3873 3811
f 3579 3811 3741
f 3579 3741 3687
f 3579 3687 3655
f 3579 3655 3624
f 3579 3624 3600
f 3579 3600 3587
f 3581 3589 3582
f 3582 3589 3590
f 3582 3590 3591
f 3582 3591 3583
f 3583 3591 3592
f 3583 3592 3593
f 3583 3593 3594
f 3583 3594 3595
f 3583 3595 3584
f 3584 3595 3596
f 3584 3596 3585
f 3585 3597 3586
f 3585 3596 3598
f 3585 3598 3597
f 3587 3600 3599
f 3588 3601 3602
f 3589 3603 3590
f 3590 3603 3604
f 3590 3604 3605
f 3590 3605 3606
f 3590 3606 3591
f 3591 3606 3592
f 3592 3606 3607
f 3592 3607 3608
f 3592 3608 3609
f 3592 3609 3610
f 3592 3610 3593
f 3593 3611 3595
f 3593 3595 3594
f 3593 3610 3612
f 3593 3612 3611
f 3595 3611 3613
f 3595 3613 3614
f 3595 3614 3615
f 3595 3615 3616
f 3595 3616 3617
f 3595 3617 3618
f 3595 3618 3596
f 3596 3618 3598
f 3597 3598 3619
f 3598 3620 3619
f 3598 3618 3617
f 3598 3617 3621
f 3598 3621 3622
f 3598 3622 3620
f 3599 3600 3623
f 3600 3624 3625
f 3600 3625 3626
f 3600 3626 3627
f 3600 3627 3628
f 3600 3628 3623
f 3601 3629 3630
f 3601 3630 3631
f 3601 3631 3602
f 3604 3632 3633
f 3604 3633 3605
f 3605 3633 3606
f 3606 3634 3607
f 3606 3633 3634
f 3607 3635 3636
f 3607 3636 3637
f 3607 3637 3609
f 3607 3609 3638
f 3607 3638 3608
f 3607 3634 3639
f 3607 3639 3635
f 3608 3638 3609
f 3609 3637 3610
f 3610 3640 3612
f 3610 3637 3640
f 3611 3612 3613
f 3612 3640 3641
f 3612 3641 3642
f 3612 3642 3643
f 3612 3643 3613
f 3613 3643 3644
f 3613 3644 3614
f 3614 3643 3645
f 3614 3645 3646
f 3614 3646 3647
f 3614 3647 3648
f 3614 3648 3649
f 3614 3649 3615
f 3614 3644 3643
f 3615 3649 3650
f 3615 3650 3651
f 3615 3651 3616
f 3616 3651 3652
f 3616 3652 3653
f 3616 3653 3621
f 3616 3621 3617
f 3621 3654 3622
f 3621 3653 3686
f 3621 3686 3654
f 3624 3655 3625
f 3625 3655 3656
f 3629 3657 3630
f 3629 3658 3695
f 3629 3695 3657
f 3630 3657 3659
f 3630 3659 3631
f 3631 3659 3661
f 3631 3661 3662
f 3631 3662 3663
f 3631 3663 3660
f 3632 3664 3633
f 3633 3664 3665
f 3633 3665 3666
f 3633 3666 3639
f 3633 3639 3634
f 3635 3639 3667
f 3635 3667 3640
f 3635 3640 3636
f 3636 3640 3637
f 3639 3668 3669
f 3639 3669 3667
f 3639 3666 3668
f 3640 3670 3641
f 3640 3667 3671
f 3640 3671 3670
f 3641 3670 3672
f 3641 3672 3673
f 3641 3673 3674
f 3641 3674 3642
f 3642 3674 3675
f 3642 3675 3676
f 3642 3676 3643
f 3643 3676 3646
f 3643 3646 3645
f 3646 3676 3677
f 3646 3677 3647
f 3647 3677 3678
f 3647 3678 3679
f 3647 3679 3680
f 3647 3680 3681
f 3647 3681 3648
f 3648 3682 3683
f 3648 3683 3649
f 3648 3681 3682
f 3649 3683 3650
f 3650 3683 3652
f 3650 3652 3651
f 3652 3684 3653
f 3652 3683 3684
f 3653 3685 3686
f 3653 3684 3740
f 3653 3740 3685
f 3655 3687 3688
f 3655 3688 3656
f 3656 3688 3689
f 3656 3689 3690
f 3656 3690 3691
f 3657 3692 3693
f 3657 3693 3694
f 3657 3694 3659
f 3657 3695 3692
f 3658 3696 3695
f 3659 3694 3661
f 3660 3663 3698
f 3660 3698 3699
f 3660 3699 3700
f 3660 3700 3701
f 3660 3701 3702
f 3660 3702 3703
f 3660 3703 3697
f 3661 3694 3693
f 3661 3693 3704
f 3661 3704 3705
f 3661 3705 3706
f 3661 3706 3663
f 3661 3663 3662
f 3663 3706 3705
f 3663 3705 3707
f 3663 3707 3708
f 3663 3708 3698
f 3665 3709 3666
f 3666 3709 3710
f 3666 3710 3711
f 3666 3711 3712
f 3666 3712 3668
f 3667 3669 3713
f 3667 3713 3671
f 3668 3712 3669
f 3669 3712 3714
f 3669 3714 3715
f 3669 3715 3716
f 3669 3716 3717
f 3669 3717 3718
f 3669 3718 3719
f 3669 3719 3713
f 3670 3671 3720
f 3670 3720 3673
f 3670 3673 3672
f 3671 3713 3673
f 3671 3673 3720
f 3673 3721 3722
f 3673 3722 3723
f 3673 3723 3674
f 3673 3713 3718
f 3673 3718 3721
f 3674 3723 3675
f 3675 3724 3676
f 3675 3723 3725
f 3675 3725 3724
f 3676 3724 3677
f 3677 3726 3727
f 3677 3727 3728
f 3677 3728 3729
f 3677 3729 3678
f 3677 3724 3730
f 3677 3730 3731
f 3677 3731 3732
f 3677 3732 3726
f 3678 3729 3679
f 3679 3729 3733
f 3679 3733 3734
f 3679 3734 3735
f 3679 3735 3680
f 3680 3736 3681
f 3680 3735 3736
f 3681 3736 3737
f 3681 3737 3682
f 3682 3738 3739
f 3682 3739 3683
f 3682 3737 3810
f 3682 3810 3738
f 3683 3739 3740
f 3683 3740 3684
f 3687 3741 3742
f 3687 3742 3814
f 3687 3814 3878
f 3687 3878 3881
f 3687 3881 3819
f 3687 3819 3745
f 3687 3745 3690
f 3687 3690 3688
f 3688 3690 3689
f 3690 3743 3744
f 3690 3744 3691
f 3690 3745 3743
f 3692 3704 3693
f 3692 3695 3746
f 3692 3746 3704
f 3695 3696 3748
f 3695 3748 3747
f 3695 3747 3746
f 3697 3703 3749
f 3697 3749 3750
f 3697 3750 3751
f 3698 3708 3752
f 3698 3752 3753
f 3698 3753 3699
f 3699 3753 3752
f 3699 3752 3754
f 3699 3754 3700
f 3700 3755 3756
f 3700 3756 3702
f 3700 3702 3701
f 3700 3754 3757
f 3700 3757 3755
f 3702 3756 3757
f 3702 3757 3758
f 3702 3758 3703
f 3703 3758 3759
f 3703 3759 3760
f 3703 3760 3761
f 3703 3761 3762
f 3703 3762 3749
f 3704 3763 3764
f 3704 3764 3765
f 3704 3765 3705
f 3704 3746 3766
f 3704 3766 3763
f 3705 3765 3767
f 3705 3767 3707
f 3707 3767 3768
f 3707 3768 3769
f 3707 3769 3770
f 3707 3770 3708
f 3708 3771 3752
f 3708 3770 3843
f 3708 3843 3772
f 3708 3772 3771
f 3710 3773 3711
f 3711 3773 3774
f 3711 3774 3775
f 3711 3775 3714
f 3711 3714 3712
f 3713 3719 3718
f 3714 3775 3776
f 3714 3776 3777
f 3714 3777 3715
f 3715 3777 3716
f 3716 3777 3717
f 3717 3777 3778
f 3717 3778 3779
f 3717 3779 3718
f 3718 3780 3781
f 3718 3781 3782
f 3718 3782 3731
f 3718 3731 3783
f 3718 3783 3784
f 3718 3784 3724
f 3718 3724 3722
f 3718 3722 3721
f 3718 3779 3780
f 3722 3724 3725
f 3722 3725 3723
f 3724 3784 3785
f 3724 3785 3783
f 3724 3783 3730
f 3726 3786 3787
f 3726 3787 3788
f 3726 3788 3789
f 3726 3789 3727
f 3726 3732 3790
f 3726 3790 3786
f 3727 3789 3788
f 3727 3788 3791
f 3727 3791 3792
f 3727 3792 3728
f 3728 3792 3793
f 3728 3793 3794
f 3728 3794 3795
f 3728 3795 3796
f 3728 3796 3797
f 3728 3797 3733
f 3728 3733 3729
f 3730 3783 3731
f 3731 3782 3798
f 3731 3798 3799
f 3731 3799 3800
f 3731 3800 3801
f 3731 3801 3802
f 3731 3802 3790
f 3731 3790 3732
f 3733 3797 3796
f 3733 3796 3734
f 3734 3796 3795
f 3734 3795 3803
f 3734 3803 3804
f 3734 3804 3805
f 3734 3805 3735
f 3735 3805 3806
f 3735 3806 3807
f 3735 3807 3808
f 3735 3808 3736
f 3736 3808 3809
f 3736 3809 3737
f 3737 3809 3810
f 3741 3811 3742
f 3742 3811 3812
f 3742 3812 3813
f 3742 3813 3814
f 3743 3775 3815
f 3743 3815 3744
f 3743 3745 3816
f 3743 3816 3817
f 3743 3817 3818
f 3743 3818 3775
f 3745 3819 3820
f 3745 3820 3816
f 3746 3747 3821
f 3746 3821 3766
f 3747 3748 3822
f 3747 3822 3823
f 3747 3823 3824
f 3747 3824 3821
f 3749 3762 3750
f 3750 3825 3826
f 3750 3826 3751
f 3750 3762 3827
f 3750 3827 3825
f 3752 3771 3757
f 3752 3757 3754
f 3755 3757 3756
f 3757 3828 3829
f 3757 3829 3830
f 3757 3830 3758
f 3757 3771 3828
f 3758 3830 3831
f 3758 3831 3759
f 3759 3831 3832
f 3759 3832 3760
f 3760 3832 3833
f 3760 3833 3761
f 3761 3834 3762
f 3761 3833 3834
f 3762 3834 3827
f 3763 3766 3764
f 3764 3766 3765
f 3765 3766 3835
f 3765 3835 3836
f 3765 3836 3837
f 3765 3837 3767
f 3766 3821 3824
f 3766 3824 3838
f 3766 3838 3839
f 3766 3839 3840
f 3766 3840 3836
f 3766 3836 3835
f 3767 3837 3841
f 3767 3841 3768
f 3768 3770 3769
f 3768 3841 3842
f 3768 3842 3843
f 3768 3843 3770
f 3771 3772 3828
f 3772 3843 3844
f 3772 3844 3828
f 3774 3845 3775
f 3775 3845 3815
f 3775 3818 3846
f 3775 3846 3776
f 3776 3846 3847
f 3776 3847 3780
f 3776 3780 3777
f 3777 3780 3778
f 3778 3780 3779
f 3780 3848 3798
f 3780 3798 3781
f 3780 3847 3848
f 3781 3798 3782
f 3783 3785 3784
f 3786 3790 3787
f 3787 3801 3788
f 3787 3790 3802
f 3787 3802 3801
f 3788 3801 3792
f 3788 3792 3791
f 3792 3849 3793
f 3792 3801 3850
f 3792 3850 3851
f 3792 3851 3849
f 3793 3849 3852
f 3793 3852 3794
f 3794 3852 3853
f 3794 3853 3795
f 3795 3853 3852
f 3795 3852 3851
f 3795 3851 3854
f 3795 3854 3855
f 3795 3855 3856
f 3795 3856 3857
f 3795 3857 3858
f 3795 3858 3803
f 3798 3859 3799
f 3798 3848 3859
f 3799 3859 3860
f 3799 3860 3861
f 3799 3861 3862
f 3799 3862 3863
f 3799 3863 3800
f 3800 3863 3801
f 3801 3863 3862
f 3801 3862 3864
f 3801 3864 3865
f 3801 3865 3866
f 3801 3866 3867
f 3801 3867 3854
f 3801 3854 3850
f 3803 3858 3804
f 3804 3858 3868
f 3804 3868 3869
f 3804 3869 3870
f 3804 3870 3805
f 3805 3870 3871
f 3805 3871 3806
f 3806 3871 3872
f 3806 3872 3807
f 3811 3873 3874
f 3811 3874 3812
f 3812 3875 3876
f 3812 3876 3877
f 3812 3877 3813
f 3812 3874 3875
f 3813 3877 3814
f 3814 3877 3878
f 3816 3820 3879
f 3816 3879 3817
f 3817 3879 3818
f 3818 3879 3880
f 3818 3880 3846
f 3819 3881 3882
f 3819 3882 3883
f 3819 3883 3820
f 3820 3883 3884
f 3820 3884 3885
f 3820 3885 3886
f 3820 3886 3879
f 3822 3887 3823
f 3823 3887 3888
f 3823 3888 3889
f 3823 3889 3890
f 3823 3890 3824
f 3824 3890 3838
f 3825 3827 3891
f 3827 3834 3891
f 3828 3844 3829
f 3829 3844 3892
f 3829 3892 3831
f 3829 3831 3830
f 3831 3892 3893
f 3831 3893 3894
f 3831 3894 3832
f 3832 3894 3895
f 3832 3895 3833
f 3833 3895 3834
f 3834 3896 3891
f 3834 3895 3897
f 3834 3897 3875
f 3834 3875 3896
f 3836 3840 3839
f 3836 3839 3898
f 3836 3898 3899
f 3836 3899 3900
f 3836 3900 3901
f 3836 3901 3837
f 3837 3901 3902
f 3837 3902 3903
f 3837 3903 3841
f 3838 3904 3870
f 3838 3870 3869
f 3838 3869 3905
f 3838 3905 3906
f 3838 3906 3839
f 3838 3890 3907
f 3838 3907 3904
f 3839 3906 3898
f 3841 3903 3842
f 3842 3903 3843
f 3843 3903 3902
f 3843 3902 3844
f 3844 3902 3892
f 3846 3880 3847
f 3847 3880 3879
f 3847 3879 3848
f 3848 3886 3859
f 3848 3879 3886
f 3849 3851 3852
f 3850 3854 3851
f 3854 3867 3855
f 3855 3867 3856
f 3856 3858 3857
f 3856 3867 3908
f 3856 3908 3858
f 3858 3909 3910
f 3858 3910 3868
f 3858 3908 3911
f 3858 3911 3912
f 3858 3912 3909
f 3859 3886 3913
f 3859 3913 3914
f 3859 3914 3860
f 3860 3914 3862
f 3860 3862 3861
f 3862 3914 3864
f 3864 3915 3916
f 3864 3916 3865
f 3864 3914 3915
f 3865 3916 3912
f 3865 3912 3917
f 3865 3917 3911
f 3865 3911 3908
f 3865 3908 3867
f 3865 3867 3866
f 3868 3918 3869
f 3868 3910 3918
f 3869 3918 3919
f 3869 3919 3905
f 3870 3904 3920
f 3870 3920 3871
f 3871 3921 3872
f 3871 3920 3921
f 3873 3891 3896
f 3873 3896 3922
f 3873 3922 3874
f 3874 3922 3875
f 3875 3897 3923
f 3875 3923 3876
f 3875 3922 3896
f 3876 3923 3924
f 3876 3924 3877
f 3877 3924 3925
f 3877 3925 3926
f 3877 3926 3927
f 3877 3927 3878
f 3878 3927 3928
f 3878 3928 3882
f 3878 3882 3881
f 3882 3928 3929
f 3882 3929 3883
f 3883 3929 3930
f 3883 3930 3884
f 3884 3930 3885
f 3885 3930 3886
f 3886 3930 3931
f 3886 3931 3913
f 3888 3932 3889
f 3889 3932 3933
f 3889 3933 3934
f 3889 3934 3890
f 3890 3934 3907
f 3892 3902 3935
f 3892 3935 3936
f 3892 3936 3937
f 3892 3937 3893
f 3893 3937 3938
f 3893 3938 3939
f 3893 3939 3940
f 3893 3940 3894
f 3894 3940 3895
f 3895 3940 3924
f 3895 3924 3923
f 3895 3923 3897
f 3898 3941 3899
f 3898 3906 3919
f 3898 3919 3918
f 3898 3918 3942
f 3898 3942 3943
f 3898 3943 3941
f 3899 3941 3900
f 3900 3941 3935
f 3900 3935 3902
f 3900 3902 3901
f 3904 3907 3920
f 3905 3919 3906
f 3907 3934 3920
f 3909 3912 3944
f 3909 3944 3945
f 3909 3945 3918
f 3909 3918 3910
f 3911 3917 3912
f 3912 3946 3947
f 3912 3947 3938
f 3912 3938 3937
f 3912 3937 3948
f 3912 3948 3949
f 3912 3949 3944
f 3912 3916 3946
f 3913 3931 3915
f 3913 3915 3914
f 3915 3929 3950
f 3915 3950 3916
f 3915 3931 3930
f 3915 3930 3929
f 3916 3950 3946
f 3918 3945 3942
f 3920 3951 3921
f 3920 3934 3951
f 3924 3940 3952
f 3924 3952 3953
f 3924 3953 3954
f 3924 3954 3925
f 3925 3954 3926
f 3926 3954 3927
f 3927 3954 3929
f 3927 3929 3928
f 3929 3954 3950
f 3933 3951 3934
f 3935 3941 3955
f 3935 3955 3956
f 3935 3956 3936
f 3936 3956 3937
f 3937 3956 3948
f 3938 3947 3939
f 3939 3947 3957
f 3939 3957 3940
f 3940 3957 3958
f 3940 3958 3950
f 3940 3950 3952
f 3941 3943 3959
f 3941 3959 3960
f 3941 3960 3955
f 3942 3945 3943
f 3943 3961 3959
f 3943 3945 3944
f 3943 3944 3962
f 3943 3962 3961
f 3944 3949 3948
f 3944 3948 3962
f 3946 3958 3947
f 3946 3950 3958
f 3947 3958 3957
f 3948 3956 3962
f 3950 3954 3953
f 3950 3953 3952
f 3955 3960 3956
f 3956 3960 3961
f 3956 3961 3962
f 3959 3961 3960
o convex_12
v 0.479369 -0.449493 0.3172
v 0.479118 -0.449493 0.32572
v 0.479369 -0.51831 0.3172
v 0.479369 -0.449493 0.13139
v 0.478904 -0.449493 0.332688
v 0.478904 -0.51831 0.332688
v 0.479226 -0.525063 0.3172
v 0.479369 -0.51831 0.131531
v 0.479351 -0.51831 0.131296
v 0.479351 -0.449493 0.131296
v 0.475344 -0.449493 0.348129
v 0.477222 -0.525063 0.33942
v 0.478761 -0.525063 0.332688
v 0.475344 -0.51831 0.348129
v 0.479226 -0.525063 0.131531
v 0.479208 -0.525063 0.131296
v 0.40975 -0.449493 0.131296
v 0.466919 -0.449493 0.369172
v 0.475201 -0.525063 0.348129
v 0.46733 -0.525063 0.367901
v 0.472518 -0.525063 0.354908
v 0.451178 -0.51831 0.40848
v 0.364297 -0.525063 0.131296
v 0.363814 -0.525056 0.131296
v 0.296646 -0.449493 0.516096
v 0.451178 -0.449493 0.40848
v 0.451124 -0.525063 0.408339
v 0.448083 -0.51831 0.416201
v 0.363796 -0.525063 0.131343
v 0.297576 -0.525063 0.474669
v 0.296646 -0.525063 0.480507
v 0.296646 -0.449493 0.612226
v 0.448083 -0.449493 0.416201
v 0.449765 -0.525063 0.411728
v 0.445776 -0.449493 0.421332
v 0.443915 -0.51831 0.425428
v 0.446205 -0.525063 0.420249
v 0.448012 -0.525063 0.416059
v 0.296646 -0.525063 0.611896
v 0.296646 -0.51831 0.612226
v 0.301708 -0.449493 0.608836
v 0.443915 -0.449493 0.425428
v 0.443844 -0.525063 0.425428
v 0.43998 -0.449493 0.433666
v 0.436778 -0.525063 0.440351
v 0.440803 -0.525063 0.431924
v 0.309579 -0.525063 0.603469
v 0.296646 -0.521246 0.612084
v 0.301708 -0.51831 0.608836
v 0.309633 -0.449493 0.603517
v 0.436778 -0.449493 0.440351
v 0.43465 -0.449493 0.444635
v 0.428764 -0.51831 0.456404
v 0.428747 -0.525063 0.456404
v 0.309633 -0.51831 0.603517
v 0.341598 -0.525063 0.573576
v 0.34217 -0.51831 0.574094
v 0.360541 -0.471899 0.561289
v 0.361417 -0.456424 0.561619
v 0.365138 -0.449493 0.558747
v 0.361668 -0.449493 0.561713
v 0.356355 -0.449493 0.565997
v 0.430625 -0.449493 0.452685
v 0.421323 -0.471899 0.47128
v 0.421305 -0.51831 0.47128
v 0.417424 -0.51831 0.479
v 0.421305 -0.525063 0.471091
v 0.344442 -0.525063 0.570799
v 0.349898 -0.51831 0.566468
v 0.359575 -0.487367 0.56063
v 0.369163 -0.456424 0.554557
v 0.369413 -0.449493 0.55484
v 0.421323 -0.449493 0.47128
v 0.419177 -0.449493 0.475564
v 0.417424 -0.449493 0.479
v 0.414669 -0.449493 0.483614
v 0.412433 -0.502835 0.487333
v 0.412308 -0.51831 0.487333
v 0.417298 -0.525063 0.478812
v 0.359915 -0.525063 0.555311
v 0.357643 -0.51831 0.558747
v 0.367302 -0.487367 0.55291
v 0.368268 -0.471899 0.553757
v 0.373867 -0.502835 0.544248
v 0.374529 -0.487367 0.545189
v 0.374994 -0.471899 0.546037
v 0.375209 -0.456424 0.546837
v 0.375245 -0.449493 0.547119
v 0.412433 -0.449493 0.487333
v 0.408337 -0.449493 0.494065
v 0.404992 -0.487367 0.499525
v 0.404992 -0.502835 0.499431
v 0.41195 -0.525063 0.487333
v 0.404884 -0.51831 0.499102
v 0.372508 -0.525063 0.542694
v 0.373062 -0.51831 0.543259
v 0.366337 -0.502835 0.551968
v 0.386711 -0.525063 0.526029
v 0.386818 -0.525063 0.525888
v 0.382274 -0.487367 0.53488
v 0.382722 -0.471899 0.535209
v 0.382954 -0.456424 0.535303
v 0.382972 -0.449493 0.535303
v 0.40238 -0.449493 0.503809
v 0.400234 -0.487367 0.507246
v 0.387766 -0.456424 0.527583
v 0.38773 -0.471899 0.527489
v 0.400073 -0.502835 0.507152
v 0.404652 -0.525063 0.498725
v 0.387551 -0.487367 0.527159
v 0.399786 -0.51831 0.506822
v 0.391111 -0.519301 0.519815
v 0.387766 -0.449493 0.527583
f 3963 3964 3965
f 3963 3965 3970
f 3963 3970 3966
f 3963 3966 3972
f 3963 3972 3979
f 3963 3979 3987
f 3963 3987 3994
f 3963 3994 4003
f 3963 4003 4012
f 3963 4012 4024
f 3963 4024 4023
f 3963 4023 4022
f 3963 4022 4034
f 3963 4034 4050
f 3963 4050 4065
f 3963 4065 4075
f 3963 4075 4066
f 3963 4066 4052
f 3963 4052 4051
f 3963 4051 4038
f 3963 4038 4037
f 3963 4037 4036
f 3963 4036 4035
f 3963 4035 4025
f 3963 4025 4014
f 3963 4014 4013
f 3963 4013 4006
f 3963 4006 4004
f 3963 4004 3997
f 3963 3997 3995
f 3963 3995 3988
f 3963 3988 3980
f 3963 3980 3973
f 3963 3973 3967
f 3963 3967 3964
f 3964 3967 3968
f 3964 3968 3965
f 3965 3968 3975
f 3965 3975 3969
f 3965 3969 3977
f 3965 3977 3970
f 3966 3970 3971
f 3966 3971 3972
f 3967 3973 3976
f 3967 3976 3968
f 3968 3974 3975
f 3968 3976 3974
f 3969 3975 3974
f 3969 3974 3981
f 3969 3981 3983
f 3969 3983 3982
f 3969 3982 3989
f 3969 3989 3996
f 3969 3996 4000
f 3969 4000 3999
f 3969 3999 4005
f 3969 4005 4008
f 3969 4008 4007
f 3969 4007 4016
f 3969 4016 4029
f 3969 4029 4041
f 3969 4041 4055
f 3969 4055 4071
f 3969 4071 4061
f 3969 4061 4060
f 3969 4060 4057
f 3969 4057 4042
f 3969 4042 4030
f 3969 4030 4018
f 3969 4018 4009
f 3969 4009 4001
f 3969 4001 3993
f 3969 3993 3992
f 3969 3992 3991
f 3969 3991 3985
f 3969 3985 3978
f 3969 3978 3977
f 3970 3977 3978
f 3970 3978 3971
f 3971 3978 3985
f 3971 3985 3986
f 3971 3986 3979
f 3971 3979 3972
f 3973 3980 3976
f 3974 3976 3981
f 3976 3982 3983
f 3976 3983 3981
f 3976 3980 3984
f 3976 3984 3982
f 3979 3986 3987
f 3980 3988 3984
f 3982 3984 3989
f 3984 3988 3995
f 3984 3995 3990
f 3984 3990 3989
f 3985 3991 3986
f 3986 3991 3987
f 3987 3992 3993
f 3987 3993 4001
f 3987 4001 4010
f 3987 4010 4002
f 3987 4002 3994
f 3987 3991 3992
f 3989 3990 3996
f 3990 3995 3997
f 3990 3997 3998
f 3990 3998 3999
f 3990 3999 4000
f 3990 4000 3996
f 3994 4002 4011
f 3994 4011 4003
f 3997 4004 3998
f 3998 4005 3999
f 3998 4004 4006
f 3998 4006 4007
f 3998 4007 4008
f 3998 4008 4005
f 4001 4009 4010
f 4002 4010 4009
f 4002 4009 4011
f 4003 4011 4017
f 4003 4017 4012
f 4006 4013 4007
f 4007 4013 4014
f 4007 4014 4015
f 4007 4015 4016
f 4009 4017 4011
f 4009 4018 4019
f 4009 4019 4020
f 4009 4020 4021
f 4009 4021 4022
f 4009 4022 4023
f 4009 4023 4017
f 4012 4017 4024
f 4014 4025 4015
f 4015 4025 4035
f 4015 4035 4026
f 4015 4026 4027
f 4015 4027 4016
f 4016 4027 4028
f 4016 4028 4029
f 4017 4023 4024
f 4018 4030 4019
f 4019 4030 4031
f 4019 4031 4032
f 4019 4032 4020
f 4020 4032 4033
f 4020 4033 4022
f 4020 4022 4021
f 4022 4033 4034
f 4026 4035 4036
f 4026 4036 4028
f 4026 4028 4027
f 4028 4036 4037
f 4028 4037 4038
f 4028 4038 4039
f 4028 4039 4040
f 4028 4040 4041
f 4028 4041 4029
f 4030 4042 4043
f 4030 4043 4031
f 4031 4043 4032
f 4032 4043 4044
f 4032 4044 4045
f 4032 4045 4033
f 4033 4045 4046
f 4033 4046 4047
f 4033 4047 4048
f 4033 4048 4034
f 4034 4048 4049
f 4034 4049 4050
f 4038 4051 4039
f 4039 4051 4052
f 4039 4052 4053
f 4039 4053 4054
f 4039 4054 4040
f 4040 4055 4041
f 4040 4054 4056
f 4040 4056 4055
f 4042 4057 4043
f 4043 4057 4058
f 4043 4058 4059
f 4043 4059 4044
f 4044 4059 4058
f 4044 4058 4045
f 4045 4058 4046
f 4046 4058 4060
f 4046 4060 4047
f 4047 4060 4048
f 4048 4060 4061
f 4048 4061 4062
f 4048 4062 4049
f 4049 4062 4063
f 4049 4063 4050
f 4050 4063 4064
f 4050 4064 4065
f 4052 4066 4053
f 4053 4067 4054
f 4053 4066 4068
f 4053 4068 4067
f 4054 4067 4069
f 4054 4069 4070
f 4054 4070 4056
f 4055 4056 4071
f 4056 4070 4069
f 4056 4069 4072
f 4056 4072 4073
f 4056 4073 4061
f 4056 4061 4071
f 4057 4060 4058
f 4061 4074 4072
f 4061 4072 4063
f 4061 4063 4062
f 4061 4073 4074
f 4063 4072 4069
f 4063 4069 4064
f 4064 4069 4068
f 4064 4068 4065
f 4065 4068 4075
f 4066 4075 4068
f 4067 4068 4069
f 4072 4074 4073
o convex_13
v 0.502831 0.630663 0.131259
v 0.502831 0.630759 0.116019
v 0.487354 0.630663 0.131259
v 0.518308 0.629992 0.131259
v 0.471876 0.630759 0.116019
v 0.502831 0.630759 0.100557
v 0.471876 0.630088 0.131259
v 0.518308 0.6298 0.116019
v 0.502831 0.630567 0.0695974
v 0.502831 0.630663 0.0850589
v 0.533423 0.624049 0.131259
v 0.379079 0.630759 -0.0541678
v 0.317192 0.630663 -0.146973
v 0.315149 0.630567 -0.146973
v 0.456421 0.630279 0.100557
v 0.487354 0.630759 0.054136
v 0.315149 0.629608 -0.131512
v 0.456421 0.628841 0.116019
v 0.4554 0.624624 0.131259
v 0.518308 0.629129 0.100557
v 0.533105 0.623857 0.116019
v 0.502831 0.629896 0.054136
v 0.487354 0.630088 0.0231763
v 0.487354 0.630663 0.0386377
v 0.541048 0.618297 0.131259
v 0.348124 0.630759 -0.116014
v 0.315149 0.630663 -0.162435
v 0.425489 0.630759 -0.0696293
v 0.315149 0.624432 -0.114725
v 0.443349 0.622898 0.116019
v 0.453335 0.623569 0.131259
v 0.518308 0.628266 0.0850589
v 0.540821 0.617626 0.116019
v 0.531812 0.623186 0.100557
v 0.502831 0.62865 0.0386377
v 0.456421 0.630088 -0.0387063
v 0.456421 0.630663 -0.0232449
v 0.541162 0.618201 0.131259
v 0.348124 0.630759 -0.146973
v 0.315149 0.630663 -0.177933
v 0.363602 0.630759 -0.131512
v 0.440944 0.630663 -0.0541678
v 0.410011 0.630567 -0.100552
v 0.379079 0.630567 -0.131512
v 0.315149 0.619735 -0.104602
v 0.446527 0.620789 0.127725
v 0.444666 0.613792 0.131259
v 0.518308 0.626828 0.0695974
v 0.539528 0.615134 0.100557
v 0.528249 0.621077 0.0695974
v 0.529973 0.622323 0.0850589
v 0.541207 0.618105 0.131259
v 0.543953 0.609862 0.116019
v 0.543113 0.607465 0.100557
v 0.471876 0.62865 -0.0232449
v 0.502831 0.626157 0.0231763
v 0.487354 0.626253 -0.00774662
v 0.471876 0.626253 -0.0387063
v 0.456421 0.628554 -0.0541678
v 0.440944 0.629704 -0.0696293
v 0.425489 0.630279 -0.0850907
v 0.348124 0.630567 -0.162435
v 0.317192 0.630663 -0.177933
v 0.315149 0.630471 -0.193394
v 0.410011 0.629321 -0.116014
v 0.394557 0.629321 -0.131512
v 0.348124 0.629321 -0.177933
v 0.315149 0.612641 -0.101031
v 0.443576 0.611779 0.131259
v 0.433409 0.618393 0.107957
v 0.519489 0.623473 0.0536206
v 0.515812 0.622802 0.0386377
v 0.526887 0.619735 0.0584431
v 0.542092 0.604685 0.0898446
v 0.538189 0.610341 0.084838
v 0.544203 0.610533 0.131259
v 0.546903 0.59577 0.131259
v 0.546517 0.595579 0.116019
v 0.545678 0.595579 0.100557
v 0.543522 0.59625 0.084838
v 0.512794 0.620789 0.0231763
v 0.497929 0.620981 -0.00774662
v 0.487694 0.622419 -0.0227663
v 0.472194 0.622419 -0.0536892
v 0.456421 0.625678 -0.0696293
v 0.440944 0.627404 -0.0850907
v 0.425489 0.62865 -0.100552
v 0.317192 0.630471 -0.193394
v 0.315149 0.628362 -0.208856
v 0.410011 0.62587 -0.131512
v 0.394557 0.625966 -0.146973
v 0.363602 0.625966 -0.177933
v 0.332669 0.629225 -0.193394
v 0.315149 0.612354 -0.100957
v 0.440149 0.595579 0.131259
v 0.431594 0.608136 0.111343
v 0.443259 0.610341 0.131259
v 0.534058 0.611108 0.0695974
v 0.525434 0.617434 0.0481355
v 0.511069 0.619352 0.0142307
v 0.541048 0.601809 0.079537
v 0.546926 0.595579 0.131259
v 0.546654 0.580145 0.100557
v 0.545655 0.580145 0.0850589
v 0.542546 0.591553 0.0747145
v 0.482588 0.620981 -0.0387063
v 0.495909 0.619543 -0.0172812
v 0.480432 0.619543 -0.0482041
v 0.466951 0.620789 -0.0696293
v 0.464773 0.619352 -0.0782803
v 0.455945 0.621652 -0.0840968
v 0.441261 0.622898 -0.100515
v 0.426669 0.623857 -0.117118
v 0.317192 0.62817 -0.208856
v 0.315149 0.622707 -0.224097
v 0.421676 0.621173 -0.131512
v 0.409058 0.621077 -0.145906
v 0.393581 0.621173 -0.161478
v 0.378103 0.621173 -0.176939
v 0.348124 0.625678 -0.193394
v 0.315149 0.595579 -0.0986747
v 0.439786 0.580145 0.131259
v 0.527159 0.607082 0.0435707
v 0.512226 0.609766 0.00852471
v 0.510661 0.603631 -0.000236774
v 0.497452 0.610053 -0.0227663
v 0.539369 0.59625 0.0695974
v 0.546971 0.580337 0.131259
v 0.546654 0.564712 0.100557
v 0.546449 0.549183 0.100557
v 0.545337 0.564712 0.0850589
v 0.543068 0.580145 0.073426
v 0.526047 0.58791 0.030907
v 0.527976 0.594141 0.0384905
v 0.533831 0.595579 0.054136
v 0.493072 0.614463 -0.0275888
v 0.481975 0.610053 -0.0536892
v 0.477572 0.614463 -0.0584749
v 0.474236 0.610053 -0.0683776
v 0.466679 0.611108 -0.0812253
v 0.461119 0.611108 -0.0889561
v 0.432592 0.617914 -0.123008
v 0.418431 0.619352 -0.140052
v 0.436314 0.620885 -0.1127
v 0.333123 0.623473 -0.209739
v 0.315149 0.621652 -0.226379
v 0.403249 0.619543 -0.155661
v 0.387771 0.619543 -0.171159
v 0.372294 0.619543 -0.186584
v 0.36224 0.620885 -0.192401
v 0.348124 0.620885 -0.204328
v 0.436723 0.424376 0.131259
v 0.436745 0.425622 0.131259
v 0.315149 0.100183 -0.0857165
v 0.366212 -0.34853 0.023434
v 0.373701 -0.34853 0.0377174
v 0.38262 -0.34853 0.0546882
v 0.423038 -0.34853 0.131149
v 0.424105 -0.28651 0.131259
v 0.424627 -0.25526 0.131259
v 0.424899 -0.239731 0.131259
v 0.425171 -0.224298 0.131259
v 0.525094 0.598263 0.033263
v 0.495365 0.604206 -0.031491
v 0.515358 0.595579 0.00771483
v 0.511409 0.595579 -0.00185654
v 0.507756 0.595579 -0.00958727
v 0.546971 0.518221 0.131259
v 0.546835 0.502979 0.131259
v 0.545927 0.53375 0.100557
v 0.544498 0.549183 0.0850589
v 0.542773 0.564712 0.0741991
v 0.526047 0.572285 0.030907
v 0.539981 0.580145 0.0656953
v 0.522961 0.580145 0.0231395
v 0.516788 0.580145 0.00771483
v 0.512136 0.580145 -0.00336588
v 0.479887 0.604206 -0.0624139
v 0.468699 0.596154 -0.0860847
v 0.463479 0.601618 -0.0919011
v 0.449295 0.604781 -0.10913
v 0.429007 0.612066 -0.131475
v 0.420655 0.611108 -0.143034
v 0.435111 0.607561 -0.126321
v 0.416979 0.601618 -0.153821
v 0.414028 0.611108 -0.150765
v 0.356181 0.619064 -0.201346
v 0.315149 0.617434 -0.231533
v 0.40629 0.611108 -0.158717
v 0.398574 0.611108 -0.166484
v 0.383096 0.611108 -0.181946
v 0.375357 0.611108 -0.189382
v 0.315149 -0.34853 -0.0742309
v 0.423106 -0.34853 0.131259
v 0.423106 -0.348339 0.131259
v 0.501106 0.595579 -0.0232449
v 0.492301 0.595579 -0.0408415
v 0.508436 0.580145 -0.0110966
v 0.546132 0.487546 0.131259
v 0.54561 0.502788 0.116019
v 0.54502 0.518221 0.100557
v 0.542137 0.549183 0.0757452
v 0.541729 0.492339 0.0919061
v 0.54275 0.518221 0.0876726
v 0.543113 0.53375 0.084065
v 0.541706 0.539022 0.0768128
v 0.539686 0.564712 0.0664315
v 0.528294 0.56615 0.0376806
v 0.516175 0.564712 0.00771483
v 0.511818 0.564712 -0.0028505
v 0.508368 0.564712 -0.0105812
v 0.496772 0.549183 -0.0343992
v 0.502377 0.564712 -0.0232449
v 0.480681 0.595579 -0.0639969
v 0.476755 0.595579 -0.0717276
v 0.465272 0.591265 -0.094478
v 0.45944 0.596154 -0.1
v 0.423492 0.596154 -0.147967
v 0.401524 0.602001 -0.169429
v 0.418998 0.591265 -0.156287
v 0.404202 0.591648 -0.17208
v 0.366711 0.611108 -0.197113
v 0.358972 0.611108 -0.203481
v 0.347784 0.611491 -0.211617
v 0.338593 0.616859 -0.215482
v 0.315149 0.609957 -0.236318
v 0.386046 0.601426 -0.184891
v 0.315149 -0.34853 -0.153232
v 0.481022 -0.34853 0.131259
v 0.502422 0.580145 -0.0232449
v 0.492959 0.580145 -0.0421668
v 0.477482 0.580145 -0.0730529
v 0.544566 0.487355 0.116019
v 0.544974 0.472017 0.131259
v 0.54132 0.481986 0.0941885
v 0.54123 0.45227 0.110718
v 0.541615 0.462623 0.107441
v 0.541979 0.471825 0.104791
v 0.526093 0.262087 0.107846
v 0.51057 0.0618393 0.108251
v 0.537099 0.518221 0.0695974
v 0.539051 0.549183 0.0680145
v 0.526229 0.353632 0.0768496
v 0.458509 -0.34853 0.054136
v 0.526161 0.292475 0.0924583
v 0.541275 0.528669 0.0782117
v 0.528226 0.549183 0.0409201
v 0.521123 0.549183 0.0231763
v 0.514927 0.549183 0.00771483
v 0.511205 0.549183 -0.00156204
v 0.508005 0.549183 -0.00929277
v 0.496408 0.53375 -0.033847
v 0.501946 0.549183 -0.0232449
v 0.492846 0.53375 -0.0415778
v 0.492959 0.549183 -0.04213
v 0.471127 0.580145 -0.0850907
v 0.465522 0.580145 -0.0948461
v 0.459848 0.580145 -0.102577
v 0.426578 0.580145 -0.146973
v 0.419271 0.580145 -0.156618
v 0.412667 0.580145 -0.164349
v 0.404951 0.580145 -0.172926
v 0.38818 0.591169 -0.186731
v 0.396576 0.580145 -0.180657
v 0.370183 0.595579 -0.200168
v 0.342383 0.606506 -0.217949
v 0.32509 0.603631 -0.232195
v 0.315149 0.596441 -0.242466
v 0.380169 0.596058 -0.191701
v 0.315149 0.416132 -0.22914
v 0.337231 -0.34853 -0.137144
v 0.480931 -0.34853 0.130302
v 0.482088 -0.335398 0.131259
v 0.492959 0.564712 -0.0421668
v 0.477323 0.564712 -0.0729792
v 0.486945 0.564712 -0.0541678
v 0.486922 0.549183 -0.0541678
v 0.481317 0.549183 -0.064954
v 0.541434 0.434249 0.124633
v 0.54182 0.444506 0.121025
v 0.542205 0.456967 0.115908
v 0.542501 0.440001 0.131259
v 0.540889 0.440001 0.115908
v 0.528952 0.286148 0.116019
v 0.525707 0.251831 0.111159
v 0.513316 0.0851329 0.116019
v 0.512113 0.0696997 0.116019
v 0.507279 0.00777521 0.116019
v 0.495001 -0.138025 0.109098
v 0.52809 0.471825 0.0567497
v 0.520623 0.255281 0.0850589
v 0.518013 0.224319 0.0850589
v 0.469652 -0.34853 0.0854638
v 0.469516 -0.34853 0.0850589
v 0.465544 -0.34853 0.0732787
v 0.462866 -0.34853 0.0655112
v 0.435157 -0.34853 -0.00428621
v 0.49541 -0.127673 0.107294
v 0.479887 -0.312583 0.107441
v 0.474667 -0.34853 0.100557
v 0.509912 0.518221 0.00160388
v 0.507869 0.53375 -0.00653179
v 0.432002 -0.34853 -0.0121274
v 0.448478 -0.136779 -0.0149988
v 0.496408 0.456392 -0.0186433
v 0.500925 0.53375 -0.0232449
v 0.49575 0.518221 -0.0325586
v 0.492414 0.518221 -0.0402893
v 0.486491 0.53375 -0.0541678
v 0.464886 0.564712 -0.0938522
v 0.476846 0.549183 -0.0726847
v 0.480999 0.53375 -0.0641441
v 0.476165 0.53375 -0.0718748
v 0.468268 0.548991 -0.0864528
v 0.46441 0.553976 -0.0931896
v 0.463956 0.543623 -0.0925269
v 0.451406 0.440863 -0.0964659
v 0.451406 0.564712 -0.111927
v 0.422629 0.548896 -0.148372
v 0.418045 0.55388 -0.155072
v 0.412054 0.564712 -0.163429
v 0.404315 0.564712 -0.172411
v 0.396123 0.564712 -0.180142
v 0.388838 0.580145 -0.18721
v 0.315149 0.584555 -0.244638
v 0.388407 0.564712 -0.186879
v 0.315149 0.594716 -0.243092
v 0.315149 0.42543 -0.23006
v 0.340022 0.00250301 -0.169945
v 0.342632 -0.115978 -0.156287
v 0.346626 -0.34853 -0.129414
v 0.355976 -0.186721 -0.139353
v 0.355364 -0.197074 -0.138764
v 0.480886 -0.34853 0.129971
v 0.504851 -0.023187 0.116019
v 0.501787 -0.084824 0.131259
v 0.525911 0.233713 0.125111
v 0.52784 0.25068 0.131259
v 0.512635 0.0543624 0.131259
v 0.511387 0.0382582 0.131259
v 0.510093 0.0215788 0.131259
v 0.510388 0.0333694 0.12548
v 0.522938 0.20879 0.116019
v 0.478752 -0.34853 0.117086
v 0.478639 -0.34853 0.116424
v 0.479456 -0.322936 0.109245
v 0.474781 -0.34853 0.100962
v 0.480296 0.255281 -0.0170971
v 0.427055 -0.34853 -0.0232449
v 0.433409 -0.311817 -0.0159559
v 0.447956 -0.0695825 -0.029319
v 0.463933 0.126256 -0.0304602
v 0.462866 0.100662 -0.0279201
v 0.448909 -0.126426 -0.0160295
v 0.469992 0.162395 -0.0232449
v 0.492414 0.425334 -0.0220301
v 0.494888 0.497516 -0.030497
v 0.482361 0.317014 -0.0244965
v 0.479002 0.301677 -0.0294663
v 0.479411 0.311838 -0.030497
v 0.479706 0.401274 -0.0465843
v 0.480727 0.42543 -0.0484618
v 0.485402 0.518221 -0.0541678
v 0.464364 0.136609 -0.0314542
v 0.464818 0.146962 -0.0323745
v 0.480364 0.518221 -0.0630765
v 0.475507 0.518221 -0.0708073
v 0.467768 0.518221 -0.0830292
v 0.463706 0.42543 -0.0766605
v 0.433182 -0.0305681 -0.0618249
v 0.429914 0.0232084 -0.0729424
v 0.429914 0.518221 -0.134825
v 0.428825 0.09932 -0.0839127
v 0.417092 0.286148 -0.122898
v 0.425149 0.440863 -0.131512
v 0.417569 -0.0752381 -0.0771023
v 0.417092 0.162395 -0.107436
v 0.417546 0.543623 -0.154446
v 0.402636 0.398781 -0.155109
v 0.403952 0.42543 -0.156692
v 0.417546 0.419774 -0.138985
v 0.402727 0.53375 -0.170681
v 0.387113 0.383923 -0.17046
v 0.387499 0.549183 -0.186179
v 0.315149 0.580145 -0.244749
v 0.316035 0.563179 -0.242871
v 0.315149 0.563754 -0.243607
v 0.315149 0.565958 -0.243791
v 0.315149 0.551196 -0.242466
v 0.340749 0.0127599 -0.170423
v 0.355205 -0.332618 -0.122971
v 0.354388 -0.348051 -0.121904
v 0.354365 -0.34853 -0.121867
v 0.355704 -0.323224 -0.12356
v 0.352368 -0.0850157 -0.152017
v 0.358178 0.00777521 -0.156508
v 0.371272 0.0934726 -0.15463
v 0.387022 0.245504 -0.154925
v 0.371681 -0.0344025 -0.139648
v 0.42061 -0.34853 -0.0364239
v 0.433591 -0.224298 -0.0317119
v 0.448841 -0.0483978 -0.0313069
v 0.44841 -0.0587505 -0.0303498
v 0.493186 0.456392 -0.026374
v 0.464523 0.22777 -0.0470997
v 0.448456 0.033657 -0.0459953
v 0.479025 0.487355 -0.0608678
v 0.479456 0.497036 -0.0615672
v 0.464183 0.324491 -0.0619353
v 0.470855 0.456392 -0.0696293
v 0.473555 0.487355 -0.0696293
v 0.449363 0.162395 -0.0629661
v 0.417569 -0.32284 -0.0461058
v 0.418023 -0.312488 -0.0468052
v 0.425149 -0.0541493 -0.0696293
v 0.416343 0.394468 -0.137402
v 0.418567 -0.177902 -0.0629293
v 0.417092 -0.208865 -0.061015
v 0.416343 -0.100545 -0.0755193
v 0.41632 0.518221 -0.152863
v 0.402114 0.388429 -0.154483
v 0.38557 0.518221 -0.184707
v 0.386954 0.540364 -0.185774
v 0.361423 -0.332618 -0.115241
v 0.407583 -0.34853 -0.0555299
v 0.366847 -0.25526 -0.118149
v 0.371159 -0.0446593 -0.139022
v 0.40629 0.348072 -0.144249
v 0.416366 -0.34853 -0.0441547
v 0.432819 -0.150199 -0.0457008
v 0.43325 -0.139847 -0.0465475
v 0.433614 -0.131507 -0.0471365
v 0.410284 -0.332618 -0.0541678
v 0.407061 0.239752 -0.129745
v 0.407061 0.363506 -0.145206
v 0.407538 0.393989 -0.148409
v 0.376901 -0.301656 -0.0997791
v 0.383868 -0.317089 -0.0891401
v 0.375357 -0.332618 -0.097828
v 0.397008 -0.332618 -0.0707704
v 0.397008 0.162395 -0.132653
v 0.403203 -0.208865 -0.0785012
v 0.403975 0.177924 -0.125879
f 4076 4077 4080
f 4076 4080 4078
f 4076 4078 4082
f 4076 4082 4094
f 4076 4094 4106
f 4076 4106 4122
f 4076 4122 4144
f 4076 4144 4172
f 4076 4172 4170
f 4076 4170 4197
f 4076 4197 4228
f 4076 4228 4227
f 4076 4227 4237
f 4076 4237 4236
f 4076 4236 4235
f 4076 4235 4234
f 4076 4234 4270
f 4076 4270 4269
f 4076 4269 4304
f 4076 4304 4348
f 4076 4348 4411
f 4076 4411 4416
f 4076 4416 4415
f 4076 4415 4414
f 4076 4414 4413
f 4076 4413 4357
f 4076 4357 4309
f 4076 4309 4274
f 4076 4274 4244
f 4076 4244 4243
f 4076 4243 4203
f 4076 4203 4177
f 4076 4177 4152
f 4076 4152 4151
f 4076 4151 4127
f 4076 4127 4113
f 4076 4113 4100
f 4076 4100 4086
f 4076 4086 4079
f 4076 4079 4077
f 4077 4079 4081
f 4077 4081 4091
f 4077 4091 4103
f 4077 4103 4116
f 4077 4116 4114
f 4077 4114 4101
f 4077 4101 4087
f 4077 4087 4080
f 4078 4080 4082
f 4079 4083 4084
f 4079 4084 4085
f 4079 4085 4081
f 4079 4086 4083
f 4080 4087 4088
f 4080 4088 4089
f 4080 4089 4090
f 4080 4090 4082
f 4081 4085 4099
f 4081 4099 4091
f 4082 4090 4089
f 4082 4089 4092
f 4082 4092 4093
f 4082 4093 4094
f 4083 4095 4097
f 4083 4097 4084
f 4083 4086 4096
f 4083 4096 4095
f 4084 4097 4098
f 4084 4098 4099
f 4084 4099 4085
f 4086 4100 4096
f 4087 4101 4088
f 4088 4101 4102
f 4088 4102 4089
f 4089 4102 4115
f 4089 4115 4139
f 4089 4139 4164
f 4089 4164 4190
f 4089 4190 4221
f 4089 4221 4263
f 4089 4263 4301
f 4089 4301 4343
f 4089 4343 4402
f 4089 4402 4400
f 4089 4400 4460
f 4089 4460 4463
f 4089 4463 4462
f 4089 4462 4464
f 4089 4464 4403
f 4089 4403 4345
f 4089 4345 4303
f 4089 4303 4268
f 4089 4268 4229
f 4089 4229 4196
f 4089 4196 4169
f 4089 4169 4143
f 4089 4143 4120
f 4089 4120 4104
f 4089 4104 4092
f 4091 4099 4112
f 4091 4112 4103
f 4092 4104 4105
f 4092 4105 4106
f 4092 4106 4094
f 4092 4094 4093
f 4095 4107 4097
f 4095 4096 4107
f 4096 4100 4108
f 4096 4108 4109
f 4096 4109 4107
f 4097 4107 4110
f 4097 4110 4098
f 4098 4111 4112
f 4098 4112 4099
f 4098 4110 4111
f 4100 4113 4108
f 4101 4114 4115
f 4101 4115 4102
f 4103 4112 4117
f 4103 4117 4118
f 4103 4118 4119
f 4103 4119 4116
f 4104 4120 4121
f 4104 4121 4105
f 4105 4121 4106
f 4106 4121 4122
f 4107 4123 4110
f 4107 4109 4123
f 4108 4124 4125
f 4108 4125 4126
f 4108 4126 4109
f 4108 4113 4127
f 4108 4127 4128
f 4108 4128 4129
f 4108 4129 4124
f 4109 4126 4123
f 4110 4130 4111
f 4110 4123 4131
f 4110 4131 4132
f 4110 4132 4133
f 4110 4133 4130
f 4111 4130 4134
f 4111 4134 4135
f 4111 4135 4136
f 4111 4136 4117
f 4111 4117 4112
f 4114 4116 4119
f 4114 4119 4137
f 4114 4137 4163
f 4114 4163 4138
f 4114 4138 4115
f 4115 4138 4163
f 4115 4163 4139
f 4117 4136 4118
f 4118 4136 4140
f 4118 4140 4141
f 4118 4141 4119
f 4119 4141 4142
f 4119 4142 4137
f 4120 4143 4144
f 4120 4144 4145
f 4120 4145 4121
f 4121 4145 4122
f 4122 4145 4144
f 4123 4126 4125
f 4123 4125 4146
f 4123 4146 4147
f 4123 4147 4131
f 4124 4148 4125
f 4124 4129 4149
f 4124 4149 4150
f 4124 4150 4148
f 4125 4148 4146
f 4127 4151 4128
f 4128 4152 4153
f 4128 4153 4154
f 4128 4154 4129
f 4128 4151 4152
f 4129 4154 4155
f 4129 4155 4149
f 4130 4133 4134
f 4131 4147 4156
f 4131 4156 4157
f 4131 4157 4158
f 4131 4158 4132
f 4132 4158 4133
f 4133 4158 4159
f 4133 4159 4160
f 4133 4160 4134
f 4134 4161 4162
f 4134 4162 4135
f 4134 4160 4161
f 4135 4162 4140
f 4135 4140 4136
f 4137 4142 4163
f 4139 4163 4164
f 4140 4162 4165
f 4140 4165 4166
f 4140 4166 4141
f 4141 4166 4167
f 4141 4167 4142
f 4142 4167 4168
f 4142 4168 4163
f 4143 4169 4170
f 4143 4170 4171
f 4143 4171 4144
f 4144 4171 4172
f 4146 4148 4147
f 4147 4148 4156
f 4148 4150 4173
f 4148 4173 4174
f 4148 4174 4175
f 4148 4175 4156
f 4149 4155 4176
f 4149 4176 4150
f 4150 4176 4173
f 4152 4177 4153
f 4153 4177 4178
f 4153 4178 4154
f 4154 4178 4179
f 4154 4179 4155
f 4155 4179 4180
f 4155 4180 4176
f 4156 4175 4157
f 4157 4181 4158
f 4157 4175 4182
f 4157 4182 4181
f 4158 4181 4159
f 4159 4181 4183
f 4159 4183 4184
f 4159 4184 4160
f 4160 4184 4185
f 4160 4185 4186
f 4160 4186 4187
f 4160 4187 4161
f 4161 4187 4188
f 4161 4188 4165
f 4161 4165 4162
f 4163 4168 4164
f 4164 4168 4189
f 4164 4189 4190
f 4165 4188 4191
f 4165 4191 4192
f 4165 4192 4193
f 4165 4193 4166
f 4166 4193 4167
f 4167 4193 4194
f 4167 4194 4195
f 4167 4195 4168
f 4168 4195 4189
f 4169 4196 4170
f 4170 4196 4197
f 4170 4172 4171
f 4173 4176 4174
f 4174 4176 4198
f 4174 4198 4199
f 4174 4199 4175
f 4175 4199 4200
f 4175 4200 4201
f 4175 4201 4182
f 4176 4180 4202
f 4176 4202 4198
f 4177 4203 4178
f 4178 4203 4243
f 4178 4243 4204
f 4178 4204 4179
f 4179 4204 4205
f 4179 4205 4206
f 4179 4206 4207
f 4179 4207 4180
f 4180 4207 4208
f 4180 4208 4209
f 4180 4209 4210
f 4180 4210 4198
f 4180 4198 4202
f 4181 4182 4183
f 4182 4211 4183
f 4182 4201 4211
f 4183 4211 4212
f 4183 4212 4213
f 4183 4213 4185
f 4183 4185 4184
f 4185 4213 4214
f 4185 4214 4215
f 4185 4215 4216
f 4185 4216 4217
f 4185 4217 4218
f 4185 4218 4219
f 4185 4219 4186
f 4186 4219 4187
f 4187 4219 4191
f 4187 4191 4188
f 4189 4195 4220
f 4189 4220 4190
f 4190 4220 4221
f 4191 4219 4218
f 4191 4218 4192
f 4192 4218 4222
f 4192 4222 4193
f 4193 4222 4223
f 4193 4223 4194
f 4194 4223 4224
f 4194 4224 4195
f 4195 4224 4225
f 4195 4225 4226
f 4195 4226 4220
f 4196 4227 4228
f 4196 4228 4197
f 4196 4229 4230
f 4196 4230 4231
f 4196 4231 4232
f 4196 4232 4233
f 4196 4233 4234
f 4196 4234 4235
f 4196 4235 4236
f 4196 4236 4237
f 4196 4237 4227
f 4198 4210 4238
f 4198 4238 4200
f 4198 4200 4199
f 4200 4239 4201
f 4200 4238 4209
f 4200 4209 4240
f 4200 4240 4241
f 4200 4241 4242
f 4200 4242 4239
f 4201 4239 4253
f 4201 4253 4212
f 4201 4212 4211
f 4204 4243 4244
f 4204 4244 4205
f 4205 4244 4245
f 4205 4245 4206
f 4206 4245 4246
f 4206 4246 4247
f 4206 4247 4207
f 4207 4247 4248
f 4207 4248 4249
f 4207 4249 4208
f 4208 4249 4250
f 4208 4250 4251
f 4208 4251 4252
f 4208 4252 4241
f 4208 4241 4240
f 4208 4240 4209
f 4209 4238 4210
f 4212 4253 4213
f 4213 4253 4214
f 4214 4253 4215
f 4215 4253 4254
f 4215 4254 4255
f 4215 4255 4216
f 4216 4255 4256
f 4216 4256 4217
f 4217 4257 4258
f 4217 4258 4218
f 4217 4256 4259
f 4217 4259 4257
f 4218 4258 4260
f 4218 4260 4261
f 4218 4261 4222
f 4220 4226 4221
f 4221 4226 4262
f 4221 4262 4263
f 4222 4261 4264
f 4222 4264 4265
f 4222 4265 4223
f 4223 4265 4266
f 4223 4266 4224
f 4224 4266 4267
f 4224 4267 4262
f 4224 4262 4225
f 4225 4262 4226
f 4229 4268 4230
f 4230 4268 4303
f 4230 4303 4346
f 4230 4346 4406
f 4230 4406 4468
f 4230 4468 4500
f 4230 4500 4504
f 4230 4504 4475
f 4230 4475 4424
f 4230 4424 4378
f 4230 4378 4372
f 4230 4372 4319
f 4230 4319 4371
f 4230 4371 4370
f 4230 4370 4369
f 4230 4369 4368
f 4230 4368 4375
f 4230 4375 4422
f 4230 4422 4420
f 4230 4420 4419
f 4230 4419 4409
f 4230 4409 4347
f 4230 4347 4304
f 4230 4304 4269
f 4230 4269 4233
f 4230 4233 4232
f 4230 4232 4231
f 4233 4269 4270
f 4233 4270 4234
f 4239 4242 4271
f 4239 4271 4272
f 4239 4272 4253
f 4241 4252 4242
f 4242 4252 4273
f 4242 4273 4271
f 4244 4274 4245
f 4245 4274 4275
f 4245 4275 4276
f 4245 4276 4246
f 4246 4277 4247
f 4246 4276 4278
f 4246 4278 4279
f 4246 4279 4280
f 4246 4280 4281
f 4246 4281 4277
f 4247 4277 4282
f 4247 4282 4248
f 4248 4282 4283
f 4248 4283 4284
f 4248 4284 4285
f 4248 4285 4251
f 4248 4251 4250
f 4248 4250 4249
f 4251 4285 4252
f 4252 4285 4286
f 4252 4286 4287
f 4252 4287 4288
f 4252 4288 4273
f 4253 4272 4289
f 4253 4289 4290
f 4253 4290 4291
f 4253 4291 4254
f 4254 4291 4255
f 4255 4291 4292
f 4255 4292 4293
f 4255 4293 4260
f 4255 4260 4256
f 4256 4260 4259
f 4257 4259 4258
f 4258 4259 4260
f 4260 4294 4264
f 4260 4264 4261
f 4260 4293 4295
f 4260 4295 4296
f 4260 4296 4294
f 4262 4267 4297
f 4262 4297 4298
f 4262 4298 4299
f 4262 4299 4300
f 4262 4300 4263
f 4263 4300 4301
f 4264 4294 4265
f 4265 4294 4266
f 4266 4294 4302
f 4266 4302 4267
f 4267 4302 4297
f 4271 4273 4305
f 4271 4305 4306
f 4271 4306 4272
f 4272 4306 4307
f 4272 4307 4289
f 4273 4288 4305
f 4274 4308 4275
f 4274 4309 4308
f 4275 4308 4276
f 4276 4310 4278
f 4276 4308 4311
f 4276 4311 4312
f 4276 4312 4313
f 4276 4313 4314
f 4276 4314 4315
f 4276 4315 4310
f 4277 4316 4317
f 4277 4317 4282
f 4277 4281 4318
f 4277 4318 4319
f 4277 4319 4316
f 4278 4280 4279
f 4278 4310 4320
f 4278 4320 4280
f 4280 4320 4321
f 4280 4321 4281
f 4281 4321 4320
f 4281 4320 4318
f 4282 4317 4322
f 4282 4322 4283
f 4283 4322 4323
f 4283 4323 4284
f 4284 4323 4324
f 4284 4324 4325
f 4284 4325 4285
f 4285 4325 4326
f 4285 4326 4327
f 4285 4327 4328
f 4285 4328 4286
f 4286 4328 4287
f 4287 4329 4330
f 4287 4330 4288
f 4287 4328 4329
f 4288 4330 4305
f 4289 4307 4290
f 4290 4307 4291
f 4291 4295 4292
f 4291 4307 4331
f 4291 4331 4332
f 4291 4332 4333
f 4291 4333 4295
f 4292 4295 4293
f 4294 4296 4302
f 4295 4333 4334
f 4295 4334 4335
f 4295 4335 4336
f 4295 4336 4337
f 4295 4337 4296
f 4296 4338 4302
f 4296 4337 4339
f 4296 4339 4338
f 4297 4302 4298
f 4298 4302 4340
f 4298 4340 4341
f 4298 4341 4342
f 4298 4342 4299
f 4299 4342 4301
f 4299 4301 4300
f 4301 4342 4343
f 4302 4338 4344
f 4302 4344 4340
f 4303 4345 4346
f 4304 4347 4348
f 4305 4349 4306
f 4305 4330 4349
f 4306 4349 4307
f 4307 4350 4331
f 4307 4349 4351
f 4307 4351 4352
f 4307 4352 4353
f 4307 4353 4350
f 4308 4309 4354
f 4308 4354 4355
f 4308 4355 4356
f 4308 4356 4311
f 4309 4357 4354
f 4310 4315 4320
f 4311 4356 4358
f 4311 4358 4359
f 4311 4359 4360
f 4311 4360 4314
f 4311 4314 4312
f 4312 4314 4313
f 4314 4360 4315
f 4315 4361 4362
f 4315 4362 4363
f 4315 4363 4364
f 4315 4364 4320
f 4315 4360 4361
f 4316 4365 4322
f 4316 4322 4317
f 4316 4319 4365
f 4318 4320 4366
f 4318 4366 4367
f 4318 4367 4368
f 4318 4368 4369
f 4318 4369 4370
f 4318 4370 4371
f 4318 4371 4319
f 4319 4372 4322
f 4319 4322 4365
f 4320 4367 4366
f 4320 4364 4373
f 4320 4373 4374
f 4320 4374 4375
f 4320 4375 4367
f 4322 4376 4323
f 4322 4372 4376
f 4323 4376 4324
f 4324 4376 4325
f 4325 4377 4326
f 4325 4376 4378
f 4325 4378 4379
f 4325 4379 4377
f 4326 4377 4380
f 4326 4380 4381
f 4326 4381 4327
f 4327 4381 4382
f 4327 4382 4383
f 4327 4383 4329
f 4327 4329 4328
f 4329 4384 4352
f 4329 4352 4330
f 4329 4383 4384
f 4330 4352 4351
f 4330 4351 4349
f 4331 4350 4353
f 4331 4353 4332
f 4332 4385 4333
f 4332 4353 4386
f 4332 4386 4387
f 4332 4387 4388
f 4332 4388 4389
f 4332 4389 4385
f 4333 4385 4390
f 4333 4390 4391
f 4333 4391 4392
f 4333 4392 4393
f 4333 4393 4394
f 4333 4394 4334
f 4334 4395 4335
f 4334 4394 4395
f 4335 4395 4396
f 4335 4396 4336
f 4336 4396 4397
f 4336 4397 4337
f 4337 4397 4398
f 4337 4398 4339
f 4338 4340 4344
f 4338 4339 4399
f 4338 4399 4400
f 4338 4400 4340
f 4339 4398 4401
f 4339 4401 4399
f 4340 4400 4402
f 4340 4402 4341
f 4341 4402 4343
f 4341 4343 4342
f 4345 4403 4404
f 4345 4404 4405
f 4345 4405 4346
f 4346 4405 4407
f 4346 4407 4408
f 4346 4408 4406
f 4347 4409 4364
f 4347 4364 4348
f 4348 4364 4410
f 4348 4410 4411
f 4352 4384 4353
f 4353 4384 4387
f 4353 4387 4386
f 4354 4412 4359
f 4354 4359 4358
f 4354 4358 4356
f 4354 4356 4355
f 4354 4357 4413
f 4354 4413 4414
f 4354 4414 4415
f 4354 4415 4416
f 4354 4416 4412
f 4359 4412 4417
f 4359 4417 4418
f 4359 4418 4360
f 4360 4418 4361
f 4361 4417 4362
f 4361 4418 4417
f 4362 4417 4363
f 4363 4417 4410
f 4363 4410 4364
f 4364 4409 4419
f 4364 4419 4420
f 4364 4420 4421
f 4364 4421 4374
f 4364 4374 4373
f 4367 4375 4368
f 4372 4378 4376
f 4374 4421 4375
f 4375 4421 4422
f 4377 4379 4423
f 4377 4423 4380
f 4378 4424 4425
f 4378 4425 4426
f 4378 4426 4427
f 4378 4427 4428
f 4378 4428 4429
f 4378 4429 4379
f 4379 4429 4430
f 4379 4430 4423
f 4380 4423 4431
f 4380 4431 4381
f 4381 4431 4432
f 4381 4432 4382
f 4382 4432 4433
f 4382 4433 4434
f 4382 4434 4435
f 4382 4435 4383
f 4383 4436 4437
f 4383 4437 4438
f 4383 4438 4384
f 4383 4435 4427
f 4383 4427 4439
f 4383 4439 4440
f 4383 4440 4436
f 4384 4438 4387
f 4385 4389 4390
f 4387 4438 4441
f 4387 4441 4388
f 4388 4441 4442
f 4388 4442 4389
f 4389 4442 4443
f 4389 4443 4391
f 4389 4391 4390
f 4391 4443 4444
f 4391 4444 4445
f 4391 4445 4446
f 4391 4446 4392
f 4392 4447 4393
f 4392 4446 4448
f 4392 4448 4447
f 4393 4447 4394
f 4394 4449 4395
f 4394 4447 4450
f 4394 4450 4451
f 4394 4451 4452
f 4394 4452 4449
f 4395 4453 4454
f 4395 4454 4455
f 4395 4455 4396
f 4395 4449 4456
f 4395 4456 4453
f 4396 4457 4397
f 4396 4455 4457
f 4397 4457 4458
f 4397 4458 4398
f 4398 4459 4401
f 4398 4458 4459
f 4399 4460 4400
f 4399 4401 4460
f 4401 4461 4462
f 4401 4462 4463
f 4401 4463 4460
f 4401 4459 4461
f 4403 4464 4465
f 4403 4465 4404
f 4404 4465 4405
f 4405 4465 4407
f 4406 4466 4467
f 4406 4467 4468
f 4406 4408 4466
f 4407 4469 4466
f 4407 4466 4408
f 4407 4465 4464
f 4407 4464 4470
f 4407 4470 4471
f 4407 4471 4472
f 4407 4472 4457
f 4407 4457 4473
f 4407 4473 4474
f 4407 4474 4469
f 4410 4417 4411
f 4411 4417 4416
f 4412 4416 4417
f 4420 4422 4421
f 4423 4433 4431
f 4423 4430 4433
f 4424 4475 4476
f 4424 4476 4477
f 4424 4477 4478
f 4424 4478 4426
f 4424 4426 4425
f 4426 4478 4439
f 4426 4439 4427
f 4427 4435 4434
f 4427 4434 4428
f 4428 4434 4430
f 4428 4430 4429
f 4430 4434 4433
f 4431 4433 4479
f 4431 4479 4432
f 4432 4479 4433
f 4436 4480 4437
f 4436 4440 4478
f 4436 4478 4477
f 4436 4477 4476
f 4436 4476 4475
f 4436 4475 4481
f 4436 4481 4480
f 4437 4482 4483
f 4437 4483 4438
f 4437 4480 4482
f 4438 4483 4441
f 4439 4478 4440
f 4441 4483 4484
f 4441 4484 4485
f 4441 4485 4486
f 4441 4486 4442
f 4442 4486 4485
f 4442 4485 4444
f 4442 4444 4443
f 4444 4485 4487
f 4444 4487 4488
f 4444 4488 4445
f 4445 4488 4489
f 4445 4489 4446
f 4446 4489 4490
f 4446 4490 4448
f 4447 4448 4450
f 4448 4490 4451
f 4448 4451 4450
f 4449 4491 4456
f 4449 4452 4491
f 4451 4490 4492
f 4451 4492 4493
f 4451 4493 4452
f 4452 4493 4494
f 4452 4494 4491
f 4453 4495 4454
f 4453 4456 4491
f 4453 4491 4495
f 4454 4496 4474
f 4454 4474 4473
f 4454 4473 4457
f 4454 4457 4455
f 4454 4495 4496
f 4457 4472 4458
f 4458 4497 4498
f 4458 4498 4459
f 4458 4472 4497
f 4459 4498 4464
f 4459 4464 4461
f 4461 4464 4462
f 4464 4498 4497
f 4464 4497 4471
f 4464 4471 4470
f 4466 4469 4499
f 4466 4499 4467
f 4467 4499 4468
f 4468 4499 4500
f 4469 4501 4499
f 4469 4474 4502
f 4469 4502 4496
f 4469 4496 4503
f 4469 4503 4501
f 4471 4497 4472
f 4474 4496 4502
f 4475 4504 4488
f 4475 4488 4505
f 4475 4505 4481
f 4480 4481 4506
f 4480 4506 4482
f 4481 4505 4506
f 4482 4506 4483
f 4483 4506 4507
f 4483 4507 4484
f 4484 4507 4488
f 4484 4488 4487
f 4484 4487 4485
f 4488 4507 4506
f 4488 4506 4505
f 4488 4504 4500
f 4488 4500 4508
f 4488 4508 4493
f 4488 4493 4489
f 4489 4493 4492
f 4489 4492 4490
f 4491 4494 4508
f 4491 4508 4509
f 4491 4509 4503
f 4491 4503 4510
f 4491 4510 4511
f 4491 4511 4495
f 4493 4508 4494
f 4495 4511 4496
f 4496 4511 4503
f 4499 4501 4512
f 4499 4512 4513
f 4499 4513 4514
f 4499 4514 4500
f 4500 4514 4515
f 4500 4515 4508
f 4501 4516 4517
f 4501 4517 4513
f 4501 4513 4512
f 4501 4503 4516
f 4503 4511 4510
f 4503 4509 4517
f 4503 4517 4518
f 4503 4518 4516
f 4508 4515 4517
f 4508 4517 4509
f 4513 4515 4514
f 4513 4517 4515
f 4516 4518 4517
o convex_14
v 0.315149 -0.34853 -0.0742625
v 0.0762299 0.00748764 -0.20651
v 0.0762299 -0.00190648 -0.206317
v 0.0762299 -0.169083 -0.203089
v 0.0762299 -0.178094 -0.203006
v 0.0762299 -0.25526 -0.202372
v 0.0762299 -0.348051 -0.201793
v 0.0762299 -0.34853 -0.201793
v 0.315149 -0.34853 -0.153269
v 0.315149 0.101333 -0.0857934
v 0.0762299 0.588773 -0.220524
v 0.0762299 0.308675 -0.213462
v 0.0762299 -0.34853 -0.272799
v 0.294029 -0.34853 -0.169958
v 0.309559 0.401178 -0.232165
v 0.315149 0.42543 -0.230068
v 0.315149 0.595579 -0.0987037
v 0.0762299 0.595579 -0.220717
v 0.0762299 0.580145 -0.356054
v 0.153858 -0.306448 -0.24731
v 0.162465 -0.34853 -0.239889
v 0.286287 -0.34853 -0.175807
v 0.294076 -0.0319101 -0.201269
v 0.308881 0.390921 -0.231668
v 0.309419 0.556948 -0.24753
v 0.315149 0.551196 -0.242482
v 0.310097 0.409997 -0.232606
v 0.315149 0.612354 -0.101021
v 0.0762299 0.602289 -0.22193
v 0.0762299 0.596537 -0.348992
v 0.172172 0.604877 -0.310206
v 0.21598 0.600372 -0.293709
v 0.223043 0.595387 -0.291254
v 0.217032 0.590115 -0.294123
v 0.217032 0.585705 -0.294123
v 0.239813 0.580145 -0.284027
v 0.248888 0.564712 -0.279089
v 0.247976 0.554647 -0.278675
v 0.246994 0.544294 -0.278261
v 0.217383 0.212337 -0.263365
v 0.170488 -0.218163 -0.247696
v 0.155145 -0.296096 -0.247723
v 0.174254 -0.34853 -0.234096
v 0.185621 -0.138888 -0.247503
v 0.274803 -0.34853 -0.183696
v 0.278335 -0.308557 -0.1856
v 0.279083 -0.298301 -0.186096
v 0.293959 0.12386 -0.216606
v 0.29431 0.291324 -0.232303
v 0.294614 0.459747 -0.247944
v 0.295479 0.471825 -0.248468
v 0.310074 0.5673 -0.247999
v 0.315149 0.563754 -0.243613
v 0.315149 0.612641 -0.101076
v 0.0905206 0.606602 -0.215448
v 0.0762299 0.612066 -0.224055
v 0.0762299 0.618489 -0.324495
v 0.0851177 0.61753 -0.32375
v 0.131522 0.620118 -0.311006
v 0.141158 0.619256 -0.309902
v 0.151473 0.617914 -0.308468
v 0.198976 0.617626 -0.293102
v 0.162465 0.607657 -0.312164
v 0.205665 0.607273 -0.295778
v 0.248233 0.60411 -0.27884
v 0.239813 0.595579 -0.283889
v 0.249777 0.580145 -0.279558
v 0.256607 0.564712 -0.27553
v 0.253987 0.549375 -0.275475
v 0.255273 0.518221 -0.272275
v 0.255273 0.487355 -0.269627
v 0.232492 0.291708 -0.263227
v 0.245473 0.348072 -0.262041
v 0.181995 -0.34853 -0.230234
v 0.270757 0.394468 -0.25393
v 0.285282 0.440863 -0.250951
v 0.263647 0.46061 -0.263337
v 0.261822 0.440863 -0.262454
v 0.260396 0.42543 -0.261765
v 0.270757 0.440863 -0.258123
v 0.270757 0.409997 -0.255337
v 0.267062 -0.34853 -0.187724
v 0.293795 0.449491 -0.247475
v 0.293515 0.281067 -0.231834
v 0.286217 0.471825 -0.253268
v 0.278452 0.541706 -0.263006
v 0.279271 0.552059 -0.26342
v 0.28023 0.564712 -0.263916
v 0.285141 0.547841 -0.259972
v 0.287948 0.564712 -0.259806
v 0.303244 0.563179 -0.251447
v 0.301701 0.580145 -0.253434
v 0.310729 0.580145 -0.248496
v 0.315149 0.565958 -0.243779
v 0.315149 0.619735 -0.104607
v 0.0942863 0.616955 -0.217517
v 0.0762299 0.621173 -0.229489
v 0.0762299 0.62309 -0.317488
v 0.0851177 0.623282 -0.315999
v 0.100578 0.622611 -0.314537
v 0.116062 0.62146 -0.312771
v 0.146584 0.622802 -0.302675
v 0.162465 0.622323 -0.299006
v 0.177949 0.620885 -0.296578
v 0.188685 0.619639 -0.294923
v 0.22164 0.620502 -0.280633
v 0.231954 0.618776 -0.278427
v 0.225803 0.612641 -0.28444
v 0.239813 0.607657 -0.280882
v 0.279177 0.604014 -0.263365
v 0.270757 0.595579 -0.268634
v 0.257028 0.595579 -0.275502
v 0.249286 0.595579 -0.279365
v 0.262875 0.618776 -0.262951
v 0.270757 0.607657 -0.265489
v 0.257519 0.580145 -0.275834
v 0.270757 0.564712 -0.268716
v 0.270055 0.53375 -0.266509
v 0.268746 0.518221 -0.265847
v 0.267436 0.502788 -0.265185
v 0.255273 0.53375 -0.273571
v 0.266079 0.487355 -0.264496
v 0.255273 0.471825 -0.268275
v 0.254104 0.440863 -0.266123
v 0.193713 -0.34853 -0.224386
v 0.287667 0.455338 -0.251061
v 0.236118 -0.34853 -0.2032
v 0.224634 -0.34853 -0.208937
v 0.272418 0.471825 -0.260082
v 0.269588 0.455817 -0.260027
v 0.273798 0.487355 -0.260744
v 0.275154 0.502788 -0.261378
v 0.276487 0.518221 -0.262013
v 0.272277 0.547841 -0.266592
v 0.280861 0.580145 -0.26422
v 0.288603 0.580145 -0.260247
v 0.310542 0.590594 -0.248358
v 0.315149 0.580145 -0.244772
v 0.315149 0.624432 -0.114759
v 0.0762299 0.626253 -0.239061
v 0.0762299 0.629417 -0.301709
v 0.0851177 0.629225 -0.301709
v 0.100578 0.628554 -0.301709
v 0.116062 0.627308 -0.301709
v 0.131522 0.625678 -0.301709
v 0.177949 0.626541 -0.286233
v 0.193667 0.623186 -0.287254
v 0.208869 0.622227 -0.283309
v 0.225803 0.623953 -0.272247
v 0.239813 0.622419 -0.268496
v 0.25256 0.620598 -0.26524
v 0.283504 0.620598 -0.249765
v 0.308226 0.600947 -0.246647
v 0.287971 0.595579 -0.259861
v 0.28023 0.595579 -0.263889
v 0.293819 0.618776 -0.247447
v 0.297912 0.608424 -0.250261
v 0.270757 0.580145 -0.269323
v 0.315149 0.594716 -0.243089
v 0.315149 0.584555 -0.244634
v 0.315149 0.629608 -0.131531
v 0.301701 0.628458 -0.131531
v 0.239813 0.62865 -0.162483
v 0.208869 0.62865 -0.177958
v 0.177949 0.62865 -0.193434
v 0.116062 0.628554 -0.22433
v 0.0851177 0.628458 -0.239806
v 0.0762299 0.630471 -0.255282
v 0.0762299 0.630759 -0.286233
v 0.100578 0.630759 -0.286233
v 0.116062 0.630663 -0.286233
v 0.131522 0.630279 -0.286233
v 0.147005 0.629417 -0.286233
v 0.162465 0.628266 -0.286233
v 0.208869 0.628075 -0.270758
v 0.256747 0.623953 -0.256799
v 0.239813 0.628266 -0.255282
v 0.270757 0.622419 -0.25302
v 0.287691 0.623761 -0.241296
v 0.315149 0.596441 -0.242482
v 0.302519 0.612546 -0.244551
v 0.315149 0.609957 -0.23633
v 0.301701 0.621556 -0.236744
v 0.310963 0.619735 -0.233241
v 0.315149 0.617434 -0.23153
v 0.315149 0.612258 -0.234868
v 0.315149 0.630567 -0.147007
v 0.301701 0.630471 -0.147007
v 0.286217 0.629896 -0.147007
v 0.193409 0.630088 -0.193434
v 0.131522 0.630088 -0.22433
v 0.100578 0.630088 -0.239806
v 0.270757 0.630567 -0.162483
v 0.177949 0.630663 -0.208882
v 0.147005 0.630663 -0.22433
v 0.0851177 0.630663 -0.255282
v 0.0762299 0.630759 -0.270758
v 0.162465 0.630759 -0.270758
v 0.177949 0.630471 -0.270758
v 0.193409 0.629608 -0.270758
v 0.22433 0.629896 -0.255282
v 0.270757 0.62817 -0.239806
v 0.255273 0.629896 -0.239806
v 0.301701 0.626924 -0.22433
v 0.315149 0.622707 -0.22411
v 0.315149 0.621652 -0.226372
v 0.315149 0.630663 -0.162483
v 0.301701 0.630759 -0.162483
v 0.286217 0.630759 -0.162483
v 0.162465 0.630759 -0.22433
v 0.100578 0.630759 -0.255282
v 0.286217 0.630759 -0.208882
v 0.208869 0.630663 -0.255282
v 0.286217 0.629608 -0.22433
v 0.239813 0.630663 -0.239806
v 0.270757 0.630567 -0.22433
v 0.315149 0.628362 -0.208882
v 0.315149 0.630663 -0.177958
v 0.301701 0.630759 -0.193434
v 0.315149 0.630471 -0.193434
v 0.301701 0.630183 -0.208882
f 4519 4520 4521
f 4519 4521 4522
f 4519 4522 4523
f 4519 4523 4524
f 4519 4524 4525
f 4519 4525 4526
f 4519 4526 4531
f 4519 4531 4539
f 4519 4539 4561
f 4519 4561 4592
f 4519 4592 4643
f 4519 4643 4646
f 4519 4646 4645
f 4519 4645 4600
f 4519 4600 4563
f 4519 4563 4540
f 4519 4540 4532
f 4519 4532 4527
f 4519 4527 4534
f 4519 4534 4544
f 4519 4544 4571
f 4519 4571 4612
f 4519 4612 4656
f 4519 4656 4678
f 4519 4678 4677
f 4519 4677 4698
f 4519 4698 4700
f 4519 4700 4704
f 4519 4704 4703
f 4519 4703 4724
f 4519 4724 4723
f 4519 4723 4735
f 4519 4735 4738
f 4519 4738 4736
f 4519 4736 4725
f 4519 4725 4705
f 4519 4705 4679
f 4519 4679 4657
f 4519 4657 4613
f 4519 4613 4572
f 4519 4572 4546
f 4519 4546 4535
f 4519 4535 4528
f 4519 4528 4529
f 4519 4529 4530
f 4519 4530 4520
f 4520 4530 4529
f 4520 4529 4536
f 4520 4536 4547
f 4520 4547 4574
f 4520 4574 4615
f 4520 4615 4658
f 4520 4658 4686
f 4520 4686 4715
f 4520 4715 4687
f 4520 4687 4659
f 4520 4659 4616
f 4520 4616 4575
f 4520 4575 4548
f 4520 4548 4537
f 4520 4537 4531
f 4520 4531 4526
f 4520 4526 4525
f 4520 4525 4524
f 4520 4524 4523
f 4520 4523 4522
f 4520 4522 4521
f 4527 4532 4533
f 4527 4533 4534
f 4528 4535 4529
f 4529 4535 4536
f 4531 4537 4538
f 4531 4538 4539
f 4532 4540 4541
f 4532 4541 4533
f 4533 4542 4543
f 4533 4543 4544
f 4533 4544 4545
f 4533 4545 4534
f 4533 4541 4542
f 4534 4545 4544
f 4535 4546 4536
f 4536 4546 4547
f 4537 4548 4549
f 4537 4549 4550
f 4537 4550 4551
f 4537 4551 4552
f 4537 4552 4553
f 4537 4553 4554
f 4537 4554 4555
f 4537 4555 4556
f 4537 4556 4557
f 4537 4557 4558
f 4537 4558 4559
f 4537 4559 4560
f 4537 4560 4538
f 4538 4560 4539
f 4539 4560 4559
f 4539 4559 4562
f 4539 4562 4561
f 4540 4563 4564
f 4540 4564 4565
f 4540 4565 4541
f 4541 4565 4566
f 4541 4566 4543
f 4541 4543 4542
f 4543 4567 4568
f 4543 4568 4569
f 4543 4569 4570
f 4543 4570 4544
f 4543 4566 4567
f 4544 4570 4571
f 4546 4572 4547
f 4547 4572 4573
f 4547 4573 4574
f 4548 4575 4576
f 4548 4576 4577
f 4548 4577 4578
f 4548 4578 4579
f 4548 4579 4580
f 4548 4580 4581
f 4548 4581 4549
f 4549 4581 4580
f 4549 4580 4582
f 4549 4582 4550
f 4550 4582 4583
f 4550 4583 4584
f 4550 4584 4551
f 4551 4584 4552
f 4552 4584 4554
f 4552 4554 4553
f 4554 4584 4585
f 4554 4585 4555
f 4555 4586 4587
f 4555 4587 4556
f 4555 4585 4586
f 4556 4587 4557
f 4557 4587 4588
f 4557 4588 4558
f 4558 4588 4589
f 4558 4589 4590
f 4558 4590 4559
f 4559 4590 4591
f 4559 4591 4562
f 4561 4562 4593
f 4561 4593 4594
f 4561 4594 4592
f 4562 4591 4595
f 4562 4595 4596
f 4562 4596 4597
f 4562 4597 4598
f 4562 4598 4599
f 4562 4599 4593
f 4563 4600 4564
f 4564 4600 4601
f 4564 4601 4602
f 4564 4602 4567
f 4564 4567 4565
f 4565 4567 4566
f 4567 4602 4568
f 4568 4601 4603
f 4568 4603 4604
f 4568 4604 4605
f 4568 4605 4569
f 4568 4602 4601
f 4569 4605 4606
f 4569 4606 4607
f 4569 4607 4608
f 4569 4608 4609
f 4569 4609 4570
f 4570 4609 4610
f 4570 4610 4611
f 4570 4611 4571
f 4571 4611 4612
f 4572 4574 4573
f 4572 4613 4574
f 4574 4613 4614
f 4574 4614 4615
f 4575 4616 4617
f 4575 4617 4618
f 4575 4618 4619
f 4575 4619 4576
f 4576 4619 4577
f 4577 4619 4620
f 4577 4620 4578
f 4578 4620 4621
f 4578 4621 4622
f 4578 4622 4623
f 4578 4623 4579
f 4579 4623 4580
f 4580 4623 4624
f 4580 4624 4625
f 4580 4625 4626
f 4580 4626 4582
f 4582 4626 4627
f 4582 4627 4583
f 4583 4628 4629
f 4583 4629 4630
f 4583 4630 4631
f 4583 4631 4584
f 4583 4627 4625
f 4583 4625 4632
f 4583 4632 4633
f 4583 4633 4628
f 4584 4631 4585
f 4585 4634 4586
f 4585 4631 4634
f 4586 4634 4635
f 4586 4635 4636
f 4586 4636 4637
f 4586 4637 4638
f 4586 4638 4588
f 4586 4588 4639
f 4586 4639 4587
f 4587 4639 4588
f 4588 4638 4589
f 4589 4638 4640
f 4589 4640 4595
f 4589 4595 4641
f 4589 4641 4590
f 4590 4641 4642
f 4590 4642 4591
f 4591 4642 4595
f 4592 4594 4643
f 4593 4599 4594
f 4594 4599 4598
f 4594 4598 4603
f 4594 4603 4644
f 4594 4644 4601
f 4594 4601 4600
f 4594 4600 4645
f 4594 4645 4646
f 4594 4646 4643
f 4595 4642 4641
f 4595 4640 4647
f 4595 4647 4648
f 4595 4648 4598
f 4595 4598 4596
f 4596 4598 4597
f 4598 4648 4647
f 4598 4647 4603
f 4601 4644 4603
f 4603 4647 4649
f 4603 4649 4650
f 4603 4650 4651
f 4603 4651 4604
f 4604 4651 4652
f 4604 4652 4635
f 4604 4635 4605
f 4605 4635 4606
f 4606 4608 4607
f 4606 4635 4653
f 4606 4653 4654
f 4606 4654 4610
f 4606 4610 4608
f 4608 4610 4609
f 4610 4654 4655
f 4610 4655 4611
f 4611 4656 4612
f 4611 4655 4656
f 4613 4615 4614
f 4613 4657 4658
f 4613 4658 4615
f 4616 4659 4660
f 4616 4660 4661
f 4616 4661 4617
f 4617 4661 4662
f 4617 4662 4618
f 4618 4662 4663
f 4618 4663 4619
f 4619 4663 4620
f 4620 4663 4621
f 4621 4663 4664
f 4621 4664 4665
f 4621 4665 4622
f 4622 4665 4623
f 4623 4665 4666
f 4623 4666 4624
f 4624 4666 4667
f 4624 4667 4668
f 4624 4668 4625
f 4625 4627 4626
f 4625 4668 4669
f 4625 4669 4670
f 4625 4670 4632
f 4628 4671 4655
f 4628 4655 4672
f 4628 4672 4673
f 4628 4673 4629
f 4628 4633 4674
f 4628 4674 4675
f 4628 4675 4671
f 4629 4673 4676
f 4629 4676 4630
f 4630 4676 4631
f 4631 4676 4634
f 4632 4670 4674
f 4632 4674 4633
f 4634 4676 4635
f 4635 4652 4636
f 4635 4676 4653
f 4636 4650 4637
f 4636 4652 4650
f 4637 4650 4649
f 4637 4649 4638
f 4638 4649 4647
f 4638 4647 4640
f 4650 4652 4651
f 4653 4676 4673
f 4653 4673 4654
f 4654 4673 4655
f 4655 4677 4678
f 4655 4678 4656
f 4655 4673 4672
f 4655 4671 4677
f 4657 4679 4680
f 4657 4680 4681
f 4657 4681 4682
f 4657 4682 4683
f 4657 4683 4658
f 4658 4683 4684
f 4658 4684 4685
f 4658 4685 4686
f 4659 4687 4688
f 4659 4688 4689
f 4659 4689 4660
f 4660 4689 4690
f 4660 4690 4661
f 4661 4690 4691
f 4661 4691 4692
f 4661 4692 4662
f 4662 4692 4663
f 4663 4692 4664
f 4664 4692 4693
f 4664 4693 4665
f 4665 4693 4666
f 4666 4693 4667
f 4667 4694 4668
f 4667 4693 4695
f 4667 4695 4694
f 4668 4694 4696
f 4668 4696 4670
f 4668 4670 4669
f 4670 4696 4697
f 4670 4697 4674
f 4671 4698 4677
f 4671 4675 4699
f 4671 4699 4700
f 4671 4700 4698
f 4674 4697 4701
f 4674 4701 4702
f 4674 4702 4703
f 4674 4703 4704
f 4674 4704 4700
f 4674 4700 4699
f 4674 4699 4675
f 4679 4705 4706
f 4679 4706 4707
f 4679 4707 4680
f 4680 4707 4681
f 4681 4707 4708
f 4681 4708 4709
f 4681 4709 4710
f 4681 4710 4682
f 4682 4710 4683
f 4683 4710 4684
f 4684 4710 4685
f 4685 4710 4686
f 4686 4710 4709
f 4686 4709 4708
f 4686 4708 4711
f 4686 4711 4712
f 4686 4712 4713
f 4686 4713 4714
f 4686 4714 4715
f 4687 4715 4729
f 4687 4729 4728
f 4687 4728 4727
f 4687 4727 4726
f 4687 4726 4737
f 4687 4737 4730
f 4687 4730 4716
f 4687 4716 4688
f 4688 4716 4689
f 4689 4717 4690
f 4689 4716 4717
f 4690 4717 4691
f 4691 4717 4718
f 4691 4718 4692
f 4692 4718 4693
f 4693 4718 4719
f 4693 4719 4695
f 4694 4697 4696
f 4694 4695 4720
f 4694 4720 4697
f 4695 4719 4721
f 4695 4721 4720
f 4697 4720 4722
f 4697 4722 4701
f 4701 4722 4723
f 4701 4723 4724
f 4701 4724 4702
f 4702 4724 4703
f 4705 4725 4726
f 4705 4726 4727
f 4705 4727 4706
f 4706 4727 4711
f 4706 4711 4707
f 4707 4711 4708
f 4711 4727 4712
f 4712 4727 4713
f 4713 4727 4728
f 4713 4728 4729
f 4713 4729 4714
f 4714 4729 4715
f 4716 4730 4731
f 4716 4731 4717
f 4717 4719 4718
f 4717 4731 4719
f 4719 4731 4733
f 4719 4733 4721
f 4720 4721 4732
f 4720 4732 4722
f 4721 4733 4734
f 4721 4734 4732
f 4722 4732 4735
f 4722 4735 4723
f 4725 4736 4737
f 4725 4737 4726
f 4730 4733 4731
f 4730 4737 4738
f 4730 4738 4734
f 4730 4734 4733
f 4732 4734 4739
f 4732 4739 4735
f 4734 4738 4739
f 4735 4739 4738
f 4736 4738 4737
o convex_15
v -0.181427 -0.269283 -0.231313
v -0.181427 -0.269283 -0.162687
v -0.181427 -0.259857 -0.232276
v -0.0817126 -0.269283 -0.281134
v 0.0552498 -0.269283 -0.197882
v -0.181427 -0.255275 -0.162669
v -0.181427 -0.235629 -0.234729
v -0.0708433 -0.269283 -0.286422
v -0.181427 -0.208846 -0.237437
v -0.181427 -0.204529 -0.237873
v -0.181427 -0.189552 -0.239363
v -0.181427 -0.131493 -0.245086
v -0.181427 -0.117749 -0.246412
v -0.181427 -0.0947549 -0.248593
v -0.181427 0.159241 -0.16474
v -0.181427 0.0350182 -0.164068
v -0.181427 -0.0424228 -0.16365
v -0.181427 -0.197393 -0.162814
v -0.181427 -0.208846 -0.16276
v -0.181427 -0.212899 -0.162742
v -0.181427 -0.228404 -0.162687
v -0.181427 -0.239769 -0.162669
v 0.0662704 -0.269283 -0.199717
v -0.181427 0.580189 -0.167193
v -0.181427 0.407951 -0.166176
v -0.181427 0.392445 -0.166085
v -0.181427 0.236946 -0.165177
v -0.181427 0.221352 -0.165086
v -0.0696076 -0.269283 -0.287021
v -0.181427 -0.0871782 -0.249283
v -0.181427 -0.0541402 -0.252281
v 0.0762065 -0.269283 -0.202297
v 0.0762065 -0.255275 -0.202351
v 0.0762065 -0.169024 -0.203078
v 0.0762065 0.308661 -0.213471
v 0.0762065 0.588734 -0.220557
v 0.0762065 0.595606 -0.220739
v -0.181427 0.59173 -0.167975
v 0.0762065 -0.00198429 -0.206312
v 0.0762065 0.00753063 -0.206512
v -0.062042 -0.202062 -0.294016
v -0.0556113 -0.269283 -0.290237
v -0.181427 -0.020045 -0.255352
v -0.181427 0.0257676 -0.259476
v -0.181427 0.0526385 -0.261893
v -0.181427 0.210163 -0.27592
v -0.181427 0.246902 -0.27919
v -0.181427 0.394471 -0.292272
v -0.181427 0.429359 -0.295361
v -0.181427 0.518253 -0.303228
v -0.181427 0.534112 -0.304627
v -0.181427 0.549177 -0.305899
v -0.179208 0.549177 -0.306808
v -0.171466 0.549177 -0.309951
v -0.0767949 0.575431 -0.348289
v -0.0767697 0.575343 -0.348289
v 0.0762065 -0.269283 -0.277355
v 0.0762065 0.602302 -0.221956
v -0.181427 0.595606 -0.168247
v -0.0541486 -0.269283 -0.290564
v -0.181427 0.551644 -0.306008
v -0.181427 0.564683 -0.306553
v -0.179939 0.564683 -0.307153
v -0.172197 0.564683 -0.310242
v -0.0782828 0.583184 -0.348289
v -0.0724321 0.564683 -0.348289
v 0.0755004 -0.269283 -0.278009
v 0.0762065 0.563626 -0.348289
v 0.0762065 0.612081 -0.224082
v -0.181427 0.608117 -0.171536
v -0.0386896 -0.269283 -0.290855
v -0.0652196 0.552789 -0.348289
v -0.0586627 0.545036 -0.348289
v -0.0509458 0.537107 -0.348289
v -0.0415645 0.529354 -0.348289
v -0.0339233 0.523539 -0.348289
v -0.0233314 0.519399 -0.348289
v -0.181427 0.580189 -0.306572
v -0.0782828 0.589968 -0.348289
v 0.0684896 -0.269283 -0.284405
v 0.0620589 -0.202767 -0.294053
v 0.0541402 -0.269283 -0.290582
v 0.0753491 0.561863 -0.348289
v 0.0762065 0.597016 -0.348289
v -0.181427 0.612698 -0.17388
v 0.0762065 0.621156 -0.229497
v 0.038656 -0.269283 -0.290855
v -0.00792284 0.517637 -0.348289
v -0.181427 0.581862 -0.306517
v -0.181427 0.595606 -0.306008
v -0.0782576 0.590056 -0.348289
v 0.0671026 -0.269283 -0.285023
v 0.0526523 -0.269283 -0.290619
v 0.0231969 0.519663 -0.348289
v 0.0334609 0.523716 -0.348289
v 0.0532071 0.536578 -0.348289
v 0.0610249 0.542481 -0.348289
v 0.0682122 0.549441 -0.348289
v 0.0688679 0.550234 -0.348289
v 0.0695488 0.551379 -0.348289
v 0.0682879 0.608645 -0.348289
v 0.0762065 0.618424 -0.324505
v -0.181427 0.619394 -0.178822
v 0.0762065 0.626265 -0.239072
v -0.181427 0.621508 -0.181293
v -0.00774631 0.517637 -0.348289
v 0.00771271 0.517725 -0.348289
v -0.181427 0.598249 -0.305282
v -0.170406 0.603535 -0.309515
v -0.0747774 0.597721 -0.348289
v 0.0541402 0.615429 -0.348289
v 0.0762065 0.623094 -0.317491
v 0.0762065 0.630406 -0.255297
v -0.181427 0.627146 -0.193412
v -0.181427 0.625737 -0.189778
v -0.181427 0.610143 -0.301956
v -0.0670605 0.607852 -0.348289
v 0.0388325 0.616927 -0.348289
v 0.0762065 0.629437 -0.301702
v 0.0762065 0.630759 -0.270759
v -0.181427 0.630759 -0.220866
v -0.181427 0.630406 -0.208892
v -0.181427 0.630054 -0.205386
v -0.181427 0.614019 -0.299885
v -0.181427 0.620539 -0.295706
v -0.0541486 0.614636 -0.348289
v 0.0695992 0.629525 -0.301702
v -0.0386896 0.616927 -0.348289
v 0.0762065 0.630759 -0.286222
v -0.181427 0.630759 -0.255297
v -0.181427 0.621508 -0.294144
v -0.177922 0.620979 -0.296288
v -0.162437 0.622741 -0.298831
v -0.177922 0.626706 -0.286222
v -0.0696076 0.629525 -0.301702
v -0.162437 0.628644 -0.286222
v -0.116035 0.62697 -0.301702
v -0.0850919 0.629085 -0.301702
v -0.0696076 0.630759 -0.286222
v -0.181427 0.630582 -0.267253
v -0.162437 0.630759 -0.270759
v -0.181427 0.625913 -0.286422
v -0.181427 0.627411 -0.282733
v -0.131494 0.630054 -0.286222
v -0.181427 0.630318 -0.270759
v -0.146978 0.629613 -0.286222
v -0.177922 0.630494 -0.270759
f 4740 4741 4745
f 4740 4745 4761
f 4740 4761 4760
f 4740 4760 4759
f 4740 4759 4758
f 4740 4758 4757
f 4740 4757 4756
f 4740 4756 4755
f 4740 4755 4754
f 4740 4754 4767
f 4740 4767 4766
f 4740 4766 4765
f 4740 4765 4764
f 4740 4764 4763
f 4740 4763 4777
f 4740 4777 4798
f 4740 4798 4809
f 4740 4809 4824
f 4740 4824 4842
f 4740 4842 4844
f 4740 4844 4854
f 4740 4854 4853
f 4740 4853 4862
f 4740 4862 4861
f 4740 4861 4860
f 4740 4860 4869
f 4740 4869 4879
f 4740 4879 4884
f 4740 4884 4882
f 4740 4882 4881
f 4740 4881 4870
f 4740 4870 4864
f 4740 4864 4863
f 4740 4863 4855
f 4740 4855 4847
f 4740 4847 4829
f 4740 4829 4828
f 4740 4828 4817
f 4740 4817 4801
f 4740 4801 4800
f 4740 4800 4791
f 4740 4791 4790
f 4740 4790 4789
f 4740 4789 4788
f 4740 4788 4787
f 4740 4787 4786
f 4740 4786 4785
f 4740 4785 4784
f 4740 4784 4783
f 4740 4783 4782
f 4740 4782 4770
f 4740 4770 4769
f 4740 4769 4753
f 4740 4753 4752
f 4740 4752 4751
f 4740 4751 4750
f 4740 4750 4749
f 4740 4749 4748
f 4740 4748 4746
f 4740 4746 4742
f 4740 4742 4743
f 4740 4743 4747
f 4740 4747 4768
f 4740 4768 4781
f 4740 4781 4799
f 4740 4799 4810
f 4740 4810 4826
f 4740 4826 4832
f 4740 4832 4821
f 4740 4821 4831
f 4740 4831 4819
f 4740 4819 4806
f 4740 4806 4796
f 4740 4796 4771
f 4740 4771 4762
f 4740 4762 4744
f 4740 4744 4741
f 4741 4744 4745
f 4742 4746 4743
f 4743 4746 4748
f 4743 4748 4749
f 4743 4749 4750
f 4743 4750 4751
f 4743 4751 4752
f 4743 4752 4753
f 4743 4753 4747
f 4744 4754 4755
f 4744 4755 4756
f 4744 4756 4757
f 4744 4757 4758
f 4744 4758 4759
f 4744 4759 4760
f 4744 4760 4761
f 4744 4761 4745
f 4744 4762 4763
f 4744 4763 4764
f 4744 4764 4765
f 4744 4765 4766
f 4744 4766 4767
f 4744 4767 4754
f 4747 4753 4769
f 4747 4769 4770
f 4747 4770 4768
f 4762 4771 4772
f 4762 4772 4773
f 4762 4773 4763
f 4763 4774 4775
f 4763 4775 4776
f 4763 4776 4777
f 4763 4773 4778
f 4763 4778 4779
f 4763 4779 4774
f 4768 4780 4781
f 4768 4770 4782
f 4768 4782 4783
f 4768 4783 4784
f 4768 4784 4785
f 4768 4785 4786
f 4768 4786 4787
f 4768 4787 4788
f 4768 4788 4789
f 4768 4789 4790
f 4768 4790 4791
f 4768 4791 4792
f 4768 4792 4793
f 4768 4793 4794
f 4768 4794 4795
f 4768 4795 4780
f 4771 4796 4807
f 4771 4807 4823
f 4771 4823 4841
f 4771 4841 4851
f 4771 4851 4858
f 4771 4858 4868
f 4771 4868 4859
f 4771 4859 4852
f 4771 4852 4843
f 4771 4843 4825
f 4771 4825 4808
f 4771 4808 4797
f 4771 4797 4776
f 4771 4776 4775
f 4771 4775 4774
f 4771 4774 4779
f 4771 4779 4778
f 4771 4778 4773
f 4771 4773 4772
f 4776 4797 4798
f 4776 4798 4777
f 4780 4799 4781
f 4780 4795 4799
f 4791 4800 4792
f 4792 4800 4801
f 4792 4801 4793
f 4793 4801 4802
f 4793 4802 4803
f 4793 4803 4804
f 4793 4804 4794
f 4794 4804 4818
f 4794 4818 4830
f 4794 4830 4849
f 4794 4849 4856
f 4794 4856 4865
f 4794 4865 4867
f 4794 4867 4857
f 4794 4857 4850
f 4794 4850 4840
f 4794 4840 4823
f 4794 4823 4807
f 4794 4807 4822
f 4794 4822 4839
f 4794 4839 4838
f 4794 4838 4837
f 4794 4837 4836
f 4794 4836 4835
f 4794 4835 4834
f 4794 4834 4833
f 4794 4833 4846
f 4794 4846 4845
f 4794 4845 4827
f 4794 4827 4816
f 4794 4816 4815
f 4794 4815 4814
f 4794 4814 4813
f 4794 4813 4812
f 4794 4812 4811
f 4794 4811 4805
f 4794 4805 4795
f 4795 4805 4799
f 4796 4806 4807
f 4797 4808 4798
f 4798 4808 4809
f 4799 4805 4811
f 4799 4811 4812
f 4799 4812 4813
f 4799 4813 4814
f 4799 4814 4815
f 4799 4815 4816
f 4799 4816 4810
f 4801 4817 4804
f 4801 4804 4802
f 4802 4804 4803
f 4804 4817 4818
f 4806 4819 4807
f 4807 4819 4820
f 4807 4820 4821
f 4807 4821 4822
f 4808 4824 4809
f 4808 4825 4824
f 4810 4816 4827
f 4810 4827 4845
f 4810 4845 4826
f 4817 4828 4818
f 4818 4828 4829
f 4818 4829 4830
f 4819 4831 4820
f 4820 4831 4821
f 4821 4832 4833
f 4821 4833 4834
f 4821 4834 4835
f 4821 4835 4836
f 4821 4836 4837
f 4821 4837 4838
f 4821 4838 4839
f 4821 4839 4822
f 4823 4840 4841
f 4824 4825 4842
f 4825 4843 4844
f 4825 4844 4842
f 4826 4845 4846
f 4826 4846 4833
f 4826 4833 4832
f 4829 4847 4848
f 4829 4848 4830
f 4830 4848 4849
f 4840 4850 4851
f 4840 4851 4841
f 4843 4852 4853
f 4843 4853 4854
f 4843 4854 4844
f 4847 4855 4848
f 4848 4855 4856
f 4848 4856 4849
f 4850 4857 4858
f 4850 4858 4851
f 4852 4859 4860
f 4852 4860 4861
f 4852 4861 4862
f 4852 4862 4853
f 4855 4863 4856
f 4856 4863 4864
f 4856 4864 4865
f 4857 4866 4858
f 4857 4867 4874
f 4857 4874 4866
f 4858 4866 4868
f 4859 4868 4878
f 4859 4878 4880
f 4859 4880 4869
f 4859 4869 4860
f 4864 4870 4871
f 4864 4871 4865
f 4865 4871 4872
f 4865 4872 4873
f 4865 4873 4867
f 4866 4874 4878
f 4866 4878 4868
f 4867 4873 4875
f 4867 4875 4876
f 4867 4876 4877
f 4867 4877 4874
f 4869 4880 4879
f 4870 4872 4871
f 4870 4881 4872
f 4872 4881 4873
f 4873 4881 4882
f 4873 4882 4875
f 4874 4877 4885
f 4874 4885 4883
f 4874 4883 4878
f 4875 4882 4884
f 4875 4884 4885
f 4875 4885 4877
f 4875 4877 4876
f 4878 4883 4880
f 4879 4880 4886
f 4879 4886 4884
f 4880 4883 4886
f 4883 4885 4886
f 4884 4886 4885
o convex_16
v -0.49809 0.580108 0.476875
v -0.498041 0.571027 0.476875
v -0.496354 0.580108 0.483986
v -0.497247 0.595646 0.476875
v -0.497594 0.556295 0.476875
v -0.493923 0.580108 0.491724
v -0.493576 0.595646 0.49026
v -0.495858 0.595646 0.482522
v -0.496205 0.56467 0.482791
v -0.495263 0.60392 0.480221
v -0.496552 0.60059 0.476875
v -0.497247 0.549233 0.476875
v -0.488913 0.580108 0.502839
v -0.495808 0.549233 0.481566
v -0.495461 0.536318 0.48052
v -0.493278 0.56467 0.490529
v -0.487722 0.595646 0.502839
v -0.4905 0.609873 0.486167
v -0.494271 0.607956 0.476875
v -0.495709 0.604929 0.476875
v -0.496751 0.539445 0.476875
v -0.48167 0.56467 0.513834
v -0.482315 0.580108 0.51479
v -0.492584 0.532181 0.486346
v -0.487623 0.56467 0.502839
v -0.479884 0.522999 0.510995
v -0.496453 0.534199 0.476875
v -0.496106 0.52875 0.476875
v -0.495064 0.526026 0.479624
v -0.481472 0.595646 0.513356
v -0.480033 0.604222 0.511145
v -0.482662 0.610074 0.502301
v -0.480579 0.619761 0.496774
v -0.489508 0.616431 0.476875
v -0.491939 0.612597 0.476875
v -0.476461 0.56467 0.521542
v -0.477106 0.580108 0.522528
v -0.480331 0.533694 0.511742
v -0.490947 0.518257 0.487362
v -0.418469 -0.400021 0.476875
v -0.417775 -0.400021 0.478279
v -0.417378 -0.400021 0.479056
v -0.464406 0.352783 0.510995
v -0.464903 0.363579 0.511712
v -0.466292 0.394454 0.513804
v -0.495759 0.523604 0.476875
v -0.494767 0.518257 0.478608
v -0.449772 0.590904 0.558471
v -0.475916 0.595646 0.521094
v -0.447788 0.601195 0.555841
v -0.4336 0.604222 0.573021
v -0.465845 0.606745 0.528324
v -0.463017 0.617037 0.52453
v -0.477057 0.614514 0.507081
v -0.466738 0.620669 0.514222
v -0.471897 0.622384 0.502301
v -0.471848 0.626622 0.487362
v -0.482662 0.621274 0.487362
v -0.448929 0.619054 0.541859
v -0.48425 0.622182 0.476875
v -0.462373 0.42543 0.523574
v -0.4652 0.487281 0.527488
v -0.468722 0.56467 0.532358
v -0.461678 0.409993 0.522558
v -0.469367 0.580108 0.533134
v -0.444117 0.56467 0.566179
v -0.333987 -0.400021 0.476875
v -0.495312 0.518257 0.476875
v -0.386175 -0.400021 0.525008
v -0.429135 0.595646 0.58291
v -0.435286 0.595646 0.575172
v -0.444464 0.580108 0.566806
v -0.436725 0.580108 0.577025
v -0.419362 0.606745 0.590081
v -0.416634 0.617037 0.586526
v -0.451856 0.620972 0.533792
v -0.457263 0.623696 0.518973
v -0.440942 0.626218 0.533792
v -0.45642 0.628337 0.502839
v -0.471848 0.627934 0.476875
v -0.402446 0.619054 0.603675
v -0.434642 0.620063 0.558978
v -0.45255 0.502819 0.546848
v -0.440942 0.518257 0.564745
v -0.436378 0.56467 0.576636
v -0.433203 0.495151 0.572453
v -0.434245 0.518257 0.573887
v -0.434939 0.533694 0.574843
v -0.333937 -0.394674 0.476875
v 0.00860658 -0.363496 0.641291
v 0.00860658 -0.364505 0.641321
v 0.00860658 -0.379034 0.642038
v 0.00860658 -0.380043 0.642247
v 0.00860658 -0.391949 0.646281
v 0.00860658 -0.392656 0.646729
v 0.00860658 -0.400021 0.651868
v -0.379329 -0.400021 0.533792
v -0.386621 -0.261487 0.541351
v -0.402148 0.0322283 0.556857
v -0.421396 0.595646 0.591993
v -0.40448 0.611083 0.605946
v -0.430375 0.580108 0.584763
v -0.430226 0.56467 0.584374
v -0.440247 0.621577 0.547924
v -0.425563 0.622889 0.564356
v -0.420454 0.620871 0.576218
v -0.394509 0.626218 0.595668
v -0.425464 0.627631 0.549268
v -0.410879 0.623999 0.580909
v -0.440942 0.629447 0.518315
v -0.45642 0.630153 0.487362
v -0.45642 0.630456 0.476875
v -0.396989 0.611083 0.613684
v -0.386919 0.618953 0.619002
v -0.39302 0.620871 0.60977
v -0.405472 0.620972 0.595668
v -0.42973 0.549233 0.583508
v -0.418122 0.336236 0.572961
v -0.429036 0.533694 0.582552
v 0.00860658 -0.332621 0.641381
v 0.00860658 -0.348058 0.641291
v -0.352243 0.518055 0.476875
v 0.00860658 -0.400021 0.71476
v -0.372185 -0.400021 0.542397
v -0.386869 -0.12477 0.557126
v -0.401355 0.409993 0.602331
v -0.405075 0.487281 0.606872
v -0.402644 0.305361 0.588438
v -0.40061 0.131412 0.570451
v -0.412417 0.45691 0.594264
v -0.41465 0.394454 0.584135
v -0.41455 0.595646 0.599731
v -0.406811 0.595646 0.608217
v -0.39937 0.595646 0.615955
v -0.422636 0.580108 0.59286
v -0.422488 0.56467 0.59286
v -0.421297 0.533694 0.592232
v -0.421992 0.549233 0.59274
v -0.379031 0.626218 0.611145
v -0.379031 0.629952 0.595668
v -0.394509 0.629649 0.580221
v -0.409986 0.628741 0.564745
v -0.425464 0.630052 0.533792
v -0.440942 0.630557 0.502839
v -0.440942 0.630759 0.487362
v -0.440942 0.630658 0.476875
v -0.38925 0.611083 0.621183
v -0.391631 0.595646 0.623544
v -0.30958 0.618953 0.680879
v -0.326298 0.619862 0.666388
v -0.343065 0.620568 0.651927
v -0.359833 0.621173 0.637526
v -0.379031 0.620972 0.62211
v -0.378932 0.611689 0.62943
v -0.363553 0.611184 0.642038
v -0.353384 0.615422 0.647834
v -0.420553 0.518257 0.591425
v -0.419809 0.502819 0.590529
v 0.00860658 -0.317083 0.64159
v -0.353235 0.56467 0.476875
v -0.353582 0.580108 0.476875
v 0.00806089 -0.400021 0.71482
v 0.00860658 0.488189 0.779982
v -0.325752 -0.400021 0.588826
v -0.388754 0.317166 0.605438
v -0.390441 0.348041 0.607171
v -0.39808 0.487281 0.61461
v -0.398924 0.502819 0.615447
v -0.405819 0.502819 0.607709
v -0.414253 0.518257 0.599164
v -0.413558 0.502819 0.598267
v -0.407258 0.426035 0.596983
v -0.414898 0.580108 0.600598
v -0.391681 0.580108 0.623783
v -0.376203 0.580108 0.639229
v -0.414898 0.549233 0.600448
v -0.39942 0.533694 0.616045
v -0.414699 0.533694 0.59997
v -0.406514 0.518257 0.608187
v -0.364446 0.6242 0.627577
v -0.348175 0.623494 0.642426
v -0.31717 0.627429 0.657544
v -0.332647 0.628337 0.642068
v -0.348075 0.629245 0.626621
v -0.363553 0.62975 0.611145
v -0.332647 0.630456 0.626621
v -0.348075 0.630658 0.611145
v -0.379031 0.630658 0.580221
v -0.394509 0.630557 0.564745
v -0.409986 0.630355 0.549268
v -0.409986 0.630759 0.533792
v -0.409986 0.630759 0.487362
v -0.425464 0.630658 0.476875
v -0.383297 0.595646 0.631252
v -0.375558 0.595646 0.638214
v -0.373673 0.606947 0.636242
v -0.368216 0.580108 0.646968
v -0.319948 0.611083 0.676785
v -0.312209 0.611083 0.682821
v -0.300948 0.610882 0.690828
v -0.29177 0.615927 0.694772
v -0.281452 0.620265 0.698028
v -0.301692 0.620871 0.683598
v -0.315681 0.621375 0.672125
v -0.356955 0.60503 0.650673
v -0.340188 0.60281 0.665133
v -0.331903 0.622485 0.657275
v 0.00860658 -0.302553 0.641829
v -0.355914 0.593023 0.476875
v 0.00860658 0.595646 0.657604
v 0.00860658 0.5792 0.657186
v 0.00860658 0.549233 0.656648
v 0.00860658 0.455498 0.654975
v 0.00860658 0.0850991 0.648372
v 0.00860658 0.0697626 0.648103
v 0.00860658 0.00781082 0.647027
v 0.00860658 -0.0240731 0.64649
v -0.00776408 -0.400021 0.71482
v 0.00771363 0.487281 0.780012
v 0.00280244 0.398692 0.773857
v 0.00860658 0.503727 0.780998
v -0.320345 -0.400021 0.593816
v -0.386522 0.419881 0.618674
v -0.387117 0.430172 0.619182
v -0.390391 0.487281 0.621901
v -0.391185 0.502819 0.622647
v -0.391582 0.518257 0.623305
v -0.399321 0.518257 0.615925
v -0.391681 0.549233 0.623783
v -0.383893 0.549233 0.631491
v -0.376203 0.56467 0.63914
v -0.40701 0.533694 0.608306
v -0.391681 0.533694 0.623693
v -0.301692 0.626117 0.673021
v -0.286214 0.629447 0.673021
v -0.301692 0.630052 0.657544
v -0.286214 0.630759 0.657544
v -0.31717 0.630759 0.626621
v -0.332647 0.630759 0.611145
v 0.00860658 0.630355 0.688497
v 0.00860658 0.630759 0.703944
v -0.409986 0.629952 0.476875
v -0.366728 0.595646 0.645952
v -0.358989 0.595646 0.652376
v -0.367968 0.56467 0.646878
v -0.360527 0.580108 0.65363
v -0.315929 0.595646 0.685629
v -0.305264 0.595646 0.693367
v -0.295293 0.605534 0.697072
v -0.262105 0.618045 0.711204
v -0.286462 0.610882 0.700239
v -0.251836 0.620265 0.713505
v -0.270737 0.62188 0.701076
v -0.286462 0.623393 0.689155
v -0.347579 0.596857 0.66107
v -0.334086 0.596857 0.671467
v -0.323668 0.595646 0.679803
v -0.35889 0.600085 0.476875
v 0.00860658 0.611083 0.660711
v -0.013221 -0.400021 0.714431
v -0.0029025 0.398692 0.773857
v 0.00771363 0.502819 0.781028
v -0.00776408 0.487281 0.780012
v 0.00860658 0.518257 0.781715
v -0.317368 -0.400021 0.596535
v -0.309629 -0.400021 0.603556
v -0.381859 0.502819 0.630356
v -0.382752 0.518257 0.631013
v -0.383496 0.533694 0.631402
v -0.376154 0.549233 0.638751
v -0.270737 0.62753 0.688497
v -0.255259 0.629447 0.688497
v -0.239831 0.630456 0.688497
v -0.270737 0.630456 0.673021
v -0.224353 0.630759 0.688497
v 0.00860658 0.625411 0.673021
v 0.00860658 0.630759 0.734897
v -0.393616 0.626723 0.476875
v -0.342023 0.592518 0.666537
v -0.375757 0.533694 0.638094
v -0.367224 0.549233 0.64649
v -0.360229 0.56467 0.653332
v -0.350606 0.580108 0.661369
v -0.306802 0.580108 0.694264
v -0.299063 0.580108 0.699731
v -0.297525 0.595646 0.698626
v -0.286214 0.595646 0.705378
v -0.266024 0.607653 0.713206
v -0.230207 0.617137 0.726203
v -0.219888 0.619862 0.728294
v -0.270985 0.612092 0.708695
v -0.23487 0.606846 0.728384
v -0.239831 0.62188 0.716194
v -0.256301 0.623393 0.705199
v -0.364694 0.609368 0.476875
v -0.365885 0.611083 0.476875
v -0.36782 0.613606 0.476875
v 0.00860658 0.619862 0.664416
v -0.0232418 -0.400021 0.713714
v -0.00776408 0.502819 0.781028
v 0.00771363 0.518257 0.781775
v -0.0232418 0.518257 0.78061
v 0.00860658 0.519165 0.781745
v -0.301692 -0.400021 0.608874
v -0.294102 0.478503 0.696325
v -0.294697 0.487281 0.696714
v -0.296682 0.518257 0.698148
v -0.305413 0.533694 0.693128
v -0.306355 0.549233 0.693846
v -0.324115 0.549233 0.680132
v -0.332647 0.533694 0.672095
v -0.349564 0.549233 0.660442
v -0.359485 0.549233 0.652704
v -0.366331 0.533694 0.645832
v -0.373227 0.487281 0.635883
v -0.375013 0.518257 0.637347
v -0.239831 0.62753 0.703944
v -0.224353 0.629447 0.703944
v -0.208875 0.630456 0.703944
v -0.0851031 0.630759 0.734897
v -0.116059 0.630658 0.734897
v 0.00860658 0.625108 0.672543
v -0.379031 0.622485 0.476875
v -0.00776408 0.630456 0.750374
v 0.00860658 0.630355 0.750374
v -0.332647 0.580108 0.674873
v -0.31712 0.580108 0.686526
v -0.350308 0.56467 0.66107
v -0.342619 0.56467 0.666986
v -0.332647 0.56467 0.674575
v -0.306802 0.56467 0.694234
v -0.299063 0.56467 0.699731
v -0.286214 0.580108 0.707171
v -0.27659 0.595646 0.710696
v -0.268851 0.595646 0.71461
v -0.255259 0.595646 0.721393
v -0.245436 0.595646 0.726203
v -0.192356 0.609873 0.744279
v -0.186452 0.619155 0.742934
v -0.208875 0.621274 0.730296
v -0.22475 0.623191 0.720407
v -0.237747 0.595646 0.729698
v -0.224353 0.595646 0.735315
v -0.201632 0.60392 0.742815
v -0.374765 0.620669 0.476875
v -0.0336595 -0.400021 0.712131
v -0.0307326 0.433502 0.773559
v -0.0387195 0.533694 0.779863
v -0.0541973 0.533694 0.777742
v -0.0754295 0.514221 0.77332
v -0.116059 0.487281 0.765581
v -0.00776408 0.518257 0.781775
v -0.0232418 0.533694 0.781476
v 0.00860658 0.534703 0.782074
v 0.00771363 0.533694 0.782074
v -0.0387195 0.549233 0.780879
v -0.29435 -0.400021 0.613774
v -0.286214 0.518257 0.704303
v -0.286214 0.533694 0.705677
v -0.285321 -0.400021 0.619779
v -0.270935 -0.400021 0.62934
v -0.265974 -0.400021 0.632627
v -0.263196 -0.400021 0.634449
v -0.297674 0.533694 0.698835
v -0.298616 0.549233 0.699462
v -0.208875 0.626925 0.719421
v -0.193447 0.62864 0.719421
v -0.131536 0.630254 0.734897
v -0.0232418 0.630153 0.750374
v -0.00776408 0.625512 0.76585
v 0.00860658 0.623898 0.767344
v -0.286214 0.549233 0.706753
v -0.286214 0.56467 0.707171
v -0.27793 0.580108 0.711413
v -0.270191 0.580108 0.715268
v -0.255259 0.580108 0.722588
v -0.246528 0.580108 0.726741
v -0.157779 0.606341 0.759277
v -0.151429 0.616633 0.756708
v -0.14116 0.619458 0.75862
v -0.177969 0.620265 0.744309
v -0.177969 0.625209 0.734897
v -0.238839 0.580108 0.730117
v -0.224353 0.580108 0.736212
v -0.193447 0.595646 0.747715
v -0.168097 0.598774 0.757275
v -0.170479 0.588482 0.758202
v -0.0364376 -0.400021 0.711682
v -0.116059 0.456406 0.763281
v -0.123599 0.402627 0.758082
v -0.0541973 0.56467 0.779952
v -0.0696254 0.549233 0.776666
v -0.100581 0.518257 0.770033
v -0.116059 0.502819 0.766717
v -0.131536 0.518257 0.765432
v -0.00776408 0.533694 0.782074
v -0.0232418 0.549233 0.781924
v -0.0387195 0.56467 0.781566
v 0.00860658 0.550141 0.782104
v 0.00771363 0.549233 0.782104
v -0.0541973 0.580108 0.780849
v -0.278773 0.38497 0.696385
v -0.276342 0.533694 0.710786
v -0.258086 -0.400021 0.637108
v -0.162492 0.627328 0.734897
v -0.131536 0.625815 0.750374
v -0.147014 0.629043 0.734897
v -0.116059 0.627025 0.750374
v -0.100581 0.627833 0.750374
v -0.0696254 0.628842 0.750374
v -0.0387195 0.62975 0.750374
v -0.100581 0.62188 0.761189
v -0.0241348 0.623494 0.767284
v -0.0195708 0.619458 0.774096
v -0.00776408 0.619862 0.774515
v 0.00508441 0.61966 0.774306
v 0.00860658 0.623191 0.76839
v -0.277483 0.549233 0.711264
v -0.27788 0.56467 0.711413
v -0.269744 0.549233 0.71467
v -0.162789 0.594435 0.760144
v -0.147014 0.595646 0.764595
v -0.146567 0.611285 0.760502
v -0.131536 0.611083 0.76346
v -0.116059 0.611083 0.765641
v -0.0298893 0.61855 0.773379
v -0.131536 0.620265 0.759367
v -0.146567 0.622687 0.751091
v -0.245387 0.56467 0.726263
v -0.237698 0.56467 0.729489
v -0.224353 0.56467 0.735076
v -0.17033 0.571834 0.758142
v -0.193447 0.580108 0.74885
v -0.178217 0.580108 0.755064
v -0.170479 0.580108 0.758202
v -0.162492 0.580108 0.761399
v -0.0459623 -0.400021 0.710099
v -0.131536 0.487281 0.763102
v -0.100581 -0.400021 0.700986
v -0.0906096 -0.400021 0.702659
v -0.0696254 0.56467 0.777742
v -0.100581 0.533694 0.771139
v -0.116059 0.518257 0.767822
v -0.131536 0.533694 0.766478
v -0.147014 0.533694 0.763341
v -0.147014 0.518257 0.762205
v -0.13997 0.446215 0.758291
v -0.138134 0.435924 0.757903
v -0.00776408 0.549233 0.782104
v -0.0232418 0.56467 0.782104
v -0.0387195 0.580108 0.781984
v 0.00860658 0.580108 0.782104
v -0.0959176 0.590399 0.774096
v -0.0696254 0.580108 0.778638
v -0.0387195 0.595646 0.780371
v -0.0541973 0.595646 0.778937
v -0.245585 -0.400021 0.643472
v -0.240277 -0.400021 0.646161
v -0.268603 0.533694 0.714043
v -0.22728 -0.400021 0.652674
v -0.214679 -0.400021 0.658978
v -0.196324 -0.400021 0.668151
v -0.193447 -0.400021 0.669585
v -0.178217 -0.400021 0.677114
v -0.173207 -0.400021 0.679534
v -0.170479 -0.400021 0.680849
v -0.116059 0.621173 0.760293
v -0.0241348 0.612496 0.776666
v -0.00776408 0.611083 0.778578
v 0.00860658 0.612597 0.777293
v 0.00860658 0.613606 0.776845
v -0.147014 0.580108 0.76588
v -0.131536 0.595646 0.767464
v -0.116059 0.595646 0.770003
v -0.0883276 0.600691 0.773021
v -0.0780091 0.603516 0.773648
v -0.0696254 0.604828 0.774186
v -0.236209 0.549233 0.728892
v -0.176481 0.565881 0.755124
v -0.163484 0.565881 0.760442
v -0.168147 0.549233 0.757246
v -0.15892 0.533694 0.759785
v -0.147014 0.56467 0.765372
v -0.116059 -0.400021 0.698088
v -0.0934372 0.555589 0.773678
v -0.116059 0.533694 0.768868
v -0.116059 0.549233 0.769764
v -0.131536 0.549233 0.767314
v -0.155844 0.502819 0.75853
v -0.154951 0.494142 0.758172
v -0.160408 0.549233 0.760383
v -0.124145 -0.400021 0.696325
v -0.0232418 0.580108 0.782104
v -0.00776408 0.595646 0.781924
v -0.0232418 0.595646 0.781297
v 0.00860658 0.595646 0.781835
v 0.00771363 0.595646 0.781894
v -0.100878 0.595545 0.772304
v -0.131536 0.580108 0.768569
v -0.0851031 0.580108 0.776128
v -0.0696254 0.595646 0.776875
v -0.131536 0.56467 0.768091
v -0.116059 0.56467 0.770571
v -0.102714 0.56467 0.772692
v -0.0949751 0.56467 0.773917
v -0.0851031 0.56467 0.775441
v -0.0387195 0.609469 0.776098
v -0.0541973 0.607148 0.775142
v -0.165319 -0.400021 0.682612
v 0.00860658 0.605938 0.779086
v -0.162492 -0.400021 0.683568
v -0.126873 -0.400021 0.695429
f 4887 4888 4889
f 4887 4889 4890
f 4887 4890 4897
f 4887 4897 4906
f 4887 4906 4905
f 4887 4905 4921
f 4887 4921 4920
f 4887 4920 4946
f 4887 4946 4966
f 4887 4966 4998
f 4887 4998 5032
f 4887 5032 5079
f 4887 5079 5128
f 4887 5128 5164
f 4887 5164 5209
f 4887 5209 5231
f 4887 5231 5183
f 4887 5183 5182
f 4887 5182 5181
f 4887 5181 5144
f 4887 5144 5095
f 4887 5095 5047
f 4887 5047 5046
f 4887 5046 5008
f 4887 5008 4975
f 4887 4975 4953
f 4887 4953 4926
f 4887 4926 4954
f 4887 4954 4932
f 4887 4932 4914
f 4887 4914 4913
f 4887 4913 4907
f 4887 4907 4898
f 4887 4898 4891
f 4887 4891 4888
f 4888 4891 4889
f 4889 4892 4893
f 4889 4893 4894
f 4889 4894 4890
f 4889 4891 4895
f 4889 4895 4892
f 4890 4894 4896
f 4890 4896 4897
f 4891 4898 4895
f 4892 4899 4893
f 4892 4895 4900
f 4892 4900 4901
f 4892 4901 4902
f 4892 4902 4899
f 4893 4903 4904
f 4893 4904 4896
f 4893 4896 4894
f 4893 4899 4903
f 4895 4898 4900
f 4896 4905 4906
f 4896 4906 4897
f 4896 4904 4905
f 4898 4907 4900
f 4899 4908 4909
f 4899 4909 4903
f 4899 4902 4910
f 4899 4910 4911
f 4899 4911 4912
f 4899 4912 4908
f 4900 4907 4901
f 4901 4907 4913
f 4901 4913 4914
f 4901 4914 4915
f 4901 4915 4902
f 4902 4915 4910
f 4903 4909 4916
f 4903 4916 4917
f 4903 4917 4918
f 4903 4918 4904
f 4904 4918 4919
f 4904 4919 4920
f 4904 4920 4921
f 4904 4921 4905
f 4908 4922 4923
f 4908 4923 4909
f 4908 4912 4924
f 4908 4924 4922
f 4909 4923 4916
f 4910 4925 4911
f 4910 4915 4926
f 4910 4926 4925
f 4911 4925 4926
f 4911 4926 4927
f 4911 4927 4928
f 4911 4928 4912
f 4912 4929 4930
f 4912 4930 4931
f 4912 4931 4922
f 4912 4922 4924
f 4912 4928 4929
f 4914 4932 4915
f 4915 4932 4933
f 4915 4933 4926
f 4916 4934 4935
f 4916 4935 4917
f 4916 4923 4934
f 4917 4935 4936
f 4917 4936 4937
f 4917 4937 4938
f 4917 4938 4939
f 4917 4939 4940
f 4917 4940 4918
f 4918 4940 4919
f 4919 4941 4942
f 4919 4942 4943
f 4919 4943 4944
f 4919 4944 4920
f 4919 4940 4939
f 4919 4939 4945
f 4919 4945 4941
f 4920 4944 4946
f 4922 4947 4948
f 4922 4948 4949
f 4922 4949 4923
f 4922 4931 4950
f 4922 4950 4947
f 4923 4951 4934
f 4923 4949 4952
f 4923 4952 4951
f 4926 4953 4982
f 4926 4982 5009
f 4926 5009 5048
f 4926 5048 5104
f 4926 5104 5146
f 4926 5146 5185
f 4926 5185 5232
f 4926 5232 5274
f 4926 5274 5323
f 4926 5323 5326
f 4926 5326 5325
f 4926 5325 5370
f 4926 5370 5378
f 4926 5378 5398
f 4926 5398 5397
f 4926 5397 5395
f 4926 5395 5352
f 4926 5352 5351
f 4926 5351 5350
f 4926 5350 5349
f 4926 5349 5348
f 4926 5348 5347
f 4926 5347 5346
f 4926 5346 5344
f 4926 5344 5343
f 4926 5343 5290
f 4926 5290 5249
f 4926 5249 5248
f 4926 5248 5247
f 4926 5247 5246
f 4926 5246 5243
f 4926 5243 5190
f 4926 5190 5152
f 4926 5152 5151
f 4926 5151 5108
f 4926 5108 5050
f 4926 5050 5010
f 4926 5010 4983
f 4926 4983 4955
f 4926 4955 4928
f 4926 4928 4927
f 4926 4933 4954
f 4928 4955 4929
f 4929 4955 4930
f 4930 4955 4931
f 4931 4955 4950
f 4932 4954 4933
f 4934 4956 4957
f 4934 4957 4936
f 4934 4936 4935
f 4934 4951 4958
f 4934 4958 4959
f 4934 4959 4956
f 4936 4957 4937
f 4937 4960 4961
f 4937 4961 4938
f 4937 4957 4960
f 4938 4961 4939
f 4939 4961 4945
f 4941 4962 4963
f 4941 4963 4942
f 4941 4945 4962
f 4942 4963 4943
f 4943 4946 4944
f 4943 4963 4964
f 4943 4964 4965
f 4943 4965 4966
f 4943 4966 4946
f 4945 4961 4967
f 4945 4967 4968
f 4945 4968 4962
f 4947 4950 4955
f 4947 4955 4948
f 4948 4955 4949
f 4949 4969 4970
f 4949 4970 4952
f 4949 4955 4969
f 4951 4952 4958
f 4952 4971 4958
f 4952 4970 4972
f 4952 4972 4973
f 4952 4973 4974
f 4952 4974 4971
f 4953 4975 4976
f 4953 4976 4977
f 4953 4977 4978
f 4953 4978 4979
f 4953 4979 4980
f 4953 4980 4981
f 4953 4981 4982
f 4955 4983 4984
f 4955 4984 4985
f 4955 4985 4972
f 4955 4972 4970
f 4955 4970 4969
f 4956 4986 4987
f 4956 4987 4960
f 4956 4960 4957
f 4956 4959 4988
f 4956 4988 4986
f 4958 4971 4959
f 4959 4971 4989
f 4959 4989 4988
f 4960 4987 4967
f 4960 4967 4961
f 4962 4990 4991
f 4962 4991 4963
f 4962 4968 4992
f 4962 4992 4990
f 4963 4991 4964
f 4964 4993 4994
f 4964 4994 4965
f 4964 4991 4995
f 4964 4995 4993
f 4965 4994 5028
f 4965 5028 4996
f 4965 4996 4997
f 4965 4997 4966
f 4966 4997 4998
f 4967 4987 4999
f 4967 4999 5000
f 4967 5000 5001
f 4967 5001 4993
f 4967 4993 5002
f 4967 5002 4992
f 4967 4992 4968
f 4971 5003 4989
f 4971 4974 5003
f 4972 5004 4973
f 4972 4985 5004
f 4973 5004 5005
f 4973 5005 4974
f 4974 5005 5003
f 4975 5006 5007
f 4975 5007 4976
f 4975 5008 5006
f 4976 5007 5006
f 4976 5006 5045
f 4976 5045 5094
f 4976 5094 5103
f 4976 5103 5102
f 4976 5102 5101
f 4976 5101 5100
f 4976 5100 5099
f 4976 5099 5098
f 4976 5098 5097
f 4976 5097 5096
f 4976 5096 5145
f 4976 5145 5184
f 4976 5184 5208
f 4976 5208 5162
f 4976 5162 5126
f 4976 5126 5127
f 4976 5127 5163
f 4976 5163 5211
f 4976 5211 5257
f 4976 5257 5303
f 4976 5303 5357
f 4976 5357 5356
f 4976 5356 5396
f 4976 5396 5382
f 4976 5382 5338
f 4976 5338 5285
f 4976 5285 5240
f 4976 5240 5189
f 4976 5189 5150
f 4976 5150 5107
f 4976 5107 5049
f 4976 5049 5009
f 4976 5009 4982
f 4976 4982 4981
f 4976 4981 4980
f 4976 4980 4979
f 4976 4979 4978
f 4976 4978 4977
f 4983 5010 4984
f 4984 5010 5011
f 4984 5011 5012
f 4984 5012 5013
f 4984 5013 5014
f 4984 5014 5015
f 4984 5015 4985
f 4985 5015 5016
f 4985 5016 5017
f 4985 5017 5004
f 4986 4988 5018
f 4986 5018 4987
f 4987 5018 5019
f 4987 5019 5020
f 4987 5020 4999
f 4988 5021 5019
f 4988 5019 5018
f 4988 4989 5022
f 4988 5022 5021
f 4989 5003 5023
f 4989 5023 5024
f 4989 5024 5022
f 4990 4992 4991
f 4991 4992 4995
f 4992 5002 4995
f 4993 4995 5002
f 4993 5001 5025
f 4993 5025 5026
f 4993 5026 5027
f 4993 5027 5028
f 4993 5028 4994
f 4996 5028 5027
f 4996 5027 5029
f 4996 5029 4997
f 4997 5030 4998
f 4997 5029 5030
f 4998 5030 5031
f 4998 5031 5032
f 4999 5033 5000
f 4999 5020 5034
f 4999 5034 5033
f 5000 5035 5036
f 5000 5036 5037
f 5000 5037 5038
f 5000 5038 5039
f 5000 5039 5001
f 5000 5033 5040
f 5000 5040 5041
f 5000 5041 5042
f 5000 5042 5035
f 5001 5039 5025
f 5003 5005 5043
f 5003 5043 5023
f 5004 5017 5044
f 5004 5044 5043
f 5004 5043 5005
f 5006 5008 5046
f 5006 5046 5047
f 5006 5047 5045
f 5009 5049 5048
f 5010 5050 5051
f 5010 5051 5052
f 5010 5052 5012
f 5010 5012 5011
f 5012 5052 5053
f 5012 5053 5054
f 5012 5054 5013
f 5013 5054 5055
f 5013 5055 5056
f 5013 5056 5057
f 5013 5057 5058
f 5013 5058 5014
f 5014 5058 5015
f 5015 5058 5016
f 5016 5058 5057
f 5016 5057 5017
f 5017 5057 5044
f 5019 5021 5020
f 5020 5021 5059
f 5020 5059 5060
f 5020 5060 5061
f 5020 5061 5034
f 5021 5022 5062
f 5021 5062 5063
f 5021 5063 5059
f 5022 5024 5062
f 5023 5043 5056
f 5023 5056 5064
f 5023 5064 5024
f 5024 5064 5065
f 5024 5065 5062
f 5025 5039 5066
f 5025 5066 5067
f 5025 5067 5068
f 5025 5068 5069
f 5025 5069 5070
f 5025 5070 5071
f 5025 5071 5026
f 5026 5071 5072
f 5026 5072 5073
f 5026 5073 5074
f 5026 5074 5075
f 5026 5075 5076
f 5026 5076 5027
f 5027 5076 5029
f 5029 5076 5030
f 5030 5076 5075
f 5030 5075 5074
f 5030 5074 5077
f 5030 5077 5031
f 5031 5078 5079
f 5031 5079 5032
f 5031 5077 5125
f 5031 5125 5124
f 5031 5124 5123
f 5031 5123 5161
f 5031 5161 5206
f 5031 5206 5163
f 5031 5163 5127
f 5031 5127 5078
f 5033 5034 5080
f 5033 5080 5081
f 5033 5081 5082
f 5033 5082 5040
f 5034 5061 5083
f 5034 5083 5080
f 5035 5084 5085
f 5035 5085 5086
f 5035 5086 5087
f 5035 5087 5088
f 5035 5088 5089
f 5035 5089 5090
f 5035 5090 5036
f 5035 5042 5041
f 5035 5041 5091
f 5035 5091 5092
f 5035 5092 5084
f 5036 5090 5037
f 5037 5090 5093
f 5037 5093 5038
f 5038 5093 5067
f 5038 5067 5039
f 5039 5067 5066
f 5040 5082 5041
f 5041 5082 5091
f 5043 5044 5057
f 5043 5057 5056
f 5045 5047 5094
f 5047 5095 5096
f 5047 5096 5097
f 5047 5097 5098
f 5047 5098 5099
f 5047 5099 5100
f 5047 5100 5101
f 5047 5101 5102
f 5047 5102 5103
f 5047 5103 5094
f 5048 5049 5105
f 5048 5105 5106
f 5048 5106 5147
f 5048 5147 5104
f 5049 5107 5148
f 5049 5148 5105
f 5050 5108 5109
f 5050 5109 5052
f 5050 5052 5051
f 5052 5109 5053
f 5053 5109 5054
f 5054 5109 5110
f 5054 5110 5111
f 5054 5111 5112
f 5054 5112 5113
f 5054 5113 5114
f 5054 5114 5065
f 5054 5065 5055
f 5055 5065 5064
f 5055 5064 5056
f 5059 5063 5115
f 5059 5115 5060
f 5060 5115 5061
f 5061 5115 5116
f 5061 5116 5117
f 5061 5117 5083
f 5062 5065 5118
f 5062 5118 5063
f 5063 5118 5114
f 5063 5114 5119
f 5063 5119 5116
f 5063 5116 5115
f 5065 5114 5118
f 5067 5093 5120
f 5067 5120 5068
f 5068 5121 5069
f 5068 5120 5121
f 5069 5121 5070
f 5070 5121 5122
f 5070 5122 5071
f 5071 5122 5072
f 5072 5122 5123
f 5072 5123 5073
f 5073 5123 5124
f 5073 5124 5074
f 5074 5124 5125
f 5074 5125 5077
f 5078 5126 5079
f 5078 5127 5126
f 5079 5126 5128
f 5080 5083 5081
f 5081 5129 5082
f 5081 5083 5129
f 5082 5129 5130
f 5082 5130 5091
f 5083 5117 5131
f 5083 5131 5132
f 5083 5132 5129
f 5084 5092 5085
f 5085 5092 5133
f 5085 5133 5134
f 5085 5134 5135
f 5085 5135 5086
f 5086 5135 5087
f 5087 5136 5088
f 5087 5135 5137
f 5087 5137 5136
f 5088 5138 5139
f 5088 5139 5140
f 5088 5140 5089
f 5088 5136 5138
f 5089 5140 5120
f 5089 5120 5090
f 5090 5120 5093
f 5091 5130 5092
f 5092 5130 5141
f 5092 5141 5142
f 5092 5142 5143
f 5092 5143 5133
f 5095 5144 5145
f 5095 5145 5096
f 5104 5147 5146
f 5105 5148 5186
f 5105 5186 5149
f 5105 5149 5147
f 5105 5147 5106
f 5107 5150 5148
f 5108 5151 5109
f 5109 5151 5152
f 5109 5152 5110
f 5110 5153 5111
f 5110 5152 5153
f 5111 5153 5154
f 5111 5154 5112
f 5112 5154 5155
f 5112 5155 5113
f 5113 5155 5119
f 5113 5119 5114
f 5116 5119 5155
f 5116 5155 5156
f 5116 5156 5131
f 5116 5131 5117
f 5120 5140 5157
f 5120 5157 5121
f 5121 5157 5158
f 5121 5158 5159
f 5121 5159 5160
f 5121 5160 5122
f 5122 5160 5123
f 5123 5160 5159
f 5123 5159 5161
f 5126 5162 5128
f 5128 5162 5164
f 5129 5132 5130
f 5130 5132 5165
f 5130 5165 5141
f 5131 5156 5155
f 5131 5155 5166
f 5131 5166 5167
f 5131 5167 5168
f 5131 5168 5132
f 5132 5168 5214
f 5132 5214 5169
f 5132 5169 5165
f 5133 5143 5165
f 5133 5165 5170
f 5133 5170 5134
f 5134 5170 5171
f 5134 5171 5172
f 5134 5172 5135
f 5135 5172 5173
f 5135 5173 5174
f 5135 5174 5137
f 5136 5175 5176
f 5136 5176 5138
f 5136 5137 5177
f 5136 5177 5174
f 5136 5174 5178
f 5136 5178 5175
f 5137 5174 5177
f 5138 5176 5179
f 5138 5179 5180
f 5138 5180 5139
f 5139 5180 5157
f 5139 5157 5140
f 5141 5165 5142
f 5142 5165 5143
f 5144 5181 5145
f 5145 5181 5182
f 5145 5182 5183
f 5145 5183 5184
f 5146 5147 5185
f 5147 5149 5185
f 5148 5150 5187
f 5148 5187 5238
f 5148 5238 5186
f 5149 5186 5188
f 5149 5188 5185
f 5150 5189 5187
f 5152 5190 5191
f 5152 5191 5192
f 5152 5192 5193
f 5152 5193 5194
f 5152 5194 5195
f 5152 5195 5196
f 5152 5196 5197
f 5152 5197 5198
f 5152 5198 5199
f 5152 5199 5200
f 5152 5200 5201
f 5152 5201 5153
f 5153 5201 5200
f 5153 5200 5202
f 5153 5202 5154
f 5154 5202 5200
f 5154 5200 5167
f 5154 5167 5166
f 5154 5166 5155
f 5157 5203 5204
f 5157 5204 5158
f 5157 5180 5203
f 5158 5204 5159
f 5159 5204 5205
f 5159 5205 5161
f 5161 5205 5207
f 5161 5207 5206
f 5162 5208 5209
f 5162 5209 5164
f 5163 5206 5210
f 5163 5210 5211
f 5165 5169 5212
f 5165 5212 5213
f 5165 5213 5170
f 5167 5199 5168
f 5167 5200 5199
f 5168 5199 5198
f 5168 5198 5214
f 5169 5214 5215
f 5169 5215 5216
f 5169 5216 5217
f 5169 5217 5212
f 5170 5213 5217
f 5170 5217 5218
f 5170 5218 5171
f 5171 5218 5259
f 5171 5259 5219
f 5171 5219 5173
f 5171 5173 5172
f 5173 5220 5174
f 5173 5219 5220
f 5174 5220 5221
f 5174 5221 5222
f 5174 5222 5223
f 5174 5223 5178
f 5175 5224 5225
f 5175 5225 5176
f 5175 5178 5224
f 5176 5226 5227
f 5176 5227 5179
f 5176 5225 5226
f 5178 5223 5228
f 5178 5228 5229
f 5178 5229 5230
f 5178 5230 5224
f 5179 5227 5203
f 5179 5203 5180
f 5183 5231 5184
f 5184 5231 5209
f 5184 5209 5208
f 5185 5188 5233
f 5185 5233 5234
f 5185 5234 5235
f 5185 5235 5236
f 5185 5236 5237
f 5185 5237 5232
f 5186 5238 5239
f 5186 5239 5188
f 5187 5189 5240
f 5187 5240 5241
f 5187 5241 5282
f 5187 5282 5238
f 5188 5239 5242
f 5188 5242 5234
f 5188 5234 5233
f 5190 5243 5191
f 5191 5244 5245
f 5191 5245 5192
f 5191 5243 5246
f 5191 5246 5247
f 5191 5247 5248
f 5191 5248 5249
f 5191 5249 5244
f 5192 5245 5193
f 5193 5245 5250
f 5193 5250 5194
f 5194 5250 5195
f 5195 5250 5251
f 5195 5251 5217
f 5195 5217 5216
f 5195 5216 5215
f 5195 5215 5214
f 5195 5214 5196
f 5196 5214 5198
f 5196 5198 5197
f 5203 5227 5252
f 5203 5252 5204
f 5204 5252 5253
f 5204 5253 5254
f 5204 5254 5205
f 5205 5254 5207
f 5206 5207 5210
f 5207 5254 5297
f 5207 5297 5255
f 5207 5255 5210
f 5210 5255 5256
f 5210 5256 5211
f 5211 5256 5257
f 5212 5217 5213
f 5217 5251 5218
f 5218 5251 5258
f 5218 5258 5259
f 5219 5259 5260
f 5219 5260 5220
f 5220 5260 5221
f 5221 5260 5222
f 5222 5260 5261
f 5222 5261 5262
f 5222 5262 5223
f 5223 5262 5263
f 5223 5263 5228
f 5224 5230 5264
f 5224 5264 5225
f 5225 5265 5266
f 5225 5266 5267
f 5225 5267 5226
f 5225 5264 5265
f 5226 5267 5268
f 5226 5268 5227
f 5227 5268 5252
f 5228 5263 5269
f 5228 5269 5270
f 5228 5270 5229
f 5229 5271 5272
f 5229 5272 5230
f 5229 5270 5273
f 5229 5273 5271
f 5230 5272 5264
f 5232 5237 5275
f 5232 5275 5276
f 5232 5276 5274
f 5234 5242 5277
f 5234 5277 5235
f 5235 5277 5278
f 5235 5278 5279
f 5235 5279 5236
f 5236 5279 5280
f 5236 5280 5237
f 5237 5280 5281
f 5237 5281 5276
f 5237 5276 5275
f 5238 5282 5283
f 5238 5283 5239
f 5239 5283 5284
f 5239 5284 5242
f 5240 5285 5241
f 5241 5285 5286
f 5241 5286 5335
f 5241 5335 5282
f 5242 5284 5287
f 5242 5287 5277
f 5244 5288 5245
f 5244 5249 5288
f 5245 5289 5258
f 5245 5258 5251
f 5245 5251 5250
f 5245 5288 5289
f 5249 5290 5288
f 5252 5291 5253
f 5252 5268 5292
f 5252 5292 5291
f 5253 5291 5293
f 5253 5293 5254
f 5254 5293 5292
f 5254 5292 5294
f 5254 5294 5295
f 5254 5295 5296
f 5254 5296 5297
f 5255 5297 5256
f 5256 5298 5299
f 5256 5299 5300
f 5256 5300 5301
f 5256 5301 5302
f 5256 5302 5257
f 5256 5297 5296
f 5256 5296 5295
f 5256 5295 5294
f 5256 5294 5298
f 5257 5302 5303
f 5258 5289 5304
f 5258 5304 5259
f 5259 5304 5305
f 5259 5305 5260
f 5260 5305 5261
f 5261 5305 5262
f 5262 5305 5304
f 5262 5304 5263
f 5263 5304 5306
f 5263 5306 5269
f 5264 5272 5307
f 5264 5307 5308
f 5264 5308 5309
f 5264 5309 5266
f 5264 5266 5265
f 5266 5309 5310
f 5266 5310 5311
f 5266 5311 5312
f 5266 5312 5313
f 5266 5313 5292
f 5266 5292 5314
f 5266 5314 5267
f 5267 5314 5268
f 5268 5314 5292
f 5269 5306 5315
f 5269 5315 5270
f 5270 5315 5316
f 5270 5316 5317
f 5270 5317 5318
f 5270 5318 5319
f 5270 5319 5273
f 5271 5273 5272
f 5272 5273 5307
f 5273 5319 5320
f 5273 5320 5321
f 5273 5321 5322
f 5273 5322 5307
f 5274 5276 5323
f 5276 5281 5324
f 5276 5324 5325
f 5276 5325 5326
f 5276 5326 5323
f 5277 5287 5340
f 5277 5340 5327
f 5277 5327 5278
f 5278 5327 5328
f 5278 5328 5279
f 5279 5328 5329
f 5279 5329 5280
f 5280 5329 5281
f 5281 5329 5372
f 5281 5372 5330
f 5281 5330 5331
f 5281 5331 5332
f 5281 5332 5333
f 5281 5333 5334
f 5281 5334 5324
f 5282 5335 5336
f 5282 5336 5337
f 5282 5337 5283
f 5283 5337 5284
f 5284 5337 5287
f 5285 5338 5379
f 5285 5379 5336
f 5285 5336 5335
f 5285 5335 5286
f 5287 5339 5340
f 5287 5337 5341
f 5287 5341 5342
f 5287 5342 5339
f 5288 5290 5343
f 5288 5343 5344
f 5288 5344 5289
f 5289 5345 5315
f 5289 5315 5306
f 5289 5306 5304
f 5289 5344 5346
f 5289 5346 5347
f 5289 5347 5348
f 5289 5348 5349
f 5289 5349 5350
f 5289 5350 5351
f 5289 5351 5352
f 5289 5352 5345
f 5291 5292 5293
f 5292 5313 5353
f 5292 5353 5298
f 5292 5298 5294
f 5298 5353 5300
f 5298 5300 5299
f 5300 5353 5313
f 5300 5313 5312
f 5300 5312 5354
f 5300 5354 5355
f 5300 5355 5301
f 5301 5355 5302
f 5302 5355 5356
f 5302 5356 5357
f 5302 5357 5303
f 5307 5322 5358
f 5307 5358 5308
f 5308 5359 5310
f 5308 5310 5309
f 5308 5358 5359
f 5310 5359 5360
f 5310 5360 5361
f 5310 5361 5362
f 5310 5362 5311
f 5311 5362 5363
f 5311 5363 5312
f 5312 5363 5354
f 5315 5364 5316
f 5315 5345 5364
f 5316 5364 5317
f 5317 5365 5318
f 5317 5364 5352
f 5317 5352 5365
f 5318 5366 5322
f 5318 5322 5321
f 5318 5321 5320
f 5318 5320 5319
f 5318 5365 5352
f 5318 5352 5367
f 5318 5367 5368
f 5318 5368 5366
f 5322 5366 5369
f 5322 5369 5358
f 5324 5334 5370
f 5324 5370 5325
f 5327 5340 5371
f 5327 5371 5328
f 5328 5371 5329
f 5329 5371 5372
f 5330 5372 5371
f 5330 5371 5373
f 5330 5373 5374
f 5330 5374 5369
f 5330 5369 5331
f 5331 5368 5375
f 5331 5375 5376
f 5331 5376 5332
f 5331 5369 5377
f 5331 5377 5368
f 5332 5376 5378
f 5332 5378 5333
f 5333 5378 5334
f 5334 5378 5370
f 5336 5379 5337
f 5337 5379 5380
f 5337 5380 5381
f 5337 5381 5341
f 5338 5382 5383
f 5338 5383 5380
f 5338 5380 5379
f 5339 5384 5360
f 5339 5360 5359
f 5339 5359 5358
f 5339 5358 5385
f 5339 5385 5386
f 5339 5386 5340
f 5339 5342 5387
f 5339 5387 5384
f 5340 5386 5388
f 5340 5388 5389
f 5340 5389 5390
f 5340 5390 5391
f 5340 5391 5392
f 5340 5392 5371
f 5341 5381 5355
f 5341 5355 5354
f 5341 5354 5342
f 5342 5354 5393
f 5342 5393 5394
f 5342 5394 5363
f 5342 5363 5362
f 5342 5362 5387
f 5345 5352 5364
f 5352 5395 5376
f 5352 5376 5375
f 5352 5375 5368
f 5352 5368 5367
f 5354 5363 5394
f 5354 5394 5393
f 5355 5381 5380
f 5355 5380 5383
f 5355 5383 5396
f 5355 5396 5356
f 5358 5369 5388
f 5358 5388 5385
f 5360 5384 5361
f 5361 5384 5387
f 5361 5387 5362
f 5366 5368 5377
f 5366 5377 5369
f 5369 5374 5388
f 5371 5392 5391
f 5371 5391 5373
f 5373 5391 5390
f 5373 5390 5374
f 5374 5390 5389
f 5374 5389 5388
f 5376 5395 5397
f 5376 5397 5398
f 5376 5398 5378
f 5382 5396 5383
f 5385 5388 5386
o convex_17
v 0.481035 -0.348547 0.131296
v 0.479349 -0.516238 0.131296
v 0.479205 -0.516238 0.129415
v 0.478053 -0.516238 0.116017
v 0.480932 -0.348547 0.130283
v 0.423068 -0.348547 0.131296
v 0.393025 -0.516238 0.131296
v 0.474126 -0.516238 0.100551
v 0.47466 -0.348547 0.100551
v 0.478629 -0.348547 0.116451
v 0.478752 -0.348547 0.117092
v 0.480809 -0.348547 0.129497
v 0.382599 -0.348547 0.0546928
v 0.304686 -0.365554 -0.0799262
v 0.300882 -0.379064 -0.0799262
v 0.270983 -0.516238 -0.0799262
v 0.473447 -0.516238 0.0984838
v 0.469519 -0.348547 0.085086
v 0.311554 -0.348547 -0.0799262
v 0.382188 -0.516238 -0.0799262
v 0.468471 -0.516238 0.0835973
v 0.465263 -0.516238 0.0740452
v 0.465633 -0.348547 0.0735697
v 0.387843 -0.348547 -0.0799262
v 0.408139 -0.516238 -0.0523449
v 0.464913 -0.516238 0.0730114
v 0.462878 -0.348547 0.0655268
v 0.40744 -0.348547 -0.055653
v 0.41587 -0.516238 -0.0435784
v 0.414842 -0.516238 -0.0447569
v 0.46261 -0.516238 0.0663125
v 0.461993 -0.516238 0.0646791
v 0.457984 -0.516238 0.0541346
v 0.458498 -0.348547 0.0541346
v 0.416343 -0.348547 -0.044116
v 0.419716 -0.516238 -0.0368795
v 0.448278 -0.516238 0.0298821
v 0.435159 -0.348547 -0.00425338
v 0.448956 -0.348547 0.0302336
v 0.452329 -0.348547 0.0386692
v 0.420579 -0.348547 -0.0363833
v 0.420292 -0.516238 -0.0358457
v 0.431663 -0.516238 -0.0116139
v 0.43191 -0.348547 -0.0122962
v 0.420744 -0.348547 -0.0360525
v 0.426502 -0.516238 -0.0232129
v 0.42716 -0.348547 -0.0229028
v 0.427016 -0.348547 -0.0232129
f 5399 5400 5401
f 5399 5401 5402
f 5399 5402 5403
f 5399 5403 5410
f 5399 5410 5409
f 5399 5409 5408
f 5399 5408 5407
f 5399 5407 5416
f 5399 5416 5421
f 5399 5421 5425
f 5399 5425 5432
f 5399 5432 5438
f 5399 5438 5437
f 5399 5437 5436
f 5399 5436 5442
f 5399 5442 5445
f 5399 5445 5446
f 5399 5446 5443
f 5399 5443 5439
f 5399 5439 5433
f 5399 5433 5426
f 5399 5426 5422
f 5399 5422 5417
f 5399 5417 5411
f 5399 5411 5404
f 5399 5404 5405
f 5399 5405 5400
f 5400 5405 5414
f 5400 5414 5418
f 5400 5418 5423
f 5400 5423 5428
f 5400 5428 5427
f 5400 5427 5434
f 5400 5434 5440
f 5400 5440 5444
f 5400 5444 5441
f 5400 5441 5435
f 5400 5435 5431
f 5400 5431 5430
f 5400 5430 5429
f 5400 5429 5424
f 5400 5424 5420
f 5400 5420 5419
f 5400 5419 5415
f 5400 5415 5406
f 5400 5406 5402
f 5400 5402 5401
f 5402 5406 5407
f 5402 5407 5408
f 5402 5408 5409
f 5402 5409 5410
f 5402 5410 5403
f 5404 5411 5412
f 5404 5412 5413
f 5404 5413 5414
f 5404 5414 5405
f 5406 5415 5407
f 5407 5415 5416
f 5411 5417 5412
f 5412 5417 5422
f 5412 5422 5418
f 5412 5418 5414
f 5412 5414 5413
f 5415 5419 5416
f 5416 5419 5420
f 5416 5420 5421
f 5418 5422 5423
f 5420 5424 5421
f 5421 5424 5425
f 5422 5426 5427
f 5422 5427 5428
f 5422 5428 5423
f 5424 5429 5425
f 5425 5429 5430
f 5425 5430 5431
f 5425 5431 5432
f 5426 5433 5427
f 5427 5433 5434
f 5431 5435 5436
f 5431 5436 5437
f 5431 5437 5438
f 5431 5438 5432
f 5433 5439 5440
f 5433 5440 5434
f 5435 5441 5436
f 5436 5441 5442
f 5439 5443 5440
f 5440 5443 5444
f 5441 5444 5442
f 5442 5444 5445
f 5443 5446 5444
f 5444 5446 5445
o convex_18
v 0.0762065 -0.269283 -0.202295
v 0.0762065 -0.509968 -0.175001
v 0.0762065 -0.269283 -0.277346
v 0.0662704 -0.269283 -0.199722
v 0.0762065 -0.509968 -0.273666
v -0.181427 -0.456417 -0.133719
v -0.181427 -0.509968 -0.127943
v 0.073836 -0.50283 -0.301982
v 0.0738107 -0.502547 -0.301982
v 0.0755004 -0.269283 -0.277993
v 0.0552498 -0.269283 -0.197882
v -0.181427 -0.440986 -0.135456
v -0.181427 -0.442494 -0.135269
v 0.0732812 -0.509968 -0.301982
v -0.181427 -0.509968 -0.176176
v 0.070381 -0.487351 -0.301982
v 0.0541402 -0.269283 -0.290584
v 0.0671026 -0.269283 -0.28503
v 0.0684896 -0.269283 -0.284399
v 0.0541402 -0.269283 -0.197712
v -0.181427 -0.363593 -0.14648
v -0.181427 -0.369058 -0.145611
v -0.181427 -0.379071 -0.144146
v -0.181427 -0.383547 -0.143498
v -0.181427 -0.396906 -0.14159
v -0.181427 -0.410005 -0.139733
v -0.181427 -0.42546 -0.137569
v -0.181427 -0.430926 -0.136819
v -0.0740461 -0.509968 -0.301982
v -0.181427 -0.50283 -0.229913
v -0.181377 -0.509968 -0.229947
v 0.0703053 -0.487068 -0.301982
v 0.0647825 -0.471943 -0.301982
v 0.0615797 -0.46471 -0.301982
v 0.0575447 -0.456841 -0.301982
v 0.0495756 -0.441881 -0.301982
v 0.0417326 -0.435308 -0.301982
v 0.038656 -0.433353 -0.301982
v 0.0353775 -0.431374 -0.301982
v 0.0224908 -0.425578 -0.301982
v 0.0526523 -0.269283 -0.290618
v -0.181427 -0.269283 -0.162683
v -0.181427 -0.353674 -0.148098
v -0.181427 -0.269283 -0.231293
v -0.0740713 -0.50283 -0.301982
v 0.00899886 -0.422091 -0.301982
v 0.038656 -0.269283 -0.290857
v -0.175021 -0.269283 -0.234496
v -0.0817126 -0.269283 -0.281128
v -0.0708433 -0.269283 -0.286427
v -0.0696076 -0.269283 -0.287023
v -0.0706668 -0.487351 -0.301982
v 0.00771271 -0.421879 -0.301982
v -0.0386896 -0.269283 -0.290857
v -0.0541486 -0.269283 -0.290567
v -0.0651439 -0.471849 -0.301982
v -0.00910812 -0.422067 -0.301982
v -0.0097638 -0.422209 -0.301982
v -0.0232305 -0.426638 -0.301982
v -0.0259794 -0.428052 -0.301982
v -0.0389165 -0.435567 -0.301982
v -0.0405558 -0.436792 -0.301982
v -0.0489536 -0.444708 -0.301982
v -0.0491553 -0.444991 -0.301982
v -0.0569731 -0.456559 -0.301982
v -0.0571496 -0.456865 -0.301982
v -0.0649926 -0.471448 -0.301982
f 5447 5448 5451
f 5447 5451 5449
f 5447 5449 5456
f 5447 5456 5465
f 5447 5465 5464
f 5447 5464 5463
f 5447 5463 5487
f 5447 5487 5493
f 5447 5493 5500
f 5447 5500 5501
f 5447 5501 5497
f 5447 5497 5496
f 5447 5496 5495
f 5447 5495 5494
f 5447 5494 5490
f 5447 5490 5488
f 5447 5488 5466
f 5447 5466 5457
f 5447 5457 5450
f 5447 5450 5448
f 5448 5450 5452
f 5448 5452 5453
f 5448 5453 5461
f 5448 5461 5477
f 5448 5477 5475
f 5448 5475 5460
f 5448 5460 5451
f 5449 5451 5454
f 5449 5454 5455
f 5449 5455 5456
f 5450 5457 5458
f 5450 5458 5459
f 5450 5459 5452
f 5451 5460 5454
f 5452 5459 5458
f 5452 5458 5474
f 5452 5474 5473
f 5452 5473 5472
f 5452 5472 5471
f 5452 5471 5470
f 5452 5470 5469
f 5452 5469 5468
f 5452 5468 5467
f 5452 5467 5489
f 5452 5489 5488
f 5452 5488 5490
f 5452 5490 5476
f 5452 5476 5461
f 5452 5461 5453
f 5454 5460 5475
f 5454 5475 5491
f 5454 5491 5498
f 5454 5498 5502
f 5454 5502 5513
f 5454 5513 5512
f 5454 5512 5511
f 5454 5511 5510
f 5454 5510 5509
f 5454 5509 5508
f 5454 5508 5507
f 5454 5507 5506
f 5454 5506 5505
f 5454 5505 5504
f 5454 5504 5503
f 5454 5503 5499
f 5454 5499 5492
f 5454 5492 5486
f 5454 5486 5485
f 5454 5485 5484
f 5454 5484 5483
f 5454 5483 5482
f 5454 5482 5481
f 5454 5481 5480
f 5454 5480 5479
f 5454 5479 5478
f 5454 5478 5462
f 5454 5462 5455
f 5455 5462 5463
f 5455 5463 5464
f 5455 5464 5465
f 5455 5465 5456
f 5457 5466 5467
f 5457 5467 5468
f 5457 5468 5469
f 5457 5469 5470
f 5457 5470 5471
f 5457 5471 5472
f 5457 5472 5473
f 5457 5473 5474
f 5457 5474 5458
f 5461 5476 5477
f 5462 5478 5463
f 5463 5479 5480
f 5463 5480 5481
f 5463 5481 5482
f 5463 5482 5483
f 5463 5483 5484
f 5463 5484 5485
f 5463 5485 5486
f 5463 5486 5487
f 5463 5478 5479
f 5466 5488 5489
f 5466 5489 5467
f 5475 5477 5490
f 5475 5490 5491
f 5476 5490 5477
f 5486 5492 5487
f 5487 5492 5493
f 5490 5494 5491
f 5491 5495 5496
f 5491 5496 5497
f 5491 5497 5498
f 5491 5494 5495
f 5492 5499 5493
f 5493 5499 5500
f 5497 5501 5498
f 5498 5501 5502
f 5499 5503 5500
f 5500 5503 5504
f 5500 5504 5501
f 5501 5504 5505
f 5501 5505 5506
f 5501 5506 5507
f 5501 5507 5508
f 5501 5508 5509
f 5501 5509 5510
f 5501 5510 5511
f 5501 5511 5512
f 5501 5512 5513
f 5501 5513 5502
o convex_19
v 0.0762065 -0.516238 -0.275239
v 0.0762065 -0.516238 -0.165309
v 0.0762065 -0.348547 -0.272811
v 0.162478 -0.348547 -0.239889
v 0.162478 -0.516238 -0.239316
v 0.0762065 -0.363206 -0.198135
v 0.268944 -0.516238 -0.0806527
v 0.300853 -0.379064 -0.0799262
v 0.304666 -0.365554 -0.0799262
v 0.31153 -0.348547 -0.0799262
v 0.0762065 -0.348547 -0.201767
v 0.174466 -0.348547 -0.234001
v 0.172179 -0.516238 -0.234555
v 0.270957 -0.516238 -0.0799262
v 0.387856 -0.348547 -0.0799262
v 0.20543 -0.348547 -0.218534
v 0.181422 -0.516238 -0.229948
v 0.382182 -0.516238 -0.0799262
v 0.353415 -0.516238 -0.119597
v 0.352378 -0.516238 -0.120973
v 0.345697 -0.516238 -0.129481
v 0.35433 -0.348547 -0.121891
v 0.224374 -0.348547 -0.209071
v 0.224374 -0.516238 -0.208459
v 0.337643 -0.516238 -0.137205
v 0.346612 -0.348547 -0.129424
v 0.267052 -0.348547 -0.187696
v 0.266473 -0.516238 -0.18739
v 0.336606 -0.516238 -0.137989
v 0.337643 -0.379064 -0.137205
v 0.337613 -0.3636 -0.137205
v 0.337186 -0.348547 -0.137166
v 0.274801 -0.348547 -0.183662
v 0.274191 -0.516238 -0.183375
v 0.300639 -0.516238 -0.164965
v 0.286271 -0.348547 -0.175805
v 0.329895 -0.3636 -0.143017
v 0.293806 -0.348547 -0.170107
v 0.286088 -0.348547 -0.175938
v 0.286058 -0.516238 -0.175652
v 0.293776 -0.516238 -0.170088
f 5514 5515 5519
f 5514 5519 5524
f 5514 5524 5516
f 5514 5516 5517
f 5514 5517 5518
f 5514 5518 5526
f 5514 5526 5530
f 5514 5530 5537
f 5514 5537 5541
f 5514 5541 5547
f 5514 5547 5553
f 5514 5553 5554
f 5514 5554 5548
f 5514 5548 5542
f 5514 5542 5538
f 5514 5538 5534
f 5514 5534 5533
f 5514 5533 5532
f 5514 5532 5531
f 5514 5531 5527
f 5514 5527 5520
f 5514 5520 5515
f 5515 5520 5521
f 5515 5521 5522
f 5515 5522 5523
f 5515 5523 5519
f 5516 5524 5523
f 5516 5523 5528
f 5516 5528 5535
f 5516 5535 5539
f 5516 5539 5545
f 5516 5545 5551
f 5516 5551 5549
f 5516 5549 5552
f 5516 5552 5546
f 5516 5546 5540
f 5516 5540 5536
f 5516 5536 5529
f 5516 5529 5525
f 5516 5525 5517
f 5517 5525 5526
f 5517 5526 5518
f 5519 5523 5524
f 5520 5527 5521
f 5521 5527 5531
f 5521 5531 5528
f 5521 5528 5523
f 5521 5523 5522
f 5525 5529 5530
f 5525 5530 5526
f 5528 5531 5532
f 5528 5532 5533
f 5528 5533 5534
f 5528 5534 5535
f 5529 5536 5530
f 5530 5536 5537
f 5534 5538 5539
f 5534 5539 5535
f 5536 5540 5541
f 5536 5541 5537
f 5538 5542 5543
f 5538 5543 5539
f 5539 5543 5544
f 5539 5544 5545
f 5540 5546 5547
f 5540 5547 5541
f 5542 5548 5549
f 5542 5549 5543
f 5543 5550 5544
f 5543 5549 5550
f 5544 5550 5549
f 5544 5549 5551
f 5544 5551 5545
f 5546 5552 5553
f 5546 5553 5547
f 5548 5554 5549
f 5549 5554 5552
f 5552 5554 5553
o convex_20
v 0.00631993 -0.269283 -0.473359
v -0.00529628 -0.269283 -0.473722
v 0.00832272 -0.269283 -0.473631
v 0.0232027 0.332633 -0.670594
v 0.0077293 0.332633 -0.66866
v -0.0077293 0.332633 -0.668629
v -0.00759578 -0.269283 -0.474235
v -0.0232027 0.332633 -0.669657
v 0.0232027 -0.269283 -0.476955
v 0.0395515 0.332633 -0.677152
v 0.033914 -0.269283 -0.481247
v -0.0177284 -0.269283 -0.476774
v -0.0398185 0.332633 -0.676246
v -0.0232027 -0.269283 -0.478195
v 0.0459901 0.332633 -0.680991
v 0.0386762 -0.269283 -0.483181
v -0.0399669 0.332633 -0.676367
v -0.0407828 -0.269283 -0.487534
v -0.0398927 -0.269283 -0.486869
v -0.0277572 -0.269283 -0.48022
v 0.0509303 0.332633 -0.687428
v 0.0484528 -0.269283 -0.490314
v -0.0507375 0.332633 -0.687186
v -0.0470434 -0.269283 -0.493548
v 0.0594459 0.332633 -0.700666
v 0.0490759 -0.269283 -0.491432
v -0.0508561 0.332633 -0.687337
v -0.0531556 -0.269283 -0.503793
v 0.0636444 0.332633 -0.708403
v 0.0554551 -0.269283 -0.50334
v -0.0592234 0.332633 -0.701421
v -0.0563008 -0.269283 -0.509385
v 0.0689851 0.332633 -0.719434
v 0.0564788 -0.269283 -0.505274
v 0.05817 -0.269283 -0.508478
v -0.0631696 0.332633 -0.709158
v -0.060247 -0.269283 -0.516427
v 0.0739105 0.332633 -0.734908
v 0.062235 -0.269283 -0.517122
v 0.0637779 -0.269283 -0.520477
v 0.0641339 -0.269283 -0.521413
v 0.0687033 -0.269283 -0.535286
v -0.0682879 0.332633 -0.719434
v -0.0629174 -0.269283 -0.521897
v 0.0754089 0.286205 -0.734908
v 0.0754683 0.286205 -0.750383
v 0.0746226 0.3017 -0.750383
v 0.0731984 0.317137 -0.750383
v 0.0711363 0.332633 -0.750383
v 0.0725605 -0.269283 -0.55076
v 0.0749193 -0.269283 -0.566234
v -0.0736435 0.332633 -0.734908
v -0.0668192 -0.269283 -0.532415
v 0.0757056 0.270709 -0.734908
v 0.0756611 0.270709 -0.750383
v 0.0710176 0.270709 -0.765857
v 0.0707061 0.286205 -0.765857
v 0.0644455 0.332633 -0.760537
v 0.0673532 0.302231 -0.766945
v 0.0753347 -0.269283 -0.580227
v -0.0711066 0.332633 -0.750383
v -0.0731539 0.317137 -0.750383
v -0.074593 0.3017 -0.750383
v -0.0753941 0.286205 -0.750383
v -0.075038 0.286205 -0.734908
v -0.074682 -0.269283 -0.564753
v -0.0718929 -0.269283 -0.549188
v 0.075765 0.255272 -0.734908
v 0.0756611 0.146979 -0.750383
v 0.0641784 0.270709 -0.775498
v 0.0640746 0.286205 -0.775437
v 0.0710176 0.146979 -0.765857
v 0.0632735 0.297458 -0.774803
v 0.0541496 0.332633 -0.76489
v 0.0585854 0.307769 -0.772838
v 0.0753496 -0.269283 -0.581708
v -0.0644603 0.332633 -0.760447
v -0.0673236 0.301818 -0.766824
v -0.0705874 0.286205 -0.765857
v -0.0710028 0.270709 -0.765857
v -0.0756018 0.270709 -0.750383
v -0.0754089 0.270709 -0.734908
v -0.0752902 -0.269283 -0.580227
v -0.0755869 0.255272 -0.734908
v 0.075765 0.0232493 -0.688486
v 0.075765 0.0850553 -0.734908
v 0.0757501 0.0696186 -0.734908
v 0.0755276 0.131483 -0.750383
v 0.0541496 0.270709 -0.779729
v 0.0641784 0.146979 -0.775498
v 0.0541496 0.286205 -0.779125
v 0.0750825 0.115988 -0.750383
v 0.0744298 0.100551 -0.750383
v 0.07035 0.131483 -0.765857
v 0.0537194 0.302231 -0.77574
v 0.0386762 0.332633 -0.766794
v 0.0482748 0.310303 -0.773896
v 0.0729017 -0.269283 -0.595701
v 0.0750232 -0.255261 -0.595701
v 0.075676 -0.146968 -0.657538
v 0.0757353 -0.131472 -0.657538
v -0.0541496 0.332633 -0.764799
v -0.0631103 0.296692 -0.774561
v -0.0639411 0.286205 -0.775256
v -0.0756611 0.22434 -0.750383
v -0.0756463 0.239777 -0.750383
v -0.0641784 0.270709 -0.775498
v -0.0710028 0.146979 -0.765857
v -0.075676 0.22434 -0.734908
v -0.0757501 -0.0386745 -0.688486
v -0.075765 -0.0541113 -0.688486
v -0.075765 -0.069607 -0.688486
v -0.0756018 -0.116035 -0.673012
v -0.0747413 -0.255261 -0.595701
v -0.0722935 -0.269283 -0.595701
v -0.0756908 0.146979 -0.719434
v 0.075765 -0.069607 -0.673012
v 0.075765 0.00775365 -0.719434
v 0.0755573 0.0541229 -0.734908
v 0.0386762 0.270709 -0.782086
v 0.0541496 0.146979 -0.779729
v 0.0636444 0.131483 -0.774984
v 0.0386762 0.286205 -0.780968
v 0.0749935 0.0386272 -0.734908
v 0.073599 0.0850553 -0.750383
v 0.072427 0.0696186 -0.750383
v 0.0706764 0.0541229 -0.750383
v 0.0666411 0.0850553 -0.762865
v 0.0386762 0.3017 -0.77716
v 0.0232027 0.332633 -0.766824
v 0.0724715 -0.269283 -0.597182
v 0.0741331 -0.239765 -0.611176
v 0.074949 -0.162404 -0.657538
v 0.075676 -0.116035 -0.673012
v 0.075765 -0.100539 -0.673012
v -0.0386762 0.332633 -0.766794
v -0.0478594 0.310303 -0.773896
v -0.0534672 0.301818 -0.775588
v -0.0581849 0.307062 -0.772627
v -0.0541496 0.286205 -0.778943
v -0.0541496 0.270709 -0.779729
v -0.0756611 0.146979 -0.750383
v -0.075765 0.162416 -0.734908
v -0.0641784 0.146979 -0.775498
v -0.0700385 0.131483 -0.765857
v -0.0741479 0.100551 -0.750383
v -0.0749638 0.115988 -0.750383
v -0.0754979 0.131483 -0.750383
v -0.075765 0.0232493 -0.70396
v -0.0757353 -0.0386745 -0.70396
v -0.075765 0.0232493 -0.719434
v -0.0757501 0.00775365 -0.719434
v -0.0755573 -0.0850437 -0.688486
v -0.0744149 -0.131472 -0.673012
v -0.0736732 -0.239765 -0.611176
v -0.0651427 -0.269283 -0.610783
v -0.0700088 -0.255261 -0.611176
v 0.075765 -0.069607 -0.688486
v 0.0757501 -0.0386745 -0.70396
v 0.0755573 -0.00768312 -0.719434
v -0.0386762 0.270709 -0.782086
v 0.0386762 0.146979 -0.782086
v 0.0541496 0.131483 -0.778732
v 0.0386762 0.131483 -0.781119
v 0.0627097 0.12076 -0.774198
v -0.0386762 0.286205 -0.780968
v 0.0741034 0.0232493 -0.734908
v 0.07486 -0.0231788 -0.719434
v 0.0728572 0.00775365 -0.734908
v 0.0654988 0.0696186 -0.761323
v 0.0708544 -0.00768312 -0.734908
v 0.065929 0.00775365 -0.746393
v 0.0671604 0.0232493 -0.748267
v -0.0386762 0.3017 -0.77716
v -0.0232027 0.332633 -0.766824
v 0.0652911 -0.269283 -0.610692
v 0.0704687 -0.255261 -0.611176
v 0.0724121 -0.224328 -0.62665
v 0.0720561 -0.1779 -0.657538
v 0.0730649 -0.146968 -0.673012
v 0.074949 -0.131472 -0.673012
v 0.0748748 -0.100539 -0.688486
v 0.0756018 -0.0850437 -0.688486
v -0.0541496 0.146979 -0.779729
v -0.0757501 0.0696186 -0.734908
v -0.075765 0.0850553 -0.734908
v -0.0633625 0.131483 -0.774803
v -0.0662109 0.0850553 -0.762502
v -0.0699791 0.0541229 -0.750383
v -0.0718632 0.0696186 -0.750383
v -0.0731539 0.0850553 -0.750383
v -0.0748007 0.0386272 -0.734908
v -0.0755128 0.0541229 -0.734908
v -0.0755128 -0.00768312 -0.719434
v -0.0743408 -0.100539 -0.688486
v -0.0751419 -0.0541113 -0.70396
v -0.0719077 -0.116035 -0.688486
v -0.0719077 -0.146968 -0.673012
v -0.0737918 -0.162404 -0.657538
v -0.0708692 -0.1779 -0.657538
v -0.064846 -0.269283 -0.611297
v -0.0640449 -0.255261 -0.622056
v -0.0651131 -0.1779 -0.669597
v -0.0665521 -0.239942 -0.627345
v 0.0753199 -0.0541113 -0.70396
v -0.0386762 0.146979 -0.782086
v 0.0549062 0.115752 -0.775951
v 0.0495951 0.100551 -0.774531
v 0.046806 0.0922435 -0.773715
v -0.0386762 0.131483 -0.781119
v 0.0386762 0.115988 -0.778581
v 0.0605734 0.110449 -0.77311
v 0.0639411 0.0541229 -0.759752
v 0.0626504 0.0441656 -0.758664
v 0.0742369 -0.069607 -0.70396
v 0.0734061 -0.0386745 -0.719434
v 0.0664779 -0.0386745 -0.732128
v 0.0671752 -0.0229431 -0.735966
v 0.0641191 -0.00768312 -0.744459
v 0.0541496 -0.269283 -0.617039
v 0.0619828 -0.263097 -0.618973
v 0.0642081 -0.255261 -0.621603
v 0.0637334 -0.234757 -0.636049
v 0.0673532 -0.239883 -0.627194
v 0.0657065 -0.1779 -0.669748
v 0.0680505 -0.163229 -0.67419
v 0.0730649 -0.116035 -0.688486
v -0.0541496 0.131483 -0.77855
v -0.062324 0.121998 -0.773956
v -0.0649499 0.0696186 -0.760961
v -0.0667301 0.0232493 -0.747814
v -0.0700681 -0.00768312 -0.734908
v -0.0722044 0.00775365 -0.734908
v -0.0736732 0.0232493 -0.734908
v -0.0744446 -0.0231788 -0.719434
v -0.07351 -0.069607 -0.70396
v -0.0671159 -0.132002 -0.689514
v -0.0671159 -0.162994 -0.674039
v -0.0709583 -0.0850437 -0.70396
v -0.0667153 -0.100068 -0.704625
v -0.0622943 -0.263745 -0.619366
v -0.0574134 -0.269283 -0.616767
v -0.0631696 -0.187857 -0.666786
v -0.0651131 -0.146968 -0.685071
v -0.0631696 -0.158162 -0.68226
v 0.0541496 0.0696186 -0.766915
v 0.0541496 0.0541229 -0.763771
v 0.0492984 0.0276093 -0.758966
v 0.0386762 0.0541229 -0.766129
v 0.0386762 0.0696186 -0.769272
v -0.0386762 0.115988 -0.778581
v -0.0467615 0.0922435 -0.773715
v 0.0596239 0.0338548 -0.757334
v 0.0626652 -0.0176404 -0.743189
v 0.070439 -0.0541113 -0.719434
v 0.0721896 -0.0850437 -0.70396
v 0.0639559 -0.0541113 -0.729045
v 0.0654098 -0.0850437 -0.715112
v 0.0386762 -0.269283 -0.619185
v 0.0541496 -0.264747 -0.620061
v 0.0541496 -0.255261 -0.626348
v 0.0541496 -0.245362 -0.632906
v 0.0541496 -0.189625 -0.668388
v 0.063318 -0.18715 -0.666695
v 0.0640152 -0.158634 -0.682713
v 0.0662257 -0.146968 -0.685615
v 0.0680505 -0.132297 -0.689665
v 0.0662257 -0.116035 -0.700938
v -0.0492391 0.100551 -0.774531
v -0.0546392 0.116518 -0.7758
v -0.0601283 0.111687 -0.772838
v -0.0621905 0.0454029 -0.758361
v -0.0633031 0.0541229 -0.759329
v -0.0652763 0.00775365 -0.74591
v -0.0665521 -0.0220593 -0.735483
v -0.0723825 -0.0386745 -0.719434
v -0.0651131 -0.116035 -0.700061
v -0.0631696 -0.12723 -0.697644
v -0.0678873 -0.0552307 -0.720824
v -0.0665669 -0.069607 -0.717319
v -0.0642229 -0.0850437 -0.714175
v -0.0541496 -0.245539 -0.633148
v -0.0541496 -0.255261 -0.626922
v -0.0541496 -0.265218 -0.620394
v -0.0541496 -0.190155 -0.668448
v -0.0541496 -0.269283 -0.617583
v -0.0577695 -0.168473 -0.679872
v -0.0577547 -0.137541 -0.695347
v 0.0543425 0.0388629 -0.760235
v 0.0386762 0.0386272 -0.762593
v 0.0541496 -0.00768312 -0.74863
v 0.0386762 -0.00768312 -0.750987
v -0.0386762 0.0541229 -0.766129
v -0.0386762 0.0696186 -0.769272
v -0.0489275 0.0276093 -0.758966
v -0.0541496 0.0541229 -0.763348
v -0.0541496 0.0696186 -0.766552
v 0.0621905 -0.0624188 -0.727383
v 0.0581404 -0.0279512 -0.741799
v 0.0676499 -0.100893 -0.705018
v 0.0634218 -0.0959437 -0.712936
v 0.0232027 -0.269283 -0.619245
v 0.0232027 -0.266396 -0.621179
v 0.0386762 -0.246953 -0.633994
v 0.0386762 -0.191334 -0.669355
v 0.0532595 -0.176545 -0.676669
v 0.057814 -0.168944 -0.680144
v 0.0640152 -0.127701 -0.698188
v -0.0541051 0.0396288 -0.760054
v -0.0592382 0.0350921 -0.757001
v -0.0621756 -0.0161675 -0.742887
v -0.0633773 -0.00768312 -0.743975
v -0.0654691 -0.0386745 -0.73104
v -0.062591 -0.0945886 -0.712332
v -0.0573096 -0.104899 -0.710216
v -0.0634812 -0.0508118 -0.728773
v -0.0386762 -0.247012 -0.634024
v -0.0386762 -0.266396 -0.621179
v -0.0471621 -0.269283 -0.618399
v -0.0532298 -0.176545 -0.676578
v -0.0474588 -0.170417 -0.6809
v -0.0386762 -0.191392 -0.669355
v -0.0469989 -0.108552 -0.711848
v -0.047444 -0.139485 -0.696374
v -0.0386762 0.0386272 -0.762593
v 0.0534524 -0.0229431 -0.744429
v 0.0478297 -0.0316042 -0.742917
v 0.0386762 -0.0231788 -0.746272
v -0.0386762 -0.00768312 -0.750987
v -0.0473253 -0.0316042 -0.742917
v -0.0541496 -0.00768312 -0.748146
v 0.0541496 -0.0647167 -0.72832
v 0.0534524 -0.0374961 -0.739351
v 0.0575321 -0.106255 -0.710851
v 0.0541496 -0.0724351 -0.725237
v -0.0386762 -0.269283 -0.619245
v 0.0232027 -0.247012 -0.634024
v 0.0232027 -0.191392 -0.669355
v 0.0386762 -0.178312 -0.677092
v 0.0475033 -0.170476 -0.6809
v 0.0532447 -0.132297 -0.699124
v 0.0577992 -0.138012 -0.695588
v -0.0531408 -0.0220593 -0.744247
v -0.057636 -0.0264783 -0.741044
v -0.0611817 -0.0611815 -0.726869
v -0.0529479 -0.100068 -0.713571
v -0.0386762 -0.170594 -0.68096
v -0.0386762 -0.178312 -0.677092
v -0.0386762 -0.139662 -0.696435
v -0.0386762 -0.0850437 -0.721792
v -0.0386762 -0.100539 -0.715415
v -0.0386762 -0.10867 -0.711909
v -0.0386762 -0.116448 -0.70804
v -0.0508561 -0.0651291 -0.728471
v 0.0386762 -0.0319577 -0.743069
v 0.0541496 -0.0850437 -0.72016
v 0.0530815 -0.100893 -0.713934
v 0.0472214 -0.108552 -0.711848
v 0.0386762 -0.0850437 -0.721792
v 0.0386762 -0.0744972 -0.726023
v -0.0386762 -0.0231788 -0.746272
v -0.0386762 -0.0319577 -0.743069
v -0.0386762 -0.0744972 -0.726023
v 0.0530815 -0.114621 -0.707829
v 0.0386762 -0.170594 -0.68096
v 0.0386762 -0.139662 -0.696435
v 0.0386762 -0.116448 -0.70804
v 0.0474885 -0.139485 -0.696374
v 0.0386762 -0.100539 -0.715415
v 0.0386762 -0.10867 -0.711909
f 5555 5556 5561
f 5555 5561 5566
f 5555 5566 5568
f 5555 5568 5574
f 5555 5574 5573
f 5555 5573 5572
f 5555 5572 5578
f 5555 5578 5582
f 5555 5582 5586
f 5555 5586 5591
f 5555 5591 5598
f 5555 5598 5607
f 5555 5607 5621
f 5555 5621 5620
f 5555 5620 5637
f 5555 5637 5669
f 5555 5669 5710
f 5555 5710 5755
f 5555 5755 5796
f 5555 5796 5840
f 5555 5840 5873
f 5555 5873 5890
f 5555 5890 5856
f 5555 5856 5813
f 5555 5813 5774
f 5555 5774 5730
f 5555 5730 5685
f 5555 5685 5652
f 5555 5652 5630
f 5555 5630 5614
f 5555 5614 5605
f 5555 5605 5604
f 5555 5604 5596
f 5555 5596 5595
f 5555 5595 5594
f 5555 5594 5593
f 5555 5593 5589
f 5555 5589 5588
f 5555 5588 5584
f 5555 5584 5580
f 5555 5580 5576
f 5555 5576 5570
f 5555 5570 5565
f 5555 5565 5563
f 5555 5563 5557
f 5555 5557 5558
f 5555 5558 5559
f 5555 5559 5560
f 5555 5560 5556
f 5556 5560 5562
f 5556 5562 5561
f 5557 5563 5558
f 5558 5564 5569
f 5558 5569 5575
f 5558 5575 5579
f 5558 5579 5583
f 5558 5583 5587
f 5558 5587 5592
f 5558 5592 5603
f 5558 5603 5612
f 5558 5612 5628
f 5558 5628 5650
f 5558 5650 5684
f 5558 5684 5729
f 5558 5729 5690
f 5558 5690 5656
f 5558 5656 5631
f 5558 5631 5615
f 5558 5615 5606
f 5558 5606 5597
f 5558 5597 5590
f 5558 5590 5585
f 5558 5585 5581
f 5558 5581 5577
f 5558 5577 5571
f 5558 5571 5567
f 5558 5567 5562
f 5558 5562 5560
f 5558 5560 5559
f 5558 5563 5565
f 5558 5565 5564
f 5561 5562 5566
f 5562 5567 5568
f 5562 5568 5566
f 5564 5565 5570
f 5564 5570 5569
f 5567 5571 5572
f 5567 5572 5573
f 5567 5573 5574
f 5567 5574 5568
f 5569 5570 5576
f 5569 5576 5575
f 5571 5577 5578
f 5571 5578 5572
f 5575 5576 5579
f 5576 5580 5579
f 5577 5581 5578
f 5578 5581 5582
f 5579 5580 5583
f 5580 5584 5583
f 5581 5585 5582
f 5582 5585 5586
f 5583 5584 5588
f 5583 5588 5589
f 5583 5589 5587
f 5585 5590 5591
f 5585 5591 5586
f 5587 5589 5593
f 5587 5593 5594
f 5587 5594 5595
f 5587 5595 5596
f 5587 5596 5592
f 5590 5597 5591
f 5591 5597 5598
f 5592 5599 5600
f 5592 5600 5601
f 5592 5601 5602
f 5592 5602 5603
f 5592 5596 5604
f 5592 5604 5605
f 5592 5605 5599
f 5597 5606 5607
f 5597 5607 5598
f 5599 5608 5600
f 5599 5605 5608
f 5600 5608 5609
f 5600 5609 5610
f 5600 5610 5611
f 5600 5611 5601
f 5601 5611 5602
f 5602 5611 5603
f 5603 5611 5613
f 5603 5613 5612
f 5605 5614 5608
f 5606 5615 5616
f 5606 5616 5617
f 5606 5617 5618
f 5606 5618 5619
f 5606 5619 5620
f 5606 5620 5621
f 5606 5621 5607
f 5608 5622 5609
f 5608 5614 5622
f 5609 5622 5640
f 5609 5640 5623
f 5609 5623 5626
f 5609 5626 5610
f 5610 5624 5625
f 5610 5625 5611
f 5610 5626 5644
f 5610 5644 5624
f 5611 5625 5627
f 5611 5627 5613
f 5612 5613 5627
f 5612 5627 5629
f 5612 5629 5628
f 5614 5630 5622
f 5615 5631 5632
f 5615 5632 5633
f 5615 5633 5616
f 5616 5633 5617
f 5617 5633 5618
f 5618 5633 5634
f 5618 5634 5635
f 5618 5635 5636
f 5618 5636 5619
f 5619 5636 5620
f 5620 5636 5638
f 5620 5638 5637
f 5622 5630 5639
f 5622 5639 5671
f 5622 5671 5689
f 5622 5689 5712
f 5622 5712 5672
f 5622 5672 5640
f 5623 5640 5641
f 5623 5641 5642
f 5623 5642 5626
f 5624 5643 5625
f 5624 5644 5675
f 5624 5675 5643
f 5625 5645 5627
f 5625 5643 5645
f 5626 5642 5646
f 5626 5646 5647
f 5626 5647 5648
f 5626 5648 5644
f 5627 5645 5649
f 5627 5649 5629
f 5628 5629 5649
f 5628 5649 5651
f 5628 5651 5650
f 5630 5652 5653
f 5630 5653 5654
f 5630 5654 5655
f 5630 5655 5639
f 5631 5656 5657
f 5631 5657 5632
f 5632 5657 5633
f 5633 5657 5658
f 5633 5658 5634
f 5634 5659 5660
f 5634 5660 5635
f 5634 5658 5661
f 5634 5661 5698
f 5634 5698 5662
f 5634 5662 5696
f 5634 5696 5659
f 5635 5660 5663
f 5635 5663 5638
f 5635 5638 5636
f 5637 5664 5665
f 5637 5665 5666
f 5637 5666 5667
f 5637 5667 5668
f 5637 5668 5669
f 5637 5638 5663
f 5637 5663 5670
f 5637 5670 5664
f 5639 5655 5671
f 5640 5672 5641
f 5641 5672 5673
f 5641 5673 5642
f 5642 5673 5646
f 5643 5674 5645
f 5643 5675 5716
f 5643 5716 5674
f 5644 5648 5676
f 5644 5676 5675
f 5645 5674 5677
f 5645 5677 5649
f 5646 5673 5678
f 5646 5678 5647
f 5647 5678 5679
f 5647 5679 5648
f 5648 5679 5680
f 5648 5680 5681
f 5648 5681 5682
f 5648 5682 5676
f 5649 5677 5683
f 5649 5683 5651
f 5650 5651 5683
f 5650 5683 5684
f 5652 5685 5686
f 5652 5686 5653
f 5653 5686 5687
f 5653 5687 5654
f 5654 5688 5712
f 5654 5712 5689
f 5654 5689 5655
f 5654 5687 5735
f 5654 5735 5688
f 5655 5689 5671
f 5656 5690 5691
f 5656 5691 5692
f 5656 5692 5693
f 5656 5693 5657
f 5657 5694 5658
f 5657 5693 5692
f 5657 5692 5694
f 5658 5694 5695
f 5658 5695 5661
f 5659 5696 5740
f 5659 5740 5697
f 5659 5697 5660
f 5660 5697 5663
f 5661 5695 5738
f 5661 5738 5698
f 5662 5698 5699
f 5662 5699 5700
f 5662 5700 5701
f 5662 5701 5702
f 5662 5702 5696
f 5663 5697 5670
f 5664 5670 5703
f 5664 5703 5665
f 5665 5703 5697
f 5665 5697 5740
f 5665 5740 5705
f 5665 5705 5666
f 5666 5704 5667
f 5666 5705 5706
f 5666 5706 5704
f 5667 5704 5707
f 5667 5707 5708
f 5667 5708 5668
f 5668 5709 5669
f 5668 5708 5709
f 5669 5709 5711
f 5669 5711 5710
f 5670 5697 5703
f 5672 5712 5713
f 5672 5713 5714
f 5672 5714 5673
f 5673 5714 5678
f 5674 5715 5720
f 5674 5720 5677
f 5674 5716 5760
f 5674 5760 5715
f 5675 5676 5717
f 5675 5717 5718
f 5675 5718 5716
f 5676 5719 5717
f 5676 5682 5719
f 5677 5720 5728
f 5677 5728 5683
f 5678 5721 5679
f 5678 5714 5722
f 5678 5722 5721
f 5679 5721 5680
f 5680 5721 5723
f 5680 5723 5681
f 5681 5724 5682
f 5681 5723 5725
f 5681 5725 5726
f 5681 5726 5727
f 5681 5727 5724
f 5682 5724 5719
f 5683 5728 5729
f 5683 5729 5684
f 5685 5730 5731
f 5685 5731 5732
f 5685 5732 5686
f 5686 5732 5733
f 5686 5733 5687
f 5687 5733 5734
f 5687 5734 5781
f 5687 5781 5735
f 5688 5735 5736
f 5688 5736 5737
f 5688 5737 5713
f 5688 5713 5712
f 5690 5729 5728
f 5690 5728 5691
f 5691 5728 5692
f 5692 5728 5720
f 5692 5720 5694
f 5694 5720 5715
f 5694 5715 5695
f 5695 5715 5760
f 5695 5760 5738
f 5696 5702 5739
f 5696 5739 5740
f 5698 5738 5741
f 5698 5741 5699
f 5699 5741 5742
f 5699 5742 5743
f 5699 5743 5744
f 5699 5744 5745
f 5699 5745 5700
f 5700 5745 5746
f 5700 5746 5701
f 5701 5746 5747
f 5701 5747 5702
f 5702 5747 5739
f 5704 5748 5707
f 5704 5706 5748
f 5705 5740 5706
f 5706 5740 5739
f 5706 5739 5747
f 5706 5747 5748
f 5707 5749 5708
f 5707 5748 5750
f 5707 5750 5749
f 5708 5749 5751
f 5708 5751 5752
f 5708 5752 5753
f 5708 5753 5709
f 5709 5753 5752
f 5709 5752 5754
f 5709 5754 5711
f 5710 5711 5756
f 5710 5756 5755
f 5711 5754 5757
f 5711 5757 5758
f 5711 5758 5756
f 5713 5737 5714
f 5714 5737 5759
f 5714 5759 5722
f 5716 5718 5764
f 5716 5764 5760
f 5717 5719 5761
f 5717 5761 5762
f 5717 5762 5763
f 5717 5763 5718
f 5718 5763 5765
f 5718 5765 5805
f 5718 5805 5764
f 5719 5766 5761
f 5719 5724 5767
f 5719 5767 5768
f 5719 5768 5766
f 5721 5722 5723
f 5722 5759 5736
f 5722 5736 5769
f 5722 5769 5770
f 5722 5770 5723
f 5723 5770 5725
f 5724 5727 5726
f 5724 5726 5767
f 5725 5770 5771
f 5725 5771 5772
f 5725 5772 5726
f 5726 5772 5773
f 5726 5773 5768
f 5726 5768 5767
f 5730 5774 5775
f 5730 5775 5776
f 5730 5776 5777
f 5730 5777 5778
f 5730 5778 5731
f 5731 5778 5733
f 5731 5733 5732
f 5733 5779 5780
f 5733 5780 5734
f 5733 5778 5779
f 5734 5780 5821
f 5734 5821 5781
f 5735 5781 5736
f 5736 5759 5737
f 5736 5781 5769
f 5738 5760 5764
f 5738 5764 5782
f 5738 5782 5741
f 5741 5782 5783
f 5741 5783 5784
f 5741 5784 5742
f 5742 5784 5743
f 5743 5784 5785
f 5743 5785 5786
f 5743 5786 5787
f 5743 5787 5744
f 5744 5787 5788
f 5744 5788 5745
f 5745 5788 5746
f 5746 5788 5789
f 5746 5789 5748
f 5746 5748 5747
f 5748 5789 5750
f 5749 5750 5789
f 5749 5789 5790
f 5749 5790 5751
f 5751 5791 5792
f 5751 5792 5752
f 5751 5790 5793
f 5751 5793 5794
f 5751 5794 5791
f 5752 5792 5754
f 5754 5792 5757
f 5755 5756 5795
f 5755 5795 5796
f 5756 5758 5797
f 5756 5797 5795
f 5757 5792 5798
f 5757 5798 5799
f 5757 5799 5797
f 5757 5797 5758
f 5761 5766 5800
f 5761 5800 5762
f 5762 5800 5763
f 5763 5800 5801
f 5763 5801 5802
f 5763 5802 5803
f 5763 5803 5804
f 5763 5804 5765
f 5764 5805 5806
f 5764 5806 5782
f 5765 5804 5848
f 5765 5848 5805
f 5766 5768 5801
f 5766 5801 5800
f 5768 5807 5801
f 5768 5773 5808
f 5768 5808 5807
f 5769 5781 5770
f 5770 5809 5771
f 5770 5781 5810
f 5770 5810 5809
f 5771 5811 5808
f 5771 5808 5773
f 5771 5773 5772
f 5771 5809 5812
f 5771 5812 5811
f 5774 5813 5814
f 5774 5814 5775
f 5775 5814 5815
f 5775 5815 5816
f 5775 5816 5817
f 5775 5817 5818
f 5775 5818 5777
f 5775 5777 5776
f 5777 5818 5779
f 5777 5779 5778
f 5779 5818 5819
f 5779 5819 5780
f 5780 5819 5820
f 5780 5820 5821
f 5781 5821 5822
f 5781 5822 5810
f 5782 5806 5823
f 5782 5823 5824
f 5782 5824 5783
f 5783 5824 5825
f 5783 5825 5826
f 5783 5826 5827
f 5783 5827 5784
f 5784 5827 5785
f 5785 5827 5828
f 5785 5828 5786
f 5786 5828 5829
f 5786 5829 5830
f 5786 5830 5787
f 5787 5830 5789
f 5787 5789 5788
f 5789 5830 5790
f 5790 5830 5793
f 5791 5794 5831
f 5791 5831 5832
f 5791 5832 5798
f 5791 5798 5792
f 5793 5830 5833
f 5793 5833 5834
f 5793 5834 5794
f 5794 5834 5835
f 5794 5835 5831
f 5795 5836 5837
f 5795 5837 5838
f 5795 5838 5796
f 5795 5797 5839
f 5795 5839 5836
f 5796 5838 5840
f 5797 5799 5841
f 5797 5841 5839
f 5798 5832 5799
f 5799 5832 5842
f 5799 5842 5841
f 5801 5807 5843
f 5801 5843 5802
f 5802 5844 5803
f 5802 5843 5845
f 5802 5845 5846
f 5802 5846 5844
f 5803 5844 5879
f 5803 5879 5847
f 5803 5847 5848
f 5803 5848 5804
f 5805 5848 5806
f 5806 5848 5847
f 5806 5847 5849
f 5806 5849 5850
f 5806 5850 5851
f 5806 5851 5823
f 5807 5808 5845
f 5807 5845 5843
f 5808 5811 5852
f 5808 5852 5853
f 5808 5853 5845
f 5809 5810 5854
f 5809 5854 5812
f 5810 5822 5854
f 5811 5812 5855
f 5811 5855 5852
f 5812 5854 5822
f 5812 5822 5855
f 5813 5856 5857
f 5813 5857 5858
f 5813 5858 5814
f 5814 5858 5815
f 5815 5858 5816
f 5816 5858 5817
f 5817 5859 5860
f 5817 5860 5861
f 5817 5861 5818
f 5817 5858 5859
f 5818 5861 5819
f 5819 5861 5862
f 5819 5862 5820
f 5820 5862 5822
f 5820 5822 5821
f 5822 5862 5855
f 5823 5851 5824
f 5824 5851 5825
f 5825 5851 5826
f 5826 5851 5850
f 5826 5850 5863
f 5826 5863 5864
f 5826 5864 5865
f 5826 5865 5866
f 5826 5866 5828
f 5826 5828 5827
f 5828 5866 5829
f 5829 5866 5865
f 5829 5865 5867
f 5829 5867 5833
f 5829 5833 5830
f 5831 5835 5868
f 5831 5868 5832
f 5832 5868 5869
f 5832 5869 5842
f 5833 5867 5834
f 5834 5867 5870
f 5834 5870 5835
f 5835 5870 5868
f 5836 5871 5837
f 5836 5839 5871
f 5837 5871 5838
f 5838 5872 5873
f 5838 5873 5840
f 5838 5871 5872
f 5839 5841 5874
f 5839 5874 5875
f 5839 5875 5876
f 5839 5876 5871
f 5841 5875 5874
f 5841 5842 5878
f 5841 5878 5875
f 5842 5869 5877
f 5842 5877 5878
f 5844 5846 5883
f 5844 5883 5879
f 5845 5853 5880
f 5845 5880 5881
f 5845 5881 5846
f 5846 5881 5882
f 5846 5882 5915
f 5846 5915 5883
f 5847 5879 5849
f 5849 5864 5863
f 5849 5863 5850
f 5849 5879 5883
f 5849 5883 5884
f 5849 5884 5885
f 5849 5885 5864
f 5852 5886 5887
f 5852 5887 5853
f 5852 5855 5888
f 5852 5888 5889
f 5852 5889 5886
f 5853 5881 5880
f 5853 5887 5881
f 5855 5862 5888
f 5856 5890 5872
f 5856 5872 5857
f 5857 5891 5858
f 5857 5872 5871
f 5857 5871 5891
f 5858 5891 5859
f 5859 5892 5893
f 5859 5893 5894
f 5859 5894 5860
f 5859 5891 5892
f 5860 5894 5861
f 5861 5894 5895
f 5861 5895 5896
f 5861 5896 5862
f 5862 5896 5888
f 5864 5885 5865
f 5865 5885 5897
f 5865 5897 5898
f 5865 5898 5899
f 5865 5899 5870
f 5865 5870 5867
f 5868 5870 5899
f 5868 5899 5869
f 5869 5900 5877
f 5869 5899 5900
f 5871 5876 5892
f 5871 5892 5891
f 5872 5890 5873
f 5875 5901 5902
f 5875 5902 5876
f 5875 5878 5903
f 5875 5903 5901
f 5876 5902 5893
f 5876 5893 5892
f 5877 5904 5905
f 5877 5905 5906
f 5877 5906 5907
f 5877 5907 5903
f 5877 5903 5878
f 5877 5900 5908
f 5877 5908 5884
f 5877 5884 5904
f 5881 5909 5882
f 5881 5887 5889
f 5881 5889 5910
f 5881 5910 5911
f 5881 5911 5912
f 5881 5912 5913
f 5881 5913 5914
f 5881 5914 5909
f 5882 5909 5916
f 5882 5916 5915
f 5883 5915 5884
f 5884 5908 5899
f 5884 5899 5898
f 5884 5898 5897
f 5884 5897 5885
f 5884 5915 5916
f 5884 5916 5917
f 5884 5917 5904
f 5886 5889 5887
f 5888 5918 5912
f 5888 5912 5911
f 5888 5911 5910
f 5888 5910 5889
f 5888 5896 5918
f 5893 5919 5894
f 5893 5902 5901
f 5893 5901 5919
f 5894 5919 5920
f 5894 5920 5921
f 5894 5921 5912
f 5894 5912 5922
f 5894 5922 5895
f 5895 5922 5912
f 5895 5912 5896
f 5896 5912 5918
f 5899 5908 5900
f 5901 5903 5920
f 5901 5920 5919
f 5903 5907 5921
f 5903 5921 5920
f 5904 5917 5914
f 5904 5914 5913
f 5904 5913 5923
f 5904 5923 5905
f 5905 5923 5924
f 5905 5924 5906
f 5906 5924 5921
f 5906 5921 5907
f 5909 5914 5917
f 5909 5917 5916
f 5912 5921 5924
f 5912 5924 5923
f 5912 5923 5913
o convex_21
v -0.0386762 -0.509968 -0.358735
v 0.0232027 -0.509968 -0.358735
v -0.0494319 -0.509968 -0.357617
v -0.0386762 -0.506458 -0.364542
v -0.0232027 -0.481744 -0.405781
v -0.0232027 -0.488482 -0.394571
v -0.0232027 -0.494113 -0.385192
v -0.0232027 -0.498754 -0.37746
v 0.0348635 -0.509968 -0.358672
v 0.0232027 -0.498754 -0.37746
v -0.0561079 -0.509968 -0.355008
v -0.0492984 -0.480354 -0.403421
v -0.0386762 -0.476231 -0.412582
v -0.0386762 -0.481226 -0.404849
v -0.0386762 -0.487752 -0.394571
v -0.0386762 -0.493854 -0.384882
v -0.0386762 -0.498707 -0.377149
v -0.0232027 -0.476985 -0.413513
v -0.0077293 -0.477103 -0.413545
v -0.0077293 -0.481744 -0.405812
v 0.0386762 -0.509968 -0.358641
v 0.0386762 -0.488435 -0.394571
v 0.0232027 -0.481744 -0.405812
v -0.0583629 -0.509968 -0.354045
v -0.0587486 -0.509615 -0.35448
v -0.0596091 -0.478681 -0.400937
v -0.0541496 -0.466572 -0.421432
v -0.0541496 -0.461247 -0.429165
v -0.0386762 -0.46332 -0.432022
v -0.0386762 -0.46848 -0.424289
v -0.0287661 -0.464027 -0.433077
v -0.0234401 -0.468315 -0.42696
v -0.0184405 -0.46431 -0.43345
v -0.0077293 -0.469611 -0.4255
v 0.0232027 -0.477103 -0.413545
v 0.0460939 -0.509968 -0.358145
v 0.0386762 -0.477056 -0.413513
v -0.0645493 -0.509968 -0.345537
v -0.0625169 -0.495833 -0.372554
v -0.0625169 -0.464899 -0.418979
v -0.0583629 -0.447559 -0.447269
v -0.053571 -0.452742 -0.441648
v -0.0480374 -0.448996 -0.44907
v -0.0386762 -0.449397 -0.449505
v -0.0077293 -0.464381 -0.433543
v -0.0232027 -0.449679 -0.449846
v 0.0232027 -0.469611 -0.4255
v 0.0491797 -0.509968 -0.357586
v 0.0467319 -0.464263 -0.433388
v 0.0386762 -0.46954 -0.4255
v -0.0684511 -0.509968 -0.33268
v -0.0670714 -0.503819 -0.348859
v -0.0643713 -0.498825 -0.36361
v -0.0643713 -0.467891 -0.410035
v -0.0635553 -0.450952 -0.436959
v -0.0606031 -0.432716 -0.463603
v -0.0543277 -0.440844 -0.456368
v -0.0386762 -0.398743 -0.506613
v -0.0386762 -0.427957 -0.473727
v -0.0386762 -0.442564 -0.457237
v -0.0502924 -0.43413 -0.465187
v -0.0386762 -0.384136 -0.52304
v -0.0232027 -0.4428 -0.457579
v -0.0232027 -0.435072 -0.466243
v -0.0077293 -0.457478 -0.441276
v 0.0232027 -0.464381 -0.433543
v 0.0386762 -0.464357 -0.433481
v 0.0582146 -0.509968 -0.354356
v 0.0541496 -0.480825 -0.404322
v 0.0541496 -0.486692 -0.394571
v 0.0570574 -0.462095 -0.430842
v 0.0527996 -0.467585 -0.425624
v 0.0541496 -0.47609 -0.412054
v 0.0386762 -0.44975 -0.449909
v 0.0386762 -0.384207 -0.523133
v 0.0541496 -0.375679 -0.530866
v 0.0541496 -0.383406 -0.52214
v 0.062057 -0.417897 -0.479813
v 0.0603954 -0.432646 -0.463479
v -0.072338 -0.50283 -0.33268
v -0.0716555 -0.509968 -0.317526
v -0.0704984 -0.487351 -0.36361
v -0.0670862 -0.472886 -0.395285
v -0.0653949 -0.456229 -0.424662
v -0.0667895 -0.441834 -0.441648
v -0.0642229 -0.437263 -0.453325
v -0.0619679 -0.417827 -0.47972
v -0.0541496 -0.397306 -0.505091
v -0.0541496 -0.418958 -0.480993
v -0.0541496 -0.382605 -0.521426
v -0.0386762 -0.376385 -0.531611
v -0.0232027 -0.384207 -0.523133
v -0.0232027 -0.428169 -0.473975
v 0.0232027 -0.457478 -0.441276
v 0.0584074 -0.50978 -0.354573
v 0.058719 -0.509968 -0.354014
v 0.0621905 -0.479859 -0.402707
v 0.0640152 -0.466312 -0.420532
v 0.0386762 -0.376456 -0.531673
v 0.0386762 -0.369129 -0.539406
v 0.0541496 -0.368281 -0.538629
v 0.0640152 -0.3737 -0.528754
v 0.0634663 -0.388424 -0.512451
v 0.0628136 -0.403149 -0.496117
v -0.0740144 -0.487351 -0.348145
v -0.0725012 -0.471896 -0.379075
v -0.0740589 -0.509968 -0.301999
v -0.0744446 -0.50283 -0.317185
v -0.0704984 -0.456417 -0.410035
v -0.0696676 -0.410005 -0.471895
v -0.0675461 -0.426732 -0.457672
v -0.0723973 -0.440939 -0.4255
v -0.0735545 -0.42546 -0.440965
v -0.0653208 -0.378364 -0.517389
v -0.0639559 -0.421314 -0.471895
v -0.0640301 -0.40878 -0.485869
v -0.0623388 -0.402796 -0.495682
v -0.0541496 -0.374878 -0.529934
v -0.0232027 -0.376456 -0.531673
v -0.0386762 -0.369105 -0.539344
v 0.0654543 -0.509968 -0.345785
v 0.0633328 -0.496351 -0.373485
v 0.0643416 -0.482309 -0.394571
v 0.0644751 -0.4518 -0.436866
v 0.0672494 -0.456724 -0.425624
v 0.065662 -0.471637 -0.408731
v -0.0232027 -0.369129 -0.539406
v 0.0386762 -0.361378 -0.546175
v 0.0541496 -0.36053 -0.545368
v 0.0638224 -0.358409 -0.543536
v 0.066834 -0.363593 -0.533847
v 0.0665224 -0.378953 -0.517885
v -0.0748897 -0.471896 -0.36361
v -0.074949 -0.440939 -0.410035
v -0.0740589 -0.456417 -0.394571
v 0.0732726 -0.509968 -0.301999
v -0.0740589 -0.50283 -0.301999
v -0.0751419 -0.487351 -0.33268
v -0.0704835 -0.394526 -0.48736
v -0.0741182 -0.410005 -0.456461
v -0.0720116 -0.363593 -0.518289
v -0.0712698 -0.379071 -0.502824
v -0.0656471 -0.362909 -0.533133
v -0.0630806 -0.372734 -0.527543
v -0.0627097 -0.387788 -0.511613
v -0.0541496 -0.367386 -0.537667
v -0.0541496 -0.359658 -0.544809
v -0.0386762 -0.361354 -0.546175
v 0.0672642 -0.509968 -0.340599
v 0.0656026 -0.499319 -0.36361
v 0.0680653 -0.503914 -0.348922
v 0.0670417 -0.487822 -0.378826
v 0.0729907 -0.456417 -0.410035
v 0.0706912 -0.471896 -0.394571
v 0.0706912 -0.410005 -0.471895
v -0.0232027 -0.361378 -0.546175
v 0.0386762 -0.335392 -0.568224
v 0.0486902 -0.310324 -0.588657
v 0.0629471 -0.341635 -0.557976
v 0.0618196 -0.324908 -0.572447
v 0.066018 -0.347336 -0.548908
v 0.0645048 -0.297838 -0.591017
v 0.0728424 -0.348137 -0.533785
v 0.0730797 -0.363593 -0.518289
v 0.0717594 -0.332659 -0.54925
v 0.0723973 -0.379071 -0.502824
v 0.071611 -0.394526 -0.48736
v -0.0754683 -0.456417 -0.379075
v -0.0754238 -0.42546 -0.4255
v 0.0732874 -0.509827 -0.301999
v 0.0737473 -0.509968 -0.310073
v -0.0706615 -0.487351 -0.301999
v -0.0739254 -0.487351 -0.317185
v -0.0751567 -0.456417 -0.36361
v -0.0752606 -0.471896 -0.348145
v -0.0756908 -0.440939 -0.394571
v -0.0745336 -0.394526 -0.471895
v -0.0748155 -0.379071 -0.48736
v -0.0750677 -0.363593 -0.502824
v -0.0752754 -0.348137 -0.518289
v -0.0718336 -0.348137 -0.533785
v -0.0650686 -0.347077 -0.548473
v -0.0629768 -0.357279 -0.542791
v -0.0541496 -0.3508 -0.552541
v -0.050055 -0.310324 -0.588688
v -0.062057 -0.325143 -0.572664
v -0.0603657 -0.308864 -0.587415
v -0.0386762 -0.35226 -0.553908
v 0.0695341 -0.509968 -0.33268
v 0.0732874 -0.50283 -0.33268
v 0.0722044 -0.487351 -0.36361
v 0.0737473 -0.440939 -0.4255
v 0.0751715 -0.456417 -0.394571
v 0.0741776 -0.471896 -0.379075
v -0.0386762 -0.335392 -0.568224
v 0.0232027 -0.310772 -0.589061
v 0.0386762 -0.318499 -0.582508
v 0.0386762 -0.310772 -0.58903
v 0.0386762 -0.301725 -0.596421
v 0.0386762 -0.293456 -0.603035
v 0.0541496 -0.291689 -0.601638
v 0.0539716 -0.302479 -0.59316
v 0.0590157 -0.308133 -0.586887
v 0.0637482 -0.280993 -0.605178
v 0.0670714 -0.286176 -0.595955
v 0.0680357 -0.302479 -0.581111
v 0.0737918 -0.286246 -0.580179
v 0.0745336 -0.301725 -0.564715
v 0.0749787 -0.31718 -0.54925
v 0.0752161 -0.332659 -0.533785
v 0.0754238 -0.348137 -0.518289
v 0.0753051 -0.363593 -0.502824
v 0.0751567 -0.379071 -0.48736
v 0.0749935 -0.394526 -0.471895
v 0.0747413 -0.410005 -0.456461
v 0.0743111 -0.42546 -0.440965
v 0.0726792 -0.270768 -0.595675
v -0.0756166 -0.410005 -0.440965
v 0.0738364 -0.50283 -0.301999
v 0.0747265 -0.50283 -0.317185
v 0.0710621 -0.509968 -0.326439
v -0.0651576 -0.471849 -0.301999
v -0.070172 -0.471896 -0.317185
v -0.0711808 -0.363593 -0.440965
v -0.0715962 -0.379071 -0.4255
v -0.0719671 -0.394526 -0.410035
v -0.0726495 -0.42546 -0.379075
v -0.0729907 -0.440939 -0.36361
v -0.0736435 -0.471896 -0.33268
v -0.0740589 -0.348137 -0.471895
v -0.0743259 -0.363593 -0.456461
v -0.0745188 -0.379071 -0.440965
v -0.074682 -0.394526 -0.4255
v -0.0748155 -0.410005 -0.410035
v -0.0750825 -0.286246 -0.54925
v -0.0752902 -0.31718 -0.518289
v -0.0754831 -0.348137 -0.48736
v -0.0755721 -0.363593 -0.471895
v -0.0756314 -0.379071 -0.456461
v -0.0756611 -0.394526 -0.440965
v -0.0756908 -0.42546 -0.410035
v -0.075765 -0.379071 -0.471895
v -0.0757353 -0.394526 -0.456461
v -0.075765 -0.31718 -0.533785
v -0.0757501 -0.301725 -0.54925
v -0.0756166 -0.286246 -0.564715
v -0.0753347 -0.270768 -0.580179
v -0.0749638 -0.332659 -0.533785
v -0.0746375 -0.31718 -0.54925
v -0.0741627 -0.301725 -0.564715
v -0.0734655 -0.286246 -0.580179
v -0.0708544 -0.332659 -0.54925
v -0.0698604 -0.31718 -0.564715
v -0.0640449 -0.31718 -0.576111
v -0.0642526 -0.331245 -0.563628
v -0.0541496 -0.343072 -0.55928
v -0.0547876 -0.316167 -0.582477
v -0.0547876 -0.302903 -0.593564
v -0.0541496 -0.292254 -0.602134
v -0.0386762 -0.293526 -0.603066
v -0.0386762 -0.301725 -0.596452
v -0.0386762 -0.310772 -0.589061
v -0.0541496 -0.33419 -0.567013
v -0.0541496 -0.326439 -0.573751
v -0.0641636 -0.298544 -0.591607
v -0.0633328 -0.281652 -0.605302
v 0.074771 -0.487351 -0.348145
v 0.0756908 -0.456417 -0.379075
v 0.0753644 -0.471896 -0.36361
v 0.0754534 -0.440939 -0.410035
v 0.0232027 -0.301725 -0.596452
v 0.0232027 -0.293526 -0.603066
v 0.0541496 -0.283937 -0.607103
v 0.0232027 -0.285775 -0.608252
v 0.0386762 -0.274113 -0.615953
v 0.0541496 -0.272511 -0.614866
v 0.0541496 -0.269283 -0.617009
v 0.0652911 -0.269283 -0.610674
v 0.0724715 -0.269283 -0.597135
v 0.0729017 -0.269283 -0.595675
v 0.0753496 -0.269283 -0.58167
v 0.0753941 -0.270768 -0.580179
v 0.0756166 -0.286246 -0.564715
v 0.0757501 -0.301725 -0.54925
v 0.075765 -0.31718 -0.533785
v 0.075765 -0.394526 -0.456461
v 0.0757056 -0.410005 -0.440965
v 0.0756018 -0.42546 -0.4255
v 0.0738215 -0.502547 -0.301999
v 0.0751567 -0.487351 -0.33268
v -0.0696824 -0.456417 -0.33268
v -0.0649944 -0.471448 -0.301999
v -0.0643861 -0.441457 -0.333395
v -0.0686143 -0.42546 -0.36361
v -0.069178 -0.440939 -0.348145
v -0.0702462 -0.332659 -0.471895
v -0.072427 -0.270768 -0.54925
v -0.072783 -0.286246 -0.533785
v -0.0731242 -0.301725 -0.518289
v -0.0734506 -0.31718 -0.502824
v -0.0749638 -0.270768 -0.564715
v -0.075765 -0.332659 -0.518289
v -0.075765 -0.363593 -0.48736
v -0.0752902 -0.269283 -0.580179
v -0.0722935 -0.269283 -0.595675
v -0.0675461 -0.302903 -0.581453
v -0.0720264 -0.270768 -0.595675
v -0.0574134 -0.269283 -0.61673
v -0.0541496 -0.269283 -0.617568
v -0.0471621 -0.269283 -0.618376
v -0.0386762 -0.285775 -0.608252
v -0.0665818 -0.2866 -0.596327
v -0.0650092 -0.26966 -0.610736
v -0.064846 -0.269283 -0.611264
v 0.075765 -0.379071 -0.471895
v 0.075765 -0.363593 -0.48736
v 0.075765 -0.332659 -0.518289
v 0.0756908 -0.440939 -0.394571
v 0.0751715 -0.471896 -0.348145
v 0.0232027 -0.27416 -0.615984
v 0.0289738 -0.269283 -0.619214
v 0.0386762 -0.269283 -0.619152
v 0.0753347 -0.269283 -0.580179
v 0.0749193 -0.269283 -0.566205
v 0.0749342 -0.270768 -0.564715
v 0.0750529 -0.286246 -0.54925
v 0.0751567 -0.301725 -0.533785
v 0.0752457 -0.31718 -0.518289
v 0.0755128 -0.363593 -0.471895
v 0.0755869 -0.379071 -0.456461
v 0.0756314 -0.394526 -0.440965
v 0.0756611 -0.410005 -0.4255
v 0.075676 -0.42546 -0.410035
v 0.0703797 -0.487351 -0.301999
v 0.0737177 -0.487351 -0.317185
v -0.0571612 -0.456865 -0.301999
v -0.0629768 -0.461977 -0.306999
v -0.0627691 -0.44697 -0.323023
v -0.0625465 -0.431962 -0.339015
v -0.0639856 -0.426285 -0.349201
v -0.0647273 -0.317533 -0.472423
v -0.0685994 -0.286246 -0.518289
v -0.0691928 -0.301725 -0.502824
v -0.0697417 -0.31718 -0.48736
v -0.0718929 -0.269283 -0.549157
v -0.074682 -0.269283 -0.564715
v -0.0651427 -0.269283 -0.610736
v -0.0386762 -0.269283 -0.619214
v -0.0386762 -0.27416 -0.615984
v 0.074949 -0.440939 -0.379075
v 0.0725605 -0.269283 -0.550709
v 0.0731539 -0.301725 -0.518289
v 0.073421 -0.31718 -0.502824
v 0.073955 -0.348137 -0.471895
v 0.0742221 -0.363593 -0.456461
v 0.0744298 -0.379071 -0.440965
v 0.074593 -0.394526 -0.4255
v 0.0703055 -0.487068 -0.301999
v 0.0728275 -0.440939 -0.36361
v 0.072516 -0.42546 -0.379075
v 0.0718929 -0.394526 -0.410035
v 0.0715665 -0.379071 -0.4255
v -0.0569684 -0.456559 -0.301999
v -0.060069 -0.451658 -0.312713
v -0.0597278 -0.436651 -0.328706
v -0.0622795 -0.417026 -0.35507
v -0.0627097 -0.307945 -0.477919
v -0.0643268 -0.302361 -0.488229
v -0.0668192 -0.269283 -0.532388
v 0.0687033 -0.269283 -0.535244
v 0.069178 -0.286246 -0.518289
v 0.0700088 -0.31718 -0.48736
v 0.0704242 -0.332659 -0.471895
v 0.0712105 -0.363593 -0.440965
v 0.0684807 -0.42546 -0.36361
v 0.0648164 -0.472014 -0.301999
v -0.0593866 -0.421643 -0.34476
v -0.0491501 -0.444991 -0.301999
v -0.0466725 -0.309076 -0.448294
v -0.0463016 -0.294092 -0.464286
v -0.0619828 -0.402089 -0.371156
v -0.0624278 -0.292984 -0.493974
v -0.0638817 -0.287189 -0.504066
v -0.0638075 -0.274372 -0.518289
v -0.0629174 -0.269283 -0.52186
v 0.0641339 -0.269283 -0.521363
v 0.06449 -0.286647 -0.503383
v 0.068006 -0.410005 -0.379075
v 0.0625465 -0.447229 -0.323364
v 0.0627246 -0.462284 -0.307434
v 0.0615674 -0.46471 -0.301999
v 0.0656471 -0.347454 -0.440375
v 0.0635405 -0.352166 -0.429196
v -0.0590602 -0.406707 -0.360846
v -0.0490017 -0.27449 -0.49062
v -0.0489275 -0.444708 -0.301999
v -0.0458269 -0.433753 -0.310073
v -0.045278 -0.418769 -0.326066
v -0.0446846 -0.403762 -0.342059
v -0.0405455 -0.436792 -0.301999
v -0.0457379 -0.279131 -0.48031
v -0.0540013 -0.271121 -0.503197
v -0.0593124 -0.282665 -0.49975
v -0.060247 -0.269283 -0.516395
v -0.0621311 -0.278048 -0.51006
v 0.0637779 -0.269283 -0.520463
v 0.0626355 -0.277034 -0.508942
v 0.0617899 -0.387011 -0.387025
v 0.0600838 -0.43691 -0.328954
v 0.057547 -0.456841 -0.301999
v 0.0615971 -0.371956 -0.402955
v 0.0613894 -0.356878 -0.418886
v -0.0470434 -0.269283 -0.493508
v -0.0531556 -0.269283 -0.503756
v -0.0388839 -0.435567 -0.301999
v -0.0398927 -0.269283 -0.486832
v -0.0407828 -0.269283 -0.487515
v -0.033736 -0.385008 -0.35389
v -0.0330387 -0.370048 -0.369914
v -0.0563008 -0.269283 -0.509346
v 0.062235 -0.269283 -0.517078
v 0.05817 -0.269283 -0.508445
v 0.0601432 -0.28177 -0.498632
v 0.0611668 -0.341847 -0.434816
v 0.0598613 -0.421855 -0.344885
v 0.0495951 -0.441881 -0.301999
v -0.0259621 -0.428052 -0.301999
v -0.0355014 -0.429913 -0.305633
v -0.0322821 -0.355087 -0.385938
v -0.0354272 -0.275668 -0.476429
v -0.0277572 -0.269283 -0.480186
v 0.0554551 -0.269283 -0.50329
v 0.0567607 -0.271427 -0.503383
v 0.0587041 -0.332282 -0.440375
v 0.0591492 -0.347454 -0.424631
v 0.0465687 -0.417544 -0.324731
v 0.0469396 -0.432599 -0.3088
v 0.0417323 -0.435308 -0.301999
v 0.0490759 -0.269283 -0.491396
v 0.0484528 -0.269283 -0.490279
v 0.0471028 -0.277694 -0.478727
v -0.0232027 -0.426638 -0.301999
v -0.0314513 -0.340104 -0.401993
v -0.0301754 -0.325143 -0.418016
v -0.0283062 -0.310183 -0.434009
v -0.0262292 -0.295199 -0.450095
v -0.0232027 -0.269283 -0.478168
v 0.0460049 -0.402584 -0.340754
v 0.0386762 -0.433353 -0.301999
v 0.0386762 -0.269283 -0.483167
v 0.0333057 -0.35464 -0.385441
v 0.0353827 -0.431374 -0.301999
v -0.0097321 -0.422209 -0.301999
v -0.0132481 -0.278943 -0.464659
v -0.0177284 -0.269283 -0.476739
v 0.033914 -0.269283 -0.481211
v 0.0296117 -0.309829 -0.433636
v 0.0313029 -0.324743 -0.417582
v 0.0323711 -0.33968 -0.401496
v 0.0225055 -0.425578 -0.301999
v -0.00909417 -0.422067 -0.301999
v -0.00759578 -0.269283 -0.474193
v 0.0232027 -0.269283 -0.476925
v 0.0276534 -0.294893 -0.449722
v 0.00900516 -0.422091 -0.301999
v 0.0152806 -0.278542 -0.464162
v 0.0077293 -0.421879 -0.301999
v -0.00224016 -0.401806 -0.32442
v -0.00293743 -0.27793 -0.463479
v -0.00529628 -0.269283 -0.473696
v 0.00832272 -0.269283 -0.473603
v 0.00289293 -0.401806 -0.32442
v 0.00758095 -0.269283 -0.473509
v 0.00631993 -0.269283 -0.473354
v 0.00495506 -0.27793 -0.463479
f 5925 5926 5933
f 5925 5933 5945
f 5925 5945 5960
f 5925 5960 5972
f 5925 5972 5992
f 5925 5992 6020
f 5925 6020 6045
f 5925 6045 6073
f 5925 6073 6113
f 5925 6113 6145
f 5925 6145 6095
f 5925 6095 6060
f 5925 6060 6031
f 5925 6031 6005
f 5925 6005 5975
f 5925 5975 5962
f 5925 5962 5948
f 5925 5948 5935
f 5925 5935 5927
f 5925 5927 5928
f 5925 5928 5929
f 5925 5929 5930
f 5925 5930 5931
f 5925 5931 5932
f 5925 5932 5934
f 5925 5934 5926
f 5926 5934 5933
f 5927 5935 5936
f 5927 5936 5937
f 5927 5937 5938
f 5927 5938 5939
f 5927 5939 5940
f 5927 5940 5941
f 5927 5941 5928
f 5928 5941 5929
f 5929 5941 5942
f 5929 5942 5943
f 5929 5943 5930
f 5930 5943 5931
f 5931 5943 5944
f 5931 5944 5932
f 5932 5944 5947
f 5932 5947 5934
f 5933 5934 5946
f 5933 5946 5945
f 5934 5947 5946
f 5935 5948 5949
f 5935 5949 5936
f 5936 5950 5951
f 5936 5951 5952
f 5936 5952 5953
f 5936 5953 5954
f 5936 5954 5937
f 5936 5949 5950
f 5937 5954 5955
f 5937 5955 5938
f 5938 5955 5942
f 5938 5942 5939
f 5939 5942 5940
f 5940 5942 5941
f 5942 5955 5956
f 5942 5956 5957
f 5942 5957 5958
f 5942 5958 5943
f 5943 5958 5971
f 5943 5971 5959
f 5943 5959 5947
f 5943 5947 5944
f 5945 5946 5960
f 5946 5947 5959
f 5946 5959 5961
f 5946 5961 5960
f 5948 5962 5949
f 5949 5962 5963
f 5949 5963 5950
f 5950 5963 5964
f 5950 5964 5965
f 5950 5965 5951
f 5951 5965 5952
f 5952 5965 5966
f 5952 5966 5953
f 5953 5955 5954
f 5953 5966 5967
f 5953 5967 5955
f 5955 5957 5956
f 5955 5967 5968
f 5955 5968 5957
f 5957 5969 5958
f 5957 5968 5970
f 5957 5970 5969
f 5958 5969 5990
f 5958 5990 5971
f 5959 5971 5961
f 5960 5961 5973
f 5960 5973 5972
f 5961 5971 5974
f 5961 5974 5973
f 5962 5975 5976
f 5962 5976 5977
f 5962 5977 5963
f 5963 5977 5978
f 5963 5978 5964
f 5964 5978 5979
f 5964 5979 5965
f 5965 5980 5981
f 5965 5981 5967
f 5965 5967 5966
f 5965 5979 5980
f 5967 5982 5983
f 5967 5983 5984
f 5967 5984 5968
f 5967 5981 5985
f 5967 5985 5986
f 5967 5986 5982
f 5968 5984 5970
f 5969 5970 5987
f 5969 5987 5988
f 5969 5988 6017
f 5969 6017 5989
f 5969 5989 6018
f 5969 6018 5990
f 5970 5984 5983
f 5970 5983 5982
f 5970 5982 5986
f 5970 5986 5987
f 5971 5990 5991
f 5971 5991 5974
f 5972 5973 5993
f 5972 5993 5994
f 5972 5994 5992
f 5973 5995 5996
f 5973 5996 5997
f 5973 5997 5993
f 5973 5974 5991
f 5973 5991 5998
f 5973 5998 5999
f 5973 5999 6000
f 5973 6000 6001
f 5973 6001 6002
f 5973 6002 6003
f 5973 6003 5995
f 5975 6004 5976
f 5975 6005 6004
f 5976 6004 6006
f 5976 6006 6007
f 5976 6007 5977
f 5977 6007 5978
f 5978 6007 6008
f 5978 6008 5979
f 5979 6008 6009
f 5979 6009 6010
f 5979 6010 5980
f 5980 5985 5981
f 5980 6010 6011
f 5980 6011 6012
f 5980 6012 6013
f 5980 6013 5985
f 5985 6013 6012
f 5985 6012 6014
f 5985 6014 5986
f 5986 6014 6015
f 5986 6015 6016
f 5986 6016 6017
f 5986 6017 5988
f 5986 5988 5987
f 5989 6017 6016
f 5989 6016 5999
f 5989 5999 6018
f 5990 6018 5998
f 5990 5998 5991
f 5992 6019 6020
f 5992 5994 5993
f 5992 5993 6021
f 5992 6021 6019
f 5993 5997 6021
f 5995 6022 6021
f 5995 6021 5996
f 5995 6003 6022
f 5996 6021 5997
f 5998 6018 5999
f 5999 6016 6043
f 5999 6043 6023
f 5999 6023 6000
f 6000 6023 6024
f 6000 6024 6025
f 6000 6025 6026
f 6000 6026 6027
f 6000 6027 6002
f 6000 6002 6001
f 6002 6027 6028
f 6002 6028 6022
f 6002 6022 6003
f 6004 6029 6030
f 6004 6030 6006
f 6004 6005 6031
f 6004 6031 6032
f 6004 6032 6029
f 6006 6030 6033
f 6006 6033 6007
f 6007 6033 6008
f 6008 6033 6009
f 6009 6034 6035
f 6009 6035 6010
f 6009 6033 6036
f 6009 6036 6037
f 6009 6037 6034
f 6010 6035 6034
f 6010 6034 6038
f 6010 6038 6039
f 6010 6039 6011
f 6011 6039 6040
f 6011 6040 6038
f 6011 6038 6041
f 6011 6041 6042
f 6011 6042 6014
f 6011 6014 6012
f 6014 6042 6015
f 6015 6043 6016
f 6015 6042 6044
f 6015 6044 6043
f 6019 6021 6020
f 6020 6021 6046
f 6020 6046 6045
f 6021 6022 6047
f 6021 6047 6046
f 6022 6028 6027
f 6022 6027 6048
f 6022 6048 6049
f 6022 6049 6050
f 6022 6050 6047
f 6023 6043 6051
f 6023 6051 6024
f 6024 6051 6080
f 6024 6080 6052
f 6024 6052 6025
f 6025 6052 6053
f 6025 6053 6054
f 6025 6054 6026
f 6026 6054 6055
f 6026 6055 6056
f 6026 6056 6048
f 6026 6048 6027
f 6029 6032 6057
f 6029 6057 6058
f 6029 6058 6059
f 6029 6059 6030
f 6030 6059 6036
f 6030 6036 6033
f 6031 6060 6094
f 6031 6094 6143
f 6031 6143 6213
f 6031 6213 6258
f 6031 6258 6282
f 6031 6282 6300
f 6031 6300 6315
f 6031 6315 6334
f 6031 6334 6350
f 6031 6350 6362
f 6031 6362 6373
f 6031 6373 6376
f 6031 6376 6384
f 6031 6384 6389
f 6031 6389 6391
f 6031 6391 6385
f 6031 6385 6377
f 6031 6377 6366
f 6031 6366 6351
f 6031 6351 6339
f 6031 6339 6324
f 6031 6324 6320
f 6031 6320 6302
f 6031 6302 6287
f 6031 6287 6260
f 6031 6260 6216
f 6031 6216 6146
f 6031 6146 6096
f 6031 6096 6061
f 6031 6061 6062
f 6031 6062 6032
f 6032 6062 6057
f 6034 6063 6038
f 6034 6037 6063
f 6036 6059 6037
f 6037 6059 6058
f 6037 6058 6064
f 6037 6064 6065
f 6037 6065 6066
f 6037 6066 6063
f 6038 6065 6067
f 6038 6067 6068
f 6038 6068 6069
f 6038 6069 6041
f 6038 6040 6039
f 6038 6063 6066
f 6038 6066 6065
f 6041 6069 6042
f 6042 6069 6068
f 6042 6068 6070
f 6042 6070 6044
f 6043 6044 6051
f 6044 6070 6071
f 6044 6071 6072
f 6044 6072 6051
f 6045 6046 6074
f 6045 6074 6075
f 6045 6075 6073
f 6046 6047 6074
f 6047 6050 6076
f 6047 6076 6074
f 6048 6056 6049
f 6049 6077 6078
f 6049 6078 6050
f 6049 6056 6079
f 6049 6079 6077
f 6050 6078 6076
f 6051 6072 6080
f 6052 6080 6119
f 6052 6119 6081
f 6052 6081 6082
f 6052 6082 6053
f 6053 6083 6054
f 6053 6082 6084
f 6053 6084 6083
f 6054 6085 6055
f 6054 6083 6086
f 6054 6086 6085
f 6055 6087 6088
f 6055 6088 6056
f 6055 6085 6089
f 6055 6089 6087
f 6056 6088 6090
f 6056 6090 6091
f 6056 6091 6079
f 6057 6062 6092
f 6057 6092 6058
f 6058 6093 6064
f 6058 6092 6093
f 6060 6095 6094
f 6061 6096 6097
f 6061 6097 6098
f 6061 6098 6099
f 6061 6099 6062
f 6062 6099 6100
f 6062 6100 6092
f 6064 6101 6065
f 6064 6093 6101
f 6065 6101 6102
f 6065 6102 6103
f 6065 6103 6104
f 6065 6104 6105
f 6065 6105 6067
f 6067 6105 6106
f 6067 6106 6107
f 6067 6107 6068
f 6068 6107 6070
f 6070 6107 6071
f 6071 6108 6109
f 6071 6109 6072
f 6071 6107 6110
f 6071 6110 6111
f 6071 6111 6108
f 6072 6112 6080
f 6072 6109 6112
f 6073 6075 6113
f 6074 6076 6075
f 6075 6114 6113
f 6075 6076 6078
f 6075 6078 6115
f 6075 6115 6114
f 6077 6079 6091
f 6077 6091 6090
f 6077 6090 6116
f 6077 6116 6117
f 6077 6117 6118
f 6077 6118 6115
f 6077 6115 6078
f 6080 6112 6119
f 6081 6119 6186
f 6081 6186 6120
f 6081 6120 6121
f 6081 6121 6082
f 6082 6121 6122
f 6082 6122 6123
f 6082 6123 6124
f 6082 6124 6125
f 6082 6125 6126
f 6082 6126 6084
f 6083 6084 6086
f 6084 6126 6127
f 6084 6127 6128
f 6084 6128 6086
f 6085 6086 6129
f 6085 6129 6130
f 6085 6130 6089
f 6086 6128 6129
f 6087 6089 6131
f 6087 6131 6132
f 6087 6132 6133
f 6087 6133 6134
f 6087 6134 6088
f 6088 6134 6135
f 6088 6135 6136
f 6088 6136 6137
f 6088 6137 6138
f 6088 6138 6139
f 6088 6139 6140
f 6088 6140 6116
f 6088 6116 6090
f 6089 6130 6141
f 6089 6141 6131
f 6092 6100 6093
f 6093 6100 6142
f 6093 6142 6104
f 6093 6104 6103
f 6093 6103 6102
f 6093 6102 6101
f 6094 6095 6144
f 6094 6144 6143
f 6095 6145 6114
f 6095 6114 6144
f 6096 6146 6147
f 6096 6147 6148
f 6096 6148 6149
f 6096 6149 6150
f 6096 6150 6151
f 6096 6151 6152
f 6096 6152 6153
f 6096 6153 6097
f 6097 6153 6154
f 6097 6154 6155
f 6097 6155 6156
f 6097 6156 6157
f 6097 6157 6158
f 6097 6158 6098
f 6098 6158 6159
f 6098 6159 6160
f 6098 6160 6099
f 6099 6160 6161
f 6099 6161 6162
f 6099 6162 6163
f 6099 6163 6164
f 6099 6164 6165
f 6099 6165 6100
f 6100 6165 6227
f 6100 6227 6166
f 6100 6166 6167
f 6100 6167 6142
f 6104 6168 6169
f 6104 6169 6170
f 6104 6170 6171
f 6104 6171 6172
f 6104 6172 6105
f 6104 6142 6167
f 6104 6167 6166
f 6104 6166 6168
f 6105 6172 6173
f 6105 6173 6174
f 6105 6174 6175
f 6105 6175 6176
f 6105 6176 6106
f 6106 6176 6177
f 6106 6177 6178
f 6106 6178 6179
f 6106 6179 6110
f 6106 6110 6107
f 6108 6111 6180
f 6108 6180 6109
f 6109 6181 6111
f 6109 6111 6182
f 6109 6182 6183
f 6109 6183 6184
f 6109 6184 6185
f 6109 6185 6186
f 6109 6186 6119
f 6109 6119 6112
f 6109 6180 6187
f 6109 6187 6188
f 6109 6188 6181
f 6110 6178 6189
f 6110 6189 6111
f 6110 6179 6178
f 6111 6189 6190
f 6111 6190 6183
f 6111 6183 6182
f 6111 6181 6188
f 6111 6188 6187
f 6111 6187 6180
f 6113 6114 6145
f 6114 6115 6118
f 6114 6118 6191
f 6114 6191 6144
f 6116 6140 6117
f 6117 6192 6193
f 6117 6193 6191
f 6117 6191 6118
f 6117 6140 6139
f 6117 6139 6194
f 6117 6194 6192
f 6120 6122 6121
f 6120 6186 6185
f 6120 6185 6195
f 6120 6195 6123
f 6120 6123 6122
f 6123 6195 6196
f 6123 6196 6124
f 6124 6197 6125
f 6124 6196 6198
f 6124 6198 6199
f 6124 6199 6200
f 6124 6200 6197
f 6125 6197 6128
f 6125 6128 6127
f 6125 6127 6126
f 6128 6197 6200
f 6128 6200 6201
f 6128 6201 6202
f 6128 6202 6129
f 6129 6202 6203
f 6129 6203 6141
f 6129 6141 6130
f 6131 6141 6204
f 6131 6204 6205
f 6131 6205 6132
f 6132 6205 6206
f 6132 6206 6133
f 6133 6206 6134
f 6134 6206 6207
f 6134 6207 6135
f 6135 6207 6208
f 6135 6208 6209
f 6135 6209 6210
f 6135 6210 6211
f 6135 6211 6212
f 6135 6212 6136
f 6136 6212 6194
f 6136 6194 6137
f 6137 6194 6138
f 6138 6194 6139
f 6141 6203 6204
f 6143 6144 6214
f 6143 6214 6213
f 6144 6191 6193
f 6144 6193 6214
f 6146 6215 6147
f 6146 6216 6217
f 6146 6217 6218
f 6146 6218 6219
f 6146 6219 6215
f 6147 6215 6220
f 6147 6220 6148
f 6148 6220 6221
f 6148 6221 6149
f 6149 6221 6150
f 6150 6221 6222
f 6150 6222 6223
f 6150 6223 6151
f 6151 6223 6152
f 6152 6223 6224
f 6152 6224 6153
f 6153 6224 6154
f 6154 6224 6225
f 6154 6225 6155
f 6155 6225 6156
f 6156 6225 6157
f 6157 6225 6158
f 6158 6225 6159
f 6159 6225 6169
f 6159 6169 6160
f 6160 6169 6161
f 6161 6169 6162
f 6162 6169 6163
f 6163 6169 6164
f 6164 6169 6168
f 6164 6168 6165
f 6165 6168 6226
f 6165 6226 6227
f 6166 6227 6226
f 6166 6226 6168
f 6169 6225 6170
f 6170 6228 6171
f 6170 6225 6228
f 6171 6175 6174
f 6171 6174 6173
f 6171 6173 6172
f 6171 6228 6229
f 6171 6229 6175
f 6175 6230 6177
f 6175 6177 6176
f 6175 6229 6231
f 6175 6231 6230
f 6177 6230 6178
f 6178 6230 6189
f 6183 6190 6232
f 6183 6232 6233
f 6183 6233 6234
f 6183 6234 6184
f 6184 6235 6198
f 6184 6198 6196
f 6184 6196 6195
f 6184 6195 6185
f 6184 6234 6235
f 6189 6230 6236
f 6189 6236 6190
f 6190 6236 6237
f 6190 6237 6238
f 6190 6238 6232
f 6192 6194 6212
f 6192 6212 6211
f 6192 6211 6210
f 6192 6210 6239
f 6192 6239 6240
f 6192 6240 6241
f 6192 6241 6209
f 6192 6209 6242
f 6192 6242 6243
f 6192 6243 6214
f 6192 6214 6193
f 6198 6235 6273
f 6198 6273 6244
f 6198 6244 6245
f 6198 6245 6199
f 6199 6245 6246
f 6199 6246 6201
f 6199 6201 6200
f 6201 6246 6245
f 6201 6245 6272
f 6201 6272 6234
f 6201 6234 6233
f 6201 6233 6232
f 6201 6232 6238
f 6201 6238 6271
f 6201 6271 6229
f 6201 6229 6228
f 6201 6228 6270
f 6201 6270 6269
f 6201 6269 6293
f 6201 6293 6309
f 6201 6309 6328
f 6201 6328 6344
f 6201 6344 6338
f 6201 6338 6337
f 6201 6337 6341
f 6201 6341 6340
f 6201 6340 6355
f 6201 6355 6371
f 6201 6371 6379
f 6201 6379 6386
f 6201 6386 6394
f 6201 6394 6398
f 6201 6398 6397
f 6201 6397 6395
f 6201 6395 6387
f 6201 6387 6380
f 6201 6380 6374
f 6201 6374 6364
f 6201 6364 6363
f 6201 6363 6356
f 6201 6356 6346
f 6201 6346 6345
f 6201 6345 6330
f 6201 6330 6310
f 6201 6310 6294
f 6201 6294 6275
f 6201 6275 6248
f 6201 6248 6247
f 6201 6247 6205
f 6201 6205 6204
f 6201 6204 6203
f 6201 6203 6202
f 6205 6247 6206
f 6206 6247 6207
f 6207 6247 6248
f 6207 6248 6249
f 6207 6249 6208
f 6208 6249 6250
f 6208 6250 6251
f 6208 6251 6252
f 6208 6252 6253
f 6208 6253 6254
f 6208 6254 6255
f 6208 6255 6256
f 6208 6256 6257
f 6208 6257 6209
f 6209 6241 6240
f 6209 6240 6239
f 6209 6239 6210
f 6209 6257 6242
f 6213 6214 6243
f 6213 6243 6259
f 6213 6259 6258
f 6215 6219 6268
f 6215 6268 6220
f 6216 6260 6261
f 6216 6261 6217
f 6217 6261 6262
f 6217 6262 6263
f 6217 6263 6264
f 6217 6264 6292
f 6217 6292 6265
f 6217 6265 6266
f 6217 6266 6267
f 6217 6267 6218
f 6218 6267 6219
f 6219 6267 6268
f 6220 6268 6221
f 6221 6268 6267
f 6221 6267 6266
f 6221 6266 6269
f 6221 6269 6270
f 6221 6270 6225
f 6221 6225 6222
f 6222 6225 6223
f 6223 6225 6224
f 6225 6270 6228
f 6229 6271 6231
f 6230 6231 6236
f 6231 6271 6236
f 6234 6272 6273
f 6234 6273 6235
f 6236 6271 6237
f 6237 6271 6238
f 6242 6257 6243
f 6243 6257 6256
f 6243 6256 6255
f 6243 6255 6254
f 6243 6254 6253
f 6243 6253 6252
f 6243 6252 6251
f 6243 6251 6250
f 6243 6250 6274
f 6243 6274 6259
f 6244 6273 6272
f 6244 6272 6245
f 6248 6275 6276
f 6248 6276 6277
f 6248 6277 6278
f 6248 6278 6279
f 6248 6279 6280
f 6248 6280 6281
f 6248 6281 6249
f 6249 6281 6274
f 6249 6274 6250
f 6258 6259 6283
f 6258 6283 6284
f 6258 6284 6285
f 6258 6285 6286
f 6258 6286 6282
f 6259 6274 6281
f 6259 6281 6280
f 6259 6280 6279
f 6259 6279 6278
f 6259 6278 6277
f 6259 6277 6276
f 6259 6276 6275
f 6259 6275 6283
f 6260 6287 6288
f 6260 6288 6261
f 6261 6288 6263
f 6261 6263 6262
f 6263 6288 6289
f 6263 6289 6290
f 6263 6290 6291
f 6263 6291 6292
f 6263 6292 6264
f 6265 6292 6266
f 6266 6293 6269
f 6266 6292 6293
f 6275 6294 6295
f 6275 6295 6296
f 6275 6296 6297
f 6275 6297 6298
f 6275 6298 6286
f 6275 6286 6285
f 6275 6285 6284
f 6275 6284 6283
f 6282 6299 6300
f 6282 6286 6298
f 6282 6298 6297
f 6282 6297 6296
f 6282 6296 6295
f 6282 6295 6294
f 6282 6294 6299
f 6287 6301 6289
f 6287 6289 6288
f 6287 6302 6303
f 6287 6303 6304
f 6287 6304 6301
f 6289 6301 6290
f 6290 6301 6305
f 6290 6305 6329
f 6290 6329 6306
f 6290 6306 6291
f 6291 6306 6307
f 6291 6307 6292
f 6292 6307 6293
f 6293 6307 6308
f 6293 6308 6309
f 6294 6310 6311
f 6294 6311 6312
f 6294 6312 6299
f 6299 6312 6300
f 6300 6313 6314
f 6300 6314 6315
f 6300 6312 6316
f 6300 6316 6311
f 6300 6311 6317
f 6300 6317 6313
f 6301 6318 6305
f 6301 6304 6319
f 6301 6319 6318
f 6302 6320 6303
f 6303 6320 6304
f 6304 6320 6321
f 6304 6321 6322
f 6304 6322 6323
f 6304 6323 6324
f 6304 6324 6325
f 6304 6325 6319
f 6305 6318 6326
f 6305 6326 6327
f 6305 6327 6328
f 6305 6328 6329
f 6306 6329 6308
f 6306 6308 6307
f 6308 6329 6309
f 6309 6329 6328
f 6310 6330 6331
f 6310 6331 6317
f 6310 6317 6311
f 6311 6316 6312
f 6313 6315 6314
f 6313 6317 6332
f 6313 6332 6315
f 6315 6333 6334
f 6315 6332 6335
f 6315 6335 6336
f 6315 6336 6333
f 6317 6336 6335
f 6317 6335 6332
f 6317 6331 6336
f 6318 6319 6326
f 6319 6325 6337
f 6319 6337 6338
f 6319 6338 6326
f 6320 6324 6321
f 6321 6324 6322
f 6322 6324 6323
f 6324 6339 6325
f 6325 6340 6341
f 6325 6341 6337
f 6325 6339 6342
f 6325 6342 6343
f 6325 6343 6340
f 6326 6338 6344
f 6326 6344 6327
f 6327 6344 6328
f 6330 6345 6331
f 6331 6345 6346
f 6331 6346 6347
f 6331 6347 6348
f 6331 6348 6336
f 6333 6349 6334
f 6333 6336 6349
f 6334 6349 6350
f 6336 6348 6349
f 6339 6351 6352
f 6339 6352 6342
f 6340 6343 6353
f 6340 6353 6354
f 6340 6354 6355
f 6342 6352 6351
f 6342 6351 6343
f 6343 6351 6353
f 6346 6356 6357
f 6346 6357 6350
f 6346 6350 6347
f 6347 6350 6358
f 6347 6358 6359
f 6347 6359 6348
f 6348 6359 6350
f 6348 6350 6349
f 6350 6360 6361
f 6350 6361 6362
f 6350 6359 6358
f 6350 6357 6356
f 6350 6356 6363
f 6350 6363 6364
f 6350 6364 6365
f 6350 6365 6360
f 6351 6366 6353
f 6353 6366 6367
f 6353 6367 6354
f 6354 6367 6368
f 6354 6368 6369
f 6354 6369 6355
f 6355 6369 6370
f 6355 6370 6371
f 6360 6372 6373
f 6360 6373 6362
f 6360 6362 6361
f 6360 6365 6372
f 6364 6374 6365
f 6365 6374 6375
f 6365 6375 6376
f 6365 6376 6373
f 6365 6373 6372
f 6366 6377 6369
f 6366 6369 6368
f 6366 6368 6367
f 6369 6377 6370
f 6370 6377 6371
f 6371 6378 6379
f 6371 6377 6378
f 6374 6380 6381
f 6374 6381 6382
f 6374 6382 6383
f 6374 6383 6375
f 6375 6383 6384
f 6375 6384 6376
f 6377 6385 6378
f 6378 6386 6379
f 6378 6385 6386
f 6380 6387 6388
f 6380 6388 6381
f 6381 6384 6382
f 6381 6388 6387
f 6381 6387 6384
f 6382 6384 6383
f 6384 6387 6390
f 6384 6390 6389
f 6385 6391 6392
f 6385 6392 6393
f 6385 6393 6394
f 6385 6394 6386
f 6387 6395 6390
f 6389 6390 6391
f 6390 6395 6391
f 6391 6396 6392
f 6391 6395 6397
f 6391 6397 6398
f 6391 6398 6399
f 6391 6399 6396
f 6392 6396 6399
f 6392 6399 6393
f 6393 6399 6398
f 6393 6398 6394
